city,datetime,tempmax,tempmin,temp,feelslikemax,feelslikemin,feelslike,dew,humidity,precip,precipprob,precipcover,preciptype,snow,snowdepth,windgust,windspeed,winddir,sealevelpressure,cloudcover,visibility,solarradiation,solarenergy,uvindex,severerisk,sunrise,sunset,moonphase,conditions,description,icon,stations,city
Lagos,2024-04-01,94.9,82.0,87.1,113.2,91.6,102.2,79.7,79.3,0.1,100,54.17,rain,0,0,21.3,21.9,217.2,1011.0,69.7,8.4,199.7,17.2,8,75.0,2024-04-01T06:44:40,2024-04-01T18:55:48,0.75,"Rain, Partially cloudy",Partly cloudy throughout the day with a chance of rain throughout the day.,rain,"DNMM,remote,VRJT5,65201099999",Lagos
Lagos,2024-04-02,94.9,80.5,86.5,115.8,87.9,100.7,79.5,80.4,0.044,100,33.33,rain,0,0,23.5,15.0,215.3,1009.7,60.1,8.8,234.4,20.4,9,75.0,2024-04-02T06:44:12,2024-04-02T18:55:41,0.75,"Rain, Partially cloudy",Partly cloudy throughout the day with rain in the morning and afternoon.,rain,"DNMM,remote,65201099999,VRJT5",Lagos
Lagos,2024-04-03,93.2,73.4,82.3,105.1,73.4,89.7,76.0,82.1,0.394,100,4.17,rain,0,0,57.5,11.9,198.7,1008.5,54.2,10.1,244.2,21.3,8,100.0,2024-04-03T06:43:44,2024-04-03T18:55:34,0.82,"Rain, Partially cloudy",Partly cloudy throughout the day with early morning rain.,rain,"DNMM,remote,65201099999",Lagos
Lagos,2024-04-04,94.6,78.4,86.1,110.4,78.4,97.1,77.8,77.4,0.0,0,0.0,rain,0,0,22.6,16.1,219.5,1009.4,46.6,8.5,274.5,23.8,9,75.0,2024-04-04T06:43:16,2024-04-04T18:55:27,0.85,Partially cloudy,Partly cloudy throughout the day.,partly-cloudy-day,"DNMM,remote,65201099999,VRJT5",Lagos
Lagos,2024-04-05,95.0,82.0,86.7,116.1,92.1,101.3,79.8,80.5,0.0,0,0.0,rain,0,0,20.8,18.3,214.6,1010.4,61.6,6.2,175.3,15.1,7,75.0,2024-04-05T06:42:48,2024-04-05T18:55:21,0.89,Partially cloudy,Partly cloudy throughout the day.,partly-cloudy-day,"DNMM,65201099999",Lagos
Lagos,2024-04-06,89.6,82.4,85.5,105.3,94.1,99.3,79.6,83.0,0.016,100,8.33,rain,0,0,21.3,13.9,219.8,1011.2,51.5,6.9,240.9,20.8,8,60.0,2024-04-06T06:42:21,2024-04-06T18:55:14,0.92,"Rain, Partially cloudy",Partly cloudy throughout the day with afternoon rain.,rain,"DNMM,remote,65201099999",Lagos
Lagos,2024-04-07,96.8,78.4,86.5,110.4,78.4,98.2,78.5,78.8,0.0,0,0.0,rain,0,0,21.5,16.1,237.6,1011.0,44.5,6.1,264.4,22.8,9,75.0,2024-04-07T06:41:54,2024-04-07T18:55:08,0.95,Partially cloudy,Partly cloudy throughout the day.,partly-cloudy-day,"DNMM,65201099999",Lagos
Lagos,2024-04-08,91.4,77.0,84.2,105.1,77.0,92.0,75.4,75.5,0.012,100,4.17,rain,0,0,22.1,15.0,225.9,1010.1,50.3,6.8,207.2,18.0,8,75.0,2024-04-08T06:41:27,2024-04-08T18:55:02,0.0,"Rain, Partially cloudy",Partly cloudy throughout the day with early morning rain.,rain,"DNMM,remote,65201099999",Lagos
Lagos,2024-04-09,93.2,78.8,86.3,110.4,78.8,98.0,77.8,76.8,0.0,0,0.0,,0,0,17.7,16.1,176.0,1009.6,53.3,6.1,242.5,21.0,9,75.0,2024-04-09T06:41:00,2024-04-09T18:54:56,0.02,Partially cloudy,Partly cloudy throughout the day.,partly-cloudy-day,"DNMM,65201099999",Lagos
Lagos,2024-04-10,95.1,80.6,86.5,116.4,85.4,99.3,78.4,77.8,0.0,0,0.0,rain,0,0,21.9,19.7,201.9,1009.2,60.2,6.2,249.9,21.7,8,75.0,2024-04-10T06:40:34,2024-04-10T18:54:51,0.06,Partially cloudy,Partly cloudy throughout the day.,partly-cloudy-day,"DNMM,65201099999",Lagos
Lagos,2024-04-11,95.0,78.8,85.6,112.9,78.8,96.7,77.9,78.6,0.012,100,8.33,rain,0,0,20.8,16.1,236.2,1009.7,62.6,7.4,220.0,18.9,7,75.0,2024-04-11T06:40:07,2024-04-11T18:54:45,0.09,"Rain, Partially cloudy",Partly cloudy throughout the day with early morning rain.,rain,"DNMM,remote,65201099999",Lagos
Lagos,2024-04-12,96.8,80.6,86.6,115.3,87.1,98.8,78.0,76.5,0.0,0,0.0,,0,0,21.9,19.7,197.6,1010.3,51.5,8.3,194.6,16.8,7,60.0,2024-04-12T06:39:42,2024-04-12T18:54:40,0.12,Partially cloudy,Partly cloudy throughout the day.,partly-cloudy-day,"DNMM,remote,65201099999",Lagos
Lagos,2024-04-13,95.0,80.7,87.3,112.9,87.6,99.3,77.6,74.0,0.008,100,8.33,rain,0,0,21.9,16.1,217.3,1010.3,50.6,6.9,232.3,19.9,8,60.0,2024-04-13T06:39:16,2024-04-13T18:54:35,0.15,"Rain, Partially cloudy",Partly cloudy throughout the day with morning rain.,rain,"DNMM,remote,65201099999",Lagos
Lagos,2024-04-14,86.0,80.6,82.8,99.4,87.8,91.8,77.3,83.5,0.157,100,4.17,rain,0,0,18.3,13.9,293.7,1011.1,41.8,6.1,209.2,18.1,8,60.0,2024-04-14T06:38:51,2024-04-14T18:54:31,0.19,"Rain, Partially cloudy",Partly cloudy throughout the day with afternoon rain.,rain,"DNMM,remote,65201099999",Lagos
Lagos,2024-04-15,95.0,80.2,86.6,116.1,87.0,100.3,79.0,78.8,0.004,100,4.17,rain,0,0,15.4,12.8,198.0,1010.8,57.2,8.0,191.5,16.6,7,60.0,2024-04-15T06:38:27,2024-04-15T18:54:27,0.25,"Rain, Partially cloudy",Partly cloudy throughout the day with afternoon rain.,rain,"65210099999,DNMM,remote,65201099999",Lagos
Lagos,2024-04-16,89.9,80.2,84.6,105.7,86.9,96.6,79.1,84.3,0.079,100,4.17,rain,0,0,17.9,10.3,227.2,1010.7,56.8,5.4,207.6,17.9,7,60.0,2024-04-16T06:38:03,2024-04-16T18:54:23,0.25,"Rain, Partially cloudy",Partly cloudy throughout the day with morning rain.,rain,"DNMM,65201099999",Lagos
Lagos,2024-04-17,91.7,77.4,84.5,108.3,77.4,96.1,79.0,84.2,0.008,100,8.33,rain,0,0,18.6,11.4,217.1,1009.3,57.5,7.9,214.1,18.6,7,75.0,2024-04-17T06:37:39,2024-04-17T18:54:19,0.29,"Rain, Partially cloudy",Partly cloudy throughout the day with afternoon rain.,rain,"DNMM,remote,65201099999",Lagos
Lagos,2024-04-18,95.0,80.6,85.9,112.9,88.1,100.7,80.2,83.8,0.0,0,0.0,,0,0,22.1,13.0,217.5,1009.9,45.6,9.0,229.9,20.0,7,38.0,2024-04-18T06:37:16,2024-04-18T18:54:16,0.32,Partially cloudy,Partly cloudy throughout the day.,partly-cloudy-day,"DNMM,remote,65201099999",Lagos
Lagos,2024-04-19,95.0,83.2,87.8,116.1,95.8,104.1,80.2,78.8,0.02,100,16.67,rain,0,0,23.5,18.3,199.4,1010.2,58.6,7.3,242.0,20.8,8,75.0,2024-04-19T06:36:53,2024-04-19T18:54:13,0.35,"Rain, Partially cloudy",Partly cloudy throughout the day with a chance of rain throughout the day.,rain,"DNMM,remote,65201099999",Lagos
Lagos,2024-04-20,95.3,83.4,88.3,115.8,95.6,104.1,79.7,76.6,0.0,0,0.0,,0,0,21.9,19.7,214.4,1009.0,61.2,7.3,238.0,20.5,8,38.0,2024-04-20T06:36:30,2024-04-20T18:54:11,0.38,Partially cloudy,Partly cloudy throughout the day.,partly-cloudy-day,"DNMM,remote,65201099999",Lagos
Lagos,2024-04-21,89.6,76.6,82.5,105.2,76.6,91.8,78.0,86.6,0.276,100,4.17,rain,0,0,61.1,18.3,229.8,1008.7,50.7,6.4,237.7,20.5,8,60.0,2024-04-21T06:36:08,2024-04-21T18:54:09,0.42,"Rain, Partially cloudy",Partly cloudy throughout the day with late afternoon rain.,rain,"DNMM,remote,65201099999",Lagos
Lagos,2024-04-22,95.0,73.4,83.4,112.9,73.4,91.6,76.1,79.9,0.0,0,0.0,rain,0,0,21.5,12.8,250.6,1009.5,40.3,6.1,267.9,23.1,9,60.0,2024-04-22T06:35:47,2024-04-22T18:54:07,0.45,Partially cloudy,Partly cloudy throughout the day.,partly-cloudy-day,"DNMM,remote,65201099999",Lagos
Lagos,2024-04-23,89.6,73.4,81.6,100.3,73.4,87.9,75.4,82.6,0.433,100,8.33,rain,0,0,46.1,25.3,91.7,1010.5,50.1,4.8,97.4,8.5,4,75.0,2024-04-23T06:35:26,2024-04-23T18:54:06,0.48,"Rain, Partially cloudy",Partly cloudy throughout the day with rain in the morning and afternoon.,rain,"DNMM,65201099999",Lagos
Lagos,2024-04-24,93.2,77.8,84.5,110.4,77.8,93.8,77.0,78.9,0.0,0,0.0,,0,0,17.7,12.8,172.3,1010.2,46.3,7.8,250.5,21.5,8,60.0,2024-04-24T06:35:06,2024-04-24T18:54:05,0.5,Partially cloudy,Partly cloudy throughout the day.,partly-cloudy-day,"DNMM,remote,65201099999,VRJT5",Lagos
Lagos,2024-04-25,93.3,79.9,86.3,107.8,79.9,97.9,77.9,76.9,0.0,0,0.0,rain,0,0,21.3,12.8,202.4,1010.2,45.2,6.2,258.9,22.4,9,60.0,2024-04-25T06:34:46,2024-04-25T18:54:04,0.55,Partially cloudy,Partly cloudy throughout the day.,partly-cloudy-day,"DNMM,65201099999,VRJT5",Lagos
Lagos,2024-04-26,95.0,82.3,87.1,116.1,92.4,102.7,80.2,81.0,0.012,100,8.33,rain,0,0,23.3,17.2,212.1,1009.1,46.5,7.3,251.5,21.7,8,75.0,2024-04-26T06:34:27,2024-04-26T18:54:04,0.59,"Rain, Partially cloudy",Partly cloudy throughout the day with morning rain.,rain,"DNMM,remote,65201099999",Lagos
Lagos,2024-04-27,95.0,80.6,86.5,112.9,88.1,100.6,79.5,80.7,0.0,0,0.0,rain,0,0,16.8,12.8,200.8,1008.1,52.0,6.2,208.3,18.0,7,75.0,2024-04-27T06:34:08,2024-04-27T18:54:04,0.62,Partially cloudy,Partly cloudy throughout the day.,partly-cloudy-day,"DNMM,65201099999",Lagos
Lagos,2024-04-28,95.1,82.0,87.2,116.1,93.1,102.9,80.3,81.1,0.0,0,0.0,rain,0,0,23.0,15.0,191.7,1008.8,44.1,6.2,225.8,19.5,7,100.0,2024-04-28T06:33:50,2024-04-28T18:54:05,0.66,Partially cloudy,Partly cloudy throughout the day.,partly-cloudy-day,"DNMM,65201099999,VRJT5",Lagos
Lagos,2024-04-29,95.0,82.5,87.6,116.1,94.5,104.0,80.5,80.4,0.0,0,0.0,rain,0,0,21.0,15.0,209.0,1009.6,47.3,6.2,194.2,16.7,6,100.0,2024-04-29T06:33:33,2024-04-29T18:54:06,0.69,Partially cloudy,Partly cloudy throughout the day.,partly-cloudy-day,"DNMM,65201099999,VRJT5",Lagos
Lagos,2024-04-30,95.0,76.9,87.2,115.8,76.9,102.6,80.1,80.2,0.0,0,0.0,,0,0,46.1,23.0,183.0,1008.4,51.9,6.0,248.7,21.4,9,100.0,2024-04-30T06:33:16,2024-04-30T18:54:08,0.73,Partially cloudy,Partly cloudy throughout the day.,partly-cloudy-day,"DNMM,65201099999,VRJT5",Lagos
Lagos,2024-05-01,91.3,75.1,81.7,108.7,75.1,89.4,77.3,86.8,0.032,100,29.17,rain,0,0,22.1,11.2,197.0,1008.2,53.2,8.3,188.0,16.3,8,100.0,2024-05-01T06:33:00,2024-05-01T18:54:10,0.75,"Rain, Partially cloudy",Partly cloudy throughout the day with rain.,rain,"DNMM,remote,VRJT5,65201099999",Lagos
Lagos,2024-05-02,95.0,78.4,85.6,110.0,78.4,95.0,76.9,76.8,0.0,0,0.0,rain,0,0,20.1,12.8,188.7,1009.7,38.8,5.7,222.5,19.1,8,60.0,2024-05-02T06:32:44,2024-05-02T18:54:12,0.8,Partially cloudy,Partly cloudy throughout the day.,partly-cloudy-day,"DNMM,65201099999",Lagos
Lagos,2024-05-03,84.2,73.4,80.3,96.1,73.4,85.7,76.1,87.3,1.339,100,4.17,rain,0,0,20.4,11.4,152.8,1011.7,48.6,6.6,197.9,17.1,8,75.0,2024-05-03T06:32:29,2024-05-03T18:54:15,0.83,"Rain, Partially cloudy",Partly cloudy throughout the day with afternoon rain.,rain,"DNMM,remote,65201099999",Lagos
Lagos,2024-05-04,91.4,75.0,83.1,107.8,75.0,90.8,76.2,80.6,0.0,0,0.0,,0,0,17.9,12.8,185.5,1011.2,42.3,7.5,226.5,19.5,8,75.0,2024-05-04T06:32:15,2024-05-04T18:54:18,0.87,Partially cloudy,Partly cloudy throughout the day.,partly-cloudy-day,"DNMM,remote,65201099999",Lagos
Lagos,2024-05-05,95.0,80.6,87.0,110.9,88.1,100.8,79.2,78.7,0.0,0,0.0,rain,0,0,19.0,13.9,175.3,1009.7,50.2,6.0,237.0,20.4,8,60.0,2024-05-05T06:32:02,2024-05-05T18:54:22,0.91,Partially cloudy,Partly cloudy throughout the day.,partly-cloudy-day,"DNMM,65201099999,VRJT5",Lagos
Lagos,2024-05-06,90.2,75.5,82.7,103.1,75.5,89.7,76.3,81.6,0.507,100,8.33,rain,0,0,40.3,12.8,204.4,1009.2,42.9,5.7,238.5,20.5,8,75.0,2024-05-06T06:31:49,2024-05-06T18:54:26,0.94,"Rain, Partially cloudy",Partly cloudy throughout the day with rain in the morning and afternoon.,rain,"DNMM,65201099999,VRJT5",Lagos
Lagos,2024-05-07,89.7,78.8,84.4,102.7,78.8,93.1,77.2,79.6,0.063,100,4.17,rain,0,0,15.0,17.2,327.5,1009.8,48.4,5.8,218.6,18.7,8,60.0,2024-05-07T06:31:36,2024-05-07T18:54:31,0.98,"Rain, Partially cloudy",Partly cloudy throughout the day with afternoon rain.,rain,"DNMM,remote,65201099999,VRJT5",Lagos
Lagos,2024-05-08,91.8,78.8,85.5,107.8,78.8,96.2,78.0,79.3,0.028,100,4.17,rain,0,0,20.4,10.3,191.1,1009.8,51.4,6.3,217.2,18.5,7,60.0,2024-05-08T06:31:25,2024-05-08T18:54:36,0.0,"Rain, Partially cloudy",Partly cloudy throughout the day with late afternoon rain.,rain,"DNMM,remote,65201099999",Lagos
Lagos,2024-05-09,93.2,80.6,86.1,113.5,88.1,99.2,79.1,80.6,0.0,0,0.0,,0,0,19.0,13.9,199.1,1009.5,61.8,6.0,220.3,19.1,8,60.0,2024-05-09T06:31:14,2024-05-09T18:54:42,0.04,Partially cloudy,Partly cloudy throughout the day.,partly-cloudy-day,"DNMM,65201099999,VRJT5",Lagos
Lagos,2024-05-10,91.4,80.6,85.8,108.3,88.0,98.9,79.1,81.0,0.0,0,0.0,rain,0,0,18.3,12.8,179.6,1009.3,52.7,6.9,224.1,19.4,7,75.0,2024-05-10T06:31:04,2024-05-10T18:54:48,0.08,Partially cloudy,Partly cloudy throughout the day.,partly-cloudy-day,"DNMM,remote,65201099999",Lagos
Lagos,2024-05-11,91.3,77.0,82.7,108.6,77.0,91.9,78.1,86.6,1.536,100,8.33,rain,0,0,51.9,21.9,262.2,1010.0,48.1,7.5,218.5,18.9,7,60.0,2024-05-11T06:30:54,2024-05-11T18:54:54,0.11,"Rain, Partially cloudy",Partly cloudy throughout the day with rain.,rain,"DNMM,remote,VRJT5,65201099999",Lagos
Lagos,2024-05-12,91.4,75.2,83.4,108.2,75.2,91.2,77.2,82.8,0.0,0,0.0,rain,0,0,13.9,11.4,189.9,1010.8,53.5,4.7,163.4,14.1,6,30.0,2024-05-12T06:30:46,2024-05-12T18:55:01,0.14,Partially cloudy,Partly cloudy throughout the day.,partly-cloudy-day,"DNMM,65201099999,VRJT5",Lagos
Lagos,2024-05-13,93.2,79.1,84.1,113.5,79.1,94.8,78.4,83.5,0.063,100,16.67,rain,0,0,20.4,10.5,249.5,1011.0,60.2,7.7,211.4,18.2,7,60.0,2024-05-13T06:30:38,2024-05-13T18:55:08,0.17,"Rain, Partially cloudy",Partly cloudy throughout the day with rain.,rain,"DNMM,remote,65201099999",Lagos
Lagos,2024-05-14,87.8,75.2,82.3,102.4,75.2,90.2,76.2,82.1,0.032,100,16.67,rain,0,0,15.7,8.1,218.1,1010.4,69.6,11.2,217.8,18.7,7,60.0,2024-05-14T06:30:30,2024-05-14T18:55:16,0.2,"Rain, Partially cloudy",Partly cloudy throughout the day with rain.,rain,"DNMM,remote,65201099999",Lagos
Lagos,2024-05-15,93.2,80.2,86.1,110.4,87.0,99.3,79.1,80.4,0.016,100,12.5,rain,0,0,18.3,12.8,190.3,1010.2,61.7,8.6,212.8,18.2,8,60.0,2024-05-15T06:30:24,2024-05-15T18:55:24,0.25,"Rain, Partially cloudy",Partly cloudy throughout the day with a chance of rain throughout the day.,rain,"DNMM,remote,65201099999",Lagos
Lagos,2024-05-16,93.8,73.4,79.9,112.3,73.4,85.0,77.0,91.3,1.457,100,8.33,rain,0,0,26.4,23.0,50.6,1011.9,48.9,6.3,76.6,6.5,3,60.0,2024-05-16T06:30:18,2024-05-16T18:55:33,0.27,"Rain, Partially cloudy",Partly cloudy throughout the day with rain.,rain,"DNMM,remote,65201099999,VRJT5",Lagos
Lagos,2024-05-17,93.0,75.2,83.5,110.9,75.2,92.7,77.4,82.8,0.0,0,0.0,rain,0,0,16.1,8.1,275.7,1012.6,53.3,5.4,208.2,18.0,8,60.0,2024-05-17T06:30:12,2024-05-17T18:55:42,0.3,Partially cloudy,Partly cloudy throughout the day.,partly-cloudy-day,"DNMM,65201099999,VRJT5",Lagos
Lagos,2024-05-18,91.4,75.3,84.1,106.6,75.3,93.9,77.5,81.3,0.004,100,4.17,rain,0,0,51.9,46.1,149.0,1011.8,57.6,6.6,184.3,15.9,6,60.0,2024-05-18T06:30:08,2024-05-18T18:55:51,0.33,"Rain, Partially cloudy",Partly cloudy throughout the day with afternoon rain.,rain,"DNMM,remote,65201099999,VRJT5",Lagos
Lagos,2024-05-19,88.2,80.6,84.9,104.3,88.1,97.6,79.2,83.4,0.036,100,25.0,rain,0,0,18.3,9.6,209.7,1010.2,37.7,11.2,252.7,21.8,8,60.0,2024-05-19T06:30:04,2024-05-19T18:56:01,0.37,"Rain, Partially cloudy",Clearing in the afternoon with rain in the morning and afternoon.,rain,"DNMM,remote,65201099999",Lagos
Lagos,2024-05-20,93.2,80.9,86.3,113.5,89.0,100.0,79.3,80.4,0.004,100,4.17,rain,0,0,21.7,15.0,190.1,1011.2,55.0,6.6,235.9,20.4,8,60.0,2024-05-20T06:30:01,2024-05-20T18:56:11,0.4,"Rain, Partially cloudy",Partly cloudy throughout the day with morning rain.,rain,"DNMM,remote,65201099999,VRJT5",Lagos
Lagos,2024-05-21,95.3,82.0,87.1,114.4,91.6,101.9,79.7,79.8,0.0,0,0.0,rain,0,0,19.7,17.2,187.8,1012.1,55.3,6.1,230.5,19.8,8,75.0,2024-05-21T06:29:58,2024-05-21T18:56:22,0.43,Partially cloudy,Partly cloudy throughout the day.,partly-cloudy-day,"DNMM,65201099999",Lagos
Lagos,2024-05-22,87.8,73.4,81.5,102.4,73.4,89.3,77.0,86.5,2.087,100,8.33,rain,0,0,57.5,11.4,224.6,1012.6,61.5,7.3,180.6,15.5,6,75.0,2024-05-22T06:29:57,2024-05-22T18:56:33,0.46,"Rain, Partially cloudy",Partly cloudy throughout the day with rain in the morning and afternoon.,rain,"DNMM,remote,65201099999,VRJT5",Lagos
Lagos,2024-05-23,91.4,77.0,84.2,110.9,77.0,94.7,78.4,83.4,0.0,0,0.0,rain,0,0,19.9,8.1,192.3,1011.9,43.6,5.9,223.8,19.2,7,60.0,2024-05-23T06:29:56,2024-05-23T18:56:44,0.5,Partially cloudy,Partly cloudy throughout the day.,partly-cloudy-day,"DNMM,65201099999,VRJT5",Lagos
Lagos,2024-05-24,93.2,78.8,83.5,113.5,78.8,94.4,79.0,86.8,0.354,100,4.17,rain,0,0,18.1,11.4,215.9,1012.0,63.7,6.5,179.0,15.4,6,60.0,2024-05-24T06:29:55,2024-05-24T18:56:56,0.53,"Rain, Partially cloudy",Partly cloudy throughout the day with late afternoon rain.,rain,"DNMM,remote,65201099999,VRJT5",Lagos
Lagos,2024-05-25,86.3,74.8,79.9,97.4,74.8,83.9,76.2,89.1,2.402,100,12.5,rain,0,0,14.5,13.3,131.4,1012.9,63.1,5.4,87.3,7.6,3,30.0,2024-05-25T06:29:55,2024-05-25T18:57:08,0.57,"Rain, Partially cloudy",Partly cloudy throughout the day with a chance of rain throughout the day.,rain,"DNMM,remote,65201099999,VRJT5",Lagos
Lagos,2024-05-26,91.4,77.1,83.4,110.9,77.1,92.9,78.8,86.6,0.004,100,4.17,rain,0,0,18.1,10.3,200.6,1013.0,49.1,6.1,229.1,19.7,8,30.0,2024-05-26T06:29:56,2024-05-26T18:57:20,0.6,"Rain, Partially cloudy",Partly cloudy throughout the day with afternoon rain.,rain,"DNMM,remote,65201099999",Lagos
Lagos,2024-05-27,91.4,78.4,84.4,110.9,78.4,94.7,78.3,82.6,0.0,0,0.0,,0,0,16.1,12.8,235.0,1013.3,55.5,6.2,218.5,18.7,7,10.0,2024-05-27T06:29:58,2024-05-27T18:57:32,0.64,Partially cloudy,Partly cloudy throughout the day.,partly-cloudy-day,"DNMM,65201099999",Lagos
Lagos,2024-05-28,91.4,80.4,84.8,110.9,86.9,97.2,78.9,83.0,0.016,100,4.17,rain,0,0,15.9,15.0,232.4,1013.2,57.1,6.5,180.2,15.6,6,60.0,2024-05-28T06:30:00,2024-05-28T18:57:45,0.67,"Rain, Partially cloudy",Partly cloudy throughout the day with morning rain.,rain,"DNMM,remote,65201099999,VRJT5",Lagos
Lagos,2024-05-29,91.4,79.8,85.3,110.9,79.8,97.4,78.9,81.9,0.0,0,0.0,rain,0,0,20.4,13.9,206.3,1013.4,53.7,6.2,223.1,19.3,7,30.0,2024-05-29T06:30:03,2024-05-29T18:57:58,0.71,Partially cloudy,Partly cloudy throughout the day.,partly-cloudy-day,"DNMM,65201099999,VRJT5",Lagos
Lagos,2024-05-30,93.7,80.2,83.6,110.4,86.8,93.5,78.0,84.0,1.024,100,4.17,rain,0,0,21.9,8.1,251.7,1012.6,58.9,6.9,248.4,21.2,8,60.0,2024-05-30T06:30:07,2024-05-30T18:58:11,0.75,"Rain, Partially cloudy",Partly cloudy throughout the day with late afternoon rain.,rain,"DNMM,remote,65201099999,VRJT5",Lagos
Lagos,2024-05-31,84.5,77.0,80.8,98.3,77.0,86.5,77.3,89.2,0.669,100,4.17,rain,0,0,19.2,17.2,217.6,1013.0,64.9,7.9,140.0,12.0,6,60.0,2024-05-31T06:30:11,2024-05-31T18:58:25,0.78,"Rain, Partially cloudy",Partly cloudy throughout the day with afternoon rain.,rain,"DNMM,remote,65201099999,VRJT5",Lagos
Lagos,2024-06-01,91.4,76.8,83.5,107.8,76.8,92.2,78.0,84.4,0.0,0,0.0,rain,0,0,17.0,11.4,203.5,1013.9,55.0,5.8,154.7,13.3,6,30.0,2024-06-01T06:30:16,2024-06-01T18:58:38,0.82,Partially cloudy,Partly cloudy throughout the day.,partly-cloudy-day,"DNMM,remote,65201099999",Lagos
Lagos,2024-06-02,84.2,73.4,79.2,94.2,73.4,82.9,76.3,91.0,0.111,100,29.17,rain,0,0,63.3,40.3,351.8,1013.6,69.2,7.7,56.9,4.9,2,30.0,2024-06-02T06:30:21,2024-06-02T18:58:52,0.85,"Rain, Partially cloudy",Partly cloudy throughout the day with a chance of rain throughout the day.,rain,"DNMM,remote,65201099999",Lagos
Lagos,2024-06-03,89.6,77.0,82.2,105.2,77.0,88.8,76.9,84.7,0.906,100,4.17,rain,0,0,24.6,11.8,145.0,1013.9,45.8,6.3,184.8,16.0,6,30.0,2024-06-03T06:30:27,2024-06-03T18:59:06,0.89,"Rain, Partially cloudy",Partly cloudy throughout the day with early morning rain.,rain,"DNMM,remote,65201099999",Lagos
Lagos,2024-06-04,89.6,78.8,83.3,108.6,78.8,93.1,78.1,84.7,0.012,100,12.5,rain,0,0,20.4,15.0,218.6,1013.0,55.4,7.9,185.3,15.9,6,30.0,2024-06-04T06:30:33,2024-06-04T18:59:20,0.93,"Rain, Partially cloudy",Partly cloudy throughout the day with rain clearing later.,rain,"DNMM,remote,65201099999",Lagos
Lagos,2024-06-05,89.6,77.0,83.3,108.1,77.0,92.6,78.3,85.3,0.551,100,4.17,rain,0,0,20.1,13.9,227.8,1013.2,55.4,5.9,197.7,17.0,7,30.0,2024-06-05T06:30:40,2024-06-05T18:59:35,0.96,"Rain, Partially cloudy",Partly cloudy throughout the day with afternoon rain.,rain,"DNMM,65201099999,VRJT5",Lagos
Lagos,2024-06-06,89.6,75.2,80.7,108.1,75.2,86.7,77.1,89.0,0.406,100,20.83,rain,0,0,14.1,10.3,203.2,1013.7,66.3,7.3,140.5,12.1,6,30.0,2024-06-06T06:30:48,2024-06-06T18:59:49,0.0,"Rain, Partially cloudy",Partly cloudy throughout the day with rain.,rain,"DNMM,remote,65201099999",Lagos
Lagos,2024-06-07,88.2,75.2,80.8,100.7,75.2,86.0,76.3,86.9,1.378,100,4.17,rain,0,0,15.7,9.2,236.7,1015.0,61.3,5.6,176.5,15.5,6,30.0,2024-06-07T06:30:56,2024-06-07T19:00:03,0.03,"Rain, Partially cloudy",Partly cloudy throughout the day with morning rain.,rain,"DNMM,remote,65201099999",Lagos
Lagos,2024-06-08,86.0,78.4,81.4,97.2,78.4,87.0,76.9,86.6,0.0,0,0.0,rain,0,0,17.2,15.0,232.3,1015.2,44.6,5.9,168.2,14.5,6,30.0,2024-06-08T06:31:04,2024-06-08T19:00:18,0.06,Partially cloudy,Partly cloudy throughout the day.,partly-cloudy-day,"DNMM,65201099999",Lagos
Lagos,2024-06-09,88.1,77.0,81.3,103.2,77.0,87.6,77.0,87.0,0.036,100,12.5,rain,0,0,18.6,11.4,245.4,1013.6,60.6,6.8,174.0,15.0,7,30.0,2024-06-09T06:31:13,2024-06-09T19:00:32,0.09,"Rain, Partially cloudy",Partly cloudy throughout the day with rain.,rain,"DNMM,remote,65201099999,VRJT5",Lagos
Lagos,2024-06-10,89.7,78.4,83.0,105.2,78.4,90.7,77.7,84.7,0.039,100,4.17,rain,0,0,16.8,12.8,215.7,1013.8,68.0,6.7,184.2,16.0,6,30.0,2024-06-10T06:31:23,2024-06-10T19:00:47,0.13,"Rain, Partially cloudy",Partly cloudy throughout the day with morning rain.,rain,"DNMM,remote,65201099999,VRJT5",Lagos
Lagos,2024-06-11,86.0,77.4,81.1,99.4,77.4,87.3,77.1,88.0,0.157,100,8.33,rain,0,0,15.2,13.9,227.4,1014.5,66.5,7.0,125.9,10.9,5,30.0,2024-06-11T06:31:33,2024-06-11T19:01:01,0.16,"Rain, Partially cloudy",Partly cloudy throughout the day with rain in the morning and afternoon.,rain,"DNMM,remote,65201099999",Lagos
Lagos,2024-06-12,89.7,74.8,81.5,102.4,74.8,87.5,76.3,84.6,0.315,100,8.33,rain,0,0,17.2,13.9,232.0,1013.1,50.1,8.1,223.5,19.3,8,30.0,2024-06-12T06:31:43,2024-06-12T19:01:16,0.19,"Rain, Partially cloudy",Partly cloudy throughout the day with rain clearing later.,rain,"DNMM,remote,65201099999",Lagos
Lagos,2024-06-13,87.8,77.4,82.7,102.4,77.4,90.9,77.5,84.8,0.079,100,4.17,rain,0,0,19.9,11.4,232.8,1012.8,47.1,6.8,230.9,19.9,8,30.0,2024-06-13T06:31:54,2024-06-13T19:01:30,0.22,"Rain, Partially cloudy",Partly cloudy throughout the day with afternoon rain.,rain,"DNMM,remote,65201099999,VRJT5",Lagos
Lagos,2024-06-14,80.7,75.2,79.5,87.2,75.2,83.4,76.0,89.0,0.827,100,4.17,rain,0,0,21.7,9.2,228.9,1012.9,47.2,5.7,145.3,12.4,5,60.0,2024-06-14T06:32:05,2024-06-14T19:01:44,0.25,"Rain, Partially cloudy",Partly cloudy throughout the day with afternoon rain.,rain,"DNMM,65201099999",Lagos
Lagos,2024-06-15,87.2,76.1,80.3,100.5,76.1,84.5,76.3,88.0,0.079,100,4.17,rain,0,0,15.9,11.4,271.5,1012.9,77.5,7.6,106.3,9.2,5,10.0,2024-06-15T06:32:16,2024-06-15T19:01:58,0.29,"Rain, Partially cloudy",Partly cloudy throughout the day with afternoon rain.,rain,"DNMM,remote,65201099999,VRJT5",Lagos
Lagos,2024-06-16,85.9,76.2,81.3,97.3,76.2,86.6,75.9,83.9,0.076,100,62.5,rain,0,0,15.2,26.4,234.9,1012.0,95.1,12.4,123.5,10.7,5,30.0,2024-06-16T06:32:28,2024-06-16T19:02:12,0.32,"Rain, Overcast",Cloudy skies throughout the day with a chance of rain throughout the day.,rain,"remote,65201099999,VRJT5",Lagos
Lagos,2024-06-17,89.5,76.7,82.2,106.3,76.7,89.8,77.3,85.4,0.551,100,8.33,rain,0,0,17.2,30.0,226.6,1012.5,80.1,9.4,144.6,12.4,7,30.0,2024-06-17T06:32:40,2024-06-17T19:02:26,0.35,"Rain, Partially cloudy",Partly cloudy throughout the day with rain.,rain,"DNMM,remote,VRJT5,65201099999",Lagos
Lagos,2024-06-18,87.7,77.0,81.8,114.5,77.0,89.0,77.7,87.7,0.048,100,25.0,rain,0,0,13.6,24.2,236.6,1012.5,56.2,7.3,215.9,18.6,7,30.0,2024-06-18T06:32:52,2024-06-18T19:02:40,0.38,"Rain, Partially cloudy",Partly cloudy throughout the day with a chance of rain throughout the day.,rain,"DNMM,remote,65201099999,VRJT5",Lagos
Lagos,2024-06-19,89.6,77.4,83.5,104.4,77.4,91.7,77.4,82.4,0.0,0,0.0,rain,0,0,18.6,11.4,244.8,1011.7,57.3,5.6,202.0,17.4,7,30.0,2024-06-19T06:33:05,2024-06-19T19:02:53,0.42,Partially cloudy,Partly cloudy throughout the day.,partly-cloudy-day,"DNMM,65201099999,VRJT5",Lagos
Lagos,2024-06-20,86.0,77.3,82.3,97.2,77.3,89.6,76.9,83.9,0.004,100,4.17,rain,0,0,20.1,12.8,251.8,1012.0,63.9,6.1,201.0,17.3,7,30.0,2024-06-20T06:33:18,2024-06-20T19:03:07,0.45,"Rain, Partially cloudy",Partly cloudy throughout the day with late afternoon rain.,rain,"DNMM,remote,65201099999,VRJT5",Lagos
Lagos,2024-06-21,87.8,75.2,80.1,102.4,75.2,84.5,76.6,89.5,1.614,100,4.17,rain,0,0,18.8,12.8,283.1,1013.5,63.1,4.7,153.6,13.2,5,30.0,2024-06-21T06:33:31,2024-06-21T19:03:20,0.48,"Rain, Partially cloudy",Partly cloudy throughout the day with late afternoon rain.,rain,"DNMM,65201099999",Lagos
Lagos,2024-06-22,87.8,75.2,80.7,102.4,75.2,87.0,76.8,88.5,0.236,100,4.17,rain,0,0,17.0,13.9,214.7,1013.1,58.0,5.1,217.1,18.8,7,30.0,2024-06-22T06:33:44,2024-06-22T19:03:32,0.5,"Rain, Partially cloudy",Partly cloudy throughout the day with early morning rain.,rain,"DNMM,65201099999",Lagos
Lagos,2024-06-23,87.8,77.0,82.5,105.1,77.0,90.4,77.7,85.6,0.039,100,4.17,rain,0,0,17.9,13.9,251.7,1012.8,56.8,6.1,199.5,17.3,7,30.0,2024-06-23T06:33:57,2024-06-23T19:03:45,0.55,"Rain, Partially cloudy",Partly cloudy throughout the day with afternoon rain.,rain,"DNMM,remote,65201099999",Lagos
Lagos,2024-06-24,87.8,75.2,79.5,99.9,75.2,83.0,75.9,89.3,0.236,100,4.17,rain,0,0,43.8,13.9,225.0,1012.4,60.0,5.5,189.1,16.5,7,30.0,2024-06-24T06:34:11,2024-06-24T19:03:57,0.59,"Rain, Partially cloudy",Partly cloudy throughout the day with late afternoon rain.,rain,"DNMM,65201099999",Lagos
Lagos,2024-06-25,81.4,75.0,77.9,90.4,75.0,80.2,74.7,90.1,1.181,100,4.17,rain,0,0,16.1,13.9,93.7,1012.4,67.4,3.4,78.1,6.7,4,30.0,2024-06-25T06:34:24,2024-06-25T19:04:08,0.62,"Rain, Partially cloudy",Partly cloudy throughout the day with afternoon rain.,rain,"65202099999,DNMM,65201099999",Lagos
Lagos,2024-06-26,87.8,73.3,80.3,100.6,73.3,85.2,74.7,83.8,3.307,100,8.33,rain,0,0,19.5,33.3,249.5,1012.5,69.9,5.2,200.0,17.2,7,10.0,2024-06-26T06:34:38,2024-06-26T19:04:20,0.66,"Rain, Partially cloudy",Partly cloudy throughout the day with rain clearing later.,rain,"DNMM,65201099999,VRJT5",Lagos
Lagos,2024-06-27,89.6,73.4,79.9,98.2,73.4,83.3,73.1,81.0,0.472,100,4.17,rain,0,0,18.3,11.4,177.0,1012.1,43.3,6.5,184.8,16.0,7,30.0,2024-06-27T06:34:52,2024-06-27T19:04:31,0.69,"Rain, Partially cloudy",Partly cloudy throughout the day with early morning rain.,rain,"DNMM,remote,65201099999",Lagos
Lagos,2024-06-28,86.0,78.5,82.1,97.2,78.5,89.0,77.0,84.8,0.02,100,20.83,rain,0,0,18.3,15.0,227.0,1012.2,68.8,7.3,174.1,15.1,7,30.0,2024-06-28T06:35:06,2024-06-28T19:04:41,0.75,"Rain, Partially cloudy",Partly cloudy throughout the day with rain.,rain,"DNMM,remote,65201099999,VRJT5",Lagos
Lagos,2024-06-29,87.8,75.0,80.7,99.9,75.0,86.1,76.5,87.6,0.472,100,4.17,rain,0,0,15.2,13.9,240.2,1012.7,61.8,6.0,146.4,12.7,5,30.0,2024-06-29T06:35:20,2024-06-29T19:04:51,0.77,"Rain, Partially cloudy",Partly cloudy throughout the day with morning rain.,rain,"DNMM,remote,65201099999,VRJT5",Lagos
Lagos,2024-06-30,88.2,77.0,82.1,103.1,77.0,89.2,77.4,86.2,0.118,100,4.17,rain,0,0,19.2,16.1,236.9,1013.0,62.5,5.2,146.0,12.5,6,30.0,2024-06-30T06:35:33,2024-06-30T19:05:01,0.8,"Rain, Partially cloudy",Partly cloudy throughout the day with afternoon rain.,rain,"DNMM,65201099999",Lagos
Lagos,2024-07-01,89.6,76.8,82.1,105.2,76.8,89.1,77.1,85.4,0.0,0,0.0,rain,0,0,19.7,11.4,254.4,1013.5,61.7,6.6,214.8,18.6,8,30.0,2024-07-01T06:35:47,2024-07-01T19:05:10,0.84,Partially cloudy,Partly cloudy throughout the day.,partly-cloudy-day,"DNMM,remote,65201099999",Lagos
Lagos,2024-07-02,85.9,75.2,79.9,98.9,75.2,83.7,76.9,90.6,0.276,100,4.17,rain,0,0,22.4,11.4,230.2,1012.8,80.8,6.9,111.2,9.7,4,30.0,2024-07-02T06:36:01,2024-07-02T19:05:19,0.87,"Rain, Partially cloudy",Partly cloudy throughout the day with late afternoon rain.,rain,"DNMM,remote,VRJT5,65201099999",Lagos
Lagos,2024-07-03,79.6,75.2,77.6,79.6,75.2,77.6,76.2,95.5,6.142,100,8.33,rain,0,0,19.0,12.8,219.8,1013.0,78.5,4.2,76.3,6.6,4,10.0,2024-07-03T06:36:15,2024-07-03T19:05:27,0.91,"Rain, Partially cloudy",Partly cloudy throughout the day with rain.,rain,"DNMM,remote,65201099999,VRJT5",Lagos
Lagos,2024-07-04,86.0,75.0,80.1,97.2,75.0,84.9,75.6,86.7,0.0,0,0.0,rain,0,0,18.1,13.9,227.3,1014.1,50.9,5.2,161.2,14.1,7,10.0,2024-07-04T06:36:28,2024-07-04T19:05:34,0.95,Partially cloudy,Partly cloudy throughout the day.,partly-cloudy-day,"DNMM,65201099999",Lagos
Lagos,2024-07-05,86.0,75.2,81.6,97.3,75.2,87.6,76.2,84.0,0.0,0,0.0,rain,0,0,15.7,12.8,240.9,1014.3,53.9,6.0,174.5,15.0,8,30.0,2024-07-05T06:36:42,2024-07-05T19:05:41,0.0,Partially cloudy,Partly cloudy throughout the day.,partly-cloudy-day,"DNMM,remote,65201099999,VRJT5",Lagos
Lagos,2024-07-06,87.4,76.6,81.4,99.0,76.6,86.8,76.1,84.4,0.15,100,4.17,rain,0,0,13.9,11.4,223.2,1013.6,60.4,5.9,100.7,8.8,4,30.0,2024-07-06T06:36:55,2024-07-06T19:05:48,0.02,"Rain, Partially cloudy",Partly cloudy throughout the day with morning rain.,rain,"DNMM,remote,65201099999",Lagos
Lagos,2024-07-07,86.0,76.8,81.1,97.2,76.8,86.3,76.3,85.7,0.024,100,8.33,rain,0,0,21.5,13.9,227.2,1013.3,71.1,5.8,147.3,12.7,5,30.0,2024-07-07T06:37:08,2024-07-07T19:05:54,0.05,"Rain, Partially cloudy",Partly cloudy throughout the day with early morning rain.,rain,"DNMM,remote,65201099999",Lagos
Lagos,2024-07-08,80.9,78.0,79.5,87.1,78.0,81.7,75.8,88.5,0.0,0,0.0,rain,0,0,18.1,9.2,223.4,1013.6,63.1,4.8,87.8,7.5,4,10.0,2024-07-08T06:37:21,2024-07-08T19:05:59,0.08,Partially cloudy,Partly cloudy throughout the day.,partly-cloudy-day,"DNMM,65201099999,VRJT5",Lagos
Lagos,2024-07-09,86.0,75.2,80.4,95.2,75.2,84.2,75.0,84.3,0.0,0,0.0,rain,0,0,21.3,12.8,214.8,1012.9,56.8,5.5,192.0,16.5,7,10.0,2024-07-09T06:37:34,2024-07-09T19:06:04,0.11,Partially cloudy,Partly cloudy throughout the day.,partly-cloudy-day,"DNMM,remote,65201099999,VRJT5",Lagos
Lagos,2024-07-10,83.8,76.8,79.7,93.6,76.8,83.3,76.3,89.6,0.197,100,4.17,rain,0,0,22.1,16.1,226.2,1013.4,54.5,6.0,170.6,14.8,6,10.0,2024-07-10T06:37:47,2024-07-10T19:06:08,0.15,"Rain, Partially cloudy",Partly cloudy throughout the day with afternoon rain.,rain,"DNMM,remote,65201099999,VRJT5",Lagos
Lagos,2024-07-11,80.6,75.2,78.0,87.1,75.2,78.5,75.5,92.3,1.023,100,8.33,rain,0,0,18.8,12.8,230.5,1014.1,59.9,4.9,115.2,10.0,4,10.0,2024-07-11T06:37:59,2024-07-11T19:06:11,0.18,"Rain, Partially cloudy",Partly cloudy throughout the day with rain.,rain,"DNMM,remote,65201099999,VRJT5",Lagos
Lagos,2024-07-12,84.2,76.8,79.1,92.5,76.8,81.7,75.3,88.3,0.0,0,0.0,rain,0,0,20.8,11.4,231.1,1014.4,57.5,5.5,104.0,9.0,5,10.0,2024-07-12T06:38:11,2024-07-12T19:06:14,0.21,Partially cloudy,Partly cloudy throughout the day.,partly-cloudy-day,"DNMM,65201099999",Lagos
Lagos,2024-07-13,84.2,76.9,79.8,94.2,76.9,83.4,75.6,87.5,0.095,100,29.17,rain,0,0,22.6,10.3,221.2,1014.9,62.9,5.3,198.4,17.0,7,10.0,2024-07-13T06:38:23,2024-07-13T19:06:16,0.25,"Rain, Partially cloudy",Partly cloudy throughout the day with a chance of rain throughout the day.,rain,"DNMM,remote,65201099999",Lagos
Lagos,2024-07-14,84.2,76.8,79.9,94.2,76.8,83.0,75.1,86.0,0.079,100,4.17,rain,0,0,17.9,10.3,206.7,1015.1,59.9,5.8,164.6,14.1,5,10.0,2024-07-14T06:38:34,2024-07-14T19:06:17,0.27,"Rain, Partially cloudy",Partly cloudy throughout the day with morning rain.,rain,"DNMM,65201099999",Lagos
Lagos,2024-07-15,84.2,76.8,80.0,94.2,76.8,83.5,75.4,86.3,0.008,100,8.33,rain,0,0,24.2,18.3,234.5,1015.3,64.5,7.2,156.8,13.7,7,10.0,2024-07-15T06:38:46,2024-07-15T19:06:18,0.31,"Rain, Partially cloudy",Partly cloudy throughout the day with early morning rain.,rain,"DNMM,remote,65201099999",Lagos
Lagos,2024-07-16,80.6,75.2,78.5,86.2,75.2,80.1,74.9,88.8,0.004,100,4.17,rain,0,0,22.4,11.4,235.2,1015.2,64.6,5.5,94.1,8.1,4,10.0,2024-07-16T06:38:57,2024-07-16T19:06:18,0.34,"Rain, Partially cloudy",Partly cloudy throughout the day with morning rain.,rain,"DNMM,remote,65201099999",Lagos
Lagos,2024-07-17,80.9,77.0,78.8,86.5,77.0,80.2,74.9,88.1,0.0,0,0.0,rain,0,0,23.7,12.5,226.2,1014.6,69.9,7.4,142.1,12.2,5,10.0,2024-07-17T06:39:07,2024-07-17T19:06:17,0.37,Partially cloudy,Partly cloudy throughout the day.,partly-cloudy-day,"DNMM,remote,65201099999,VRJT5",Lagos
Lagos,2024-07-18,84.2,77.0,79.3,90.9,77.0,81.6,74.8,86.6,0.0,0,0.0,rain,0,0,25.5,12.8,209.7,1015.0,67.5,5.7,191.2,16.7,7,10.0,2024-07-18T06:39:17,2024-07-18T19:06:16,0.4,Partially cloudy,Partly cloudy throughout the day.,partly-cloudy-day,"DNMM,remote,65201099999",Lagos
Lagos,2024-07-19,82.4,77.0,79.5,89.5,77.0,82.0,74.7,85.3,0.016,100,4.17,rain,0,0,24.2,13.9,209.2,1014.9,61.8,6.4,125.4,10.8,5,10.0,2024-07-19T06:39:27,2024-07-19T19:06:14,0.44,"Rain, Partially cloudy",Partly cloudy throughout the day with early morning rain.,rain,"DNMM,remote,65201099999,VRJT5",Lagos
Lagos,2024-07-20,82.3,76.2,78.8,91.0,76.2,80.3,75.1,88.6,0.012,100,12.5,rain,0,0,26.8,34.4,240.1,1013.6,79.2,7.7,195.1,16.6,7,10.0,2024-07-20T06:39:36,2024-07-20T19:06:11,0.47,"Rain, Partially cloudy",Partly cloudy throughout the day with rain clearing later.,rain,"DNMM,remote,65201099999,VRJT5",Lagos
Lagos,2024-07-21,82.5,75.2,78.6,89.4,75.2,80.5,73.9,86.1,0.197,100,4.17,rain,0,0,24.8,13.9,236.8,1015.1,59.3,5.7,190.5,16.4,6,10.0,2024-07-21T06:39:45,2024-07-21T19:06:07,0.5,"Rain, Partially cloudy",Partly cloudy throughout the day with morning rain.,rain,"DNMM,remote,65201099999,VRJT5",Lagos
Lagos,2024-07-22,86.0,75.2,79.0,95.2,75.2,81.6,73.7,84.2,0.0,0,0.0,rain,0,0,22.8,10.3,215.3,1016.2,53.1,6.2,199.0,17.1,7,10.0,2024-07-22T06:39:54,2024-07-22T19:06:03,0.54,Partially cloudy,Partly cloudy throughout the day.,partly-cloudy-day,"DNMM,65201099999,VRJT5",Lagos
Lagos,2024-07-23,84.2,75.0,78.7,90.9,75.0,80.7,73.2,83.6,0.0,0,0.0,rain,0,0,22.1,12.8,213.6,1017.1,53.2,5.9,212.7,18.3,7,10.0,2024-07-23T06:40:02,2024-07-23T19:05:58,0.57,Partially cloudy,Partly cloudy throughout the day.,partly-cloudy-day,"DNMM,65201099999",Lagos
Lagos,2024-07-24,84.5,73.4,79.0,92.5,73.4,82.0,73.7,84.3,0.0,0,0.0,rain,0,0,19.5,11.4,210.1,1016.7,55.1,5.7,210.5,18.2,7,10.0,2024-07-24T06:40:10,2024-07-24T19:05:52,0.61,Partially cloudy,Partly cloudy throughout the day.,partly-cloudy-day,"DNMM,65201099999",Lagos
Lagos,2024-07-25,84.2,76.6,80.0,92.5,76.6,83.5,74.2,82.9,0.0,0,0.0,rain,0,0,22.6,13.2,206.6,1015.6,61.3,6.6,237.1,20.4,7,10.0,2024-07-25T06:40:17,2024-07-25T19:05:46,0.64,Partially cloudy,Partly cloudy throughout the day.,partly-cloudy-day,"DNMM,remote,65201099999,VRJT5",Lagos
Lagos,2024-07-26,84.2,75.2,79.5,92.5,75.2,81.9,73.8,83.3,0.0,0,0.0,rain,0,0,25.7,12.8,229.2,1015.2,58.7,5.9,220.8,19.0,7,10.0,2024-07-26T06:40:24,2024-07-26T19:05:38,0.68,Partially cloudy,Partly cloudy throughout the day.,partly-cloudy-day,"DNMM,65201099999,VRJT5",Lagos
Lagos,2024-07-27,82.4,75.0,78.1,89.5,75.0,79.3,74.1,87.9,0.039,100,4.17,rain,0,0,21.7,11.4,214.6,1015.3,63.0,6.1,196.0,17.0,7,10.0,2024-07-27T06:40:31,2024-07-27T19:05:30,0.71,"Rain, Partially cloudy",Partly cloudy throughout the day with afternoon rain.,rain,"DNMM,65201099999,VRJT5",Lagos
Lagos,2024-07-28,86.0,75.0,79.1,93.5,75.0,81.1,73.7,84.2,0.0,0,0.0,rain,0,0,25.7,12.8,213.5,1015.1,67.5,6.0,168.6,14.6,6,10.0,2024-07-28T06:40:37,2024-07-28T19:05:22,0.75,Partially cloudy,Partly cloudy throughout the day.,partly-cloudy-day,"DNMM,65201099999,VRJT5",Lagos
Lagos,2024-07-29,82.4,75.5,79.0,88.3,75.5,80.7,73.6,83.7,0.0,0,0.0,rain,0,0,22.1,12.8,205.7,1014.9,64.6,7.7,159.3,13.7,6,10.0,2024-07-29T06:40:42,2024-07-29T19:05:12,0.79,Partially cloudy,Partly cloudy throughout the day.,partly-cloudy-day,"DNMM,remote,65201099999,VRJT5",Lagos
Lagos,2024-07-30,84.2,76.6,80.3,93.7,76.6,84.3,74.7,83.3,0.0,0,0.0,rain,0,0,26.2,12.8,205.6,1014.6,60.5,6.2,209.6,18.1,7,10.0,2024-07-30T06:40:47,2024-07-30T19:05:02,0.82,Partially cloudy,Partly cloudy throughout the day.,partly-cloudy-day,"DNMM,65201099999,VRJT5",Lagos
Lagos,2024-07-31,82.4,76.0,78.8,88.4,76.0,80.6,74.2,86.0,0.039,100,4.17,rain,0,0,23.3,12.8,205.5,1014.0,61.2,5.8,183.3,15.8,7,10.0,2024-07-31T06:40:52,2024-07-31T19:04:51,0.86,"Rain, Partially cloudy",Partly cloudy throughout the day with late afternoon rain.,rain,"DNMM,65201099999,VRJT5",Lagos
Lagos,2024-08-01,84.2,76.6,79.0,92.5,76.6,81.2,73.7,84.0,0.0,0,0.0,rain,0,0,22.4,12.8,206.4,1014.2,69.6,6.1,157.0,13.5,7,10.0,2024-08-01T06:40:56,2024-08-01T19:04:39,0.89,Partially cloudy,Partly cloudy throughout the day.,partly-cloudy-day,"DNMM,65201099999,VRJT5",Lagos
Lagos,2024-08-02,84.6,75.2,79.3,92.8,75.2,81.6,73.7,83.4,0.035,100,4.17,rain,0,0,20.4,13.9,203.2,1014.3,61.5,5.9,207.1,17.9,7,10.0,2024-08-02T06:40:59,2024-08-02T19:04:26,0.93,"Rain, Partially cloudy",Partly cloudy throughout the day with morning rain.,rain,"DNMM,65201099999",Lagos
Lagos,2024-08-03,87.8,75.5,80.7,94.2,75.5,83.5,72.7,77.6,0.0,0,0.0,rain,0,0,22.1,13.9,193.3,1014.9,57.9,6.2,214.7,18.5,7,10.0,2024-08-03T06:41:02,2024-08-03T19:04:13,0.96,Partially cloudy,Partly cloudy throughout the day.,partly-cloudy-day,"DNMM,65201099999",Lagos
Lagos,2024-08-04,86.0,74.8,80.3,97.2,74.8,84.4,74.6,83.3,0.0,0,0.0,rain,0,0,22.8,12.8,201.8,1016.0,52.9,6.5,226.8,19.6,8,10.0,2024-08-04T06:41:05,2024-08-04T19:03:59,0.0,Partially cloudy,Partly cloudy throughout the day.,partly-cloudy-day,"DNMM,remote,65201099999,VRJT5",Lagos
Lagos,2024-08-05,84.3,73.7,79.5,90.9,73.7,82.0,73.5,82.4,0.016,100,8.33,rain,0,0,22.1,13.9,217.9,1015.3,53.9,6.7,202.8,17.4,7,10.0,2024-08-05T06:41:07,2024-08-05T19:03:45,0.03,"Rain, Partially cloudy",Partly cloudy throughout the day with afternoon rain.,rain,"DNMM,remote,65201099999,VRJT5",Lagos
Lagos,2024-08-06,84.2,75.5,79.3,90.9,75.5,81.6,73.3,82.2,0.0,0,0.0,rain,0,0,26.6,10.5,208.2,1014.0,57.1,6.6,215.5,18.6,8,10.0,2024-08-06T06:41:09,2024-08-06T19:03:29,0.07,Partially cloudy,Partly cloudy throughout the day.,partly-cloudy-day,"DNMM,remote,65201099999,VRJT5",Lagos
Lagos,2024-08-07,84.2,76.8,79.1,90.9,76.8,81.4,73.4,82.9,0.0,0,0.0,rain,0,0,26.4,15.0,213.9,1013.1,62.5,6.1,154.4,13.3,6,10.0,2024-08-07T06:41:10,2024-08-07T19:03:13,0.1,Partially cloudy,Partly cloudy throughout the day.,partly-cloudy-day,"DNMM,65201099999,VRJT5",Lagos
Lagos,2024-08-08,82.2,75.3,77.9,88.0,75.3,78.8,74.2,88.6,0.035,100,4.17,rain,0,0,22.8,12.8,224.1,1013.4,58.5,5.7,144.5,12.3,5,10.0,2024-08-08T06:41:11,2024-08-08T19:02:57,0.13,"Rain, Partially cloudy",Partly cloudy throughout the day with afternoon rain.,rain,"DNMM,65201099999",Lagos
Lagos,2024-08-09,89.2,73.4,80.4,97.8,73.4,84.4,73.8,81.6,0.0,0,0.0,rain,0,0,21.0,11.4,213.7,1013.7,51.2,6.0,229.5,19.8,8,10.0,2024-08-09T06:41:11,2024-08-09T19:02:39,0.16,Partially cloudy,Partly cloudy throughout the day.,partly-cloudy-day,"DNMM,65201099999",Lagos
Lagos,2024-08-10,87.8,74.8,80.2,94.2,74.8,83.0,73.5,80.9,0.0,0,0.0,,0,0,24.2,12.8,208.2,1013.4,56.3,6.5,207.6,18.1,7,10.0,2024-08-10T06:41:10,2024-08-10T19:02:21,0.2,Partially cloudy,Partly cloudy throughout the day.,partly-cloudy-day,"DNMM,remote,65201099999",Lagos
Lagos,2024-08-11,87.8,75.2,80.4,94.2,75.2,82.7,72.7,78.6,0.0,0,0.0,rain,0,0,25.3,13.9,204.4,1013.5,59.1,6.2,231.5,20.0,8,10.0,2024-08-11T06:41:10,2024-08-11T19:02:02,0.23,Partially cloudy,Partly cloudy throughout the day.,partly-cloudy-day,"DNMM,65201099999,VRJT5",Lagos
Lagos,2024-08-12,85.9,76.9,79.5,93.3,76.9,82.1,73.7,82.8,0.04,100,37.5,rain,0,0,25.1,15.0,208.0,1013.1,59.5,8.0,195.6,16.9,6,10.0,2024-08-12T06:41:08,2024-08-12T19:01:43,0.25,"Rain, Partially cloudy",Partly cloudy throughout the day with a chance of rain throughout the day.,rain,"DNMM,remote,65201099999",Lagos
Lagos,2024-08-13,86.0,77.0,80.1,93.5,77.0,83.0,73.9,81.8,0.0,0,0.0,rain,0,0,23.7,17.2,194.5,1014.0,61.7,6.3,219.5,19.0,7,10.0,2024-08-13T06:41:07,2024-08-13T19:01:23,0.29,Partially cloudy,Partly cloudy throughout the day.,partly-cloudy-day,"DNMM,65201099999,VRJT5",Lagos
Lagos,2024-08-14,87.8,76.8,80.9,97.8,76.8,85.3,75.3,83.8,0.004,100,4.17,rain,0,0,19.9,15.0,204.3,1014.8,62.8,7.0,241.9,20.9,8,10.0,2024-08-14T06:41:05,2024-08-14T19:01:02,0.33,"Rain, Partially cloudy",Partly cloudy throughout the day with early morning rain.,rain,"DNMM,remote,65201099999",Lagos
Lagos,2024-08-15,83.8,75.0,78.9,90.1,75.0,80.8,73.9,84.9,0.0,0,0.0,rain,0,0,24.8,10.3,214.8,1014.8,64.8,6.4,234.8,20.3,8,10.0,2024-08-15T06:41:02,2024-08-15T19:00:41,0.36,Partially cloudy,Partly cloudy throughout the day.,partly-cloudy-day,"DNMM,remote,65201099999,VRJT5",Lagos
Lagos,2024-08-16,83.8,76.6,79.1,90.2,76.6,81.2,73.3,82.8,0.0,0,0.0,rain,0,0,26.4,11.4,199.5,1013.8,68.1,6.6,174.7,15.1,7,10.0,2024-08-16T06:40:59,2024-08-16T19:00:19,0.39,Partially cloudy,Partly cloudy throughout the day.,partly-cloudy-day,"DNMM,remote,65201099999",Lagos
Lagos,2024-08-17,87.8,75.2,80.4,95.9,75.2,83.2,72.9,79.1,0.004,100,4.17,rain,0,0,23.7,15.0,200.2,1014.2,59.5,6.8,235.1,20.3,9,10.0,2024-08-17T06:40:55,2024-08-17T18:59:57,0.42,"Rain, Partially cloudy",Partly cloudy throughout the day with early morning rain.,rain,"DNMM,remote,65201099999",Lagos
Lagos,2024-08-18,86.0,75.2,79.9,94.3,75.2,82.7,73.9,82.7,0.0,0,0.0,rain,0,0,18.6,10.3,228.4,1015.3,58.6,6.6,231.0,20.0,8,10.0,2024-08-18T06:40:51,2024-08-18T18:59:34,0.46,Partially cloudy,Partly cloudy throughout the day.,partly-cloudy-day,"DNMM,remote,65201099999",Lagos
Lagos,2024-08-19,86.0,75.2,78.2,93.5,75.2,79.7,73.7,86.9,0.157,100,4.17,rain,0,0,25.5,15.0,206.1,1014.7,61.1,6.0,140.3,12.1,5,10.0,2024-08-19T06:40:47,2024-08-19T18:59:10,0.5,"Rain, Partially cloudy",Partly cloudy throughout the day with late afternoon rain.,rain,"DNMM,remote,65201099999",Lagos
Lagos,2024-08-20,86.1,73.3,78.1,93.5,73.3,80.0,72.9,84.7,0.08,100,25.0,rain,0,0,22.8,13.9,207.8,1014.4,52.3,5.9,109.3,9.5,4,10.0,2024-08-20T06:40:42,2024-08-20T18:58:46,0.52,"Rain, Partially cloudy",Partly cloudy throughout the day with rain clearing later.,rain,"DNMM,65201099999",Lagos
Lagos,2024-08-21,86.0,75.2,79.2,94.1,75.2,81.2,74.1,85.0,0.02,100,4.17,rain,0,0,19.5,11.4,205.0,1015.0,61.5,5.9,225.9,19.5,8,10.0,2024-08-21T06:40:37,2024-08-21T18:58:22,0.56,"Rain, Partially cloudy",Partly cloudy throughout the day with morning rain.,rain,"DNMM,remote,65201099999,VRJT5",Lagos
Lagos,2024-08-22,86.0,75.2,79.5,93.5,75.2,82.2,73.7,83.2,0.0,0,0.0,rain,0,0,22.8,11.4,213.0,1013.8,58.6,5.8,190.2,16.4,7,10.0,2024-08-22T06:40:32,2024-08-22T18:57:57,0.59,Partially cloudy,Partly cloudy throughout the day.,partly-cloudy-day,"DNMM,65201099999,VRJT5",Lagos
Lagos,2024-08-23,81.0,75.2,77.7,86.2,75.2,78.6,74.2,88.9,0.197,100,8.33,rain,0,0,23.3,17.2,206.4,1012.5,77.3,6.0,70.6,6.1,2,10.0,2024-08-23T06:40:26,2024-08-23T18:57:31,0.63,"Rain, Partially cloudy",Partly cloudy throughout the day with rain.,rain,"DNMM,remote,65201099999",Lagos
Lagos,2024-08-24,84.2,75.0,78.9,94.2,75.0,82.1,75.2,88.8,0.472,100,8.33,rain,0,0,16.1,12.8,187.6,1014.6,67.6,5.3,117.8,10.2,6,10.0,2024-08-24T06:40:19,2024-08-24T18:57:05,0.66,"Rain, Partially cloudy",Partly cloudy throughout the day with rain in the morning and afternoon.,rain,"DNMM,remote,65201099999",Lagos
Lagos,2024-08-25,84.2,75.2,78.8,90.9,75.2,81.0,74.4,86.8,0.0,0,0.0,rain,0,0,17.9,10.3,228.4,1014.9,60.4,5.8,124.6,10.7,5,10.0,2024-08-25T06:40:13,2024-08-25T18:56:38,0.7,Partially cloudy,Partly cloudy throughout the day.,partly-cloudy-day,"DNMM,65201099999",Lagos
Lagos,2024-08-26,84.2,73.0,78.0,90.9,73.0,79.9,73.2,85.7,0.394,100,4.17,rain,0,0,27.7,16.1,213.9,1013.0,61.0,6.4,200.8,17.3,7,10.0,2024-08-26T06:40:06,2024-08-26T18:56:11,0.75,"Rain, Partially cloudy",Partly cloudy throughout the day with morning rain.,rain,"DNMM,65201099999",Lagos
Lagos,2024-08-27,84.2,76.6,78.5,91.4,76.6,80.0,74.1,86.7,0.0,0,0.0,rain,0,0,28.4,11.4,208.7,1013.0,69.8,5.2,209.1,18.2,7,10.0,2024-08-27T06:39:59,2024-08-27T18:55:44,0.77,Partially cloudy,Partly cloudy throughout the day.,partly-cloudy-day,"DNMM,65201099999",Lagos
Lagos,2024-08-28,84.2,75.0,78.9,92.5,75.0,81.5,74.3,86.5,0.197,100,4.17,rain,0,0,20.1,11.4,193.6,1015.1,53.6,5.7,212.4,18.3,7,10.0,2024-08-28T06:39:51,2024-08-28T18:55:16,0.8,"Rain, Partially cloudy",Partly cloudy throughout the day with early morning rain.,rain,"DNMM,65201099999",Lagos
Lagos,2024-08-29,84.2,75.2,79.5,90.9,75.2,82.3,74.2,84.5,0.004,100,4.17,rain,0,0,21.3,13.9,215.0,1014.8,61.8,6.5,144.2,12.4,4,10.0,2024-08-29T06:39:43,2024-08-29T18:54:48,0.84,"Rain, Partially cloudy",Partly cloudy throughout the day with morning rain.,rain,"DNMM,remote,65201099999",Lagos
Lagos,2024-08-30,82.4,75.2,78.2,88.3,75.2,79.3,73.7,86.2,0.035,100,4.17,rain,0,0,25.3,17.2,219.3,1013.2,69.1,7.9,141.8,12.2,5,10.0,2024-08-30T06:39:35,2024-08-30T18:54:19,0.87,"Rain, Partially cloudy",Partly cloudy throughout the day with afternoon rain.,rain,"DNMM,remote,65201099999",Lagos
Lagos,2024-08-31,87.8,75.2,79.4,94.2,75.2,81.2,73.0,81.7,0.079,100,4.17,rain,0,0,23.9,13.9,201.6,1013.4,68.1,6.2,178.3,15.3,6,10.0,2024-08-31T06:39:26,2024-08-31T18:53:50,0.91,"Rain, Partially cloudy",Partly cloudy throughout the day with morning rain.,rain,"DNMM,remote,65201099999",Lagos
Lagos,2024-09-01,87.8,73.2,79.4,93.4,73.2,81.7,72.6,81.2,0.0,0,0.0,rain,0,0,23.5,12.8,205.3,1014.2,57.9,5.8,228.1,19.7,8,10.0,2024-09-01T06:39:17,2024-09-01T18:53:21,0.94,Partially cloudy,Partly cloudy throughout the day.,partly-cloudy-day,"DNMM,65201099999",Lagos
Lagos,2024-09-02,87.8,75.0,79.9,95.9,75.0,82.4,72.7,79.7,0.039,100,4.17,rain,0,0,20.4,13.9,197.5,1014.5,53.9,6.5,248.4,21.5,9,10.0,2024-09-02T06:39:08,2024-09-02T18:52:51,0.98,"Rain, Partially cloudy",Partly cloudy throughout the day with afternoon rain.,rain,"DNMM,remote,65201099999",Lagos
Lagos,2024-09-03,86.0,73.4,79.9,95.2,73.4,83.8,73.9,82.6,0.0,0,0.0,,0,0,22.1,13.9,196.7,1014.0,57.7,6.5,221.9,19.2,7,10.0,2024-09-03T06:38:59,2024-09-03T18:52:22,0.0,Partially cloudy,Partly cloudy throughout the day.,partly-cloudy-day,"DNMM,remote,65201099999",Lagos
Lagos,2024-09-04,87.8,73.7,80.2,94.2,73.7,82.6,72.8,79.1,0.0,0,0.0,,0,0,21.3,13.9,189.8,1014.2,55.1,6.1,230.7,19.9,8,10.0,2024-09-04T06:38:50,2024-09-04T18:51:51,0.05,Partially cloudy,Partly cloudy throughout the day.,partly-cloudy-day,"DNMM,65201099999",Lagos
Lagos,2024-09-05,87.8,74.8,79.9,94.2,74.8,82.2,72.5,79.5,0.0,0,0.0,rain,0,0,21.7,10.3,202.7,1014.2,53.1,6.2,243.8,21.0,8,10.0,2024-09-05T06:38:40,2024-09-05T18:51:21,0.08,Partially cloudy,Partly cloudy throughout the day.,partly-cloudy-day,"DNMM,65201099999",Lagos
Lagos,2024-09-06,87.4,75.2,79.9,94.0,75.2,82.2,72.8,80.3,0.0,0,0.0,rain,0,0,21.3,11.4,202.1,1013.7,54.4,5.9,216.1,18.5,8,10.0,2024-09-06T06:38:30,2024-09-06T18:50:50,0.11,Partially cloudy,Partly cloudy throughout the day.,partly-cloudy-day,"DNMM,65201099999",Lagos
Lagos,2024-09-07,84.2,75.2,78.6,90.9,75.2,80.4,73.1,83.4,0.0,0,0.0,rain,0,0,24.2,13.9,206.8,1014.4,64.4,6.1,123.8,10.7,6,10.0,2024-09-07T06:38:20,2024-09-07T18:50:19,0.15,Partially cloudy,Partly cloudy throughout the day.,partly-cloudy-day,"DNMM,65201099999",Lagos
Lagos,2024-09-08,88.1,73.4,81.3,95.9,73.4,85.4,73.1,77.5,0.004,100,4.17,rain,0,0,19.9,12.8,209.6,1014.6,53.9,6.4,247.6,21.4,8,10.0,2024-09-08T06:38:10,2024-09-08T18:49:48,0.18,"Rain, Partially cloudy",Partly cloudy throughout the day with early morning rain.,rain,"DNMM,remote,65201099999",Lagos
Lagos,2024-09-09,89.6,73.4,81.4,98.2,73.4,84.8,73.3,77.6,0.0,0,0.0,,0,0,20.4,13.9,199.4,1014.3,46.5,6.2,257.2,22.2,9,10.0,2024-09-09T06:37:59,2024-09-09T18:49:17,0.21,Partially cloudy,Partly cloudy throughout the day.,partly-cloudy-day,"DNMM,remote,65201099999",Lagos
Lagos,2024-09-10,86.0,76.8,79.7,95.2,76.8,82.2,74.3,84.1,0.079,100,4.17,rain,0,0,22.1,11.4,203.4,1013.2,67.7,6.1,181.5,15.5,6,30.0,2024-09-10T06:37:49,2024-09-10T18:48:45,0.25,"Rain, Partially cloudy",Partly cloudy throughout the day with afternoon rain.,rain,"DNMM,65201099999",Lagos
Lagos,2024-09-11,87.4,77.0,81.0,97.1,77.0,84.8,74.5,81.0,0.004,100,4.17,rain,0,0,19.9,16.1,209.8,1012.7,62.8,6.4,162.9,14.1,6,30.0,2024-09-11T06:37:38,2024-09-11T18:48:14,0.25,"Rain, Partially cloudy",Partly cloudy throughout the day with afternoon rain.,rain,"DNMM,remote,65201099999",Lagos
Lagos,2024-09-12,83.8,77.0,80.0,91.6,77.0,83.0,74.8,84.4,0.035,100,4.17,rain,0,0,17.4,11.4,196.6,1013.8,76.1,6.0,152.1,13.1,6,10.0,2024-09-12T06:37:28,2024-09-12T18:47:42,0.31,"Rain, Partially cloudy",Partly cloudy throughout the day with afternoon rain.,rain,"DNMM,65201099999",Lagos
Lagos,2024-09-13,85.9,77.0,80.2,95.0,77.0,83.7,74.8,84.3,0.228,100,12.5,rain,0,0,19.9,12.8,216.5,1014.0,62.5,6.1,167.5,14.5,6,10.0,2024-09-13T06:37:17,2024-09-13T18:47:10,0.35,"Rain, Partially cloudy",Partly cloudy throughout the day with afternoon rain.,rain,"DNMM,65201099999",Lagos
Lagos,2024-09-14,84.2,75.0,79.5,92.1,75.0,82.1,74.3,84.5,0.0,0,0.0,rain,0,0,19.5,10.3,215.9,1014.1,61.0,6.1,122.3,10.7,5,10.0,2024-09-14T06:37:06,2024-09-14T18:46:39,0.38,Partially cloudy,Partly cloudy throughout the day.,partly-cloudy-day,"DNMM,65201099999",Lagos
Lagos,2024-09-15,87.8,75.3,80.9,96.1,75.3,84.1,74.2,81.2,0.0,0,0.0,rain,0,0,16.3,10.3,218.7,1013.8,56.0,6.6,164.2,14.2,6,10.0,2024-09-15T06:36:55,2024-09-15T18:46:07,0.41,Partially cloudy,Partly cloudy throughout the day.,partly-cloudy-day,"DNMM,remote,65201099999",Lagos
Lagos,2024-09-16,86.0,77.0,80.9,95.2,77.0,84.7,74.9,82.5,0.0,0,0.0,rain,0,0,20.8,13.9,212.6,1014.2,56.6,6.4,235.8,20.3,9,30.0,2024-09-16T06:36:44,2024-09-16T18:45:35,0.45,Partially cloudy,Partly cloudy throughout the day.,partly-cloudy-day,"DNMM,remote,65201099999",Lagos
Lagos,2024-09-17,86.0,77.0,80.8,96.1,77.0,85.2,75.1,83.3,0.008,100,4.17,rain,0,0,18.8,13.9,204.4,1013.6,58.9,6.5,143.7,12.4,5,10.0,2024-09-17T06:36:34,2024-09-17T18:45:03,0.48,"Rain, Partially cloudy",Partly cloudy throughout the day with afternoon rain.,rain,"DNMM,remote,65201099999",Lagos
Lagos,2024-09-18,89.6,74.8,80.4,102.6,74.8,84.0,75.9,86.6,1.693,100,4.17,rain,0,0,21.3,15.0,211.0,1013.2,62.9,6.6,114.5,9.8,5,10.0,2024-09-18T06:36:23,2024-09-18T18:44:31,0.5,"Rain, Partially cloudy",Partly cloudy throughout the day with morning rain.,rain,"DNMM,remote,65201099999",Lagos
Lagos,2024-09-19,87.8,76.4,80.2,97.8,76.4,83.1,75.0,84.8,0.008,100,4.17,rain,0,0,22.6,12.8,208.7,1012.9,59.3,7.3,215.4,18.7,7,10.0,2024-09-19T06:36:12,2024-09-19T18:43:59,0.55,"Rain, Partially cloudy",Partly cloudy throughout the day with late afternoon rain.,rain,"DNMM,remote,65201099999",Lagos
Lagos,2024-09-20,86.0,77.0,80.0,95.2,77.0,82.8,75.1,85.4,0.024,100,16.67,rain,0,0,22.1,11.4,219.8,1012.3,51.5,9.1,245.1,21.2,9,10.0,2024-09-20T06:36:01,2024-09-20T18:43:27,0.58,"Rain, Partially cloudy",Partly cloudy throughout the day with rain in the morning and afternoon.,rain,"DNMM,remote,65201099999",Lagos
Lagos,2024-09-21,86.0,77.0,79.5,95.2,77.0,81.9,75.3,87.4,0.157,100,4.17,rain,0,0,17.9,12.8,220.3,1011.6,68.0,5.8,189.8,16.3,8,30.0,2024-09-21T06:35:50,2024-09-21T18:42:55,0.61,"Rain, Partially cloudy",Partly cloudy throughout the day with late afternoon rain.,rain,"DNMM,65201099999",Lagos
Lagos,2024-09-22,87.8,77.0,81.2,99.9,77.0,86.0,75.5,83.4,0.0,0,0.0,rain,0,0,19.7,11.4,192.3,1011.7,61.7,6.2,171.6,14.9,6,30.0,2024-09-22T06:35:40,2024-09-22T18:42:23,0.65,Partially cloudy,Partly cloudy throughout the day.,partly-cloudy-day,"DNMM,65201099999",Lagos
Lagos,2024-09-23,89.9,76.6,82.7,100.4,76.6,88.4,75.3,79.3,0.0,0,0.0,rain,0,0,19.5,13.9,196.0,1012.7,49.4,6.2,230.8,19.8,8,10.0,2024-09-23T06:35:29,2024-09-23T18:41:52,0.68,Partially cloudy,Partly cloudy throughout the day.,partly-cloudy-day,"DNMM,65201099999",Lagos
Lagos,2024-09-24,87.8,76.6,81.1,97.8,76.6,85.7,75.3,83.2,0.004,100,4.17,rain,0,0,17.0,12.7,201.1,1012.8,71.9,6.1,172.4,14.9,6,10.0,2024-09-24T06:35:19,2024-09-24T18:41:20,0.75,"Rain, Partially cloudy",Partly cloudy throughout the day with morning rain.,rain,"DNMM,65201099999",Lagos
Lagos,2024-09-25,78.8,75.5,77.5,78.8,75.5,77.5,74.9,91.8,0.472,100,8.33,rain,0,0,19.0,6.9,196.7,1013.4,62.6,5.5,114.2,9.8,6,10.0,2024-09-25T06:35:09,2024-09-25T18:40:49,0.75,"Rain, Partially cloudy",Partly cloudy throughout the day with rain.,rain,"DNMM,65201099999",Lagos
Lagos,2024-09-26,86.1,75.2,79.8,95.6,75.2,83.2,74.6,84.6,0.039,100,4.17,rain,0,0,16.6,10.3,215.1,1013.3,53.0,6.9,205.5,17.7,8,10.0,2024-09-26T06:34:59,2024-09-26T18:40:18,0.78,"Rain, Partially cloudy",Partly cloudy throughout the day with early morning rain.,rain,"DNMM,remote,65201099999",Lagos
Lagos,2024-09-27,89.6,73.2,80.2,99.2,73.2,83.5,74.4,83.3,0.039,100,4.17,rain,0,0,18.1,12.8,205.2,1013.1,59.0,6.1,174.4,15.1,6,10.0,2024-09-27T06:34:49,2024-09-27T18:39:47,0.82,"Rain, Partially cloudy",Partly cloudy throughout the day with morning rain.,rain,"DNMM,65201099999",Lagos
Lagos,2024-09-28,86.0,77.0,80.8,97.2,77.0,85.5,75.6,84.6,0.039,100,4.17,rain,0,0,16.6,11.4,197.7,1013.2,60.5,5.9,188.7,16.3,7,10.0,2024-09-28T06:34:39,2024-09-28T18:39:16,0.85,"Rain, Partially cloudy",Partly cloudy throughout the day with morning rain.,rain,"DNMM,65201099999",Lagos
Lagos,2024-09-29,86.0,77.0,80.7,95.2,77.0,84.9,75.8,85.6,0.157,100,4.17,rain,0,0,15.0,12.8,217.5,1013.3,54.2,6.7,169.5,14.7,7,30.0,2024-09-29T06:34:30,2024-09-29T18:38:45,0.89,"Rain, Partially cloudy",Partly cloudy throughout the day with late afternoon rain.,rain,"DNMM,remote,65201099999",Lagos
Lagos,2024-09-30,86.0,75.2,80.0,95.2,75.2,83.2,75.2,85.8,0.157,100,4.17,rain,0,0,19.0,13.9,195.4,1012.0,59.9,5.7,153.4,13.2,6,30.0,2024-09-30T06:34:20,2024-09-30T18:38:15,0.92,"Rain, Partially cloudy",Partly cloudy throughout the day with afternoon rain.,rain,"DNMM,65201099999",Lagos
Lagos,2024-10-01,88.1,75.2,81.0,97.9,75.2,84.8,75.1,83.4,0.0,0,0.0,rain,0,0,20.6,12.8,189.9,1011.1,58.1,6.2,210.3,18.1,7,10.0,2024-10-01T06:34:12,2024-10-01T18:37:45,0.95,Partially cloudy,Partly cloudy throughout the day.,partly-cloudy-day,"DNMM,remote,65201099999",Lagos
Lagos,2024-10-02,87.9,77.0,81.3,99.9,77.0,86.2,75.4,82.7,0.004,100,4.17,rain,0,0,16.3,12.8,225.1,1010.2,57.6,7.3,190.7,16.3,9,30.0,2024-10-02T06:34:03,2024-10-02T18:37:16,0.0,"Rain, Partially cloudy",Partly cloudy throughout the day with morning rain.,rain,"DNMM,remote,65201099999",Lagos
Lagos,2024-10-03,84.2,73.4,79.7,90.9,73.4,82.6,74.5,84.6,0.118,100,4.17,rain,0,0,51.9,13.9,238.2,1011.7,54.4,6.3,121.8,10.3,4,30.0,2024-10-03T06:33:54,2024-10-03T18:36:46,0.02,"Rain, Partially cloudy",Partly cloudy throughout the day with afternoon rain.,rain,"DNMM,remote,65201099999,VRJT5",Lagos
Lagos,2024-10-04,81.8,75.2,79.2,89.5,75.2,82.0,75.3,87.9,0.32,100,37.5,rain,0,0,22.8,11.0,229.1,1012.1,76.3,5.6,122.6,10.8,5,30.0,2024-10-04T06:33:46,2024-10-04T18:36:18,0.06,"Rain, Partially cloudy",Partly cloudy throughout the day with rain.,rain,"DNMM,remote,65201099999",Lagos
Lagos,2024-10-05,86.0,77.0,79.4,97.2,77.0,80.9,74.3,84.7,0.079,100,4.17,rain,0,0,20.4,14.8,207.2,1012.8,93.4,8.6,142.7,12.4,8,10.0,2024-10-05T06:33:39,2024-10-05T18:35:49,0.09,"Rain, Overcast",Cloudy skies throughout the day with early morning rain.,rain,"DNMM,remote,65201099999",Lagos
Lagos,2024-10-06,86.0,75.3,79.8,97.2,75.3,82.9,75.2,86.5,0.167,100,54.17,rain,0,0,14.5,9.2,213.8,1013.7,89.3,9.8,180.7,15.4,7,30.0,2024-10-06T06:33:31,2024-10-06T18:35:21,0.13,"Rain, Partially cloudy",Partly cloudy throughout the day with a chance of rain throughout the day.,rain,"DNMM,remote,65201099999",Lagos
Lagos,2024-10-07,87.4,77.0,79.9,99.0,77.0,82.7,76.2,88.7,0.209,100,29.17,rain,0,0,13.9,8.1,224.8,1013.9,67.9,7.8,165.0,14.3,7,30.0,2024-10-07T06:33:24,2024-10-07T18:34:53,0.16,"Rain, Partially cloudy",Partly cloudy throughout the day with a chance of rain throughout the day.,rain,"DNMM,remote,65201099999",Lagos
Lagos,2024-10-08,86.0,75.2,78.5,97.2,75.2,80.3,75.3,90.2,0.63,100,8.33,rain,0,0,57.2,20.8,76.5,1014.5,64.8,7.4,215.6,18.6,8,30.0,2024-10-08T06:33:18,2024-10-08T18:34:26,0.19,"Rain, Partially cloudy",Partly cloudy throughout the day with rain.,rain,"DNMM,remote,65201099999",Lagos
Lagos,2024-10-09,86.0,75.2,79.7,95.2,75.2,83.0,74.9,85.7,0.04,100,33.33,rain,0,0,18.3,9.2,179.9,1013.8,60.8,11.5,201.5,17.5,8,30.0,2024-10-09T06:33:11,2024-10-09T18:33:59,0.23,"Rain, Partially cloudy",Partly cloudy throughout the day with rain in the morning and afternoon.,rain,"DNMM,remote,65201099999",Lagos
Lagos,2024-10-10,87.8,76.4,81.4,99.9,76.4,86.6,75.8,84.0,0.0,0,0.0,rain,0,0,17.7,11.4,181.3,1012.9,60.6,7.3,211.3,18.2,7,30.0,2024-10-10T06:33:06,2024-10-10T18:33:33,0.25,Partially cloudy,Partly cloudy throughout the day.,partly-cloudy-day,"DNMM,remote,65201099999",Lagos
Lagos,2024-10-11,91.4,77.0,82.0,107.8,77.0,87.4,75.8,82.3,0.0,0,0.0,rain,0,0,20.8,10.3,197.6,1013.0,58.8,6.1,239.3,20.5,8,30.0,2024-10-11T06:33:00,2024-10-11T18:33:07,0.3,Partially cloudy,Partly cloudy throughout the day.,partly-cloudy-day,"DNMM,65201099999",Lagos
Lagos,2024-10-12,86.0,73.8,80.4,97.2,73.8,84.7,75.5,85.4,0.472,100,4.17,rain,0,0,17.7,54.1,190.8,1013.2,64.8,6.8,157.9,13.5,6,30.0,2024-10-12T06:32:55,2024-10-12T18:32:42,0.33,"Rain, Partially cloudy",Partly cloudy throughout the day with morning rain.,rain,"DNMM,remote,65201099999",Lagos
Lagos,2024-10-13,82.5,73.4,78.1,89.5,73.4,80.7,74.0,87.6,0.551,100,8.33,rain,0,0,18.1,12.5,182.1,1014.1,54.7,6.0,249.9,21.5,9,30.0,2024-10-13T06:32:51,2024-10-13T18:32:17,0.36,"Rain, Partially cloudy",Partly cloudy throughout the day with rain in the morning and afternoon.,rain,"DNMM,remote,65201099999",Lagos
Lagos,2024-10-14,83.0,75.2,78.6,90.3,75.2,80.0,75.1,89.1,0.039,100,4.17,rain,0,0,17.2,12.3,188.9,1014.6,67.7,7.0,97.0,8.2,3,30.0,2024-10-14T06:32:47,2024-10-14T18:31:53,0.4,"Rain, Partially cloudy",Partly cloudy throughout the day with afternoon rain.,rain,"DNMM,remote,65201099999",Lagos
Lagos,2024-10-15,89.6,75.2,80.9,100.2,75.2,85.0,75.4,84.1,0.075,100,16.67,rain,0,0,15.0,10.3,218.5,1013.8,59.2,7.6,222.7,19.2,8,30.0,2024-10-15T06:32:44,2024-10-15T18:31:29,0.43,"Rain, Partially cloudy",Partly cloudy throughout the day with a chance of rain throughout the day.,rain,"DNMM,remote,65201099999",Lagos
Lagos,2024-10-16,87.8,76.6,80.5,99.9,76.6,84.7,76.1,86.9,0.028,100,4.17,rain,0,0,12.3,10.3,217.3,1013.8,64.6,6.4,161.4,13.8,6,30.0,2024-10-16T06:32:41,2024-10-16T18:31:07,0.47,"Rain, Partially cloudy",Partly cloudy throughout the day with morning rain.,rain,"DNMM,remote,65201099999",Lagos
Lagos,2024-10-17,82.4,75.2,78.2,90.9,75.2,79.4,75.7,92.0,1.968,100,12.5,rain,0,0,23.5,10.7,195.4,1014.1,77.6,9.3,54.4,4.8,3,10.0,2024-10-17T06:32:38,2024-10-17T18:30:44,0.5,"Rain, Partially cloudy",Partly cloudy throughout the day with rain.,rain,"DNMM,remote,65201099999",Lagos
New York,2024-04-01,54.0,49.3,51.7,54.0,46.0,51.1,35.3,53.9,0.015,100,16.67,rain,0,0,28.9,10.0,30.7,1014.3,78.7,9.9,54.6,4.6,2,10.0,2024-04-01T06:38:38,2024-04-01T19:21:30,0.75,"Rain, Partially cloudy",Partly cloudy throughout the day with rain in the morning and afternoon.,rain,"72505394728,KEWR,KLGA,72502014734,F1417,KNYC,72503014732",New York
New York,2024-04-02,51.0,45.0,47.3,51.0,39.1,44.2,41.8,81.4,0.874,100,62.5,rain,0,0,23.0,11.9,62.5,1013.3,87.9,6.5,36.5,3.2,2,10.0,2024-04-02T06:37:00,2024-04-02T19:22:32,0.79,"Rain, Partially cloudy",Partly cloudy throughout the day with rain.,rain,"72505394728,KEWR,KLGA,72502014734,F1417,KNYC,72503014732",New York
New York,2024-04-03,45.0,41.3,42.9,39.0,32.8,35.7,39.2,86.7,1.513,100,91.67,rain,0,0,44.5,23.0,65.4,1004.6,100.0,4.1,19.9,1.8,1,10.0,2024-04-03T06:35:22,2024-04-03T19:23:35,0.82,"Rain, Overcast",Cloudy skies throughout the day with a chance of rain throughout the day.,rain,"72505394728,KEWR,KLGA,72502014734,F1417,KNYC,72503014732",New York
New York,2024-04-04,50.8,37.5,43.1,50.8,28.8,37.6,33.2,69.3,0.236,100,41.67,rain,0,0,49.3,26.2,7.6,995.4,95.2,8.9,157.0,13.7,9,10.0,2024-04-04T06:33:45,2024-04-04T19:24:38,0.86,"Rain, Overcast",Cloudy skies throughout the day with rain.,rain,"72505394728,KEWR,KLGA,72502014734,F1417,KNYC,72503014732",New York
New York,2024-04-05,49.2,39.3,44.1,44.2,34.4,39.1,27.9,54.1,0.0,0,0.0,,0,0,33.3,15.9,293.0,1003.1,80.4,9.9,138.4,12.1,7,10.0,2024-04-05T06:32:08,2024-04-05T19:25:41,0.89,Partially cloudy,Partly cloudy throughout the day.,partly-cloudy-day,"72505394728,KEWR,KLGA,72502014734,F1417,KNYC,72503014732",New York
New York,2024-04-06,53.0,42.0,47.1,53.0,35.2,43.2,28.4,49.2,0.0,0,0.0,,0,0,32.1,17.4,330.6,1008.9,86.1,9.9,124.6,10.7,5,10.0,2024-04-06T06:30:31,2024-04-06T19:26:44,0.93,Partially cloudy,Partly cloudy throughout the day.,partly-cloudy-day,"72505394728,KEWR,KLGA,72502014734,F1417,KNYC,72503014732",New York
New York,2024-04-07,58.7,43.3,50.1,58.7,39.0,48.2,29.1,45.6,0.0,0,0.0,,0,0,27.1,14.3,9.2,1017.0,53.4,9.9,223.1,19.5,10,10.0,2024-04-07T06:28:55,2024-04-07T19:27:47,0.96,Partially cloudy,Partly cloudy throughout the day.,partly-cloudy-day,"72505394728,KEWR,KLGA,72502014734,F1417,KNYC,72503014732",New York
New York,2024-04-08,65.8,43.2,54.5,65.8,43.2,54.0,28.6,40.1,0.0,0,0.0,,0,0,11.6,8.5,289.5,1020.3,30.0,9.9,222.3,19.1,10,10.0,2024-04-08T06:27:20,2024-04-08T19:28:49,0.0,Partially cloudy,Partly cloudy throughout the day.,partly-cloudy-day,"72505394728,KEWR,KLGA,72502014734,F1417,KNYC,72503014732",New York
New York,2024-04-09,77.1,54.2,64.0,77.1,54.2,64.0,37.2,38.3,0.0,0,0.0,,0,0,24.2,12.1,153.5,1016.7,37.6,9.9,260.7,22.6,9,10.0,2024-04-09T06:25:45,2024-04-09T19:29:52,0.03,Partially cloudy,Partly cloudy throughout the day.,partly-cloudy-day,"72505394728,KEWR,KLGA,72502014734,F1417,KNYC,72503014732",New York
New York,2024-04-10,63.6,51.8,56.6,63.6,51.8,56.6,44.4,64.4,0.0,0,0.0,,0,0,26.4,10.3,72.1,1016.7,61.8,9.9,181.8,15.7,7,10.0,2024-04-10T06:24:10,2024-04-10T19:30:55,0.06,Partially cloudy,Becoming cloudy in the afternoon.,partly-cloudy-day,"72505394728,KEWR,KLGA,72502014734,F8726,F1417,KNYC,72503014732",New York
New York,2024-04-11,60.5,50.5,55.1,60.5,50.5,55.1,50.5,84.6,0.204,100,37.5,rain,0,0,38.1,15.0,92.5,1013.4,96.2,6.6,98.7,8.5,5,10.0,2024-04-11T06:22:36,2024-04-11T19:31:58,0.1,"Rain, Overcast",Cloudy skies throughout the day with rain.,rain,"72505394728,KEWR,KLGA,72502014734,F1417,KNYC,72503014732",New York
New York,2024-04-12,63.2,56.9,59.7,63.2,56.9,59.7,50.6,74.5,0.329,100,45.83,rain,0,0,37.3,22.9,193.4,997.3,85.1,6.7,101.4,8.7,6,10.0,2024-04-12T06:21:02,2024-04-12T19:33:01,0.13,"Rain, Partially cloudy",Partly cloudy throughout the day with a chance of rain throughout the day.,rain,"72505394728,KEWR,KLGA,72502014734,F1417,KNYC,72503014732",New York
New York,2024-04-13,57.5,48.6,52.4,57.5,43.2,51.5,35.1,51.9,0.007,100,4.17,rain,0,0,43.1,21.9,266.5,1003.4,73.3,9.9,88.5,7.9,4,10.0,2024-04-13T06:19:29,2024-04-13T19:34:04,0.16,"Rain, Partially cloudy",Partly cloudy throughout the day with afternoon rain.,rain,"72505394728,KEWR,KLGA,72502014734,F1417,KNYC,72503014732",New York
New York,2024-04-14,72.3,48.9,59.6,72.3,44.9,58.9,35.9,42.6,0.084,100,12.5,rain,0,0,36.8,18.3,239.5,1009.9,35.1,9.8,235.9,20.3,8,10.0,2024-04-14T06:17:57,2024-04-14T19:35:07,0.19,"Rain, Partially cloudy",Partly cloudy throughout the day with rain.,rain,"72505394728,KEWR,KLGA,72502014734,F1417,KNYC,72503014732",New York
New York,2024-04-15,80.2,60.1,69.2,80.0,60.1,69.2,46.2,48.4,0.0,0,0.0,,0,0,30.5,14.7,285.2,1008.8,47.4,9.9,281.8,24.3,10,10.0,2024-04-15T06:16:26,2024-04-15T19:36:09,0.25,Partially cloudy,Partly cloudy throughout the day.,partly-cloudy-day,"72505394728,KEWR,KLGA,72502014734,F1417,KNYC,72503014732",New York
New York,2024-04-16,72.7,54.2,62.5,72.7,54.2,62.5,31.7,33.4,0.0,0,0.0,,0,0,27.6,14.1,319.4,1019.1,10.9,9.9,317.8,27.6,9,10.0,2024-04-16T06:14:55,2024-04-16T19:37:12,0.26,Clear,Clear conditions throughout the day.,clear-day,"72505394728,KEWR,KLGA,72502014734,F1417,KNYC,72503014732",New York
New York,2024-04-17,60.2,50.1,54.7,60.2,50.1,54.7,40.5,59.9,0.026,100,12.5,rain,0,0,23.0,11.9,70.8,1020.2,62.3,9.8,103.4,8.9,8,10.0,2024-04-17T06:13:25,2024-04-17T19:38:15,0.29,"Rain, Partially cloudy",Partly cloudy throughout the day with rain.,rain,"72505394728,KEWR,KLGA,72502014734,KNYC,F1417,72503014732",New York
New York,2024-04-18,49.9,46.6,47.6,47.2,40.0,42.4,42.1,81.4,0.016,100,12.5,rain,0,0,31.0,17.7,57.0,1018.5,99.6,7.1,47.8,4.2,2,10.0,2024-04-18T06:11:55,2024-04-18T19:39:18,0.33,"Rain, Overcast",Cloudy skies throughout the day with rain clearing later.,rain,"72505394728,KEWR,KLGA,72502014734,F1417,KNYC,72503014732",New York
New York,2024-04-19,56.5,45.9,50.4,56.5,42.1,48.7,40.2,68.4,0.0,0,0.0,,0,0,20.4,8.8,87.5,1020.1,89.4,9.9,196.5,17.1,8,10.0,2024-04-19T06:10:27,2024-04-19T19:40:21,0.36,Partially cloudy,Partly cloudy throughout the day.,partly-cloudy-day,"72505394728,KEWR,KLGA,72502014734,F1417,KNYC,72503014732",New York
New York,2024-04-20,69.6,49.7,56.9,69.6,46.9,56.7,41.1,61.0,0.056,100,12.5,rain,0,0,30.9,18.8,287.5,1013.7,76.0,8.9,216.8,18.6,10,10.0,2024-04-20T06:08:59,2024-04-20T19:41:24,0.39,"Rain, Partially cloudy",Partly cloudy throughout the day with morning rain.,rain,"72505394728,KEWR,KLGA,72502014734,F1417,KNYC,72503014732",New York
New York,2024-04-21,52.8,42.7,48.1,52.8,38.9,46.0,24.0,39.0,0.0,0,0.0,,0,0,31.3,15.9,304.8,1015.8,34.3,9.9,145.8,12.6,5,10.0,2024-04-21T06:07:32,2024-04-21T19:42:27,0.42,Partially cloudy,Becoming cloudy in the afternoon.,partly-cloudy-day,"72505394728,KEWR,KLGA,72502014734,F1417,KNYC,72503014732",New York
New York,2024-04-22,62.1,42.8,51.5,62.1,39.4,50.0,24.4,36.5,0.0,0,0.0,,0,0,29.9,12.2,313.5,1017.5,11.3,9.9,305.8,26.4,9,10.0,2024-04-22T06:06:06,2024-04-22T19:43:30,0.46,Clear,Clear conditions throughout the day.,clear-day,"72505394728,KEWR,KLGA,72502014734,F1417,KNYC,72503014732",New York
New York,2024-04-23,62.3,45.7,53.2,62.3,45.7,53.1,29.9,41.6,0.0,0,0.0,,0,0,32.9,20.2,163.6,1019.4,17.9,9.9,294.7,25.4,9,10.0,2024-04-23T06:04:41,2024-04-23T19:44:33,0.5,Clear,Clear conditions throughout the day.,clear-day,"72505394728,KEWR,KLGA,72502014734,F1417,KNYC,72503014732",New York
New York,2024-04-24,71.6,51.0,58.9,71.6,51.0,58.9,37.4,45.8,0.0,0,0.0,,0,0,34.4,15.8,296.1,1012.3,62.3,9.9,229.2,19.8,10,10.0,2024-04-24T06:03:17,2024-04-24T19:45:36,0.52,Partially cloudy,Partly cloudy throughout the day.,partly-cloudy-day,"72505394728,KEWR,KLGA,72502014734,F1417,KNYC,72503014732",New York
New York,2024-04-25,57.0,42.9,48.8,57.0,36.9,46.3,25.2,41.6,0.0,0,0.0,,0,0,25.3,13.5,54.1,1025.5,54.3,9.9,319.7,27.6,10,10.0,2024-04-25T06:01:54,2024-04-25T19:46:38,0.56,Partially cloudy,Partly cloudy throughout the day.,partly-cloudy-day,"72505394728,KEWR,KLGA,72502014734,F1417,KNYC,72503014732",New York
New York,2024-04-26,60.6,42.6,50.6,60.6,40.9,49.8,30.9,49.0,0.0,0,0.0,,0,0,19.7,12.0,143.0,1030.9,11.5,9.9,304.5,26.4,9,10.0,2024-04-26T06:00:32,2024-04-26T19:47:41,0.59,Clear,Clear conditions throughout the day.,clear-day,"72505394728,KEWR,KLGA,72502014734,F1417,KNYC,72503014732",New York
New York,2024-04-27,60.0,45.9,52.4,60.0,45.0,52.4,30.9,45.5,0.003,100,4.17,rain,0,0,32.0,17.9,167.4,1031.7,58.4,9.9,232.8,20.1,9,10.0,2024-04-27T05:59:11,2024-04-27T19:48:44,0.63,"Rain, Partially cloudy",Becoming cloudy in the afternoon with late afternoon rain.,rain,"72505394728,KEWR,KLGA,72502014734,F1417,KNYC,72503014732",New York
New York,2024-04-28,77.5,51.8,62.5,77.5,51.8,62.5,49.1,62.9,0.007,100,12.5,rain,0,0,18.8,10.1,197.2,1021.0,74.5,9.8,255.5,22.0,9,10.0,2024-04-28T05:57:51,2024-04-28T19:49:46,0.67,"Rain, Partially cloudy",Partly cloudy throughout the day with rain.,rain,"72505394728,KEWR,KLGA,72502014734,F1417,KNYC,72503014732",New York
New York,2024-04-29,85.4,63.5,71.8,85.4,63.5,71.8,59.8,67.9,0.023,100,12.5,rain,0,0,22.0,13.9,118.2,1015.2,42.3,9.4,257.8,22.2,9,10.0,2024-04-29T05:56:33,2024-04-29T19:50:49,0.7,"Rain, Partially cloudy",Partly cloudy throughout the day with rain.,rain,"72505394728,KEWR,KLGA,72502014734,F1417,KNYC,72503014732",New York
New York,2024-04-30,63.4,52.1,58.0,63.4,52.1,58.0,50.9,77.7,0.015,100,4.17,rain,0,0,32.2,13.4,58.3,1013.4,84.5,7.8,191.5,16.6,8,10.0,2024-04-30T05:55:15,2024-04-30T19:51:51,0.74,"Rain, Partially cloudy",Partly cloudy throughout the day with late afternoon rain.,rain,"72505394728,KEWR,KLGA,72502014734,F1417,KNYC,72503014732",New York
New York,2024-05-01,76.6,52.7,61.1,76.6,52.7,61.1,51.5,72.8,0.024,100,12.5,rain,0,0,23.3,14.7,119.8,1013.1,64.8,8.0,255.6,22.0,10,10.0,2024-05-01T05:53:59,2024-05-01T19:52:54,0.75,"Rain, Partially cloudy",Partly cloudy throughout the day with early morning rain.,rain,"72505394728,KEWR,KLGA,72502014734,F1417,KNYC,72503014732",New York
New York,2024-05-02,78.5,52.8,63.8,78.5,52.8,63.8,52.7,69.5,0.0,0,0.0,,0,0,31.1,9.6,130.5,1014.1,56.1,7.9,256.0,22.1,9,10.0,2024-05-02T05:52:43,2024-05-02T19:53:56,0.81,Partially cloudy,Clearing in the afternoon.,partly-cloudy-day,"72505394728,KEWR,KLGA,72502014734,F1417,KNYC,72503014732",New York
New York,2024-05-03,65.7,52.5,58.0,65.7,52.5,58.0,46.4,66.0,0.0,0,0.0,,0,0,28.7,10.9,89.3,1021.0,46.3,9.9,170.8,15.0,8,10.0,2024-05-03T05:51:29,2024-05-03T19:54:58,0.84,Partially cloudy,Partly cloudy throughout the day.,partly-cloudy-day,"72505394728,KEWR,KLGA,72502014734,F1417,KNYC,72503014732",New York
New York,2024-05-04,61.1,50.3,54.6,61.1,50.3,54.6,43.6,66.6,0.0,0,0.0,,0,0,20.8,10.0,107.7,1025.7,71.9,9.9,150.9,13.0,7,10.0,2024-05-04T05:50:17,2024-05-04T19:55:59,0.88,Partially cloudy,Partly cloudy throughout the day.,partly-cloudy-day,"72505394728,KEWR,KLGA,72502014734,F1417,KNYC,72503014732",New York
New York,2024-05-05,53.2,49.8,51.3,53.2,45.3,50.8,46.5,84.0,0.279,100,41.67,rain,0,0,20.8,13.5,114.2,1024.1,100.0,7.5,36.4,3.2,1,10.0,2024-05-05T05:49:05,2024-05-05T19:57:01,0.91,"Rain, Overcast",Cloudy skies throughout the day with rain.,rain,"72505394728,KEWR,KLGA,72502014734,F1417,KNYC,72503014732",New York
New York,2024-05-06,73.4,53.0,62.1,73.4,53.0,62.1,56.5,82.8,0.027,100,8.33,rain,0,0,8.7,6.8,340.7,1015.1,81.9,5.4,162.5,14.1,7,10.0,2024-05-06T05:47:55,2024-05-06T19:58:02,0.95,"Rain, Partially cloudy",Partly cloudy throughout the day with early morning rain.,rain,"72505394728,KEWR,KLGA,72502014734,F1417,KNYC,72503014732",New York
New York,2024-05-07,80.2,60.5,69.5,79.6,60.5,69.4,48.5,51.1,0.0,0,0.0,,0,0,20.8,12.0,58.0,1008.1,23.2,9.7,316.3,27.3,9,10.0,2024-05-07T05:46:47,2024-05-07T19:59:03,0.0,Partially cloudy,Partly cloudy throughout the day.,partly-cloudy-day,"72505394728,KEWR,KLGA,72502014734,F1417,KNYC,72503014732",New York
New York,2024-05-08,84.4,65.7,74.4,84.0,65.7,74.1,57.5,59.7,0.239,100,16.67,rain,0,0,32.6,18.8,225.7,1002.2,55.3,9.0,245.2,21.2,10,30.0,2024-05-08T05:45:39,2024-05-08T20:00:04,0.02,"Rain, Partially cloudy",Partly cloudy throughout the day with morning rain.,rain,"72505394728,KEWR,KLGA,72502014734,F1417,KNYC,72503014732",New York
New York,2024-05-09,73.4,61.4,65.8,73.4,61.4,65.8,46.2,49.6,0.0,0,0.0,,0,0,29.0,10.0,8.2,1006.2,45.7,9.9,155.0,13.4,7,10.0,2024-05-09T05:44:34,2024-05-09T20:01:04,0.05,Partially cloudy,Partly cloudy throughout the day.,partly-cloudy-day,"72505394728,KEWR,KLGA,72502014734,F1417,KNYC,72503014732",New York
New York,2024-05-10,59.6,49.3,52.1,59.6,46.1,51.9,45.5,78.7,0.249,100,50.0,rain,0,0,27.7,17.0,78.7,1008.3,99.9,9.3,47.0,4.2,2,10.0,2024-05-10T05:43:29,2024-05-10T20:02:04,0.08,"Rain, Overcast",Cloudy skies throughout the day with a chance of rain throughout the day.,rain,"72505394728,KEWR,KLGA,72502014734,F1417,KNYC,72503014732",New York
New York,2024-05-11,62.3,47.4,53.5,62.3,47.0,53.4,41.5,66.1,0.0,0,0.0,,0,0,21.9,13.4,104.6,1010.6,42.6,9.4,316.9,27.2,10,10.0,2024-05-11T05:42:26,2024-05-11T20:03:04,0.11,Partially cloudy,Partly cloudy throughout the day.,partly-cloudy-day,"72505394728,KEWR,KLGA,72502014734,F1417,KNYC,72503014732",New York
New York,2024-05-12,55.5,48.5,51.3,55.5,47.2,51.2,43.9,76.1,0.155,100,33.33,rain,0,0,18.3,7.4,180.8,1012.8,87.5,9.4,161.5,13.9,8,10.0,2024-05-12T05:41:25,2024-05-12T20:04:03,0.15,"Rain, Partially cloudy",Partly cloudy throughout the day with rain in the morning and afternoon.,rain,"72505394728,KEWR,KLGA,72502014734,F1417,KNYC,72503014732",New York
New York,2024-05-13,64.4,49.1,56.1,64.4,47.7,56.0,47.8,74.3,0.0,0,0.0,,0,0,19.9,9.6,222.9,1017.3,60.3,9.6,143.3,12.3,6,10.0,2024-05-13T05:40:25,2024-05-13T20:05:02,0.18,Partially cloudy,Partly cloudy throughout the day.,partly-cloudy-day,"72505394728,KEWR,KLGA,72502014734,F1417,KNYC,72503014732",New York
New York,2024-05-14,72.3,55.7,63.6,72.3,55.7,63.6,53.6,70.6,0.023,100,16.67,rain,0,0,21.7,9.4,168.2,1015.4,58.1,9.9,160.3,13.9,7,10.0,2024-05-14T05:39:27,2024-05-14T20:06:01,0.21,"Rain, Partially cloudy",Becoming cloudy in the afternoon with late afternoon rain.,rain,"72505394728,KEWR,KLGA,72502014734,F1417,KNYC,72503014732",New York
New York,2024-05-15,64.0,59.2,60.6,64.0,59.2,60.6,57.2,88.7,0.228,100,62.5,rain,0,0,31.7,17.3,60.7,1009.9,99.0,6.8,87.4,7.6,5,10.0,2024-05-15T05:38:30,2024-05-15T20:06:58,0.25,"Rain, Overcast",Cloudy skies throughout the day with a chance of rain throughout the day.,rain,"72505394728,KEWR,KLGA,72502014734,F8726,F1417,KNYC,72503014732",New York
New York,2024-05-16,64.6,59.1,61.7,64.6,59.1,61.7,56.6,83.7,0.19,100,33.33,rain,0,0,30.1,18.1,25.5,1006.2,100.0,7.6,115.5,10.0,5,10.0,2024-05-16T05:37:35,2024-05-16T20:07:56,0.28,"Rain, Overcast",Cloudy skies throughout the day with rain clearing later.,rain,"72505394728,KEWR,KLGA,72502014734,F8726,KNYC,72503014732",New York
New York,2024-05-17,71.2,58.9,64.9,71.2,58.9,64.9,52.5,65.2,0.003,100,4.17,rain,0,0,24.2,13.1,48.5,1013.5,92.9,9.8,186.6,16.0,7,10.0,2024-05-17T05:36:42,2024-05-17T20:08:53,0.31,"Rain, Overcast",Cloudy skies throughout the day with morning rain.,rain,"72505394728,KEWR,KLGA,72502014734,F8726,KNYC,F1417,72503014732",New York
New York,2024-05-18,69.5,59.6,63.2,69.5,59.6,63.2,53.3,71.0,0.042,100,20.83,rain,0,0,12.5,8.1,49.7,1014.8,68.4,9.3,154.7,13.4,7,10.0,2024-05-18T05:35:50,2024-05-18T20:09:49,0.34,"Rain, Partially cloudy",Partly cloudy throughout the day with late afternoon rain.,rain,"72505394728,KEWR,KLGA,72502014734,F1417,KNYC,72503014732",New York
New York,2024-05-19,74.0,57.1,64.7,74.0,57.1,64.7,54.7,71.3,0.0,0,0.0,,0,0,23.0,10.1,47.1,1015.4,78.0,9.7,298.1,25.7,10,10.0,2024-05-19T05:35:01,2024-05-19T20:10:44,0.37,Partially cloudy,Partly cloudy throughout the day.,partly-cloudy-day,"72505394728,KEWR,KLGA,72502014734,F1417,KNYC,72503014732",New York
New York,2024-05-20,73.0,56.4,63.3,73.0,56.4,63.3,53.6,72.0,0.0,0,0.0,,0,0,17.2,7.4,117.3,1016.8,28.7,9.7,305.7,26.5,9,10.0,2024-05-20T05:34:12,2024-05-20T20:11:39,0.41,Partially cloudy,Clearing in the afternoon.,partly-cloudy-day,"72505394728,KEWR,KLGA,72502014734,F1417,KNYC,72503014732",New York
New York,2024-05-21,82.3,58.1,69.8,82.9,58.1,69.9,58.1,68.1,0.0,0,0.0,,0,0,20.8,9.8,177.7,1015.0,32.3,9.8,320.3,27.6,9,10.0,2024-05-21T05:33:26,2024-05-21T20:12:33,0.44,Partially cloudy,Partly cloudy throughout the day.,partly-cloudy-day,"72505394728,KEWR,KLGA,72502014734,F1417,KNYC,72503014732",New York
New York,2024-05-22,83.3,66.7,75.0,83.5,66.7,75.0,59.6,59.5,0.0,0,0.0,,0,0,27.7,12.4,196.2,1013.6,21.6,9.9,319.0,27.6,9,10.0,2024-05-22T05:32:41,2024-05-22T20:13:27,0.47,Partially cloudy,Partly cloudy throughout the day.,partly-cloudy-day,"72505394728,KEWR,KLGA,72502014734,F1417,KNYC,72503014732",New York
New York,2024-05-23,78.7,68.8,73.8,78.7,68.8,73.8,62.4,68.0,0.606,100,8.33,rain,0,0,31.1,11.8,229.6,1011.1,47.2,9.5,167.6,14.3,9,10.0,2024-05-23T05:31:58,2024-05-23T20:14:19,0.5,"Rain, Partially cloudy",Partly cloudy throughout the day with morning rain.,rain,"72505394728,KEWR,KLGA,72502014734,F1417,KNYC,72503014732",New York
New York,2024-05-24,84.1,68.8,76.7,81.7,68.8,75.9,52.1,47.4,0.0,0,0.0,,0,0,27.1,10.8,297.4,1010.0,17.4,9.8,333.1,28.9,10,10.0,2024-05-24T05:31:17,2024-05-24T20:15:11,0.54,Clear,Clear conditions throughout the day.,clear-day,"72505394728,KEWR,KLGA,72502014734,F1417,KNYC,72503014732",New York
New York,2024-05-25,79.0,66.3,72.0,79.0,66.3,72.0,49.9,46.7,0.0,0,0.0,,0,0,23.0,7.1,86.9,1011.2,27.3,9.9,296.7,25.7,10,10.0,2024-05-25T05:30:38,2024-05-25T20:16:02,0.57,Partially cloudy,Partly cloudy throughout the day.,partly-cloudy-day,"72505394728,KEWR,KLGA,72502014734,F1417,KNYC,72503014732",New York
New York,2024-05-26,81.2,66.3,71.9,82.3,66.3,72.1,62.9,74.2,0.0,0,0.0,,0,0,23.0,11.4,125.3,1012.3,66.2,8.8,303.3,26.1,10,10.0,2024-05-26T05:30:01,2024-05-26T20:16:52,0.61,Partially cloudy,Partly cloudy throughout the day.,partly-cloudy-day,"72505394728,KEWR,KLGA,72502014734,F1417,KNYC,72503014732",New York
New York,2024-05-27,74.2,66.1,68.7,74.2,66.1,68.7,65.7,90.3,0.631,100,33.33,rain,0,0,34.1,16.0,149.5,1009.9,93.8,5.7,87.7,7.7,4,10.0,2024-05-27T05:29:26,2024-05-27T20:17:41,0.65,"Rain, Overcast",Cloudy skies throughout the day with rain.,rain,"72505394728,KEWR,KLGA,72502014734,F1417,KNYC,72503014732",New York
New York,2024-05-28,79.9,67.2,72.4,79.9,67.2,72.4,57.4,62.7,0.0,0,0.0,,0,0,32.1,16.7,270.3,1006.7,37.0,8.6,304.3,26.4,10,10.0,2024-05-28T05:28:52,2024-05-28T20:18:29,0.68,Partially cloudy,Becoming cloudy in the afternoon.,partly-cloudy-day,"72505394728,KEWR,KLGA,72502014734,F1417,KNYC,72503014732",New York
New York,2024-05-29,75.6,61.1,67.9,75.6,61.1,67.9,53.1,60.6,0.425,100,8.33,rain,0,0,44.8,9.8,302.1,1012.2,42.3,9.6,261.5,22.6,10,10.0,2024-05-29T05:28:20,2024-05-29T20:19:16,0.72,"Rain, Partially cloudy",Becoming cloudy in the afternoon with late afternoon rain.,rain,"72505394728,KEWR,KLGA,72502014734,F1417,KNYC,72503014732",New York
New York,2024-05-30,70.5,58.3,64.4,70.5,58.3,64.4,50.0,62.3,0.199,100,25.0,rain,0,0,24.8,10.4,359.2,1014.3,72.2,9.3,183.3,15.8,10,10.0,2024-05-30T05:27:51,2024-05-30T20:20:02,0.75,"Rain, Partially cloudy",Partly cloudy throughout the day with rain clearing later.,rain,"72505394728,KEWR,KLGA,72502014734,F1417,KNYC,72503014732",New York
New York,2024-05-31,75.0,59.6,68.1,75.0,59.6,68.1,42.3,40.6,0.0,0,0.0,,0,0,33.3,13.3,332.7,1019.6,39.1,9.9,315.5,27.3,10,10.0,2024-05-31T05:27:23,2024-05-31T20:20:46,0.79,Partially cloudy,Partly cloudy throughout the day.,partly-cloudy-day,"72505394728,KEWR,KLGA,72502014734,F1417,KNYC,72503014732",New York
New York,2024-06-01,83.2,61.4,72.8,80.8,61.4,72.3,42.8,35.0,0.0,0,0.0,,0,0,23.0,9.0,296.1,1020.2,13.2,9.9,336.0,29.1,10,10.0,2024-06-01T05:26:57,2024-06-01T20:21:30,0.83,Clear,Clear conditions throughout the day.,clear-day,"72505394728,KEWR,KLGA,72502014734,F1417,KNYC,72503014732",New York
New York,2024-06-02,81.3,67.4,74.4,81.0,67.4,74.3,51.5,45.2,0.0,0,0.0,,0,0,23.0,14.8,237.3,1016.7,38.5,9.9,244.1,21.2,10,10.0,2024-06-02T05:26:33,2024-06-02T20:22:12,0.86,Partially cloudy,Partly cloudy throughout the day.,partly-cloudy-day,"72505394728,KEWR,KLGA,72502014734,F8726,F1417,KNYC,72503014732",New York
New York,2024-06-03,85.9,72.4,78.2,84.1,72.4,77.9,56.9,49.0,0.0,0,0.0,,0,0,12.8,8.3,19.2,1012.7,62.8,9.9,276.4,23.8,10,10.0,2024-06-03T05:26:11,2024-06-03T20:22:53,0.9,Partially cloudy,Partly cloudy throughout the day.,partly-cloudy-day,"72505394728,KEWR,KLGA,72502014734,F1417,KNYC,72503014732",New York
New York,2024-06-04,79.6,67.0,72.7,79.6,67.0,72.7,61.1,67.7,0.0,0,0.0,,0,0,27.7,11.4,99.9,1015.5,36.9,9.1,304.5,26.3,10,10.0,2024-06-04T05:25:52,2024-06-04T20:23:33,0.93,Partially cloudy,Partly cloudy throughout the day.,partly-cloudy-day,"72505394728,KEWR,KLGA,72502014734,F1417,KNYC,72503014732",New York
New York,2024-06-05,77.8,65.4,71.6,77.8,65.4,71.6,65.5,81.6,0.0,0,0.0,,0,0,25.3,14.5,146.8,1012.6,73.2,8.7,265.2,22.8,10,10.0,2024-06-05T05:25:34,2024-06-05T20:24:11,0.97,Partially cloudy,Partly cloudy throughout the day.,partly-cloudy-day,"72505394728,KEWR,KLGA,72502014734,F1417,KNYC,72503014732",New York
New York,2024-06-06,81.4,69.5,74.3,85.1,69.5,74.5,70.1,87.3,0.633,100,50.0,rain,0,0,33.3,11.6,286.7,1001.4,84.8,7.5,143.2,12.4,6,30.0,2024-06-06T05:25:18,2024-06-06T20:24:48,0.0,"Rain, Partially cloudy",Partly cloudy throughout the day with a chance of rain throughout the day.,rain,"72505394728,KEWR,KLGA,72502014734,F1417,KNYC,72503014732",New York
New York,2024-06-07,82.6,67.3,74.1,81.8,67.3,74.0,58.3,61.8,0.0,0,0.0,,0,0,31.6,18.5,283.2,1002.1,52.1,9.6,263.0,22.8,10,10.0,2024-06-07T05:25:04,2024-06-07T20:25:24,0.04,Partially cloudy,Partly cloudy throughout the day.,partly-cloudy-day,"72505394728,KEWR,KLGA,72502014734,F1417,KNYC,72503014732",New York
New York,2024-06-08,77.4,63.6,71.4,77.4,63.6,71.4,51.2,49.9,0.0,0,0.0,,0,0,32.8,18.5,284.5,1007.4,24.5,9.9,312.0,27.0,10,10.0,2024-06-08T05:24:52,2024-06-08T20:25:58,0.07,Partially cloudy,Becoming cloudy in the afternoon.,partly-cloudy-day,"72505394728,KEWR,KLGA,72502014734,F1417,KNYC,72503014732",New York
New York,2024-06-09,74.9,68.3,71.6,74.9,68.3,71.6,52.8,52.3,0.0,0,0.0,,0,0,30.4,20.8,276.3,1003.0,54.7,9.9,187.6,16.1,8,10.0,2024-06-09T05:24:42,2024-06-09T20:26:30,0.1,Partially cloudy,Partly cloudy throughout the day.,partly-cloudy-day,"72505394728,KEWR,KLGA,72502014734,F1417,KNYC,72503014732",New York
New York,2024-06-10,74.2,62.4,68.5,74.2,62.4,68.5,49.8,51.9,0.0,0,0.0,,0,0,24.4,13.5,301.5,1004.4,57.8,9.9,300.5,26.0,10,10.0,2024-06-10T05:24:34,2024-06-10T20:27:01,0.13,Partially cloudy,Partly cloudy throughout the day.,partly-cloudy-day,"72505394728,KEWR,KLGA,72502014734,F1417,KNYC,72503014732",New York
New York,2024-06-11,72.6,60.7,67.3,72.6,60.7,67.3,52.9,60.3,0.0,0,0.0,,0,0,17.2,8.2,358.7,1012.5,70.2,9.9,175.6,15.0,8,10.0,2024-06-11T05:24:28,2024-06-11T20:27:31,0.17,Partially cloudy,Partly cloudy throughout the day.,partly-cloudy-day,"72505394728,KEWR,KLGA,72502014734,F1417,KNYC,72503014732",New York
New York,2024-06-12,76.0,62.6,69.5,76.0,62.6,69.5,54.6,60.0,0.0,0,0.0,,0,0,18.3,8.5,319.3,1016.2,58.9,9.9,152.1,13.2,6,10.0,2024-06-12T05:24:24,2024-06-12T20:27:59,0.2,Partially cloudy,Partly cloudy throughout the day.,partly-cloudy-day,"72505394728,KEWR,KLGA,72502014734,F1417,KNYC,72503014732",New York
New York,2024-06-13,83.5,65.1,74.4,83.5,65.1,74.4,58.8,60.2,0.0,0,0.0,,0,0,29.8,10.2,174.9,1015.4,15.7,9.9,332.7,28.7,10,10.0,2024-06-13T05:24:22,2024-06-13T20:28:25,0.23,Clear,Clear conditions throughout the day.,clear-day,"72505394728,KEWR,KLGA,72502014734,F1417,KNYC,72503014732",New York
New York,2024-06-14,85.1,66.9,74.8,87.9,66.9,75.7,64.3,70.5,0.249,100,8.33,rain,0,0,33.4,13.2,212.5,1011.7,42.9,9.5,267.9,23.2,10,30.0,2024-06-14T05:24:22,2024-06-14T20:28:49,0.25,"Rain, Partially cloudy",Becoming cloudy in the afternoon with late afternoon rain.,rain,"72505394728,KEWR,KLGA,72502014734,F1417,KNYC,72503014732",New York
New York,2024-06-15,80.9,66.2,73.3,79.9,66.2,73.2,54.5,56.1,0.0,0,0.0,,0,0,31.1,12.5,342.1,1014.9,23.3,9.9,338.4,29.4,10,10.0,2024-06-15T05:24:24,2024-06-15T20:29:12,0.29,Partially cloudy,Partly cloudy throughout the day.,partly-cloudy-day,"72505394728,KEWR,KLGA,72502014734,F1417,KNYC,72503014732",New York
New York,2024-06-16,75.3,63.0,69.0,75.3,63.0,69.0,51.8,55.5,0.0,0,0.0,,0,0,19.7,10.8,84.6,1022.9,25.3,9.9,347.4,30.1,10,10.0,2024-06-16T05:24:27,2024-06-16T20:29:33,0.33,Partially cloudy,Partly cloudy throughout the day.,partly-cloudy-day,"72505394728,KEWR,KLGA,72502014734,F1417,KNYC,72503014732",New York
New York,2024-06-17,84.2,65.5,74.8,85.6,65.5,75.2,63.1,68.8,0.0,0,0.0,,0,0,28.6,14.5,185.2,1021.7,34.7,9.9,296.0,25.6,9,10.0,2024-06-17T05:24:33,2024-06-17T20:29:52,0.36,Partially cloudy,Partly cloudy throughout the day.,partly-cloudy-day,"72505394728,KEWR,KLGA,72502014734,F1417,KNYC,72503014732",New York
New York,2024-06-18,86.1,71.9,78.8,90.4,71.9,80.2,65.7,64.7,0.0,0,0.0,,0,0,26.4,15.5,189.0,1023.2,18.2,9.9,310.3,26.9,9,10.0,2024-06-18T05:24:40,2024-06-18T20:30:10,0.39,Clear,Clear conditions throughout the day.,clear-day,"72505394728,KEWR,KLGA,72502014734,F1417,KNYC,72503014732",New York
New York,2024-06-19,87.3,72.4,78.9,93.0,72.4,80.1,63.6,60.1,0.0,0,0.0,,0,0,27.7,16.9,174.4,1026.4,32.3,9.9,299.2,25.9,9,10.0,2024-06-19T05:24:50,2024-06-19T20:30:25,0.42,Partially cloudy,Partly cloudy throughout the day.,partly-cloudy-day,"72505394728,KEWR,KLGA,72502014734,F8726,F1417,KNYC,72503014732",New York
New York,2024-06-20,91.4,73.1,81.6,92.6,73.1,82.6,63.6,55.2,0.0,0,0.0,,0,0,21.9,12.8,213.9,1024.9,28.2,9.9,320.1,27.7,10,10.0,2024-06-20T05:25:01,2024-06-20T20:30:39,0.46,Partially cloudy,Partly cloudy throughout the day.,partly-cloudy-day,"72505394728,KEWR,KLGA,72502014734,F1417,KNYC,72503014732",New York
New York,2024-06-21,94.5,77.3,84.5,98.2,77.3,86.3,65.8,54.5,0.0,0,0.0,,0,0,31.1,12.4,235.9,1020.4,23.9,9.9,312.2,27.2,9,10.0,2024-06-21T05:25:14,2024-06-21T20:30:51,0.5,Partially cloudy,Partly cloudy throughout the day.,partly-cloudy-day,"72505394728,KEWR,KLGA,72502014734,F1417,KNYC,72503014732",New York
New York,2024-06-22,92.2,76.3,81.3,98.3,76.3,83.4,69.4,68.0,0.108,100,16.67,rain,0,0,26.0,11.9,65.0,1015.7,45.4,9.4,248.3,21.5,10,30.0,2024-06-22T05:25:29,2024-06-22T20:31:01,0.52,"Rain, Partially cloudy",Partly cloudy throughout the day with rain.,rain,"72505394728,KEWR,KLGA,72502014734,F1417,KNYC,72503014732",New York
New York,2024-06-23,93.2,73.1,83.0,99.6,73.1,85.2,68.7,64.6,0.009,100,8.33,rain,0,0,35.2,20.1,210.6,1006.5,52.2,9.6,171.0,14.8,6,30.0,2024-06-23T05:25:46,2024-06-23T20:31:09,0.56,"Rain, Partially cloudy",Partly cloudy throughout the day with early morning rain.,rain,"72505394728,KEWR,KLGA,72502014734,F1417,KNYC,72503014732",New York
New York,2024-06-24,79.8,73.7,77.5,79.8,73.7,77.5,58.4,53.0,0.0,0,0.0,,0,0,44.5,28.5,292.7,1003.7,85.5,9.9,276.0,23.8,10,30.0,2024-06-24T05:26:04,2024-06-24T20:31:15,0.59,Partially cloudy,Partly cloudy throughout the day.,partly-cloudy-day,"72505394728,KEWR,KLGA,72502014734,F1417,KNYC,72503014732",New York
New York,2024-06-25,90.2,69.4,80.2,86.8,69.4,78.8,50.3,37.4,0.0,0,0.0,,0,0,29.8,17.2,276.6,1011.3,17.6,9.9,332.8,28.9,10,10.0,2024-06-25T05:26:24,2024-06-25T20:31:19,0.63,Clear,Clear conditions throughout the day.,clear-day,"72505394728,KEWR,72502014734,KLGA,KNYC,F1417,72503014732",New York
New York,2024-06-26,92.3,72.7,82.0,93.4,72.7,82.6,61.9,52.1,0.129,100,8.33,rain,0,0,49.4,15.2,225.5,1007.2,49.5,9.6,231.5,20.0,9,30.0,2024-06-26T05:26:46,2024-06-26T20:31:21,0.67,"Rain, Partially cloudy",Partly cloudy throughout the day with late afternoon rain.,rain,"72505394728,KEWR,KLGA,72502014734,F1417,KNYC,72503014732",New York
New York,2024-06-27,84.5,68.6,75.3,83.2,68.6,75.1,59.3,61.3,0.256,100,20.83,rain,0,0,33.3,15.6,304.0,1008.0,55.2,9.4,329.0,28.6,10,10.0,2024-06-27T05:27:10,2024-06-27T20:31:21,0.7,"Rain, Partially cloudy",Partly cloudy throughout the day with early morning rain.,rain,"72505394728,KEWR,KLGA,72502014734,F1417,KNYC,72503014732",New York
New York,2024-06-28,78.6,64.8,70.1,78.6,64.8,70.1,43.8,39.6,0.0,0,0.0,,0,0,23.0,12.2,66.2,1019.8,20.1,9.9,344.1,29.7,10,10.0,2024-06-28T05:27:35,2024-06-28T20:31:19,0.75,Partially cloudy,Partly cloudy throughout the day.,partly-cloudy-day,"72505394728,KEWR,KLGA,72502014734,F8726,F1417,KNYC,72503014732",New York
New York,2024-06-29,79.4,66.3,73.1,79.4,66.3,73.1,62.9,70.9,0.052,100,8.33,rain,0,0,36.2,18.1,160.4,1020.5,67.8,9.6,196.4,16.8,10,10.0,2024-06-29T05:28:02,2024-06-29T20:31:15,0.77,"Rain, Partially cloudy",Partly cloudy throughout the day with late afternoon rain.,rain,"72505394728,KEWR,KLGA,72502014734,F8726,F1417,KNYC,72503014732",New York
New York,2024-06-30,84.5,73.1,77.3,91.1,73.1,79.0,71.8,83.7,0.17,100,29.17,rain,0,0,30.4,19.7,233.2,1012.8,73.7,7.9,131.5,11.4,10,60.0,2024-06-30T05:28:30,2024-06-30T20:31:09,0.81,"Rain, Partially cloudy",Partly cloudy throughout the day with rain.,rain,"72505394728,KEWR,KLGA,72502014734,F1417,KNYC,72503014732",New York
New York,2024-07-01,80.1,64.5,73.0,80.3,64.5,73.0,53.9,52.2,0.0,0,0.0,,0,0,31.2,17.9,350.8,1016.2,30.5,9.9,324.9,28.0,10,10.0,2024-07-01T05:29:00,2024-07-01T20:31:01,0.85,Partially cloudy,Partly cloudy throughout the day.,partly-cloudy-day,"72505394728,KEWR,KLGA,72502014734,F8726,F1417,KNYC,72503014732",New York
New York,2024-07-02,84.1,66.5,75.1,81.7,66.5,74.7,50.0,42.3,0.0,0,0.0,,0,0,27.7,8.7,57.3,1023.0,23.9,9.9,333.8,29.1,10,10.0,2024-07-02T05:29:31,2024-07-02T20:30:51,0.88,Partially cloudy,Partly cloudy throughout the day.,partly-cloudy-day,"72505394728,KEWR,KLGA,72502014734,F1417,KNYC,72503014732",New York
New York,2024-07-03,82.1,68.7,75.3,81.3,68.7,75.1,52.7,46.1,0.0,0,0.0,,0,0,27.9,15.6,180.4,1021.5,31.6,9.9,319.7,27.6,10,10.0,2024-07-03T05:30:04,2024-07-03T20:30:40,0.92,Partially cloudy,Partly cloudy throughout the day.,partly-cloudy-day,"72505394728,KEWR,KLGA,72502014734,F1417,KNYC,72503014732",New York
New York,2024-07-04,86.1,70.7,77.3,89.3,70.7,78.3,63.6,63.2,0.004,100,4.17,rain,0,0,23.6,13.0,180.9,1014.0,53.5,9.6,244.8,21.2,10,10.0,2024-07-04T05:30:38,2024-07-04T20:30:26,0.95,"Rain, Partially cloudy",Partly cloudy throughout the day with late afternoon rain.,rain,"72505394728,KEWR,KLGA,72502014734,F1417,KNYC,72503014732",New York
New York,2024-07-05,89.8,74.4,79.7,97.4,74.4,82.3,72.3,79.2,0.139,100,16.67,rain,0,0,24.2,12.8,143.2,1009.2,68.0,5.6,279.0,24.0,10,30.0,2024-07-05T05:31:13,2024-07-05T20:30:09,0.0,"Rain, Partially cloudy",Partly cloudy throughout the day with rain.,rain,"72505394728,KEWR,KLGA,72502014734,F1417,KNYC,72503014732",New York
New York,2024-07-06,90.3,73.4,81.0,99.0,73.4,85.1,72.7,77.1,0.068,100,8.33,rain,0,0,21.9,14.8,104.8,1010.2,44.6,7.4,265.4,22.9,10,60.0,2024-07-06T05:31:50,2024-07-06T20:29:51,0.02,"Rain, Partially cloudy",Partly cloudy throughout the day with morning rain.,rain,"72505394728,KEWR,KLGA,72502014734,F1417,KNYC,72503014732",New York
New York,2024-07-07,91.5,78.6,84.3,92.5,78.6,86.7,67.5,59.0,0.0,0,0.0,,0,0,24.2,9.0,50.9,1014.4,48.6,9.5,237.2,20.7,9,30.0,2024-07-07T05:32:28,2024-07-07T20:29:31,0.06,Partially cloudy,Partly cloudy throughout the day.,partly-cloudy-day,"72505394728,KEWR,KLGA,72502014734,F1417,KNYC,72503014732",New York
New York,2024-07-08,91.8,76.3,83.2,94.6,76.3,85.7,70.1,66.3,0.0,0,0.0,,0,0,18.3,12.2,87.3,1016.2,29.9,9.4,291.9,25.1,10,30.0,2024-07-08T05:33:07,2024-07-08T20:29:09,0.09,Partially cloudy,Partly cloudy throughout the day.,partly-cloudy-day,"72505394728,KEWR,KLGA,72502014734,F1417,KNYC,72503014732",New York
New York,2024-07-09,88.2,75.1,82.4,95.8,75.1,86.6,72.3,72.4,0.0,0,0.0,,0,0,24.2,9.8,152.9,1014.2,33.8,9.4,286.6,24.7,9,30.0,2024-07-09T05:33:48,2024-07-09T20:28:45,0.12,Partially cloudy,Partly cloudy throughout the day.,partly-cloudy-day,"72505394728,KEWR,KLGA,72502014734,F1417,KNYC,72503014732",New York
New York,2024-07-10,90.0,78.3,83.3,99.2,78.3,88.0,72.1,69.4,0.002,100,4.17,rain,0,0,35.9,21.7,167.3,1010.7,30.3,9.9,322.0,28.0,9,30.0,2024-07-10T05:34:30,2024-07-10T20:28:19,0.15,"Rain, Partially cloudy",Partly cloudy throughout the day with afternoon rain.,rain,"72505394728,KEWR,KLGA,72502014734,F8726,F1417,KNYC,72503014732",New York
New York,2024-07-11,89.3,75.6,81.6,90.4,75.6,82.2,66.7,63.1,0.08,100,16.67,rain,0,0,26.4,16.2,231.6,1012.7,54.7,9.5,307.1,26.6,10,10.0,2024-07-11T05:35:12,2024-07-11T20:27:51,0.18,"Rain, Partially cloudy",Partly cloudy throughout the day with rain clearing later.,rain,"72505394728,KEWR,KLGA,72502014734,F1417,KNYC,72503014732",New York
New York,2024-07-12,84.3,73.8,79.2,89.8,73.8,80.6,68.3,69.8,0.116,100,12.5,rain,0,0,24.2,12.2,187.0,1020.5,69.4,9.7,205.6,17.7,10,30.0,2024-07-12T05:35:56,2024-07-12T20:27:21,0.22,"Rain, Partially cloudy",Partly cloudy throughout the day with morning rain.,rain,"72505394728,KEWR,KLGA,72502014734,F1417,KNYC,72503014732",New York
New York,2024-07-13,86.9,72.9,78.8,90.6,72.9,80.2,70.6,76.8,1.775,100,29.17,rain,0,0,17.0,10.8,197.2,1020.1,57.7,8.4,201.5,17.2,8,30.0,2024-07-13T05:36:41,2024-07-13T20:26:49,0.25,"Rain, Partially cloudy",Partly cloudy throughout the day with rain in the morning and afternoon.,rain,"72505394728,KEWR,KLGA,72502014734,F1417,KNYC,72503014732",New York
New York,2024-07-14,88.7,75.6,81.7,90.4,75.6,83.4,68.3,65.3,0.041,100,8.33,rain,0,0,21.9,9.6,121.7,1016.1,28.8,9.9,246.6,21.3,9,30.0,2024-07-14T05:37:27,2024-07-14T20:26:15,0.28,"Rain, Partially cloudy",Becoming cloudy in the afternoon with afternoon rain.,rain,"72505394728,KEWR,KLGA,72502014734,F1417,KNYC,72503014732",New York
New York,2024-07-15,91.5,74.4,83.6,100.4,74.4,87.3,70.8,66.9,0.125,100,8.33,rain,0,0,26.4,12.4,205.3,1011.0,39.6,9.0,249.7,21.7,9,60.0,2024-07-15T05:38:14,2024-07-15T20:25:39,0.31,"Rain, Partially cloudy",Partly cloudy throughout the day with rain clearing later.,rain,"72505394728,KEWR,KLGA,72502014734,F1417,KNYC,72503014732",New York
New York,2024-07-16,93.4,79.1,87.1,98.9,79.1,90.7,68.1,54.0,0.0,0,0.0,,0,0,40.2,18.2,207.3,1008.5,28.7,9.9,272.4,23.6,9,30.0,2024-07-16T05:39:02,2024-07-16T20:25:01,0.35,Partially cloudy,Partly cloudy throughout the day.,partly-cloudy-day,"72505394728,KEWR,KLGA,72502014734,F1417,KNYC,72503014732",New York
New York,2024-07-17,89.0,73.8,82.3,95.8,73.8,85.4,69.5,66.1,0.817,100,8.33,rain,0,0,47.2,13.5,223.3,1009.7,45.9,9.1,245.5,21.4,9,30.0,2024-07-17T05:39:50,2024-07-17T20:24:22,0.38,"Rain, Partially cloudy",Clearing in the afternoon with late afternoon rain.,rain,"72505394728,KEWR,KLGA,72502014734,F1417,KNYC,72503014732",New York
New York,2024-07-18,84.6,72.8,78.5,85.5,72.8,78.6,64.3,65.4,0.055,100,8.33,rain,0,0,27.7,13.4,324.8,1011.9,61.2,8.9,260.6,22.6,10,10.0,2024-07-18T05:40:40,2024-07-18T20:23:40,0.41,"Rain, Partially cloudy",Partly cloudy throughout the day with early morning rain.,rain,"72505394728,KEWR,KLGA,72502014734,F1417,KNYC,72503014732",New York
New York,2024-07-19,83.5,67.5,76.1,81.9,67.5,75.8,54.1,47.6,0.0,0,0.0,,0,0,18.6,10.1,2.4,1018.5,19.1,9.9,324.6,28.2,10,10.0,2024-07-19T05:41:30,2024-07-19T20:22:57,0.44,Clear,Clear conditions throughout the day.,clear-day,"72505394728,KEWR,KLGA,72502014734,F1417,KNYC,72503014732",New York
New York,2024-07-20,83.7,71.0,77.4,84.7,71.0,78.0,61.6,58.5,0.0,0,0.0,,0,0,24.2,14.5,209.2,1018.7,49.0,9.9,216.0,18.5,8,10.0,2024-07-20T05:42:21,2024-07-20T20:22:11,0.48,Partially cloudy,Partly cloudy throughout the day.,partly-cloudy-day,"72505394728,KEWR,KLGA,72502014734,F1417,KNYC,72503014732",New York
New York,2024-07-21,86.6,74.2,79.6,87.2,74.2,80.3,64.8,61.2,0.002,100,4.17,rain,0,0,14.5,11.0,211.3,1016.4,65.4,9.9,288.9,25.0,10,10.0,2024-07-21T05:43:13,2024-07-21T20:21:24,0.5,"Rain, Partially cloudy",Partly cloudy throughout the day with late afternoon rain.,rain,"72505394728,KEWR,KLGA,72502014734,F1417,KNYC,72503014732",New York
New York,2024-07-22,83.0,75.0,78.2,87.1,75.0,78.9,68.1,71.3,0.004,100,8.33,rain,0,0,22.9,14.8,165.1,1017.4,52.8,9.9,185.8,15.9,7,30.0,2024-07-22T05:44:05,2024-07-22T20:20:35,0.54,"Rain, Partially cloudy",Partly cloudy throughout the day with late afternoon rain.,rain,"72505394728,KEWR,KLGA,72502014734,F1417,KNYC,72503014732",New York
New York,2024-07-23,80.0,71.0,74.7,80.0,71.0,74.7,69.2,83.5,0.155,100,37.5,rain,0,0,24.2,10.7,50.4,1016.5,90.8,7.9,136.1,11.7,8,30.0,2024-07-23T05:44:58,2024-07-23T20:19:45,0.58,"Rain, Overcast",Cloudy skies throughout the day with rain clearing later.,rain,"72505394728,KEWR,KLGA,72502014734,F1417,KNYC,72503014732",New York
New York,2024-07-24,80.7,73.7,76.1,84.4,73.7,76.2,69.9,81.6,0.0,0,0.0,,0,0,23.0,9.1,58.6,1019.2,74.9,7.8,163.4,14.2,9,30.0,2024-07-24T05:45:51,2024-07-24T20:18:52,0.62,Partially cloudy,Partly cloudy throughout the day.,partly-cloudy-day,"72505394728,KEWR,KLGA,72502014734,F1417,KNYC,72503014732",New York
New York,2024-07-25,82.9,75.3,78.6,83.9,75.3,78.8,64.5,64.3,0.0,0,0.0,,0,0,25.3,15.0,296.4,1017.2,46.2,9.9,166.4,14.3,7,10.0,2024-07-25T05:46:45,2024-07-25T20:17:58,0.65,Partially cloudy,Partly cloudy throughout the day.,partly-cloudy-day,"72505394728,KEWR,KLGA,72502014734,F1417,KNYC,72503014732",New York
New York,2024-07-26,83.1,67.5,76.0,81.8,67.5,75.8,52.6,44.8,0.0,0,0.0,,0,0,31.1,15.6,351.7,1018.6,32.1,9.9,270.1,23.3,9,10.0,2024-07-26T05:47:40,2024-07-26T20:17:03,0.69,Partially cloudy,Partly cloudy throughout the day.,partly-cloudy-day,"72505394728,KEWR,KLGA,72502014734,F1417,KNYC,72503014732",New York
New York,2024-07-27,85.9,70.0,77.8,83.9,70.0,77.4,55.7,47.9,0.0,0,0.0,,0,0,12.5,8.1,45.9,1019.8,40.9,9.9,250.8,21.7,9,10.0,2024-07-27T05:48:35,2024-07-27T20:16:05,0.75,Partially cloudy,Partly cloudy throughout the day.,partly-cloudy-day,"72505394728,KEWR,KLGA,72502014734,F1417,KNYC,72503014732",New York
New York,2024-07-28,86.1,71.0,77.7,84.9,71.0,77.5,57.6,50.7,0.0,0,0.0,,0,0,21.9,9.4,57.7,1019.2,26.9,9.6,253.2,21.9,9,10.0,2024-07-28T05:49:30,2024-07-28T20:15:06,0.76,Partially cloudy,Becoming cloudy in the afternoon.,partly-cloudy-day,"72505394728,KEWR,KLGA,72502014734,F1417,KNYC,72503014732",New York
New York,2024-07-29,82.8,69.1,77.0,85.3,69.1,77.7,66.6,71.1,0.045,100,16.67,rain,0,0,20.8,10.9,125.0,1014.8,67.7,9.1,202.5,17.4,10,30.0,2024-07-29T05:50:26,2024-07-29T20:14:05,0.79,"Rain, Partially cloudy",Partly cloudy throughout the day with rain.,rain,"72505394728,KEWR,KLGA,72502014734,F1417,KNYC,72503014732",New York
New York,2024-07-30,87.5,74.7,79.7,92.2,74.7,81.2,69.3,71.4,0.0,0,0.0,,0,0,31.7,16.1,172.1,1013.7,49.9,9.5,276.0,23.9,9,30.0,2024-07-30T05:51:23,2024-07-30T20:13:03,0.83,Partially cloudy,Partly cloudy throughout the day.,partly-cloudy-day,"72505394728,KEWR,KLGA,72502014734,F1417,KNYC,72503014732",New York
New York,2024-07-31,89.4,75.7,81.4,92.5,75.7,82.9,69.9,69.9,0.043,100,12.5,rain,0,0,32.2,15.6,219.3,1011.9,88.7,9.7,176.2,15.3,9,30.0,2024-07-31T05:52:19,2024-07-31T20:11:59,0.86,"Rain, Partially cloudy",Partly cloudy throughout the day with late afternoon rain.,rain,"72505394728,KEWR,KLGA,72502014734,F1417,KNYC,72503014732",New York
New York,2024-08-01,94.3,76.1,84.6,97.0,76.1,86.7,67.8,59.1,0.0,0,0.0,,0,0,23.0,12.8,259.1,1013.2,25.8,9.9,247.4,21.5,9,30.0,2024-08-01T05:53:16,2024-08-01T20:10:54,0.9,Partially cloudy,Becoming cloudy in the afternoon.,partly-cloudy-day,"72505394728,KEWR,KLGA,72502014734,F1417,KNYC,72503014732",New York
New York,2024-08-02,92.7,75.9,84.0,100.3,75.9,88.5,71.6,67.6,0.512,100,16.67,rain,0,0,44.7,16.0,136.7,1011.4,39.5,8.8,223.0,19.2,10,30.0,2024-08-02T05:54:13,2024-08-02T20:09:47,0.94,"Rain, Partially cloudy",Partly cloudy throughout the day with rain.,rain,"72505394728,KEWR,KLGA,72502014734,F8726,F1417,KNYC,72503014732",New York
New York,2024-08-03,90.4,74.0,80.5,96.8,74.0,82.6,71.5,75.6,0.721,100,25.0,rain,0,0,37.7,12.8,226.2,1009.8,51.8,8.8,244.8,21.1,10,60.0,2024-08-03T05:55:11,2024-08-03T20:08:39,0.97,"Rain, Partially cloudy",Becoming cloudy in the afternoon with late afternoon rain.,rain,"72505394728,KEWR,KLGA,72502014734,F1417,KNYC,72503014732",New York
New York,2024-08-04,82.9,72.1,75.8,88.0,72.1,76.3,70.5,84.0,0.178,100,16.67,rain,0,0,33.3,12.4,237.7,1012.7,76.8,8.4,96.0,8.2,6,30.0,2024-08-04T05:56:09,2024-08-04T20:07:29,0.0,"Rain, Partially cloudy",Partly cloudy throughout the day with rain.,rain,"72505394728,KEWR,KLGA,72502014734,F1417,KNYC,72503014732",New York
New York,2024-08-05,89.2,74.3,81.4,90.6,74.3,82.6,67.3,64.7,0.0,0,0.0,,0,0,18.3,12.8,222.1,1015.4,23.6,9.9,265.1,22.7,9,60.0,2024-08-05T05:57:07,2024-08-05T20:06:18,0.04,Partially cloudy,Partly cloudy throughout the day.,partly-cloudy-day,"72505394728,KEWR,KLGA,72502014734,F1417,KNYC,72503014732",New York
New York,2024-08-06,88.6,72.2,80.4,94.4,72.2,83.0,71.3,75.2,1.476,100,25.0,rain,0,0,24.8,16.0,212.0,1013.2,67.4,8.3,172.5,14.8,9,60.0,2024-08-06T05:58:05,2024-08-06T20:05:06,0.07,"Rain, Partially cloudy",Partly cloudy throughout the day with late afternoon rain.,rain,"72505394728,KEWR,KLGA,72502014734,F1417,KNYC,72503014732",New York
New York,2024-08-07,72.6,65.2,68.2,72.6,65.2,68.2,65.1,89.7,0.208,100,66.67,rain,0,0,27.7,13.2,64.9,1014.9,97.7,6.9,33.0,2.9,1,10.0,2024-08-07T05:59:03,2024-08-07T20:03:52,0.1,"Rain, Overcast",Cloudy skies throughout the day with a chance of rain throughout the day.,rain,"72505394728,KEWR,KLGA,72502014734,F1417,KNYC,72503014732",New York
New York,2024-08-08,69.8,66.0,67.9,69.8,66.0,67.9,64.5,88.8,0.372,100,58.33,rain,0,0,25.3,11.4,65.5,1018.3,100.0,5.6,34.4,3.0,1,10.0,2024-08-08T06:00:02,2024-08-08T20:02:37,0.14,"Rain, Overcast",Cloudy skies throughout the day with rain.,rain,"72505394728,KEWR,KLGA,72502014734,F1417,KNYC,72503014732",New York
New York,2024-08-09,81.3,70.3,77.0,86.8,70.3,78.1,73.1,88.1,0.127,100,62.5,rain,0,0,42.0,18.7,159.8,1012.0,98.8,6.1,101.7,8.9,6,30.0,2024-08-09T06:01:00,2024-08-09T20:01:21,0.17,"Rain, Overcast",Cloudy skies throughout the day with a chance of rain throughout the day.,rain,"72505394728,KEWR,KLGA,72502014734,F1417,KNYC,72503014732",New York
New York,2024-08-10,85.3,74.4,79.5,85.2,74.4,79.5,63.2,60.1,0.007,100,4.17,rain,0,0,24.6,11.8,273.0,1012.4,41.2,9.7,278.1,24.1,9,10.0,2024-08-10T06:01:59,2024-08-10T20:00:03,0.2,"Rain, Partially cloudy",Partly cloudy throughout the day with early morning rain.,rain,"72505394728,KEWR,KLGA,72502014734,F1417,KNYC,72503014732",New York
New York,2024-08-11,81.0,70.5,75.6,80.6,70.5,75.6,56.1,51.3,0.0,0,0.0,,0,0,23.0,8.6,285.7,1015.1,47.3,9.9,206.6,17.9,10,10.0,2024-08-11T06:02:58,2024-08-11T19:58:45,0.24,Partially cloudy,Partly cloudy throughout the day.,partly-cloudy-day,"72505394728,KEWR,KLGA,72502014734,F1417,KNYC,72503014732",New York
New York,2024-08-12,79.9,66.9,73.4,79.9,66.9,73.4,54.9,52.8,0.003,100,4.17,rain,0,0,24.2,10.9,297.0,1014.9,38.8,9.9,206.9,17.8,10,10.0,2024-08-12T06:03:56,2024-08-12T19:57:25,0.25,"Rain, Partially cloudy",Becoming cloudy in the afternoon with late afternoon rain.,rain,"72505394728,KEWR,KLGA,72502014734,F1417,KNYC,72503014732",New York
New York,2024-08-13,80.9,65.5,73.3,80.6,65.5,73.3,54.6,52.9,0.0,0,0.0,,0,0,20.8,11.4,334.3,1016.1,24.6,9.9,277.2,23.9,9,10.0,2024-08-13T06:04:55,2024-08-13T19:56:04,0.3,Partially cloudy,Becoming cloudy in the afternoon.,partly-cloudy-day,"72505394728,KEWR,KLGA,72502014734,F1417,KNYC,72503014732",New York
New York,2024-08-14,83.9,68.5,76.5,83.0,68.5,76.4,58.4,55.0,0.0,0,0.0,,0,0,25.3,10.5,17.0,1017.1,25.0,9.6,252.5,22.1,9,30.0,2024-08-14T06:05:54,2024-08-14T19:54:42,0.33,Partially cloudy,Partly cloudy throughout the day.,partly-cloudy-day,"72505394728,KEWR,KLGA,72502014734,F1417,KNYC,72503014732",New York
New York,2024-08-15,85.6,69.0,78.2,84.8,69.0,77.9,57.9,51.2,0.0,0,0.0,,0,0,18.3,5.8,340.6,1017.1,23.8,9.9,238.3,20.6,9,30.0,2024-08-15T06:06:53,2024-08-15T19:53:18,0.37,Partially cloudy,Partly cloudy throughout the day.,partly-cloudy-day,"72505394728,KEWR,KLGA,72502014734,F1417,KNYC,72503014732",New York
New York,2024-08-16,86.4,71.9,77.8,86.9,71.9,78.2,63.7,62.8,0.0,0,0.0,,0,0,27.7,7.6,96.5,1016.7,21.0,9.2,244.5,21.1,8,10.0,2024-08-16T06:07:52,2024-08-16T19:51:54,0.4,Partially cloudy,Partly cloudy throughout the day.,partly-cloudy-day,"72505394728,KEWR,KLGA,72502014734,F1417,KNYC,72503014732",New York
New York,2024-08-17,78.9,68.6,74.2,78.9,68.6,74.2,66.2,76.4,0.05,100,8.33,rain,0,0,25.3,12.8,134.0,1015.5,86.3,8.5,107.4,9.2,5,10.0,2024-08-17T06:08:51,2024-08-17T19:50:29,0.43,"Rain, Partially cloudy",Partly cloudy throughout the day with rain.,rain,"72505394728,KEWR,KLGA,72502014734,F1417,KNYC,72503014732",New York
New York,2024-08-18,81.0,69.7,74.4,84.7,69.7,74.9,69.5,85.0,1.175,100,50.0,rain,0,0,35.7,17.3,130.4,1010.4,91.2,6.0,199.8,17.2,9,30.0,2024-08-18T06:09:50,2024-08-18T19:49:03,0.46,"Rain, Overcast",Cloudy skies throughout the day with a chance of rain throughout the day.,rain,"72505394728,KEWR,KLGA,72502014734,F1417,KNYC,72503014732",New York
New York,2024-08-19,85.8,69.5,75.4,88.2,69.5,76.1,66.5,75.1,0.297,100,16.67,rain,0,0,31.1,16.6,298.6,1005.5,70.9,8.8,256.8,22.2,10,30.0,2024-08-19T06:10:49,2024-08-19T19:47:35,0.5,"Rain, Partially cloudy",Partly cloudy throughout the day with rain.,rain,"72505394728,KEWR,KLGA,72502014734,F1417,KNYC,72503014732",New York
New York,2024-08-20,71.7,62.4,67.3,71.7,62.4,67.3,49.1,52.9,0.0,0,0.0,,0,0,32.2,18.3,313.5,1011.6,65.0,9.9,252.3,21.9,9,10.0,2024-08-20T06:11:48,2024-08-20T19:46:07,0.53,Partially cloudy,Partly cloudy throughout the day.,partly-cloudy-day,"72505394728,KEWR,KLGA,72502014734,F1417,KNYC,72503014732",New York
New York,2024-08-21,72.4,58.1,65.3,72.4,58.1,65.3,47.7,53.8,0.0,0,0.0,,0,0,29.8,12.4,300.0,1016.9,22.1,9.9,289.6,25.0,10,10.0,2024-08-21T06:12:47,2024-08-21T19:44:38,0.57,Partially cloudy,Partly cloudy throughout the day.,partly-cloudy-day,"72505394728,KEWR,KLGA,72502014734,F1417,KNYC,72503014732",New York
New York,2024-08-22,75.6,59.2,68.2,75.6,59.2,68.2,49.8,53.1,0.0,0,0.0,,0,0,20.8,15.0,300.4,1021.0,32.3,9.9,211.5,18.3,9,10.0,2024-08-22T06:13:46,2024-08-22T19:43:08,0.6,Partially cloudy,Becoming cloudy in the afternoon.,partly-cloudy-day,"72505394728,KEWR,KLGA,72502014734,F1417,KNYC,72503014732",New York
New York,2024-08-23,81.0,63.0,72.1,79.9,63.0,72.0,51.9,50.9,0.0,0,0.0,,0,0,18.3,8.6,291.6,1024.6,9.7,9.9,267.0,22.9,9,10.0,2024-08-23T06:14:45,2024-08-23T19:41:38,0.64,Clear,Clear conditions throughout the day.,clear-day,"72505394728,KEWR,KLGA,72502014734,F1417,KNYC,72503014732",New York
New York,2024-08-24,83.0,66.8,74.8,81.5,66.8,74.6,54.9,51.4,0.0,0,0.0,,0,0,19.7,8.1,271.6,1023.9,23.0,9.9,236.9,20.4,9,10.0,2024-08-24T06:15:44,2024-08-24T19:40:06,0.67,Partially cloudy,Partly cloudy throughout the day.,partly-cloudy-day,"72505394728,KEWR,KLGA,72502014734,F1417,KNYC,72503014732",New York
New York,2024-08-25,84.6,69.3,76.3,84.0,69.3,76.3,59.4,56.7,0.0,0,0.0,,0,0,23.0,11.0,225.3,1022.7,34.6,9.9,246.7,21.2,9,10.0,2024-08-25T06:16:43,2024-08-25T19:38:34,0.71,Partially cloudy,Partly cloudy throughout the day.,partly-cloudy-day,"72505394728,KEWR,KLGA,72502014734,F1417,KNYC,72503014732",New York
New York,2024-08-26,85.1,70.6,76.3,85.1,70.6,76.5,62.5,63.2,0.088,100,8.33,rain,0,0,40.3,10.8,129.8,1020.2,40.3,9.4,224.9,19.4,9,30.0,2024-08-26T06:17:42,2024-08-26T19:37:01,0.75,"Rain, Partially cloudy",Partly cloudy throughout the day with late afternoon rain.,rain,"72505394728,KEWR,KLGA,72502014734,F1417,KNYC,72503014732",New York
New York,2024-08-27,84.5,67.7,75.8,85.0,67.7,75.9,62.7,65.9,0.0,0,0.0,,0,0,21.9,13.0,144.2,1018.6,12.0,9.7,255.5,22.0,9,10.0,2024-08-27T06:18:40,2024-08-27T19:35:27,0.78,Clear,Clear conditions throughout the day.,clear-day,"72505394728,KEWR,KLGA,72502014734,F1417,KNYC,72503014732",New York
New York,2024-08-28,91.6,74.3,81.9,97.1,74.3,84.3,67.0,61.6,0.005,100,4.17,rain,0,0,35.6,10.7,260.9,1014.5,37.3,9.8,227.5,19.6,9,30.0,2024-08-28T06:19:39,2024-08-28T19:33:53,0.81,"Rain, Partially cloudy",Partly cloudy throughout the day with late afternoon rain.,rain,"72505394728,KEWR,KLGA,72502014734,F1417,KNYC,72503014732",New York
New York,2024-08-29,82.1,71.7,75.3,86.6,71.7,75.6,62.9,65.3,0.013,100,8.33,rain,0,0,26.4,12.2,70.4,1021.8,90.3,9.9,132.0,11.3,6,10.0,2024-08-29T06:20:38,2024-08-29T19:32:18,0.85,"Rain, Overcast",Cloudy skies throughout the day with morning rain.,rain,"72505394728,KEWR,KLGA,72502014734,F1417,KNYC,72503014732",New York
New York,2024-08-30,73.4,63.2,69.3,73.4,63.2,69.3,58.9,70.2,0.307,100,25.0,rain,0,0,29.8,11.9,91.0,1024.5,97.7,9.6,103.8,8.9,4,10.0,2024-08-30T06:21:36,2024-08-30T19:30:43,0.88,"Rain, Overcast",Cloudy skies throughout the day with rain clearing later.,rain,"72505394728,KEWR,KLGA,72502014734,F1417,KNYC,72503014732",New York
New York,2024-08-31,77.3,68.4,72.4,77.3,68.4,72.4,64.0,75.0,0.0,0,0.0,,0,0,17.2,7.8,126.0,1018.7,92.0,9.9,120.7,10.2,7,10.0,2024-08-31T06:22:35,2024-08-31T19:29:06,0.92,Overcast,Cloudy skies throughout the day.,cloudy,"72505394728,KEWR,KLGA,72502014734,F1417,KNYC,72503014732",New York
New York,2024-09-01,81.9,73.3,76.7,84.8,73.3,77.2,68.3,75.6,0.0,0,0.0,,0,0,20.8,7.4,230.5,1012.0,71.2,9.7,104.9,9.1,5,30.0,2024-09-01T06:23:33,2024-09-01T19:27:30,0.95,Partially cloudy,Partly cloudy throughout the day.,partly-cloudy-day,"72505394728,KEWR,KLGA,72502014734,F1417,KNYC,72503014732",New York
New York,2024-09-02,78.8,66.1,72.6,78.8,66.1,72.6,52.4,50.3,0.0,0,0.0,,0,0,29.8,16.3,329.4,1015.6,29.8,9.9,279.6,24.2,10,30.0,2024-09-02T06:24:32,2024-09-02T19:25:52,0.0,Partially cloudy,Partly cloudy throughout the day.,partly-cloudy-day,"72505394728,KEWR,KLGA,72502014734,F1417,KNYC,72503014732",New York
New York,2024-09-03,72.9,58.5,66.0,72.9,58.5,66.0,42.7,44.5,0.0,0,0.0,,0,0,23.0,11.3,21.2,1026.0,11.4,9.9,266.3,23.1,9,10.0,2024-09-03T06:25:30,2024-09-03T19:24:15,0.02,Clear,Clear conditions throughout the day.,clear-day,"72505394728,KEWR,KLGA,72502014734,F1417,KNYC,72503014732",New York
New York,2024-09-04,76.3,59.6,67.9,76.3,59.6,67.9,47.9,50.1,0.0,0,0.0,,0,0,20.8,7.2,63.2,1029.9,14.5,9.9,250.3,21.8,8,10.0,2024-09-04T06:26:29,2024-09-04T19:22:37,0.05,Clear,Clear conditions throughout the day.,clear-day,"72505394728,KEWR,KLGA,72502014734,F1417,KNYC,72503014732",New York
New York,2024-09-05,76.1,61.0,68.6,76.1,61.0,68.6,53.5,59.3,0.0,0,0.0,,0,0,18.3,11.3,66.2,1027.8,10.5,9.9,244.6,21.1,8,10.0,2024-09-05T06:27:27,2024-09-05T19:20:58,0.09,Clear,Clear conditions throughout the day.,clear-day,"72505394728,KEWR,KLGA,72502014734,F1417,KNYC,72503014732",New York
New York,2024-09-06,76.9,64.1,69.7,76.9,64.1,69.7,59.9,71.5,0.0,0,0.0,,0,0,20.8,10.1,44.9,1019.3,86.4,9.9,167.0,14.6,8,10.0,2024-09-06T06:28:26,2024-09-06T19:19:19,0.12,Partially cloudy,Partly cloudy throughout the day.,partly-cloudy-day,"72505394728,KEWR,KLGA,72502014734,F1417,KNYC,72503014732",New York
New York,2024-09-07,74.5,60.9,68.1,74.5,60.9,68.1,61.0,78.3,0.227,100,20.83,rain,0,0,29.8,18.2,168.9,1011.2,89.4,9.3,111.1,9.7,7,10.0,2024-09-07T06:29:24,2024-09-07T19:17:40,0.15,"Rain, Partially cloudy",Partly cloudy throughout the day with rain in the morning and afternoon.,rain,"72505394728,KEWR,KLGA,72502014734,F1417,KNYC,72503014732",New York
New York,2024-09-08,69.1,56.1,62.8,69.1,56.1,62.8,44.7,54.3,0.0,0,0.0,,0,0,27.4,10.3,284.3,1015.0,21.4,9.9,245.0,21.2,9,10.0,2024-09-08T06:30:22,2024-09-08T19:16:00,0.19,Partially cloudy,Partly cloudy throughout the day.,partly-cloudy-day,"72505394728,KEWR,KLGA,72502014734,F1417,KNYC,72503014732",New York
New York,2024-09-09,75.4,56.3,66.5,75.4,56.3,66.5,44.2,45.5,0.0,0,0.0,,0,0,29.9,10.6,281.3,1018.4,21.8,9.9,243.5,20.9,9,10.0,2024-09-09T06:31:21,2024-09-09T19:14:20,0.22,Partially cloudy,Becoming cloudy in the afternoon.,partly-cloudy-day,"72505394728,KEWR,KLGA,72502014734,F1417,KNYC,72503014732",New York
New York,2024-09-10,77.9,63.1,70.6,77.9,63.1,70.6,49.2,47.2,0.0,0,0.0,,0,0,21.9,10.5,308.7,1018.3,24.2,9.9,252.3,21.8,8,10.0,2024-09-10T06:32:19,2024-09-10T19:12:39,0.25,Partially cloudy,Partly cloudy throughout the day.,partly-cloudy-day,"72505394728,KEWR,KLGA,72502014734,F1417,KNYC,72503014732",New York
New York,2024-09-11,78.8,59.9,68.7,78.8,59.9,68.7,47.3,48.2,0.0,0,0.0,,0,0,12.8,6.5,47.6,1022.2,17.9,9.9,254.0,22.2,8,10.0,2024-09-11T06:33:18,2024-09-11T19:10:59,0.25,Clear,Clear conditions throughout the day.,clear-day,"72505394728,KEWR,KLGA,72502014734,F1417,KNYC,72503014732",New York
New York,2024-09-12,79.6,63.1,69.6,79.6,63.1,69.6,57.8,68.3,0.0,0,0.0,,0,0,18.3,9.6,99.7,1023.9,34.7,8.6,231.1,19.9,8,10.0,2024-09-12T06:34:16,2024-09-12T19:09:18,0.32,Partially cloudy,Clearing in the afternoon.,partly-cloudy-day,"72505394728,KEWR,KLGA,72502014734,F1417,KNYC,72503014732",New York
New York,2024-09-13,81.2,63.3,71.3,80.4,63.3,71.2,58.3,65.8,0.0,0,0.0,,0,0,12.3,6.0,66.1,1023.9,11.0,9.5,225.7,19.5,8,10.0,2024-09-13T06:35:15,2024-09-13T19:07:37,0.35,Clear,Clear conditions throughout the day.,clear-day,"72505394728,KEWR,KLGA,72502014734,F1417,KNYC,72503014732",New York
New York,2024-09-14,82.9,66.2,73.5,83.0,66.2,73.6,60.9,66.5,0.0,0,0.0,,0,0,10.5,11.9,57.0,1023.9,7.2,9.6,230.8,20.0,8,10.0,2024-09-14T06:36:13,2024-09-14T19:05:56,0.39,Clear,Clear conditions throughout the day.,clear-day,"72505394728,KEWR,KLGA,72502014734,F1417,KNYC,72503014732",New York
New York,2024-09-15,78.5,65.9,71.6,78.5,65.9,71.6,58.3,63.9,0.0,0,0.0,,0,0,19.7,11.0,73.4,1026.9,27.2,9.9,232.4,19.9,8,10.0,2024-09-15T06:37:12,2024-09-15T19:04:15,0.42,Partially cloudy,Clearing in the afternoon.,partly-cloudy-day,"72505394728,KEWR,KLGA,72502014734,F1417,KNYC,72503014732",New York
New York,2024-09-16,76.0,61.2,67.6,76.0,61.2,67.6,54.0,63.9,0.0,0,0.0,,0,0,23.0,11.4,54.3,1026.3,29.4,9.9,196.7,16.9,7,10.0,2024-09-16T06:38:11,2024-09-16T19:02:33,0.45,Partially cloudy,Partly cloudy throughout the day.,partly-cloudy-day,"72505394728,KEWR,KLGA,72502014734,F1417,KNYC,72503014732",New York
New York,2024-09-17,78.2,65.7,70.6,78.2,65.7,70.6,59.5,68.8,0.0,0,0.0,,0,0,23.0,9.7,59.3,1022.9,63.2,9.9,154.1,13.3,8,10.0,2024-09-17T06:39:09,2024-09-17T19:00:52,0.5,Partially cloudy,Partly cloudy throughout the day.,partly-cloudy-day,"72505394728,KEWR,KLGA,72502014734,F1417,KNYC,72503014732",New York
New York,2024-09-18,74.6,66.8,70.4,74.6,66.8,70.4,60.7,71.9,0.0,0,0.0,,0,0,31.1,12.6,43.6,1018.0,49.5,9.9,100.8,8.7,5,10.0,2024-09-18T06:40:08,2024-09-18T18:59:10,0.52,Partially cloudy,Partly cloudy throughout the day.,partly-cloudy-day,"72505394728,KEWR,KLGA,72502014734,KNYC,F1417,72503014732",New York
New York,2024-09-19,84.3,68.0,75.2,82.6,68.0,75.0,57.2,55.5,0.0,0,0.0,,0,0,31.1,9.8,30.3,1012.2,42.8,9.9,204.7,17.6,7,10.0,2024-09-19T06:41:07,2024-09-19T18:57:29,0.55,Partially cloudy,Partly cloudy throughout the day.,partly-cloudy-day,"72505394728,KEWR,KLGA,72502014734,F1417,KNYC,72503014732",New York
New York,2024-09-20,80.3,68.4,73.2,80.7,68.4,73.2,59.3,62.5,0.0,0,0.0,,0,0,24.2,12.9,40.6,1013.5,49.0,9.9,187.6,16.2,8,10.0,2024-09-20T06:42:06,2024-09-20T18:55:47,0.59,Partially cloudy,Partly cloudy throughout the day.,partly-cloudy-day,"72505394728,KEWR,KLGA,72502014734,F1417,KNYC,72503014732",New York
New York,2024-09-21,78.1,63.8,69.6,78.1,63.8,69.6,55.1,60.9,0.0,0,0.0,,0,0,20.8,11.9,44.9,1015.4,24.2,9.9,211.9,18.2,8,10.0,2024-09-21T06:43:05,2024-09-21T18:54:06,0.62,Partially cloudy,Partly cloudy throughout the day.,partly-cloudy-day,"72505394728,KEWR,KLGA,72502014734,F1417,KNYC,72503014732",New York
New York,2024-09-22,73.3,61.8,66.9,73.3,61.8,66.9,52.2,60.0,0.0,0,0.0,,0,0,20.1,11.4,54.2,1016.3,58.1,9.9,212.3,18.3,8,10.0,2024-09-22T06:44:05,2024-09-22T18:52:24,0.66,Partially cloudy,Partly cloudy throughout the day.,partly-cloudy-day,"72505394728,KEWR,KLGA,72502014734,F1417,KNYC,72503014732",New York
New York,2024-09-23,66.3,60.2,63.7,66.3,60.2,63.7,51.0,63.8,0.031,100,16.67,rain,0,0,24.2,13.4,60.4,1018.0,89.8,9.7,81.2,7.1,4,10.0,2024-09-23T06:45:04,2024-09-23T18:50:43,0.69,"Rain, Partially cloudy",Partly cloudy throughout the day with rain.,rain,"72505394728,KEWR,72502014734,KLGA,F1417,KNYC,72503014732",New York
New York,2024-09-24,68.2,60.2,63.7,68.2,60.2,63.7,51.6,65.0,0.0,0,0.0,,0,0,21.9,12.1,66.0,1020.1,87.3,9.9,83.9,7.2,3,10.0,2024-09-24T06:46:04,2024-09-24T18:49:02,0.75,Partially cloudy,Partly cloudy throughout the day.,partly-cloudy-day,"72505394728,KEWR,KLGA,72502014734,F1417,KNYC,72503014732",New York
New York,2024-09-25,68.0,62.4,64.7,68.0,62.4,64.7,54.0,68.4,0.0,0,0.0,,0,0,23.0,14.7,95.1,1021.0,94.2,9.9,54.5,4.7,2,10.0,2024-09-25T06:47:03,2024-09-25T18:47:20,0.76,Overcast,Cloudy skies throughout the day.,cloudy,"72505394728,KEWR,KLGA,72502014734,F1417,KNYC,72503014732",New York
New York,2024-09-26,74.7,64.6,69.9,74.7,64.6,69.9,65.3,85.3,0.062,100,20.83,rain,0,0,17.2,6.0,118.7,1018.0,92.8,8.0,47.6,4.2,2,10.0,2024-09-26T06:48:03,2024-09-26T18:45:40,0.79,"Rain, Overcast",Cloudy skies throughout the day with rain in the morning and afternoon.,rain,"72505394728,KEWR,KLGA,72502014734,F1417,KNYC,72503014732",New York
New York,2024-09-27,73.3,64.6,69.3,73.3,64.6,69.3,61.7,77.5,0.119,100,12.5,rain,0,0,17.2,11.1,55.8,1016.0,93.6,9.5,83.8,7.3,4,10.0,2024-09-27T06:49:03,2024-09-27T18:43:59,0.83,"Rain, Overcast",Cloudy skies throughout the day with rain clearing later.,rain,"72505394728,KEWR,KLGA,72502014734,F1417,KNYC,72503014732",New York
New York,2024-09-28,68.0,61.4,64.6,68.0,61.4,64.6,60.3,86.2,0.239,100,66.67,rain,0,0,25.3,13.4,59.8,1014.3,100.0,6.7,41.1,3.5,2,10.0,2024-09-28T06:50:04,2024-09-28T18:42:18,0.86,"Rain, Overcast",Cloudy skies throughout the day with a chance of rain throughout the day.,rain,"72505394728,KEWR,KLGA,72502014734,F1417,KNYC,72503014732",New York
New York,2024-09-29,62.5,60.9,61.9,62.5,60.9,61.9,58.4,88.5,0.536,100,79.17,rain,0,0,21.9,10.4,61.6,1016.3,100.0,5.8,24.6,2.1,1,10.0,2024-09-29T06:51:04,2024-09-29T18:40:38,0.89,"Rain, Overcast",Cloudy skies throughout the day with a chance of rain throughout the day.,rain,"72505394728,KEWR,KLGA,72502014734,F1417,KNYC,72503014732",New York
New York,2024-09-30,70.6,60.5,64.9,70.6,60.5,64.9,55.5,72.8,0.0,0,0.0,,0,0,20.5,11.8,51.8,1017.1,61.2,9.8,167.5,14.3,8,10.0,2024-09-30T06:52:05,2024-09-30T18:38:58,0.93,Partially cloudy,Partly cloudy throughout the day.,partly-cloudy-day,"72505394728,KEWR,KLGA,72502014734,F1417,KNYC,72503014732",New York
New York,2024-10-01,67.9,60.9,64.3,67.9,60.9,64.3,55.1,72.3,0.0,0,0.0,,0,0,29.8,12.6,57.2,1017.5,53.1,9.9,121.2,10.4,5,10.0,2024-10-01T06:53:06,2024-10-01T18:37:19,0.96,Partially cloudy,Partly cloudy throughout the day.,partly-cloudy-day,"72505394728,KEWR,KLGA,72502014734,F8726,KNYC,F1417,72503014732",New York
New York,2024-10-02,67.9,58.0,62.8,67.9,58.0,62.8,52.3,69.0,0.0,0,0.0,,0,0,27.7,9.6,60.0,1016.1,89.2,9.9,96.4,8.2,4,10.0,2024-10-02T06:54:07,2024-10-02T18:35:40,0.0,Partially cloudy,Partly cloudy throughout the day.,partly-cloudy-day,"72505394728,KEWR,KLGA,72502014734,F1417,KNYC,72503014732",New York
New York,2024-10-03,71.5,62.7,65.7,71.5,62.7,65.7,53.8,65.6,0.0,0,0.0,,0,0,13.6,5.3,52.7,1019.8,72.0,9.9,124.2,10.8,5,10.0,2024-10-03T06:55:08,2024-10-03T18:34:01,0.03,Partially cloudy,Partly cloudy throughout the day.,partly-cloudy-day,"72505394728,KEWR,KLGA,72502014734,F1417,KNYC,72503014732",New York
New York,2024-10-04,72.8,60.4,66.2,72.8,60.4,66.2,56.4,71.1,0.0,0,0.0,,0,0,14.1,8.9,203.3,1022.2,49.9,9.9,159.8,13.7,6,10.0,2024-10-04T06:56:10,2024-10-04T18:32:23,0.06,Partially cloudy,Partly cloudy throughout the day.,partly-cloudy-day,"72505394728,KEWR,KLGA,72502014734,F1417,KNYC,72503014732",New York
New York,2024-10-05,74.5,62.5,67.7,74.5,62.5,67.7,51.1,57.5,0.0,0,0.0,,0,0,24.2,16.9,7.1,1020.5,34.0,9.9,197.2,16.9,7,10.0,2024-10-05T06:57:12,2024-10-05T18:30:45,0.1,Partially cloudy,Partly cloudy throughout the day.,partly-cloudy-day,"72505394728,KEWR,KLGA,72502014734,F1417,KNYC,72503014732",New York
New York,2024-10-06,70.5,55.8,63.2,70.5,55.8,63.2,49.4,61.0,0.0,0,0.0,,0,0,21.9,9.8,86.0,1018.5,12.1,9.9,197.8,17.1,7,10.0,2024-10-06T06:58:14,2024-10-06T18:29:07,0.13,Clear,Clear conditions throughout the day.,clear-day,"72505394728,KEWR,KLGA,72502014734,F1417,KNYC,72503014732",New York
New York,2024-10-07,75.2,60.5,67.2,75.2,60.5,67.2,50.6,57.2,0.003,100,4.17,rain,0,0,26.4,17.2,269.6,1010.4,52.9,9.9,158.5,13.6,7,10.0,2024-10-07T06:59:17,2024-10-07T18:27:31,0.17,"Rain, Partially cloudy",Partly cloudy throughout the day with morning rain.,rain,"72505394728,KEWR,KLGA,72502014734,F1417,KNYC,72503014732",New York
New York,2024-10-08,67.8,53.9,61.2,67.8,53.9,61.2,40.8,49.1,0.0,0,0.0,,0,0,24.2,13.9,299.0,1012.5,19.5,9.9,179.5,15.5,7,10.0,2024-10-08T07:00:19,2024-10-08T18:25:54,0.2,Clear,Clear conditions throughout the day.,clear-day,"72505394728,KEWR,KLGA,72502014734,F8726,F1417,KNYC,72503014732",New York
New York,2024-10-09,68.4,56.0,61.7,68.4,56.0,61.7,38.2,42.9,0.0,0,0.0,,0,0,28.1,14.9,298.5,1012.6,56.9,9.9,164.4,14.2,7,10.0,2024-10-09T07:01:22,2024-10-09T18:24:19,0.23,Partially cloudy,Partly cloudy throughout the day.,partly-cloudy-day,"72505394728,KEWR,KLGA,72502014734,F1417,KNYC,72503014732",New York
New York,2024-10-10,61.8,49.1,55.1,61.8,44.2,54.7,36.1,49.4,0.0,0,0.0,,0,0,30.1,15.9,315.6,1017.1,9.3,9.9,194.1,16.8,7,10.0,2024-10-10T07:02:26,2024-10-10T18:22:44,0.25,Clear,Clear conditions throughout the day.,clear-day,"72505394728,KEWR,KLGA,72502014734,F1417,KNYC,72503014732",New York
New York,2024-10-11,68.9,47.3,57.9,68.9,43.6,57.5,37.0,47.8,0.0,0,0.0,,0,0,23.0,11.4,280.8,1017.4,6.0,9.9,185.2,16.0,7,10.0,2024-10-11T07:03:29,2024-10-11T18:21:09,0.3,Clear,Clear conditions throughout the day.,clear-day,"72505394728,KEWR,KLGA,72502014734,F1417,KNYC,72503014732",New York
New York,2024-10-12,74.5,58.9,65.4,74.5,58.9,65.4,37.9,37.8,0.0,0,0.0,,0,0,27.6,15.0,280.1,1013.0,17.3,9.9,188.6,16.1,7,10.0,2024-10-12T07:04:33,2024-10-12T18:19:35,0.34,Clear,Clear conditions throughout the day.,clear-day,"72505394728,KEWR,KLGA,72502014734,F1417,KNYC,72503014732",New York
New York,2024-10-13,68.7,56.8,62.1,68.7,56.8,62.1,45.9,56.8,0.0,0,0.0,,0,0,25.3,9.6,57.4,1010.5,53.4,9.9,156.0,13.5,6,10.0,2024-10-13T07:05:38,2024-10-13T18:18:02,0.37,Partially cloudy,Clearing in the afternoon.,partly-cloudy-day,"72505394728,KEWR,KLGA,72502014734,F1417,KNYC,72503014732",New York
New York,2024-10-14,66.6,49.1,56.9,66.6,43.2,56.2,43.1,62.9,0.0,0,0.0,,0,0,37.4,21.9,313.8,1004.7,66.3,9.2,133.9,11.5,7,10.0,2024-10-14T07:06:42,2024-10-14T18:16:30,0.4,Partially cloudy,Partly cloudy throughout the day.,partly-cloudy-day,"72505394728,KEWR,KLGA,72502014734,F1417,KNYC,72503014732",New York
New York,2024-10-15,57.3,45.2,50.9,57.3,40.7,49.3,33.2,51.8,0.0,0,0.0,,0,0,32.2,16.3,293.8,1011.6,32.1,9.9,151.7,12.9,7,10.0,2024-10-15T07:07:47,2024-10-15T18:14:59,0.44,Partially cloudy,Partly cloudy throughout the day.,partly-cloudy-day,"72505394728,KEWR,KLGA,72502014734,F1417,KNYC,72503014732",New York
New York,2024-10-16,58.1,44.1,51.1,58.1,38.4,48.9,32.4,49.6,0.0,0,0.0,,0,0,31.1,14.3,306.0,1016.7,21.7,9.9,143.0,12.5,7,10.0,2024-10-16T07:08:53,2024-10-16T18:13:28,0.47,Partially cloudy,Partly cloudy throughout the day.,partly-cloudy-day,"72505394728,KEWR,KLGA,72502014734,F1417,KNYC,72503014732",New York
New York,2024-10-17,58.6,43.5,51.5,58.6,41.0,50.2,31.6,47.8,0.0,0,0.0,,0,0,22.2,13.4,8.5,1023.3,15.1,9.9,164.5,14.2,7,10.0,2024-10-17T07:09:58,2024-10-17T18:11:58,0.5,Clear,Clear conditions throughout the day.,clear-day,"72505394728,KEWR,KLGA,72502014734,F1417,KNYC,72503014732",New York
London,2024-04-01,55.7,45.6,51.3,55.7,41.6,50.1,43.6,75.7,0.008,100,4.17,rain,0,0,25.3,11.3,216.4,993.7,56.4,6.8,175.1,15.1,8,,2024-04-01T06:34:54,2024-04-01T19:34:40,0.75,"Rain, Partially cloudy",Partly cloudy throughout the day with afternoon rain.,rain,"EGWU,03769099999,EGLL,03680099999,F6665,03781099999,03672099999,EGLC,03772099999,03693099999,03770099999",London
London,2024-04-02,58.6,48.1,51.9,58.6,43.7,50.6,45.3,79.1,0.024,100,8.33,rain,0,0,28.0,14.8,213.9,1001.4,84.8,5.9,121.8,10.6,6,,2024-04-02T06:32:39,2024-04-02T19:36:20,0.75,"Rain, Partially cloudy",Partly cloudy throughout the day with rain.,rain,"03769099999,EGWU,03680099999,EGLL,F6665,03781099999,03672099999,03761099999,EGLC,03772099999,03770099999",London
London,2024-04-03,56.9,50.1,53.4,56.9,50.1,53.4,47.0,79.6,0.119,100,12.5,rain,0,0,31.1,22.3,226.6,1000.1,89.6,8.9,68.5,5.8,3,,2024-04-03T06:30:23,2024-04-03T19:38:01,0.82,"Rain, Partially cloudy",Partly cloudy throughout the day with rain clearing later.,rain,"F6665,03781099999,03672099999,03772099999,03770099999",London
London,2024-04-04,60.5,50.3,54.8,60.5,50.3,54.8,48.7,80.7,0.173,100,37.5,rain,0,0,34.4,20.9,227.6,1002.6,90.2,7.3,98.1,8.4,5,,2024-04-04T06:28:09,2024-04-04T19:39:41,0.85,"Rain, Overcast",Cloudy skies throughout the day with a chance of rain throughout the day.,rain,"03680099999,F6665,03781099999,03672099999,03772099999,03770099999",London
London,2024-04-05,62.7,54.8,58.0,62.7,54.8,58.0,50.4,76.8,0.04,100,12.5,rain,0,0,32.2,20.4,213.0,1003.8,91.1,7.8,157.1,13.7,8,,2024-04-05T06:25:54,2024-04-05T19:41:22,0.89,"Rain, Overcast",Cloudy skies throughout the day with rain.,rain,"F6665,03781099999,03672099999,03772099999,03770099999",London
London,2024-04-06,66.5,58.2,61.8,66.5,58.2,61.8,49.8,65.1,0.0,0,0.0,,0,0,39.1,25.6,193.3,1002.0,43.8,11.5,119.4,10.4,4,,2024-04-06T06:23:40,2024-04-06T19:43:02,0.92,Partially cloudy,Becoming cloudy in the afternoon.,partly-cloudy-day,"F6665,03781099999,03672099999,03772099999,03770099999",London
London,2024-04-07,61.1,52.4,56.8,61.1,52.4,56.8,44.8,64.6,0.0,0,0.0,,0,0,38.0,23.6,219.4,1007.7,69.0,8.4,161.8,13.7,8,,2024-04-07T06:21:26,2024-04-07T19:44:43,0.95,Partially cloudy,Partly cloudy throughout the day.,partly-cloudy-day,"F6665,03781099999,03672099999,03772099999,03770099999",London
London,2024-04-08,62.9,49.7,55.5,62.9,47.9,55.4,47.3,75.2,0.04,100,8.33,rain,0,0,24.2,14.6,167.6,1004.3,54.7,9.5,113.8,9.8,5,,2024-04-08T06:19:13,2024-04-08T19:46:23,0.0,"Rain, Partially cloudy",Partly cloudy throughout the day with late afternoon rain.,rain,"F6665,03781099999,03672099999,03772099999,03770099999",London
London,2024-04-09,55.7,47.6,50.7,55.7,40.3,47.8,40.0,68.1,0.016,100,4.17,rain,0,0,40.3,24.7,245.8,1006.7,76.4,10.5,90.2,7.8,4,,2024-04-09T06:17:00,2024-04-09T19:48:03,0.02,"Rain, Partially cloudy",Partly cloudy throughout the day with morning rain.,rain,"F6665,03781099999,03672099999,03772099999,03770099999",London
London,2024-04-10,56.6,41.3,50.0,56.6,37.2,48.3,44.1,81.2,0.024,100,8.33,rain,0,0,32.2,17.6,218.6,1025.0,55.7,8.1,113.7,9.7,5,,2024-04-10T06:14:48,2024-04-10T19:49:44,0.06,"Rain, Partially cloudy",Partly cloudy throughout the day with afternoon rain.,rain,"03680099999,F6665,03781099999,03672099999,03772099999,03770099999",London
London,2024-04-11,65.9,55.5,59.0,65.9,55.5,59.0,53.3,81.9,0.0,0,0.0,,0,0,24.2,13.6,227.4,1028.3,93.8,7.8,129.8,11.3,7,,2024-04-11T06:12:36,2024-04-11T19:51:24,0.09,Overcast,Cloudy skies throughout the day.,cloudy,"F6665,03781099999,03672099999,03772099999,03770099999",London
London,2024-04-12,70.4,51.2,59.4,70.4,51.2,59.4,48.8,69.0,0.0,0,0.0,,0,0,27.7,18.6,226.0,1028.5,24.5,11.6,189.0,16.4,7,,2024-04-12T06:10:25,2024-04-12T19:53:05,0.12,Partially cloudy,Partly cloudy throughout the day.,partly-cloudy-day,"F6665,03781099999,03672099999,03772099999,03770099999",London
London,2024-04-13,69.2,54.2,60.5,69.2,54.2,60.5,49.1,68.3,0.0,0,0.0,,0,0,24.2,16.9,235.2,1022.6,43.9,10.6,192.5,16.5,7,,2024-04-13T06:08:15,2024-04-13T19:54:45,0.15,Partially cloudy,Clearing in the afternoon.,partly-cloudy-day,"03769099999,F6665,03781099999,03672099999,03772099999,03770099999",London
London,2024-04-14,58.4,49.4,53.6,58.4,44.7,53.3,39.0,59.5,0.0,0,0.0,,0,0,18.3,14.0,267.8,1022.4,32.0,12.3,167.2,14.6,6,,2024-04-14T06:06:05,2024-04-14T19:56:25,0.19,Partially cloudy,Partly cloudy throughout the day.,partly-cloudy-day,"F6665,03781099999,03672099999,03772099999,03770099999",London
London,2024-04-15,56.0,45.8,49.6,56.0,39.2,45.4,37.1,63.4,0.08,100,16.67,rain,0,0,42.5,28.2,267.7,1008.8,52.4,12.7,144.9,12.6,7,,2024-04-15T06:03:56,2024-04-15T19:58:06,0.25,"Rain, Partially cloudy",Partly cloudy throughout the day with rain.,rain,"03769099999,F6665,03781099999,03672099999,03772099999,03770099999",London
London,2024-04-16,55.7,46.5,50.4,55.7,40.0,47.6,38.7,64.9,0.017,100,12.5,rain,0,0,35.8,18.8,308.4,1012.3,78.8,12.8,116.5,10.0,5,,2024-04-16T06:01:48,2024-04-16T19:59:46,0.25,"Rain, Partially cloudy",Partly cloudy throughout the day with rain.,rain,"F6665,03781099999,03672099999,03772099999,03770099999",London
London,2024-04-17,53.9,42.0,47.5,53.9,36.8,44.5,34.9,63.7,0.0,0,0.0,,0,0,28.2,14.7,314.2,1015.8,49.3,13.1,174.5,15.0,6,,2024-04-17T05:59:41,2024-04-17T20:01:26,0.29,Partially cloudy,Partly cloudy throughout the day.,partly-cloudy-day,"03680099999,03781099999,03672099999,F6665,03772099999,03770099999",London
London,2024-04-18,58.2,41.6,49.6,58.2,37.1,47.3,35.2,60.4,0.008,100,4.17,rain,0,0,30.0,15.7,299.5,1021.1,50.7,12.6,214.7,18.5,9,,2024-04-18T05:57:34,2024-04-18T20:03:07,0.32,"Rain, Partially cloudy",Partly cloudy throughout the day with late afternoon rain.,rain,"03680099999,F6665,03781099999,03672099999,03772099999,03770099999",London
London,2024-04-19,59.1,47.0,51.3,59.1,41.3,49.5,42.6,73.0,0.204,100,16.67,rain,0,0,30.0,17.2,308.7,1017.8,80.1,11.5,130.0,11.2,9,,2024-04-19T05:55:28,2024-04-19T20:04:47,0.35,"Rain, Partially cloudy",Partly cloudy throughout the day with rain.,rain,"F6665,03781099999,03672099999,03768099999,03772099999,03770099999",London
London,2024-04-20,52.4,41.1,46.9,52.4,36.9,43.9,32.2,56.8,0.0,0,0.0,,0,0,21.9,13.9,9.5,1027.7,52.1,11.3,124.4,10.8,7,,2024-04-20T05:53:23,2024-04-20T20:06:27,0.38,Partially cloudy,Partly cloudy throughout the day.,partly-cloudy-day,"F6665,03781099999,03672099999,03772099999,03770099999",London
London,2024-04-21,53.9,42.0,47.5,53.9,36.4,44.6,34.0,60.1,0.0,0,0.0,,0,0,24.2,14.7,19.4,1029.7,57.4,11.0,147.0,12.7,9,,2024-04-21T05:51:19,2024-04-21T20:08:07,0.42,Partially cloudy,Partly cloudy throughout the day.,partly-cloudy-day,"F6665,03781099999,03672099999,03772099999,03770099999",London
London,2024-04-22,49.4,41.2,46.1,47.0,38.9,43.5,35.9,67.9,0.0,0,0.0,,0,0,15.0,9.3,351.3,1028.1,64.7,10.5,109.3,9.2,4,,2024-04-22T05:49:16,2024-04-22T20:09:47,0.45,Partially cloudy,Partly cloudy throughout the day.,partly-cloudy-day,"F6665,03781099999,03672099999,03772099999,03770099999",London
London,2024-04-23,52.4,43.1,46.9,52.4,40.3,45.0,39.0,74.7,0.016,100,8.33,rain,0,0,21.9,10.7,350.5,1022.8,84.8,9.2,69.0,6.1,3,,2024-04-23T05:47:14,2024-04-23T20:11:27,0.48,"Rain, Partially cloudy",Partly cloudy throughout the day with rain clearing later.,rain,"F6665,03781099999,03672099999,03772099999,03770099999",London
London,2024-04-24,50.6,43.9,46.8,50.6,39.8,43.4,31.8,56.7,0.0,0,0.0,,0,0,19.7,11.7,342.2,1016.7,68.8,12.4,115.6,9.9,8,,2024-04-24T05:45:13,2024-04-24T20:13:06,0.5,Partially cloudy,Partly cloudy throughout the day.,partly-cloudy-day,"D5621,F6665,03781099999,03672099999,03772099999,03770099999",London
London,2024-04-25,53.7,38.9,46.2,53.7,36.8,44.9,37.3,72.1,0.055,100,12.5,rain,0,0,19.7,11.4,267.2,1005.2,73.7,10.0,83.8,7.2,6,,2024-04-25T05:43:13,2024-04-25T20:14:46,0.55,"Rain, Partially cloudy",Partly cloudy throughout the day with rain.,rain,"D5621,03781099999,03672099999,03772099999,03770099999",London
London,2024-04-26,55.7,42.0,48.4,55.7,40.9,47.6,35.3,62.4,0.0,0,0.0,,0,0,14.8,8.6,89.3,1003.2,58.9,9.4,136.5,11.9,8,,2024-04-26T05:41:14,2024-04-26T20:16:25,0.59,Partially cloudy,Partly cloudy throughout the day.,partly-cloudy-day,"03680099999,D5621,03781099999,03672099999,03772099999,03770099999",London
London,2024-04-27,52.8,43.1,47.6,52.8,37.5,44.1,42.8,83.8,0.135,100,25.0,rain,0,0,19.7,11.7,60.3,1002.7,95.4,5.8,42.6,3.9,2,,2024-04-27T05:39:17,2024-04-27T20:18:05,0.62,"Rain, Overcast",Cloudy skies throughout the day with rain.,rain,"D5621,03781099999,03672099999,03772099999,03770099999",London
London,2024-04-28,54.6,45.2,48.6,54.6,38.6,45.0,42.5,80.9,0.67,100,50.0,rain,0,0,23.0,15.4,291.1,1004.0,83.1,8.3,45.7,3.9,2,,2024-04-28T05:37:20,2024-04-28T20:19:44,0.66,"Rain, Partially cloudy",Partly cloudy throughout the day with a chance of rain throughout the day.,rain,"D5621,03781099999,03672099999,03772099999,03770099999",London
London,2024-04-29,61.4,44.3,53.1,61.4,40.4,51.7,41.3,66.6,0.0,0,0.0,,0,0,30.0,19.4,194.3,1014.7,28.1,12.4,193.7,16.8,9,,2024-04-29T05:35:25,2024-04-29T20:21:22,0.69,Partially cloudy,Partly cloudy throughout the day.,partly-cloudy-day,"D5621,03781099999,03672099999,03772099999,03770099999",London
London,2024-04-30,66.8,45.6,56.8,66.8,42.8,56.2,44.8,65.9,0.0,0,0.0,,0,0,23.0,14.3,155.5,1011.2,17.9,12.7,138.1,12.0,7,,2024-04-30T05:33:31,2024-04-30T20:23:01,0.73,Clear,Clear conditions throughout the day.,clear-day,"EGWU,EGLL,D5621,03781099999,03672099999,EGLC,03772099999,03770099999",London
London,2024-05-01,66.9,51.0,58.5,66.9,51.0,58.5,52.4,81.3,0.08,100,25.0,rain,0,0,14.5,9.2,61.7,1007.3,79.3,4.6,91.7,8.0,4,,2024-05-01T05:31:39,2024-05-01T20:24:39,0.75,"Rain, Partially cloudy",Partly cloudy throughout the day with rain.,rain,"EGWU,EGLL,D5621,03781099999,03672099999,EGLC,03772099999,03770099999",London
London,2024-05-02,61.1,52.4,56.1,61.1,52.4,56.1,51.7,85.4,0.268,100,20.83,rain,0,0,24.2,14.1,307.5,1001.8,87.8,4.7,53.0,4.6,2,,2024-05-02T05:29:47,2024-05-02T20:26:17,0.8,"Rain, Partially cloudy",Partly cloudy throughout the day with rain.,rain,"D5621,03781099999,03672099999,03772099999,03770099999",London
London,2024-05-03,55.5,48.8,51.6,55.5,43.7,49.9,47.9,87.5,0.214,100,50.0,rain,0,0,23.0,15.0,251.2,1008.4,86.6,8.8,43.9,3.9,2,,2024-05-03T05:27:58,2024-05-03T20:27:54,0.83,"Rain, Partially cloudy",Partly cloudy throughout the day with a chance of rain throughout the day.,rain,"D5621,03781099999,03672099999,03772099999,03770099999",London
London,2024-05-04,62.0,47.6,54.8,62.0,44.8,54.2,45.5,72.6,0.0,0,0.0,,0,0,15.0,8.0,187.4,1010.6,53.3,10.8,85.5,7.4,4,,2024-05-04T05:26:09,2024-05-04T20:29:31,0.87,Partially cloudy,Partly cloudy throughout the day.,partly-cloudy-day,"03680099999,D5621,03781099999,03672099999,03772099999,03770099999",London
London,2024-05-05,63.6,44.9,55.0,63.6,44.8,54.9,46.4,75.4,0.0,0,0.0,,0,0,15.0,9.9,172.2,1007.7,37.9,12.5,153.8,13.3,8,,2024-05-05T05:24:22,2024-05-05T20:31:08,0.91,Partially cloudy,Becoming cloudy in the afternoon.,partly-cloudy-day,"D5621,03781099999,03672099999,03772099999,03770099999",London
London,2024-05-06,58.7,48.5,54.4,58.7,48.5,54.4,51.4,89.8,0.291,100,29.17,rain,0,0,16.1,7.0,26.2,1007.9,78.2,6.0,48.0,4.2,2,,2024-05-06T05:22:37,2024-05-06T20:32:44,0.94,"Rain, Partially cloudy",Partly cloudy throughout the day with rain.,rain,"D5621,03781099999,03672099999,03772099999,03770099999",London
London,2024-05-07,67.7,50.6,59.1,67.7,50.6,59.1,49.3,71.7,0.039,100,12.5,rain,0,0,16.8,9.7,24.2,1020.8,31.1,8.3,197.7,17.1,8,,2024-05-07T05:20:54,2024-05-07T20:34:20,0.98,"Rain, Partially cloudy",Partly cloudy throughout the day with early morning rain.,rain,"EGWU,EGLL,D5621,03768399999,03781099999,03672099999,03768099999,EGLC,03658099999,03772099999,03770099999",London
London,2024-05-08,69.2,49.4,58.8,69.2,49.4,58.8,49.0,72.4,0.0,0,0.0,,0,0,12.8,8.9,101.6,1028.6,36.9,6.9,179.0,15.4,8,,2024-05-08T05:19:12,2024-05-08T20:35:55,0.0,Partially cloudy,Clearing in the afternoon.,partly-cloudy-day,"EGWU,03769099999,EGLL,03768399999,03781099999,03672099999,03768099999,03684099999,03772099999,03680099999,D5621,03761099999,EGLC,03770099999",London
London,2024-05-09,74.6,51.2,62.7,74.6,51.2,62.7,50.2,66.7,0.0,0,0.0,,0,0,12.8,8.3,236.3,1026.5,17.2,8.5,193.2,16.8,8,,2024-05-09T05:17:31,2024-05-09T20:37:30,0.04,Clear,Clear conditions throughout the day.,clear-day,"D5621,03781099999,03672099999,03772099999,03770099999",London
London,2024-05-10,75.3,52.4,63.6,75.3,52.4,63.6,50.6,65.0,0.0,0,0.0,,0,0,17.2,10.8,97.9,1023.4,1.6,11.4,198.4,17.3,8,,2024-05-10T05:15:53,2024-05-10T20:39:03,0.08,Clear,Clear conditions throughout the day.,clear-day,"03680099999,D5621,03781099999,03672099999,03772099999,03770099999",London
London,2024-05-11,72.8,52.8,61.3,72.8,52.8,61.3,51.8,72.5,0.0,0,0.0,,0,0,21.7,14.5,87.2,1020.6,12.3,6.1,161.0,13.8,7,,2024-05-11T05:14:16,2024-05-11T20:40:37,0.11,Clear,Clear conditions throughout the day.,clear-day,"03680099999,D5621,03781099999,03672099999,03772099999,03770099999",London
London,2024-05-12,77.3,55.1,66.6,77.3,55.1,66.6,52.5,62.9,0.0,0,0.0,,0,0,16.1,9.9,132.8,1012.7,9.0,9.9,196.0,16.8,8,,2024-05-12T05:12:41,2024-05-12T20:42:09,0.14,Clear,Clear conditions throughout the day.,clear-day,"D5621,03781099999,03672099999,03772099999,03770099999",London
London,2024-05-13,64.1,54.6,60.4,64.1,54.6,60.4,51.8,73.4,0.0,0,0.0,,0,0,23.0,13.8,184.6,1007.2,85.8,8.4,71.5,6.2,2,,2024-05-13T05:11:08,2024-05-13T20:43:41,0.17,Partially cloudy,Partly cloudy throughout the day.,partly-cloudy-day,"D5621,03781099999,03672099999,03772099999,03770099999",London
London,2024-05-14,62.9,57.8,60.2,62.9,57.8,60.2,53.1,77.8,0.141,100,25.0,rain,0,0,18.3,12.8,152.6,1001.1,82.1,8.8,76.1,6.5,4,,2024-05-14T05:09:37,2024-05-14T20:45:11,0.2,"Rain, Partially cloudy",Partly cloudy throughout the day with rain clearing later.,rain,"D5621,03781099999,03672099999,03772099999,03770099999",London
London,2024-05-15,69.5,56.6,62.1,69.5,56.6,62.1,50.9,69.7,0.032,100,8.33,rain,0,0,13.9,9.9,148.0,1004.2,49.3,10.7,118.8,10.3,9,,2024-05-15T05:08:08,2024-05-15T20:46:41,0.25,"Rain, Partially cloudy",Partly cloudy throughout the day with early morning rain.,rain,"D5621,03781099999,03672099999,03772099999,03770099999",London
London,2024-05-16,61.8,54.2,57.6,61.8,54.2,57.6,54.3,89.2,0.399,100,16.67,rain,0,0,12.1,6.9,221.6,1005.2,57.3,8.7,74.5,6.5,3,,2024-05-16T05:06:41,2024-05-16T20:48:10,0.27,"Rain, Partially cloudy",Partly cloudy throughout the day with rain.,rain,"03680099999,D5621,03781099999,03672099999,03772099999,03770099999",London
London,2024-05-17,70.9,50.1,61.5,70.9,50.1,61.5,50.6,70.4,0.0,0,0.0,,0,0,11.4,5.9,179.9,1009.2,36.4,13.1,177.8,15.5,10,,2024-05-17T05:05:17,2024-05-17T20:49:38,0.3,Partially cloudy,Partly cloudy throughout the day.,partly-cloudy-day,"03680099999,D5621,03781099999,03672099999,03772099999,03770099999",London
London,2024-05-18,68.3,56.0,60.4,68.3,56.0,60.4,53.3,78.1,0.008,100,4.17,rain,0,0,12.8,7.8,19.7,1012.8,64.7,8.3,76.1,6.7,3,,2024-05-18T05:03:54,2024-05-18T20:51:05,0.33,"Rain, Partially cloudy",Partly cloudy throughout the day with morning rain.,rain,"D5621,03781099999,03672099999,03772099999,03770099999",London
London,2024-05-19,73.5,53.3,62.6,73.5,53.3,62.6,49.2,63.5,0.0,0,0.0,,0,0,17.2,11.5,41.8,1013.8,40.5,9.3,225.0,19.3,9,,2024-05-19T05:02:33,2024-05-19T20:52:30,0.37,Partially cloudy,Clearing in the afternoon.,partly-cloudy-day,"D5621,03781099999,03672099999,03772099999,03770099999",London
London,2024-05-20,70.1,50.3,60.2,70.1,50.3,60.2,48.4,67.1,0.0,0,0.0,,0,0,19.0,8.9,37.4,1013.6,14.4,7.9,217.3,18.7,8,,2024-05-20T05:01:15,2024-05-20T20:53:55,0.4,Clear,Clear conditions throughout the day.,clear-day,"03680099999,D5621,03781099999,03672099999,03772099999,03770099999",London
London,2024-05-21,58.7,53.9,56.4,58.7,53.9,56.4,52.5,87.1,0.557,100,41.67,rain,0,0,12.8,8.1,0.9,1009.6,88.5,5.5,28.5,2.4,1,,2024-05-21T04:59:59,2024-05-21T20:55:18,0.43,"Rain, Partially cloudy",Partly cloudy throughout the day with rain.,rain,"D5621,03781099999,03672099999,03772099999,03770099999",London
London,2024-05-22,58.7,55.7,57.3,58.7,55.7,57.3,55.6,94.0,0.441,100,70.83,rain,0,0,23.0,14.6,254.5,1006.9,89.7,5.3,50.4,4.3,2,,2024-05-22T04:58:45,2024-05-22T20:56:40,0.46,"Rain, Partially cloudy",Partly cloudy throughout the day with a chance of rain throughout the day.,rain,"D5621,03781099999,03672099999,03772099999,03770099999",London
London,2024-05-23,65.0,53.3,58.4,65.0,53.3,58.4,49.2,73.0,0.0,0,0.0,,0,0,19.7,14.0,260.7,1013.1,73.6,10.9,116.1,10.2,8,,2024-05-23T04:57:34,2024-05-23T20:58:00,0.5,Partially cloudy,Partly cloudy throughout the day.,partly-cloudy-day,"03680099999,D5621,03781099999,03672099999,03772099999,03770099999",London
London,2024-05-24,65.4,49.7,58.2,65.4,46.9,58.0,45.3,63.6,0.0,0,0.0,,0,0,12.8,9.3,265.3,1018.2,59.7,11.7,168.4,14.5,10,,2024-05-24T04:56:25,2024-05-24T20:59:19,0.53,Partially cloudy,Partly cloudy throughout the day.,partly-cloudy-day,"D5621,03781099999,03672099999,03772099999,03770099999",London
London,2024-05-25,70.1,49.4,60.3,70.1,48.9,60.3,47.0,64.1,0.0,0,0.0,,0,0,12.8,9.9,179.6,1016.6,33.2,11.6,194.8,16.9,10,,2024-05-25T04:55:19,2024-05-25T21:00:37,0.57,Partially cloudy,Partly cloudy throughout the day.,partly-cloudy-day,"D5621,03781099999,03672099999,03772099999,03770099999",London
London,2024-05-26,67.2,54.6,60.2,67.2,54.6,60.2,51.5,74.4,0.22,100,33.33,rain,0,0,26.6,17.9,213.8,1011.6,75.1,9.1,168.0,14.4,10,,2024-05-26T04:54:15,2024-05-26T21:01:52,0.6,"Rain, Partially cloudy",Partly cloudy throughout the day with rain.,rain,"03680099999,D5621,03781099999,03672099999,03761099999,EGLC,03658099999,03772099999,03770099999",London
London,2024-05-27,62.0,53.0,56.9,62.0,53.0,56.9,47.9,72.8,0.008,100,4.17,rain,0,0,26.4,16.2,231.4,1014.9,59.9,10.4,136.2,11.8,8,,2024-05-27T04:53:14,2024-05-27T21:03:06,0.64,"Rain, Partially cloudy",Partly cloudy throughout the day with afternoon rain.,rain,"D5621,03781099999,03672099999,03772099999,03770099999",London
London,2024-05-28,63.6,51.2,57.7,63.6,51.2,57.7,53.9,87.4,0.071,100,16.67,rain,0,0,28.9,17.0,211.4,1012.5,85.1,6.4,62.3,5.3,3,,2024-05-28T04:52:15,2024-05-28T21:04:19,0.67,"Rain, Partially cloudy",Partly cloudy throughout the day with rain.,rain,"D5621,03781099999,03672099999,03772099999,03770099999",London
London,2024-05-29,69.1,56.6,61.7,69.1,56.6,61.7,50.7,68.8,0.008,100,4.17,rain,0,0,24.4,15.3,268.2,1008.8,69.2,11.4,147.8,12.8,9,,2024-05-29T04:51:19,2024-05-29T21:05:29,0.71,"Rain, Partially cloudy",Partly cloudy throughout the day with early morning rain.,rain,"03680099999,D5621,03781099999,03672099999,03772099999,03770099999",London
London,2024-05-30,66.3,56.0,59.3,66.3,56.0,59.3,49.4,70.0,0.008,100,4.17,rain,0,0,23.0,14.8,312.8,1010.3,82.5,12.6,105.3,9.0,9,,2024-05-30T04:50:26,2024-05-30T21:06:38,0.75,"Rain, Partially cloudy",Partly cloudy throughout the day with late afternoon rain.,rain,"D5621,03781099999,03672099999,03772099999,03770099999",London
London,2024-05-31,57.8,54.8,56.6,57.8,54.8,56.6,48.4,74.3,0.0,0,0.0,,0,0,27.7,15.9,348.4,1018.6,91.3,10.3,39.6,3.3,1,,2024-05-31T04:49:36,2024-05-31T21:07:44,0.78,Overcast,Cloudy skies throughout the day.,cloudy,"D5621,03781099999,03672099999,03772099999,03770099999",London
London,2024-06-01,62.0,50.6,56.1,62.0,50.6,56.1,46.9,71.5,0.0,0,0.0,,0,0,30.9,14.8,9.0,1025.1,82.1,9.7,112.5,10.0,6,,2024-06-01T04:48:48,2024-06-01T21:08:49,0.82,Partially cloudy,Partly cloudy throughout the day.,partly-cloudy-day,"03680099999,D5621,03781099999,03672099999,03772099999,03770099999",London
London,2024-06-02,74.0,51.5,62.5,74.0,51.5,62.5,47.2,60.1,0.0,0,0.0,,0,0,19.7,10.7,3.7,1026.4,26.3,9.7,230.1,19.7,9,,2024-06-02T04:48:03,2024-06-02T21:09:51,0.85,Partially cloudy,Partly cloudy throughout the day.,partly-cloudy-day,"D5621,03781099999,03672099999,03772099999,03770099999",London
London,2024-06-03,68.3,54.8,62.8,68.3,54.8,62.8,52.4,69.4,0.0,0,0.0,,0,0,15.0,8.2,318.9,1021.3,66.0,10.6,108.5,9.4,3,,2024-06-03T04:47:21,2024-06-03T21:10:52,0.89,Partially cloudy,Partly cloudy throughout the day.,partly-cloudy-day,"EGWU,EGLL,D5621,03781099999,03672099999,EGLC,03772099999,03770099999",London
London,2024-06-04,68.1,54.2,62.8,68.1,54.2,62.8,53.9,73.1,0.024,100,4.17,rain,0,0,27.7,15.6,249.0,1011.9,91.8,10.7,111.2,9.9,4,,2024-06-04T04:46:42,2024-06-04T21:11:50,0.93,"Rain, Overcast",Cloudy skies throughout the day with late afternoon rain.,rain,"D5621,03781099999,03672099999,03772099999,03770099999",London
London,2024-06-05,62.0,47.0,55.9,62.0,45.6,55.8,40.9,59.9,0.0,0,0.0,,0,0,20.8,13.6,279.2,1013.8,28.5,9.4,120.8,10.3,7,,2024-06-05T04:46:06,2024-06-05T21:12:46,0.96,Partially cloudy,Partly cloudy throughout the day.,partly-cloudy-day,"D5621,03781099999,03672099999,03772099999,03770099999",London
London,2024-06-06,64.5,50.6,58.1,64.5,50.6,58.1,43.4,59.2,0.0,0,0.0,,0,0,16.1,11.1,264.7,1016.9,43.7,8.8,130.0,11.1,7,,2024-06-06T04:45:33,2024-06-06T21:13:39,0.0,Partially cloudy,Partly cloudy throughout the day.,partly-cloudy-day,"D5621,03781099999,03672099999,03768099999,EGLC,03772099999,03770099999",London
London,2024-06-07,65.9,47.6,59.0,65.9,46.7,59.0,45.8,62.6,0.0,0,0.0,,0,0,18.3,13.6,255.1,1018.1,47.9,10.4,202.8,17.4,9,,2024-06-07T04:45:02,2024-06-07T21:14:30,0.03,Partially cloudy,Becoming cloudy in the afternoon.,partly-cloudy-day,"D5621,03781099999,03672099999,03772099999,03770099999",London
London,2024-06-08,65.9,51.9,59.2,65.9,51.9,59.2,45.9,63.0,0.0,0,0.0,,0,0,17.2,13.4,285.9,1013.4,40.5,12.7,124.4,10.5,8,,2024-06-08T04:44:35,2024-06-08T21:15:19,0.06,Partially cloudy,Partly cloudy throughout the day.,partly-cloudy-day,"03680099999,D5621,03781099999,03672099999,03772099999,03770099999",London
London,2024-06-09,61.4,45.7,56.4,61.4,45.6,56.2,42.5,60.2,0.0,0,0.0,,0,0,20.8,13.4,288.0,1013.0,49.1,12.0,101.2,8.7,6,,2024-06-09T04:44:11,2024-06-09T21:16:04,0.09,Partially cloudy,Partly cloudy throughout the day.,partly-cloudy-day,"03680099999,D5621,03781099999,03672099999,03772099999,03770099999",London
London,2024-06-10,61.4,47.9,54.5,61.4,47.9,54.5,46.8,76.0,0.22,100,29.17,rain,0,0,24.2,15.5,310.2,1010.9,74.8,11.9,98.5,8.5,7,,2024-06-10T04:43:50,2024-06-10T21:16:48,0.13,"Rain, Partially cloudy",Partly cloudy throughout the day with a chance of rain throughout the day.,rain,"D5621,03781099999,03672099999,03772099999,03770099999",London
London,2024-06-11,61.4,45.8,53.8,61.4,43.8,53.2,43.3,69.0,0.0,0,0.0,,0,0,16.1,11.1,318.9,1018.1,49.8,11.9,148.3,12.8,10,,2024-06-11T04:43:32,2024-06-11T21:17:28,0.16,Partially cloudy,Partly cloudy throughout the day.,partly-cloudy-day,"D5621,03781099999,03672099999,03772099999,03770099999",London
London,2024-06-12,62.7,47.9,55.6,62.7,47.9,55.6,43.0,64.1,0.0,0,0.0,,0,0,11.4,8.1,267.4,1020.6,52.3,10.6,62.2,5.2,3,,2024-06-12T04:43:17,2024-06-12T21:18:06,0.19,Partially cloudy,Partly cloudy throughout the day.,partly-cloudy-day,"D5621,03781099999,03672099999,03772099999,03770099999",London
London,2024-06-13,62.0,47.0,55.4,62.0,46.3,55.2,45.1,69.6,0.008,100,4.17,rain,0,0,36.9,17.0,196.7,1013.2,53.6,10.0,98.5,8.7,4,,2024-06-13T04:43:05,2024-06-13T21:18:42,0.22,"Rain, Partially cloudy",Partly cloudy throughout the day with late afternoon rain.,rain,"D5621,03781099999,03672099999,03772099999,03770099999",London
London,2024-06-14,66.8,53.7,59.6,66.8,53.7,59.6,50.0,72.1,0.04,100,12.5,rain,0,0,27.7,19.3,212.4,1001.1,80.2,8.6,117.4,10.1,9,,2024-06-14T04:42:56,2024-06-14T21:19:14,0.25,"Rain, Partially cloudy",Partly cloudy throughout the day with rain.,rain,"D5621,03781099999,03672099999,03768099999,EGLC,03772099999,03770099999",London
London,2024-06-15,64.6,50.3,56.7,64.6,50.3,56.7,49.6,77.8,0.221,100,25.0,rain,0,0,27.7,18.7,229.5,999.1,76.3,9.4,112.3,9.6,7,,2024-06-15T04:42:50,2024-06-15T21:19:43,0.29,"Rain, Partially cloudy",Partly cloudy throughout the day with a chance of rain throughout the day.,rain,"D5621,03781099999,03672099999,03772099999,03770099999",London
London,2024-06-16,69.0,52.4,60.7,69.0,52.4,60.7,48.3,65.6,0.0,0,0.0,,0,0,21.9,14.6,235.9,1002.2,53.5,10.2,142.8,12.2,9,,2024-06-16T04:42:47,2024-06-16T21:20:10,0.32,Partially cloudy,Partly cloudy throughout the day.,partly-cloudy-day,"D5621,03781099999,03672099999,03772099999,03770099999",London
London,2024-06-17,71.9,52.1,62.6,71.9,52.1,62.6,48.1,61.7,0.0,0,0.0,,0,0,19.2,10.7,236.0,1009.6,24.3,11.8,244.8,21.2,10,,2024-06-17T04:42:47,2024-06-17T21:20:34,0.35,Partially cloudy,Partly cloudy throughout the day.,partly-cloudy-day,"03680099999,D5621,03781099999,03672099999,03772099999,03770099999",London
London,2024-06-18,72.2,55.5,63.9,72.2,55.5,63.9,50.8,63.8,0.0,0,0.0,,0,0,15.0,10.6,16.0,1014.0,30.7,11.8,159.0,13.8,9,,2024-06-18T04:42:51,2024-06-18T21:20:54,0.38,Partially cloudy,Partly cloudy throughout the day.,partly-cloudy-day,"D5621,03781099999,03672099999,03772099999,03770099999",London
London,2024-06-19,69.5,55.7,61.3,69.5,55.7,61.3,49.0,65.5,0.0,0,0.0,,0,0,18.3,11.6,54.0,1020.5,52.2,10.9,175.5,15.2,8,,2024-06-19T04:42:57,2024-06-19T21:21:12,0.42,Partially cloudy,Partly cloudy throughout the day.,partly-cloudy-day,"03680099999,D5621,03781099999,03672099999,03772099999,03770099999",London
London,2024-06-20,72.6,52.8,62.6,72.6,52.8,62.6,47.6,60.1,0.0,0,0.0,,0,0,13.9,8.8,58.3,1019.9,2.0,11.5,218.8,18.8,8,,2024-06-20T04:43:06,2024-06-20T21:21:27,0.45,Clear,Clear conditions throughout the day.,clear-day,"03680099999,D5621,03781099999,03672099999,03768099999,EGLC,03772099999,03770099999",London
London,2024-06-21,74.9,52.1,64.9,74.9,52.1,64.9,50.5,63.1,0.0,0,0.0,,0,0,25.3,17.2,235.9,1013.5,18.2,12.0,238.8,20.6,9,,2024-06-21T04:43:19,2024-06-21T21:21:38,0.48,Clear,Clear conditions throughout the day.,clear-day,"03769099999,D5621,03781099999,03672099999,03772099999,03770099999",London
London,2024-06-22,72.6,57.8,64.0,72.6,57.8,64.0,52.5,68.2,0.0,0,0.0,,0,0,19.7,12.2,257.7,1012.7,67.2,10.6,81.3,7.0,3,,2024-06-22T04:43:34,2024-06-22T21:21:47,0.5,Partially cloudy,Partly cloudy throughout the day.,partly-cloudy-day,"D5621,03781099999,03672099999,03772099999,03770099999",London
London,2024-06-23,74.4,53.7,66.0,74.4,53.7,66.0,53.1,64.4,0.0,0,0.0,,0,0,13.9,8.7,252.7,1019.2,40.4,12.1,206.0,17.5,9,,2024-06-23T04:43:52,2024-06-23T21:21:52,0.55,Partially cloudy,Becoming cloudy in the afternoon.,partly-cloudy-day,"D5621,03781099999,03672099999,03772099999,03770099999",London
London,2024-06-24,81.2,60.5,71.8,81.4,60.5,71.8,58.4,64.8,0.0,0,0.0,,0,0,11.4,6.8,202.4,1019.0,50.4,12.3,185.9,16.1,9,,2024-06-24T04:44:14,2024-06-24T21:21:54,0.59,Partially cloudy,Partly cloudy throughout the day.,partly-cloudy-day,"03680099999,D5621,03781099999,03672099999,03772099999,03770099999",London
London,2024-06-25,83.5,58.4,72.1,83.2,58.4,72.0,56.1,59.5,0.0,0,0.0,,0,0,10.3,8.3,85.3,1015.6,6.7,11.7,201.1,17.5,9,,2024-06-25T04:44:38,2024-06-25T21:21:54,0.62,Clear,Clear conditions throughout the day.,clear-day,"D5621,03781099999,03672099999,03772099999,03770099999",London
London,2024-06-26,83.0,63.6,73.6,83.0,63.6,73.6,57.5,58.6,0.0,0,0.0,,0,0,15.0,10.1,152.0,1011.9,6.2,9.3,216.7,18.6,8,,2024-06-26T04:45:05,2024-06-26T21:21:50,0.66,Clear,Clear conditions throughout the day.,clear-day,"03680099999,D5621,03768399999,03781099999,03672099999,EGLC,03772099999,03770099999",London
London,2024-06-27,74.6,60.5,68.7,74.6,60.5,68.7,54.0,60.5,0.0,0,0.0,,0,0,24.2,17.8,255.2,1008.9,30.7,9.9,171.8,15.0,9,,2024-06-27T04:45:35,2024-06-27T21:21:43,0.69,Partially cloudy,Partly cloudy throughout the day.,partly-cloudy-day,"D5621,03781099999,03672099999,03772099999,03770099999",London
London,2024-06-28,68.3,55.1,62.1,68.3,55.1,62.1,47.5,59.5,0.0,0,0.0,,0,0,25.3,15.7,251.4,1015.5,43.9,11.4,90.6,7.7,4,,2024-06-28T04:46:07,2024-06-28T21:21:33,0.75,Partially cloudy,Partly cloudy throughout the day.,partly-cloudy-day,"D5621,03781099999,03672099999,03772099999,03770099999",London
London,2024-06-29,75.8,53.0,65.5,75.8,53.0,65.5,46.2,52.6,0.0,0,0.0,,0,0,12.8,6.6,275.0,1013.9,4.8,11.2,233.7,20.2,9,,2024-06-29T04:46:43,2024-06-29T21:21:19,0.77,Clear,Clear conditions throughout the day.,clear-day,"D5621,03781099999,03672099999,03772099999,03770099999",London
London,2024-06-30,67.7,58.4,63.6,67.7,58.4,63.6,50.9,64.1,0.008,100,4.17,rain,0,0,16.1,10.6,328.7,1012.9,79.8,11.9,142.1,12.3,10,,2024-06-30T04:47:21,2024-06-30T21:21:03,0.8,"Rain, Partially cloudy",Partly cloudy throughout the day with afternoon rain.,rain,"D5621,03781099999,03672099999,F6665,03772099999,03770099999",London
London,2024-07-01,67.4,57.3,62.4,67.4,57.3,62.4,49.1,62.1,0.0,0,0.0,,0,0,19.7,13.9,295.9,1017.7,79.0,12.3,130.0,11.2,4,,2024-07-01T04:48:01,2024-07-01T21:20:43,0.84,Partially cloudy,Partly cloudy throughout the day.,partly-cloudy-day,"03680099999,F6665,03781099999,03672099999,03772099999,03770099999",London
London,2024-07-02,66.3,56.4,60.3,66.3,56.4,60.3,49.7,68.7,0.008,100,4.17,rain,0,0,19.7,11.6,319.4,1017.9,73.3,10.2,84.0,7.2,3,,2024-07-02T04:48:44,2024-07-02T21:20:21,0.87,"Rain, Partially cloudy",Partly cloudy throughout the day with afternoon rain.,rain,"D5621,F6665,03781099999,03672099999,03772099999,03770099999",London
London,2024-07-03,67.2,55.1,60.8,67.2,55.1,60.8,52.8,75.4,0.032,100,12.5,rain,0,0,21.9,15.0,233.3,1009.3,80.4,9.5,72.9,6.5,4,,2024-07-03T04:49:30,2024-07-03T21:19:55,0.91,"Rain, Partially cloudy",Partly cloudy throughout the day with rain clearing later.,rain,"D5621,03781099999,03672099999,03772099999,03770099999",London
London,2024-07-04,69.5,54.6,62.3,69.5,54.6,62.3,45.5,56.7,0.0,0,0.0,,0,0,34.9,21.9,270.3,1009.0,28.6,10.9,198.5,17.1,9,,2024-07-04T04:50:18,2024-07-04T21:19:26,0.95,Partially cloudy,Partly cloudy throughout the day.,partly-cloudy-day,"03680099999,D5621,03781099999,03672099999,03772099999,03770099999",London
London,2024-07-05,69.2,55.7,62.0,69.2,55.7,62.0,56.0,81.6,0.442,100,41.67,rain,0,0,27.7,13.6,224.3,1006.1,93.5,7.1,55.2,4.9,3,,2024-07-05T04:51:09,2024-07-05T21:18:55,0.0,"Rain, Overcast",Cloudy skies throughout the day with rain.,rain,"D5621,03781099999,03672099999,03772099999,03770099999",London
London,2024-07-06,63.8,53.0,58.4,63.8,53.0,58.4,51.8,80.1,0.386,100,37.5,rain,0,0,38.3,21.4,271.8,1002.0,70.9,13.2,77.5,6.8,3,,2024-07-06T04:52:02,2024-07-06T21:18:20,0.02,"Rain, Partially cloudy",Partly cloudy throughout the day with a chance of rain throughout the day.,rain,"03680099999,D5621,03781099999,03672099999,03772099999,03770099999",London
London,2024-07-07,63.2,52.4,57.9,63.2,52.4,57.9,50.2,75.9,0.206,100,12.5,rain,0,0,23.9,14.2,224.2,1009.7,46.4,10.4,108.8,9.4,5,,2024-07-07T04:52:57,2024-07-07T21:17:42,0.05,"Rain, Partially cloudy",Partly cloudy throughout the day with rain.,rain,"03680099999,D5621,03781099999,03672099999,03772099999,03770099999",London
London,2024-07-08,66.8,51.5,59.5,66.8,51.5,59.5,52.8,79.7,0.064,100,12.5,rain,0,0,15.0,9.3,171.7,1014.8,58.6,9.2,102.5,8.9,6,,2024-07-08T04:53:54,2024-07-08T21:17:02,0.08,"Rain, Partially cloudy",Partly cloudy throughout the day with late afternoon rain.,rain,"D5621,03781099999,03672099999,03772099999,03770099999",London
London,2024-07-09,66.5,58.4,62.9,66.5,58.4,62.9,60.5,91.9,0.412,100,50.0,rain,0,0,21.9,12.7,167.1,1010.3,95.0,6.6,46.1,3.9,2,,2024-07-09T04:54:54,2024-07-09T21:16:18,0.11,"Rain, Overcast",Cloudy skies throughout the day with a chance of rain throughout the day.,rain,"D5621,03781099999,03672099999,03772099999,03770099999",London
London,2024-07-10,70.4,60.5,64.6,70.4,60.5,64.6,55.6,73.4,0.0,0,0.0,,0,0,31.1,16.0,226.9,1012.1,84.6,12.2,86.5,7.3,3,,2024-07-10T04:55:55,2024-07-10T21:15:32,0.15,Partially cloudy,Partly cloudy throughout the day.,partly-cloudy-day,"03680099999,D5621,03781099999,03672099999,03772099999,03770099999",London
London,2024-07-11,73.6,55.5,65.0,73.6,55.5,65.0,51.7,65.0,0.313,100,8.33,rain,0,0,18.3,11.1,279.3,1016.8,44.6,12.3,256.8,22.3,9,,2024-07-11T04:56:59,2024-07-11T21:14:43,0.18,"Rain, Partially cloudy",Partly cloudy throughout the day with late afternoon rain.,rain,"03680099999,D5621,03781099999,03672099999,03772099999,03770099999",London
London,2024-07-12,65.6,56.6,60.4,65.6,56.6,60.4,50.6,71.3,0.031,100,8.33,rain,0,0,18.8,10.9,26.8,1016.6,89.2,9.4,112.8,9.9,5,,2024-07-12T04:58:04,2024-07-12T21:13:51,0.21,"Rain, Partially cloudy",Partly cloudy throughout the day with early morning rain.,rain,"03769099999,03680099999,D5621,03781099999,03672099999,03768099999,EGLC,03772099999,03770099999",London
London,2024-07-13,67.4,55.7,60.8,67.4,55.7,60.8,48.7,65.1,0.0,0,0.0,,0,0,15.9,9.2,288.6,1013.9,71.1,11.4,106.0,9.2,5,,2024-07-13T04:59:11,2024-07-13T21:12:56,0.25,Partially cloudy,Partly cloudy throughout the day.,partly-cloudy-day,"EGWU,03769099999,EGLL,03768399999,03768099999,03781099999,03672099999,03658099999,03772099999,03680099999,D5621,03761099999,EGLC,03770099999",London
London,2024-07-14,71.0,54.2,63.3,71.0,54.2,63.3,51.4,67.4,0.0,0,0.0,,0,0,19.5,10.8,237.2,1011.8,30.2,10.8,139.0,12.1,7,,2024-07-14T05:00:21,2024-07-14T21:11:58,0.27,Partially cloudy,Partly cloudy throughout the day.,partly-cloudy-day,"03769099999,EGWU,EGLL,03768399999,03781099999,03672099999,03768099999,03684099999,03658099999,03772099999,03693099999,03680099999,D5621,03761099999,EGLC,03770099999",London
London,2024-07-15,70.8,52.8,63.0,70.8,52.8,63.0,55.6,78.4,0.709,100,20.83,rain,0,0,18.3,10.3,139.4,1008.2,48.9,9.7,77.6,6.6,3,,2024-07-15T05:01:31,2024-07-15T21:10:58,0.31,"Rain, Partially cloudy",Partly cloudy throughout the day with late afternoon rain.,rain,"03769099999,03680099999,D5621,03781099999,03672099999,03772099999,03770099999",London
London,2024-07-16,69.5,57.8,63.9,69.5,57.8,63.9,57.2,79.8,0.016,100,4.17,rain,0,0,20.8,13.8,255.9,1009.2,76.5,11.6,150.6,13.1,7,,2024-07-16T05:02:44,2024-07-16T21:09:55,0.34,"Rain, Partially cloudy",Partly cloudy throughout the day with early morning rain.,rain,"D5621,03781099999,03672099999,03772099999,03770099999",London
London,2024-07-17,75.5,56.9,66.4,75.5,56.9,66.4,54.9,68.6,0.0,0,0.0,,0,0,15.0,9.9,247.2,1019.7,22.9,11.1,150.7,13.0,8,,2024-07-17T05:03:58,2024-07-17T21:08:50,0.37,Partially cloudy,Partly cloudy throughout the day.,partly-cloudy-day,"D5621,03781099999,03672099999,03772099999,03770099999",London
London,2024-07-18,81.6,57.5,69.9,81.1,57.5,69.8,56.0,64.2,0.0,0,0.0,,0,0,19.7,10.7,181.0,1020.2,21.7,11.9,219.3,18.9,8,,2024-07-18T05:05:13,2024-07-18T21:07:42,0.4,Partially cloudy,Partly cloudy throughout the day.,partly-cloudy-day,"03680099999,D5621,03781099999,03672099999,F6665,03772099999,03770099999",London
London,2024-07-19,87.5,61.1,75.2,86.5,61.1,75.1,58.9,60.2,0.0,0,0.0,,0,0,17.2,11.4,174.7,1016.0,2.5,11.7,176.8,15.5,8,,2024-07-19T05:06:30,2024-07-19T21:06:32,0.44,Clear,Clear conditions throughout the day.,clear-day,"D5621,03781099999,03672099999,03772099999,03770099999",London
London,2024-07-20,74.6,62.9,68.9,74.6,62.9,68.9,61.0,76.5,0.0,0,0.0,,0,0,19.7,11.0,218.7,1008.4,69.7,10.0,124.2,10.7,8,,2024-07-20T05:07:49,2024-07-20T21:05:19,0.47,Partially cloudy,Partly cloudy throughout the day.,partly-cloudy-day,"EGWU,03769099999,EGLL,03768399999,03781099999,03672099999,03768099999,03658099999,03772099999,03876099999,03680099999,D5621,03761099999,EGLC,03770099999",London
London,2024-07-21,73.7,63.6,68.4,73.7,63.6,68.4,57.3,69.5,0.039,100,8.33,rain,0,0,17.2,11.2,284.5,1010.0,76.2,11.5,122.2,10.5,5,,2024-07-21T05:09:08,2024-07-21T21:04:04,0.5,"Rain, Partially cloudy",Partly cloudy throughout the day with early morning rain.,rain,"D5621,03781099999,03672099999,03768099999,03772099999,03770099999",London
London,2024-07-22,74.9,58.4,66.3,74.9,58.4,66.3,57.3,73.0,0.0,0,0.0,,0,0,31.1,17.1,214.4,1014.5,58.2,10.4,83.9,7.2,4,,2024-07-22T05:10:29,2024-07-22T21:02:46,0.54,Partially cloudy,Partly cloudy throughout the day.,partly-cloudy-day,"03680099999,D5621,03781099999,03672099999,03772099999,03770099999",London
London,2024-07-23,73.1,62.7,67.7,73.1,62.7,67.7,58.4,73.2,0.008,100,4.17,rain,0,0,17.2,11.8,280.7,1017.5,85.3,10.1,93.3,8.2,3,,2024-07-23T05:11:51,2024-07-23T21:01:26,0.57,"Rain, Partially cloudy",Partly cloudy throughout the day with morning rain.,rain,"D5621,03768399999,03781099999,03672099999,03768099999,EGLC,03772099999,03770099999",London
London,2024-07-24,76.4,61.4,68.1,76.4,61.4,68.1,58.0,71.5,0.0,0,0.0,,0,0,23.7,15.0,202.8,1020.0,48.8,10.6,126.8,11.0,6,,2024-07-24T05:13:14,2024-07-24T21:00:04,0.61,Partially cloudy,Becoming cloudy in the afternoon.,partly-cloudy-day,"03680099999,D5621,03781099999,03672099999,03772099999,03770099999",London
London,2024-07-25,68.3,61.1,64.4,68.3,61.1,64.4,60.0,85.9,0.008,100,4.17,rain,0,0,24.2,13.2,214.4,1011.6,96.8,7.0,53.8,4.7,2,,2024-07-25T05:14:39,2024-07-25T20:58:40,0.64,"Rain, Overcast",Cloudy skies throughout the day with late afternoon rain.,rain,"D5621,03781099999,03672099999,03772099999,03770099999",London
London,2024-07-26,72.7,56.9,65.4,72.7,56.9,65.4,54.2,69.0,0.0,0,0.0,,0,0,16.1,10.9,248.5,1010.7,29.5,10.4,165.7,14.1,8,,2024-07-26T05:16:04,2024-07-26T20:57:14,0.68,Partially cloudy,Partly cloudy throughout the day.,partly-cloudy-day,"D5621,03781099999,03672099999,03772099999,03770099999",London
London,2024-07-27,75.8,54.8,65.4,75.8,54.8,65.4,51.3,63.4,0.0,0,0.0,,0,0,17.4,11.4,289.6,1014.7,21.4,11.7,195.1,16.6,9,,2024-07-27T05:17:30,2024-07-27T20:55:45,0.71,Partially cloudy,Partly cloudy throughout the day.,partly-cloudy-day,"03680099999,D5621,03781099999,03672099999,03772099999,03770099999",London
London,2024-07-28,78.2,54.8,67.8,78.2,54.8,67.8,52.4,60.7,0.0,0,0.0,,0,0,11.4,7.6,206.2,1024.2,8.6,12.6,179.1,15.6,9,,2024-07-28T05:18:57,2024-07-28T20:54:15,0.75,Clear,Clear conditions throughout the day.,clear-day,"D5621,03781099999,03672099999,03772099999,03770099999",London
London,2024-07-29,83.9,59.3,71.5,82.5,59.3,71.3,54.4,57.4,0.0,0,0.0,,0,0,16.1,8.2,120.8,1020.8,1.6,12.5,165.3,14.5,8,,2024-07-29T05:20:25,2024-07-29T20:52:42,0.79,Clear,Clear conditions throughout the day.,clear-day,"03769099999,D5621,03781099999,03672099999,F6665,03772099999,03770099999",London
London,2024-07-30,88.4,63.2,75.1,87.3,63.2,74.9,58.2,58.4,0.0,0,0.0,,0,0,14.5,8.5,57.1,1016.5,3.0,9.2,171.8,14.9,8,,2024-07-30T05:21:53,2024-07-30T20:51:08,0.82,Clear,Clear conditions throughout the day.,clear-day,"03680099999,D5621,03781099999,03672099999,03768099999,03772099999,03770099999",London
London,2024-07-31,83.6,66.3,73.7,83.6,66.3,73.7,57.3,57.4,0.0,0,0.0,,0,0,21.5,12.2,79.3,1014.6,27.5,9.1,155.3,13.4,8,,2024-07-31T05:23:23,2024-07-31T20:49:31,0.86,Partially cloudy,Partly cloudy throughout the day.,partly-cloudy-day,"EGWU,03680099999,EGLL,D5621,03781099999,03672099999,EGLC,03772099999,03770099999",London
London,2024-08-01,82.7,65.6,72.3,84.5,65.6,72.5,61.4,69.9,0.04,100,4.17,rain,0,0,18.3,6.8,54.7,1012.6,46.0,8.1,128.1,11.1,6,,2024-08-01T05:24:53,2024-08-01T20:47:53,0.89,"Rain, Partially cloudy",Partly cloudy throughout the day with late afternoon rain.,rain,"03769099999,03680099999,D5621,03781099999,03672099999,03772099999,03770099999",London
London,2024-08-02,80.7,66.3,71.4,81.2,66.3,71.4,61.5,73.5,0.0,0,0.0,,0,0,16.1,12.8,245.6,1011.9,57.8,6.2,104.4,8.8,7,,2024-08-02T05:26:23,2024-08-02T20:46:13,0.93,Partially cloudy,Partly cloudy throughout the day.,partly-cloudy-day,"EGWU,03680099999,EGLL,D5621,03781099999,03672099999,EGLC,03772099999,03770099999",London
London,2024-08-03,74.9,64.7,69.7,74.9,64.7,69.7,56.3,64.4,0.0,0,0.0,,0,0,24.2,16.5,254.4,1011.4,56.7,9.8,119.2,10.4,8,,2024-08-03T05:27:54,2024-08-03T20:44:31,0.96,Partially cloudy,Partly cloudy throughout the day.,partly-cloudy-day,"EGWU,EGLL,D5621,03781099999,03672099999,EGLC,03772099999,03770099999",London
London,2024-08-04,74.9,56.6,65.3,74.9,56.6,65.3,50.2,58.9,0.0,0,0.0,,0,0,16.1,11.4,246.0,1015.2,20.9,10.7,119.8,10.2,7,,2024-08-04T05:29:26,2024-08-04T20:42:48,0.0,Partially cloudy,Becoming cloudy in the afternoon.,partly-cloudy-day,"D5621,03781099999,03672099999,F6665,03772099999,03770099999",London
London,2024-08-05,77.3,59.3,67.9,77.3,59.3,67.9,58.3,72.3,0.0,0,0.0,,0,0,21.9,13.8,215.0,1012.7,54.2,9.0,211.1,18.3,8,,2024-08-05T05:30:58,2024-08-05T20:41:03,0.03,Partially cloudy,Partly cloudy throughout the day.,partly-cloudy-day,"D5621,F6665,03781099999,03672099999,03772099999,03770099999",London
London,2024-08-06,72.2,61.1,67.0,72.2,61.1,67.0,58.9,75.8,0.025,100,12.5,rain,0,0,20.8,12.9,227.3,1009.6,67.7,8.9,87.9,7.7,5,,2024-08-06T05:32:31,2024-08-06T20:39:16,0.07,"Rain, Partially cloudy",Partly cloudy throughout the day with afternoon rain.,rain,"03680099999,D5621,03781099999,03672099999,03772099999,03770099999",London
London,2024-08-07,71.3,55.5,63.8,71.3,55.5,63.8,52.2,67.5,0.0,0,0.0,,0,0,21.9,14.9,237.4,1012.3,45.9,10.9,97.3,8.4,8,,2024-08-07T05:34:04,2024-08-07T20:37:28,0.1,Partially cloudy,Partly cloudy throughout the day.,partly-cloudy-day,"D5621,03781099999,03672099999,03772099999,03770099999",London
London,2024-08-08,69.9,56.9,64.3,69.9,56.9,64.3,56.8,77.3,0.016,100,8.33,rain,0,0,27.7,18.4,210.7,1013.8,57.9,7.6,95.8,8.4,4,,2024-08-08T05:35:37,2024-08-08T20:35:38,0.13,"Rain, Partially cloudy",Partly cloudy throughout the day with afternoon rain.,rain,"D5621,03781099999,03672099999,03772099999,03770099999",London
London,2024-08-09,76.7,65.6,70.1,76.7,65.6,70.1,56.8,65.1,0.0,0,0.0,,0,0,27.7,17.4,255.8,1013.8,54.0,10.5,120.3,10.6,8,,2024-08-09T05:37:11,2024-08-09T20:33:47,0.16,Partially cloudy,Partly cloudy throughout the day.,partly-cloudy-day,"03680099999,D5621,03781099999,03672099999,03772099999,03770099999",London
London,2024-08-10,76.4,59.3,67.4,76.4,59.3,67.4,57.2,70.2,0.0,0,0.0,,0,0,23.0,15.0,233.2,1019.4,50.7,10.2,93.8,8.0,5,,2024-08-10T05:38:45,2024-08-10T20:31:55,0.2,Partially cloudy,Partly cloudy throughout the day.,partly-cloudy-day,"D5621,03781099999,03672099999,03772099999,03770099999",London
London,2024-08-11,81.8,63.2,72.1,83.2,63.2,72.4,59.7,66.5,0.0,0,0.0,,0,0,21.5,16.1,95.2,1019.5,32.8,9.3,156.8,13.5,8,,2024-08-11T05:40:19,2024-08-11T20:30:01,0.23,Partially cloudy,Partly cloudy throughout the day.,partly-cloudy-day,"03769099999,EGWU,EGLL,D5621,03781099999,03672099999,EGLC,03772099999,03770099999",London
London,2024-08-12,90.6,65.4,77.0,94.9,65.4,78.3,64.2,66.7,0.0,0,0.0,,0,0,26.8,14.1,150.0,1008.7,16.4,6.4,164.7,14.4,7,,2024-08-12T05:41:54,2024-08-12T20:28:05,0.25,Clear,Clear conditions throughout the day.,clear-day,"EGWU,EGLL,D5621,03781099999,03672099999,EGLC,03772099999,03770099999",London
London,2024-08-13,80.0,59.3,69.3,80.0,59.3,69.3,54.5,61.0,0.0,0,0.0,,0,0,19.7,11.4,232.2,1009.3,18.0,11.4,160.1,13.8,8,,2024-08-13T05:43:28,2024-08-13T20:26:09,0.29,Clear,Clear conditions throughout the day.,clear-day,"D5621,03781099999,03672099999,03772099999,03770099999",London
London,2024-08-14,75.3,64.1,69.4,75.3,64.1,69.4,60.0,72.6,0.0,0,0.0,,0,0,12.8,9.2,261.6,1013.3,87.3,10.7,114.5,10.0,7,,2024-08-14T05:45:03,2024-08-14T20:24:11,0.33,Partially cloudy,Partly cloudy throughout the day.,partly-cloudy-day,"03680099999,D5621,03781099999,03672099999,03772099999,03770099999",London
London,2024-08-15,72.7,59.3,66.6,72.7,59.3,66.6,58.5,75.8,0.0,0,0.0,,0,0,36.0,17.2,223.4,1014.7,68.7,7.7,132.5,11.4,7,,2024-08-15T05:46:38,2024-08-15T20:22:12,0.36,Partially cloudy,Partly cloudy throughout the day.,partly-cloudy-day,"03680099999,D5621,03781099999,03672099999,03772099999,03770099999",London
London,2024-08-16,76.4,60.2,67.5,76.4,60.2,67.5,56.1,69.7,0.134,100,16.67,rain,0,0,17.2,10.5,282.9,1014.4,39.5,12.7,100.8,8.5,6,,2024-08-16T05:48:13,2024-08-16T20:20:12,0.39,"Rain, Partially cloudy",Partly cloudy throughout the day with rain.,rain,"03680099999,D5621,03781099999,03672099999,03772099999,03770099999",London
London,2024-08-17,74.0,56.9,65.0,74.0,56.9,65.0,49.1,58.6,0.0,0,0.0,,0,0,11.4,7.2,295.9,1013.6,10.2,14.4,152.3,13.2,7,,2024-08-17T05:49:49,2024-08-17T20:18:11,0.42,Clear,Clear conditions throughout the day.,clear-day,"D5621,03781099999,03672099999,F6665,03772099999,03770099999",London
London,2024-08-18,74.9,57.5,65.8,74.9,57.5,65.8,51.0,61.0,0.0,0,0.0,,0,0,17.2,12.3,274.6,1014.3,26.1,12.5,128.4,10.9,8,,2024-08-18T05:51:24,2024-08-18T20:16:08,0.46,Partially cloudy,Partly cloudy throughout the day.,partly-cloudy-day,"D5621,03781099999,03672099999,03772099999,03770099999",London
London,2024-08-19,68.6,54.6,63.1,68.6,54.6,63.1,53.5,71.6,0.0,0,0.0,,0,0,25.3,16.1,217.3,1015.8,43.6,7.0,105.8,9.0,5,,2024-08-19T05:52:59,2024-08-19T20:14:05,0.5,Partially cloudy,Becoming cloudy in the afternoon.,partly-cloudy-day,"03680099999,D5621,03781099999,03672099999,03772099999,03770099999",London
London,2024-08-20,74.0,60.5,67.5,74.0,60.5,67.5,54.1,64.4,0.0,0,0.0,,0,0,30.4,17.8,248.8,1009.7,62.4,12.0,125.5,11.0,9,,2024-08-20T05:54:35,2024-08-20T20:12:00,0.52,Partially cloudy,Partly cloudy throughout the day.,partly-cloudy-day,"EGWU,EGLL,03680099999,D5621,03781099999,03672099999,EGLC,03772099999,03770099999",London
London,2024-08-21,69.5,53.7,62.1,69.5,53.7,62.1,49.2,64.0,0.0,0,0.0,,0,0,23.0,16.3,247.7,1016.6,48.0,11.6,148.4,12.9,8,,2024-08-21T05:56:11,2024-08-21T20:09:55,0.56,Partially cloudy,Partly cloudy throughout the day.,partly-cloudy-day,"D5621,03781099999,03672099999,03772099999,03770099999",London
London,2024-08-22,67.4,60.0,64.2,67.4,60.0,64.2,57.1,77.8,0.0,0,0.0,,0,0,33.3,19.6,216.2,1007.2,81.9,7.7,32.6,2.9,1,,2024-08-22T05:57:46,2024-08-22T20:07:49,0.59,Partially cloudy,Partly cloudy throughout the day.,partly-cloudy-day,"D5621,03781099999,03672099999,03772099999,03770099999",London
London,2024-08-23,73.7,62.3,67.0,73.7,62.3,67.0,53.2,63.7,0.031,100,8.33,rain,0,0,34.4,21.5,235.8,1003.9,54.7,11.0,157.8,13.6,8,,2024-08-23T05:59:22,2024-08-23T20:05:42,0.63,"Rain, Partially cloudy",Clearing in the afternoon with morning rain.,rain,"03680099999,D5621,03781099999,03672099999,03772099999,03770099999",London
London,2024-08-24,63.6,54.8,59.6,63.6,54.8,59.6,56.0,88.4,0.38,100,54.17,rain,0,0,19.7,12.8,222.2,1005.2,72.5,9.6,33.9,2.8,1,,2024-08-24T06:00:57,2024-08-24T20:03:34,0.66,"Rain, Partially cloudy",Partly cloudy throughout the day with a chance of rain throughout the day.,rain,"D5621,03781099999,03672099999,03772099999,03770099999",London
London,2024-08-25,68.6,51.2,59.9,68.6,51.2,59.9,50.0,72.1,0.008,100,4.17,rain,0,0,34.4,19.4,229.7,1017.6,36.0,11.2,134.2,11.7,6,,2024-08-25T06:02:33,2024-08-25T20:01:25,0.7,"Rain, Partially cloudy",Partly cloudy throughout the day with early morning rain.,rain,"03680099999,D5621,03781099999,03672099999,03772099999,03770099999",London
London,2024-08-26,73.7,60.0,65.1,73.7,60.0,65.1,53.6,68.1,0.0,0,0.0,,0,0,23.3,13.5,228.9,1019.0,57.3,8.9,110.3,9.5,7,,2024-08-26T06:04:09,2024-08-26T19:59:15,0.75,Partially cloudy,Partly cloudy throughout the day.,partly-cloudy-day,"03680099999,D5621,03781099999,03672099999,03772099999,03770099999",London
London,2024-08-27,78.0,59.6,67.9,78.0,59.6,67.9,55.5,67.3,0.0,0,0.0,,0,0,28.6,14.6,191.2,1017.9,36.3,10.2,155.2,13.4,8,,2024-08-27T06:05:44,2024-08-27T19:57:05,0.77,Partially cloudy,Partly cloudy throughout the day.,partly-cloudy-day,"03680099999,D5621,03781099999,03672099999,03772099999,03770099999",London
London,2024-08-28,83.6,58.2,70.4,83.5,58.2,70.4,56.1,62.7,0.0,0,0.0,,0,0,21.0,12.0,187.4,1013.1,23.4,12.2,108.2,9.4,6,,2024-08-28T06:07:20,2024-08-28T19:54:54,0.8,Partially cloudy,Partly cloudy throughout the day.,partly-cloudy-day,"03680099999,D5621,03781099999,03672099999,03772099999,03770099999",London
London,2024-08-29,72.8,57.3,65.0,72.8,57.3,65.0,51.0,62.8,0.0,0,0.0,,0,0,17.2,12.2,275.3,1017.9,11.7,11.8,123.6,10.6,7,,2024-08-29T06:08:56,2024-08-29T19:52:42,0.84,Clear,Clear conditions throughout the day.,clear-day,"03680099999,D5621,03781099999,03672099999,03772099999,03770099999",London
London,2024-08-30,72.8,55.1,63.4,72.8,55.1,63.4,50.4,64.1,0.0,0,0.0,,0,0,16.1,9.6,64.4,1022.7,7.9,8.4,116.3,10.1,6,,2024-08-30T06:10:31,2024-08-30T19:50:30,0.87,Clear,Clear conditions throughout the day.,clear-day,"03680099999,D5621,03781099999,03672099999,03772099999,03770099999",London
London,2024-08-31,69.0,60.2,64.2,69.0,60.2,64.2,54.2,70.4,0.0,0,0.0,,0,0,25.3,15.2,61.4,1022.1,77.7,7.4,41.5,3.5,2,,2024-08-31T06:12:07,2024-08-31T19:48:17,0.91,Partially cloudy,Partly cloudy throughout the day.,partly-cloudy-day,"D5621,03781099999,03672099999,03772099999,03770099999",London
London,2024-09-01,83.0,62.9,70.9,84.8,62.9,71.2,62.0,74.8,0.0,0,0.0,,0,0,18.3,11.6,73.8,1013.6,49.9,6.7,112.1,9.7,6,,2024-09-01T06:13:43,2024-09-01T19:46:04,0.94,Partially cloudy,Clearing in the afternoon.,partly-cloudy-day,"D5621,03781099999,03672099999,03772099999,03770099999",London
London,2024-09-02,70.1,65.9,68.0,70.1,65.9,68.0,63.1,84.7,0.008,100,4.17,rain,0,0,18.3,12.6,193.0,1010.2,81.2,7.0,37.5,3.3,2,,2024-09-02T06:15:18,2024-09-02T19:43:50,0.98,"Rain, Partially cloudy",Partly cloudy throughout the day with afternoon rain.,rain,"03680099999,D5621,03781099999,03672099999,03772099999,03770099999",London
London,2024-09-03,74.5,62.7,66.7,74.5,62.7,66.7,59.2,77.9,0.016,100,8.33,rain,0,0,20.8,13.1,259.5,1012.5,88.4,11.3,84.0,7.2,8,,2024-09-03T06:16:54,2024-09-03T19:41:35,0.0,"Rain, Partially cloudy",Partly cloudy throughout the day with early morning rain.,rain,"D5621,03781099999,03672099999,03772099999,03770099999",London
London,2024-09-04,66.5,57.4,63.2,66.5,57.4,63.2,52.3,68.4,0.0,0,0.0,,0,0,13.9,8.9,349.9,1016.6,69.1,12.2,90.4,7.9,5,,2024-09-04T06:18:29,2024-09-04T19:39:20,0.05,Partially cloudy,Partly cloudy throughout the day.,partly-cloudy-day,"D5621,03781099999,03672099999,03772099999,03770099999",London
London,2024-09-05,67.2,57.5,62.4,67.2,57.5,62.4,59.4,90.1,0.417,100,37.5,rain,0,0,26.4,17.0,32.7,1012.4,92.4,5.4,17.4,1.6,1,,2024-09-05T06:20:05,2024-09-05T19:37:05,0.08,"Rain, Overcast",Cloudy skies throughout the day with a chance of rain throughout the day.,rain,"03680099999,D5621,03781099999,03672099999,03772099999,03770099999",London
London,2024-09-06,66.5,60.2,63.8,66.5,60.2,63.8,62.0,93.8,0.009,100,8.33,rain,0,0,15.0,9.3,246.6,1010.1,91.8,5.0,38.7,3.5,2,,2024-09-06T06:21:40,2024-09-06T19:34:49,0.11,"Rain, Overcast",Cloudy skies throughout the day with rain.,rain,"D5621,03781099999,03672099999,03772099999,03770099999",London
London,2024-09-07,69.5,56.9,63.0,69.5,56.9,63.0,58.5,85.9,0.0,0,0.0,,0,0,9.2,4.5,49.2,1009.6,60.2,9.4,46.4,3.9,2,,2024-09-07T06:23:16,2024-09-07T19:32:33,0.15,Partially cloudy,Partly cloudy throughout the day.,partly-cloudy-day,"D5621,03781099999,03672099999,03772099999,03770099999",London
London,2024-09-08,69.0,56.9,62.8,69.0,56.9,62.8,58.3,86.0,0.338,100,16.67,rain,0,0,17.2,9.2,180.2,1004.0,66.5,12.6,67.4,5.9,4,,2024-09-08T06:24:51,2024-09-08T19:30:16,0.18,"Rain, Partially cloudy",Partly cloudy throughout the day with rain.,rain,"03769099999,03680099999,D5621,03781099999,03672099999,03772099999,03770099999",London
London,2024-09-09,63.2,54.8,60.0,63.2,54.8,60.0,52.9,78.2,0.008,100,4.17,rain,0,0,24.6,14.8,299.0,1010.0,76.5,17.2,49.2,4.3,3,,2024-09-09T06:26:27,2024-09-09T19:27:59,0.21,"Rain, Partially cloudy",Partly cloudy throughout the day with morning rain.,rain,"03769099999,03680099999,D5621,03781099999,03672099999,03772099999,03770099999",London
London,2024-09-10,66.3,50.6,57.8,66.3,50.6,57.8,51.1,79.0,0.072,100,20.83,rain,0,0,23.9,18.0,245.3,1008.8,73.6,9.6,45.5,3.8,3,,2024-09-10T06:28:02,2024-09-10T19:25:42,0.25,"Rain, Partially cloudy",Partly cloudy throughout the day with rain.,rain,"03769099999,03680099999,D5621,03781099999,03672099999,03772099999,03770099999",London
London,2024-09-11,61.4,47.6,52.3,61.4,43.3,50.7,43.8,74.1,0.031,100,4.17,rain,0,0,24.2,17.9,278.4,1009.5,33.0,15.1,101.9,8.9,5,,2024-09-11T06:29:38,2024-09-11T19:23:24,0.25,"Rain, Partially cloudy",Partly cloudy throughout the day with afternoon rain.,rain,"03769099999,03680099999,D5621,03781099999,03672099999,03768099999,03772099999,03770099999",London
London,2024-09-12,59.6,44.0,51.3,59.6,39.8,49.6,41.4,70.4,0.0,0,0.0,,0,0,18.1,11.9,306.0,1016.2,21.7,17.2,112.0,9.6,6,,2024-09-12T06:31:13,2024-09-12T19:21:07,0.31,Partially cloudy,Becoming cloudy in the afternoon.,partly-cloudy-day,"03769099999,03680099999,D5621,03768399999,03781099999,03672099999,03768099999,03684099999,EGLC,03772099999,03770099999",London
London,2024-09-13,61.1,43.1,52.7,61.1,40.0,52.1,39.4,63.2,0.0,0,0.0,,0,0,19.7,6.7,310.9,1027.9,26.0,10.9,103.8,8.8,6,,2024-09-13T06:32:49,2024-09-13T19:18:49,0.35,Partially cloudy,Becoming cloudy in the afternoon.,partly-cloudy-day,"03769099999,EGWU,03680099999,EGLL,D5621,03781099999,03672099999,03768099999,EGLC,03772099999,03770099999",London
London,2024-09-14,67.4,43.4,55.0,67.4,43.4,55.0,44.4,70.4,0.0,0,0.0,,0,0,17.2,10.8,231.7,1030.4,12.3,15.1,108.6,9.5,6,,2024-09-14T06:34:25,2024-09-14T19:16:31,0.38,Clear,Clear conditions throughout the day.,clear-day,"03769099999,03680099999,D5621,03781099999,03672099999,03768099999,03684099999,03772099999,03770099999",London
London,2024-09-15,68.3,48.4,58.3,68.3,47.1,58.0,50.1,75.8,0.0,0,0.0,,0,0,15.8,11.5,243.7,1027.2,34.2,14.7,106.0,9.0,6,,2024-09-15T06:36:01,2024-09-15T19:14:12,0.41,Partially cloudy,Partly cloudy throughout the day.,partly-cloudy-day,"03769099999,03680099999,D5621,03781099999,03672099999,03768099999,03772099999,03770099999",London
London,2024-09-16,68.6,55.5,61.3,68.6,55.5,61.3,50.9,70.7,0.0,0,0.0,,0,0,14.2,9.5,27.1,1028.4,38.9,13.0,76.7,6.5,4,,2024-09-16T06:37:36,2024-09-16T19:11:54,0.45,Partially cloudy,Partly cloudy throughout the day.,partly-cloudy-day,"03769099999,03680099999,D5621,03781099999,03672099999,03768099999,03684099999,03772099999,03770099999",London
London,2024-09-17,71.3,52.0,61.1,71.3,52.0,61.1,50.0,68.2,0.0,0,0.0,,0,0,20.2,12.1,47.7,1030.7,37.9,14.2,106.0,9.0,6,,2024-09-17T06:39:12,2024-09-17T19:09:35,0.48,Partially cloudy,Partly cloudy throughout the day.,partly-cloudy-day,"03769099999,03680099999,D5621,03781099999,03672099999,03772099999,03770099999",London
London,2024-09-18,75.8,60.2,66.1,75.8,60.2,66.1,55.5,69.7,0.0,0,0.0,,0,0,23.0,13.2,49.2,1027.8,51.2,10.0,134.2,11.6,6,,2024-09-18T06:40:48,2024-09-18T19:07:17,0.5,Partially cloudy,Partly cloudy throughout the day.,partly-cloudy-day,"03769099999,03680099999,D5621,03781099999,03672099999,03772099999,03770099999",London
London,2024-09-19,78.0,61.4,67.5,78.0,61.4,67.5,57.4,72.1,0.0,0,0.0,,0,0,24.2,16.8,48.4,1024.3,51.4,6.7,58.9,5.0,4,,2024-09-19T06:42:24,2024-09-19T19:04:58,0.55,Partially cloudy,Clearing in the afternoon.,partly-cloudy-day,"03769099999,03680099999,D5621,03781099999,03672099999,03768099999,03772099999,03770099999",London
London,2024-09-20,74.0,60.9,65.8,74.0,60.9,65.8,55.9,71.4,0.0,0,0.0,,0,0,20.0,13.8,52.3,1020.8,58.6,6.3,43.3,3.6,2,,2024-09-20T06:44:00,2024-09-20T19:02:40,0.58,Partially cloudy,Partly cloudy throughout the day.,partly-cloudy-day,"03769099999,03680099999,D5621,03781099999,03672099999,03768099999,03772099999,03770099999",London
London,2024-09-21,75.3,60.2,66.6,75.3,60.2,66.6,58.1,75.6,0.0,0,0.0,,0,0,13.6,8.7,76.0,1017.3,54.9,7.7,63.6,5.5,3,,2024-09-21T06:45:37,2024-09-21T19:00:21,0.61,Partially cloudy,Partly cloudy throughout the day.,partly-cloudy-day,"03769099999,03680099999,D5621,03781099999,03672099999,03772099999,03770099999",London
London,2024-09-22,69.0,61.4,64.5,69.0,61.4,64.5,61.5,90.0,0.715,100,41.67,rain,0,0,12.8,8.5,99.9,1011.6,88.8,5.6,52.9,4.6,2,,2024-09-22T06:47:13,2024-09-22T18:58:03,0.65,"Rain, Partially cloudy",Partly cloudy throughout the day with a chance of rain throughout the day.,rain,"03769099999,03680099999,D5621,03781099999,03672099999,03772099999,03770099999",London
London,2024-09-23,66.4,60.1,62.6,66.4,60.1,62.6,58.0,85.7,1.012,100,41.67,rain,0,0,20.8,15.2,227.6,1003.9,91.5,7.7,54.0,4.9,2,,2024-09-23T06:48:50,2024-09-23T18:55:44,0.68,"Rain, Overcast",Cloudy skies throughout the day with a chance of rain throughout the day.,rain,"03769099999,03680099999,D5621,03781099999,03672099999,03772099999,03770099999",London
London,2024-09-24,62.3,56.9,59.1,62.3,56.9,59.1,52.4,79.1,0.023,100,4.17,rain,0,0,18.1,10.7,280.3,1003.1,96.4,9.9,37.3,3.1,2,,2024-09-24T06:50:26,2024-09-24T18:53:26,0.75,"Rain, Overcast",Cloudy skies throughout the day with early morning rain.,rain,"03769099999,EGWU,03680099999,EGLL,D5621,03781099999,03672099999,03768099999,EGLC,03772099999,03770099999",London
London,2024-09-25,62.0,51.5,57.2,62.0,51.5,57.2,51.6,82.2,0.228,100,20.83,rain,0,0,19.7,9.6,189.3,998.5,90.4,12.0,44.4,3.9,3,,2024-09-25T06:52:03,2024-09-25T18:51:08,0.75,"Rain, Overcast",Cloudy skies throughout the day with rain.,rain,"03769099999,03680099999,D5621,03781099999,03672099999,03772099999,03770099999",London
London,2024-09-26,63.7,55.1,58.1,63.7,55.1,58.1,54.5,88.1,0.513,100,50.0,rain,0,0,34.7,17.5,218.0,986.7,76.1,11.3,52.2,4.6,3,,2024-09-26T06:53:40,2024-09-26T18:48:50,0.78,"Rain, Partially cloudy",Partly cloudy throughout the day with a chance of rain throughout the day.,rain,"03769099999,03680099999,D5621,03781099999,03672099999,03768099999,03772099999,03770099999",London
London,2024-09-27,56.4,48.8,52.9,56.4,44.7,52.4,45.9,77.6,0.417,100,29.17,rain,0,0,21.9,13.6,307.7,1000.7,69.7,11.2,17.8,1.3,1,,2024-09-27T06:55:18,2024-09-27T18:46:32,0.82,"Rain, Partially cloudy",Partly cloudy throughout the day with a chance of rain throughout the day.,rain,"03769099999,03680099999,D5621,03781099999,03672099999,03772099999,03770099999",London
London,2024-09-28,59.3,40.4,49.6,59.3,38.2,48.5,40.7,73.6,0.0,0,0.0,,0,0,17.2,10.1,286.9,1022.9,18.9,16.2,55.5,5.1,3,,2024-09-28T06:56:55,2024-09-28T18:44:15,0.85,Clear,Clear conditions throughout the day.,clear-day,"03769099999,EGWU,EGLL,03768399999,03781099999,03672099999,03768099999,03684099999,03772099999,03680099999,D5621,EGLC,03770099999",London
London,2024-09-29,58.7,43.1,51.5,58.7,43.1,51.4,44.0,76.7,0.008,100,4.17,rain,0,0,26.1,16.7,134.8,1019.8,61.6,14.6,46.7,4.2,3,,2024-09-29T06:58:33,2024-09-29T18:41:58,0.89,"Rain, Partially cloudy",Partly cloudy throughout the day with late afternoon rain.,rain,"EGWU,03769099999,03680099999,D5621,03768399999,03672099999,03768099999,03684099999,03781099999,EGLC,03772099999,03770099999",London
London,2024-09-30,62.8,52.8,57.4,62.8,52.8,57.4,53.5,87.5,0.199,100,37.5,rain,0,0,32.7,19.3,226.2,1002.3,96.8,11.3,37.1,3.2,2,,2024-09-30T07:00:11,2024-09-30T18:39:41,0.92,"Rain, Overcast",Cloudy skies throughout the day with a chance of rain throughout the day.,rain,"03769099999,03680099999,D5621,03781099999,03672099999,03768099999,03684099999,EGLC,03772099999,03770099999",London
London,2024-10-01,56.9,53.3,54.9,56.9,53.3,54.9,51.2,87.4,0.55,100,33.33,rain,0,0,26.6,17.1,285.9,1007.3,95.0,12.8,25.5,2.2,1,,2024-10-01T07:01:49,2024-10-01T18:37:24,0.95,"Rain, Overcast",Cloudy skies throughout the day with rain.,rain,"03769099999,03680099999,D5621,03781099999,03672099999,03768099999,03772099999,03770099999",London
London,2024-10-02,64.4,56.0,58.0,64.4,56.0,58.0,53.1,84.3,0.078,100,12.5,rain,0,0,21.6,12.5,20.2,1013.1,89.4,8.9,42.7,3.8,2,,2024-10-02T07:03:27,2024-10-02T18:35:08,0.0,"Rain, Partially cloudy",Partly cloudy throughout the day with rain.,rain,"03769099999,03680099999,D5621,03781099999,03672099999,03772099999,03770099999",London
London,2024-10-03,60.5,49.7,53.9,60.5,49.7,53.9,46.5,76.3,0.0,0,0.0,,0,0,15.1,8.6,44.9,1021.0,55.3,12.4,37.8,3.2,2,,2024-10-03T07:05:06,2024-10-03T18:32:52,0.02,Partially cloudy,Partly cloudy throughout the day.,partly-cloudy-day,"03769099999,03680099999,D5621,03781099999,03672099999,03684099999,03772099999,03770099999",London
London,2024-10-04,61.4,43.9,51.8,61.4,43.9,51.8,45.2,80.3,0.008,100,4.17,rain,0,0,11.1,7.8,169.7,1021.2,28.5,12.9,63.4,5.4,4,,2024-10-04T07:06:44,2024-10-04T18:30:36,0.06,"Rain, Partially cloudy",Partly cloudy throughout the day with morning rain.,rain,"03769099999,03680099999,D5621,03781099999,03672099999,03772099999,03770099999",London
London,2024-10-05,63.6,48.4,55.5,63.6,48.4,55.4,45.9,71.3,0.0,0,0.0,,0,0,16.7,11.2,136.9,1014.8,59.5,15.2,57.0,5.0,4,,2024-10-05T07:08:23,2024-10-05T18:28:21,0.09,Partially cloudy,Partly cloudy throughout the day.,partly-cloudy-day,"03769099999,03680099999,D5621,03781099999,03672099999,03768099999,03772099999,03770099999",London
London,2024-10-06,59.6,53.0,56.5,59.6,53.0,56.5,51.4,83.4,0.016,100,8.33,rain,0,0,19.4,11.0,141.1,1000.3,85.4,11.5,28.8,2.6,1,,2024-10-06T07:10:03,2024-10-06T18:26:07,0.13,"Rain, Partially cloudy",Partly cloudy throughout the day with late afternoon rain.,rain,"03769099999,03680099999,D5621,03781099999,03672099999,03768099999,03772099999,03770099999",London
London,2024-10-07,67.3,52.1,58.8,67.3,52.1,58.8,53.9,84.5,0.047,100,8.33,rain,0,0,20.8,13.3,183.5,997.3,60.5,9.3,52.1,4.6,3,,2024-10-07T07:11:42,2024-10-07T18:23:53,0.16,"Rain, Partially cloudy",Partly cloudy throughout the day with rain.,rain,"03769099999,03680099999,D5621,03781099999,03672099999,03772099999,03770099999",London
London,2024-10-08,65.0,54.8,59.0,65.0,54.8,59.0,54.9,87.3,0.355,100,41.67,rain,0,0,26.6,14.8,179.8,992.3,78.2,9.3,60.0,5.2,4,,2024-10-08T07:13:22,2024-10-08T18:21:40,0.19,"Rain, Partially cloudy",Partly cloudy throughout the day with a chance of rain throughout the day.,rain,"03769099999,03680099999,D5621,03781099999,03672099999,03684099999,03772099999,03770099999",London
London,2024-10-09,60.9,55.7,57.7,60.9,55.7,57.7,52.7,83.7,0.016,100,8.33,rain,0,0,22.8,10.8,262.5,987.1,92.5,13.4,33.1,2.8,1,,2024-10-09T07:15:03,2024-10-09T18:19:27,0.23,"Rain, Overcast",Cloudy skies throughout the day with early morning rain.,rain,"03769099999,03680099999,D5621,03781099999,03672099999,03768099999,03772099999,03770099999",London
London,2024-10-10,56.4,47.5,51.8,56.4,45.8,51.5,43.6,73.9,0.016,100,8.33,rain,0,0,16.4,9.6,344.6,1004.7,70.2,11.5,40.7,3.5,2,,2024-10-10T07:16:43,2024-10-10T18:17:14,0.25,"Rain, Partially cloudy",Partly cloudy throughout the day with morning rain.,rain,"03769099999,03680099999,D5621,03781099999,03672099999,03772099999,03770099999",London
London,2024-10-11,55.7,38.9,46.9,55.7,38.9,46.6,38.6,75.5,0.0,0,0.0,,0,0,10.9,5.9,220.4,1016.1,27.0,11.7,63.0,5.4,5,,2024-10-11T07:18:24,2024-10-11T18:15:03,0.3,Partially cloudy,Partly cloudy throughout the day.,partly-cloudy-day,"03769099999,03680099999,D5621,03781099999,03672099999,03768099999,03772099999,03770099999",London
London,2024-10-12,59.3,47.0,52.3,59.3,43.2,51.1,45.1,76.3,0.024,100,4.17,rain,0,0,18.9,13.2,216.3,1008.5,61.2,16.3,35.1,3.1,2,,2024-10-12T07:20:05,2024-10-12T18:12:52,0.33,"Rain, Partially cloudy",Partly cloudy throughout the day with afternoon rain.,rain,"03769099999,03680099999,D5621,03781099999,03672099999,03772099999,03770099999",London
London,2024-10-13,52.1,42.5,47.4,52.1,38.6,45.1,38.4,71.5,0.0,0,0.0,,0,0,19.1,10.8,266.5,1017.6,22.3,13.9,44.5,3.8,2,,2024-10-13T07:21:46,2024-10-13T18:10:42,0.36,Partially cloudy,Partly cloudy throughout the day.,partly-cloudy-day,"03769099999,03680099999,D5621,03781099999,03672099999,03772099999,03770099999",London
London,2024-10-14,53.9,47.4,50.9,53.9,43.6,49.7,47.7,88.9,0.339,100,33.33,rain,0,0,14.1,9.5,83.7,1015.0,94.6,7.9,16.2,1.4,1,,2024-10-14T07:23:28,2024-10-14T18:08:32,0.4,"Rain, Overcast",Cloudy skies throughout the day with rain clearing later.,rain,"03769099999,03680099999,D5621,03781099999,03672099999,03772099999,03770099999",London
London,2024-10-15,63.8,52.4,56.8,63.8,52.4,56.8,53.7,89.4,0.008,100,4.17,rain,0,0,19.4,11.9,103.2,1013.6,87.2,6.3,31.6,2.7,2,,2024-10-15T07:25:10,2024-10-15T18:06:24,0.43,"Rain, Partially cloudy",Partly cloudy throughout the day with late afternoon rain.,rain,"03769099999,03680099999,D5621,03781099999,03672099999,03772099999,03770099999",London
London,2024-10-16,72.2,58.4,64.1,72.2,58.4,64.1,59.4,85.2,0.0,0,0.0,,0,0,23.9,12.6,149.5,1002.3,89.4,8.5,33.8,3.0,2,,2024-10-16T07:26:53,2024-10-16T18:04:16,0.47,Partially cloudy,Partly cloudy throughout the day.,partly-cloudy-day,"03769099999,03680099999,D5621,03781099999,03672099999,03772099999,03770099999",London
London,2024-10-17,65.4,53.3,60.1,65.4,53.3,60.1,54.6,83.1,0.047,100,12.5,rain,0,0,14.7,10.0,228.4,1009.0,49.6,9.5,45.0,3.8,2,,2024-10-17T07:28:35,2024-10-17T18:02:09,0.5,"Rain, Partially cloudy",Clearing in the afternoon with early morning rain.,rain,"03769099999,03680099999,D5621,03781099999,03672099999,03772099999,03770099999",London
Tokyo,2024-04-01,87.2,75.6,79.5,98.0,75.6,82.7,75.7,89.0,0.494,100,41.67,rain,0,0,17.0,6.9,223.2,1011.8,67.2,14.1,191.1,16.4,7,30.0,2024-04-01T05:39:33,2024-04-01T17:41:11,0.74,"Rain, Partially cloudy",Partly cloudy throughout the day with rain.,rain,remote,Tokyo
Tokyo,2024-04-02,89.1,75.3,80.4,101.1,75.3,84.8,76.4,88.4,0.619,100,41.67,rain,0,0,16.3,6.3,217.9,1010.6,83.6,13.3,188.2,16.4,7,60.0,2024-04-02T05:39:27,2024-04-02T17:40:41,0.75,"Rain, Partially cloudy",Partly cloudy throughout the day with a chance of rain throughout the day.,rain,remote,Tokyo
Tokyo,2024-04-03,90.2,75.8,81.9,100.2,75.8,87.2,76.1,83.8,0.104,100,54.17,rain,0,0,14.8,4.3,206.5,1010.2,78.3,13.4,229.4,19.9,8,30.0,2024-04-03T05:39:22,2024-04-03T17:40:11,0.81,"Rain, Partially cloudy",Partly cloudy throughout the day with rain.,rain,remote,Tokyo
Tokyo,2024-04-04,88.8,73.7,81.5,100.3,73.7,87.3,75.9,84.3,0.155,100,54.17,rain,0,0,15.0,6.5,211.7,1009.5,90.7,15.0,241.6,20.9,8,30.0,2024-04-04T05:39:17,2024-04-04T17:39:42,0.84,"Rain, Overcast",Cloudy skies throughout the day with a chance of rain throughout the day.,rain,remote,Tokyo
Tokyo,2024-04-05,89.0,75.8,81.3,103.5,75.8,87.1,76.4,85.8,0.06,100,41.67,rain,0,0,14.5,5.4,218.8,1009.5,89.8,13.9,191.7,16.5,7,30.0,2024-04-05T05:39:12,2024-04-05T17:39:12,0.88,"Rain, Partially cloudy",Partly cloudy throughout the day with rain.,rain,remote,Tokyo
Tokyo,2024-04-06,89.7,74.7,80.8,99.0,74.7,84.5,74.5,82.5,0.0,0,0.0,,0,0,16.8,7.4,220.7,1009.3,81.4,15.0,263.4,22.8,9,10.0,2024-04-06T05:39:08,2024-04-06T17:38:43,0.91,Partially cloudy,Partly cloudy throughout the day.,partly-cloudy-day,remote,Tokyo
Tokyo,2024-04-07,88.8,76.6,81.4,98.6,76.6,86.0,75.5,83.3,0.124,100,50.0,rain,0,0,15.4,6.5,220.5,1008.3,65.8,12.8,240.9,20.8,8,30.0,2024-04-07T05:39:03,2024-04-07T17:38:14,0.95,"Rain, Partially cloudy",Partly cloudy throughout the day with rain.,rain,remote,Tokyo
Tokyo,2024-04-08,87.9,74.6,80.1,99.7,74.6,84.7,75.9,87.8,0.189,100,41.67,rain,0,0,14.1,5.1,227.4,1009.2,97.9,13.5,210.1,18.1,8,30.0,2024-04-08T05:38:59,2024-04-08T17:37:45,0.98,"Rain, Overcast",Cloudy skies throughout the day with a chance of rain throughout the day.,rain,remote,Tokyo
Tokyo,2024-04-09,85.0,74.6,78.6,94.5,74.6,80.6,75.7,91.2,0.509,100,62.5,rain,0,0,13.6,4.9,250.5,1010.1,98.7,9.7,143.7,12.5,6,30.0,2024-04-09T05:38:54,2024-04-09T17:37:17,0.0,"Rain, Overcast",Cloudy skies throughout the day with a chance of rain throughout the day.,rain,remote,Tokyo
Tokyo,2024-04-10,87.9,74.7,79.8,100.0,74.7,84.0,75.9,88.3,0.26,100,37.5,rain,0,0,13.6,5.8,212.0,1010.5,96.0,9.8,187.0,16.2,7,30.0,2024-04-10T05:38:50,2024-04-10T17:36:49,0.05,"Rain, Overcast",Cloudy skies throughout the day with rain.,rain,remote,Tokyo
Tokyo,2024-04-11,89.1,75.5,80.2,102.5,75.5,84.0,76.1,88.1,0.524,100,66.67,rain,0,0,13.6,4.3,235.0,1010.5,98.4,10.8,177.9,15.5,7,60.0,2024-04-11T05:38:47,2024-04-11T17:36:21,0.08,"Rain, Overcast",Cloudy skies throughout the day with rain.,rain,remote,Tokyo
Tokyo,2024-04-12,90.2,75.3,80.1,100.8,75.3,83.9,75.6,86.9,0.557,100,75.0,rain,0,0,14.3,5.6,220.9,1010.1,73.4,14.5,202.0,17.6,7,30.0,2024-04-12T05:38:43,2024-04-12T17:35:54,0.11,"Rain, Partially cloudy",Partly cloudy throughout the day with a chance of rain throughout the day.,rain,remote,Tokyo
Tokyo,2024-04-13,90.8,74.7,81.3,102.8,74.7,86.7,76.2,85.7,0.431,100,66.67,rain,0,0,12.5,4.9,242.4,1010.1,73.8,13.8,213.9,18.4,7,30.0,2024-04-13T05:38:40,2024-04-13T17:35:27,0.15,"Rain, Partially cloudy",Partly cloudy throughout the day with a chance of rain throughout the day.,rain,remote,Tokyo
Tokyo,2024-04-14,90.8,77.1,82.1,106.5,77.1,87.5,76.4,83.8,0.679,100,79.17,rain,0,0,13.0,2.9,199.6,1011.4,72.3,11.5,195.9,17.0,7,30.0,2024-04-14T05:38:37,2024-04-14T17:35:00,0.18,"Rain, Partially cloudy",Partly cloudy throughout the day with a chance of rain throughout the day.,rain,remote,Tokyo
Tokyo,2024-04-15,90.1,76.2,81.8,101.8,76.2,87.5,76.2,84.3,0.151,100,45.83,rain,0,0,13.4,3.1,9.0,1011.7,53.3,14.0,230.9,20.1,8,30.0,2024-04-15T05:38:34,2024-04-15T17:34:34,0.21,"Rain, Partially cloudy",Partly cloudy throughout the day with a chance of rain throughout the day.,rain,remote,Tokyo
Tokyo,2024-04-16,90.9,76.6,82.3,105.1,76.6,88.2,76.7,84.2,0.047,100,12.5,rain,0,0,14.8,4.9,178.9,1010.8,48.9,14.5,238.9,20.6,8,60.0,2024-04-16T05:38:31,2024-04-16T17:34:08,0.25,"Rain, Partially cloudy",Partly cloudy throughout the day with afternoon rain.,rain,remote,Tokyo
Tokyo,2024-04-17,90.2,77.1,81.8,101.2,77.1,85.9,75.6,82.8,0.028,100,16.67,rain,0,0,19.2,6.0,174.5,1010.0,79.1,14.5,219.0,18.9,8,30.0,2024-04-17T05:38:29,2024-04-17T17:33:43,0.28,"Rain, Partially cloudy",Partly cloudy throughout the day with afternoon rain.,rain,remote,Tokyo
Tokyo,2024-04-18,91.1,76.2,80.8,102.4,76.2,84.5,75.5,84.8,1.148,100,54.17,rain,0,0,14.8,4.0,203.7,1009.8,89.3,12.5,200.5,17.3,7,30.0,2024-04-18T05:38:27,2024-04-18T17:33:18,0.31,"Rain, Partially cloudy",Partly cloudy throughout the day with rain.,rain,remote,Tokyo
Tokyo,2024-04-19,89.5,75.5,80.6,102.6,75.5,84.2,75.7,85.6,0.446,100,41.67,rain,0,0,17.0,3.8,249.5,1009.0,77.6,12.8,202.1,17.5,8,30.0,2024-04-19T05:38:26,2024-04-19T17:32:54,0.34,"Rain, Partially cloudy",Partly cloudy throughout the day with rain.,rain,remote,Tokyo
Tokyo,2024-04-20,91.7,76.0,82.7,104.6,76.0,89.7,76.8,83.6,0.488,100,37.5,rain,0,0,13.9,3.1,76.4,1008.7,79.4,13.1,224.3,19.4,8,60.0,2024-04-20T05:38:25,2024-04-20T17:32:30,0.38,"Rain, Partially cloudy",Partly cloudy throughout the day with rain in the morning and afternoon.,rain,remote,Tokyo
Tokyo,2024-04-21,88.4,76.7,81.1,101.3,76.7,85.9,76.7,87.1,1.241,100,54.17,rain,0,0,16.1,6.5,230.6,1009.8,91.1,10.7,192.1,16.5,8,60.0,2024-04-21T05:38:24,2024-04-21T17:32:07,0.41,"Rain, Overcast",Cloudy skies throughout the day with rain.,rain,remote,Tokyo
Tokyo,2024-04-22,90.4,76.0,81.7,106.0,76.0,87.5,76.5,85.1,0.056,100,29.17,rain,0,0,14.5,3.6,204.1,1009.5,76.3,14.6,198.9,17.3,8,60.0,2024-04-22T05:38:23,2024-04-22T17:31:44,0.44,"Rain, Partially cloudy",Partly cloudy throughout the day with rain.,rain,remote,Tokyo
Tokyo,2024-04-23,89.5,76.6,80.9,101.4,76.6,85.8,76.5,87.0,0.469,100,37.5,rain,0,0,12.8,4.0,207.2,1009.1,97.1,12.7,157.9,13.6,7,60.0,2024-04-23T05:38:23,2024-04-23T17:31:22,0.47,"Rain, Overcast",Cloudy skies throughout the day with rain.,rain,remote,Tokyo
Tokyo,2024-04-24,89.0,75.3,81.4,103.3,75.3,87.7,76.4,85.6,0.287,100,33.33,rain,0,0,11.0,2.9,318.5,1009.1,96.4,14.1,166.0,14.3,7,60.0,2024-04-24T05:38:23,2024-04-24T17:31:00,0.5,"Rain, Overcast",Cloudy skies throughout the day with rain.,rain,remote,Tokyo
Tokyo,2024-04-25,84.8,77.6,80.4,95.2,77.6,84.2,76.8,89.1,0.395,100,58.33,rain,0,0,17.2,4.0,25.3,1009.0,96.7,10.5,140.7,12.1,6,30.0,2024-04-25T05:38:24,2024-04-25T17:30:39,0.54,"Rain, Overcast",Cloudy skies throughout the day with rain.,rain,remote,Tokyo
Tokyo,2024-04-26,89.3,76.2,81.8,100.4,76.2,86.8,76.0,83.6,0.091,100,41.67,rain,0,0,14.8,5.6,42.0,1008.7,83.6,11.8,205.1,17.6,7,30.0,2024-04-26T05:38:25,2024-04-26T17:30:19,0.58,"Rain, Partially cloudy",Partly cloudy throughout the day with a chance of rain throughout the day.,rain,remote,Tokyo
Tokyo,2024-04-27,90.9,77.3,82.6,101.7,77.3,88.1,76.2,82.3,0.126,100,20.83,rain,0,0,14.3,4.7,29.1,1009.3,64.2,13.3,226.7,19.6,8,30.0,2024-04-27T05:38:26,2024-04-27T17:29:59,0.61,"Rain, Partially cloudy",Partly cloudy throughout the day with rain.,rain,remote,Tokyo
Tokyo,2024-04-28,90.4,76.7,82.2,104.3,76.7,88.2,76.8,84.4,0.363,100,29.17,rain,0,0,13.6,4.9,234.4,1010.4,87.9,12.9,235.5,20.4,8,30.0,2024-04-28T05:38:28,2024-04-28T17:29:39,0.65,"Rain, Partially cloudy",Partly cloudy throughout the day with rain.,rain,remote,Tokyo
Tokyo,2024-04-29,89.7,75.3,82.6,100.1,75.3,88.7,76.0,81.5,0.008,100,4.17,rain,0,0,10.7,4.3,164.0,1009.8,94.3,15.0,246.2,21.4,8,30.0,2024-04-29T05:38:30,2024-04-29T17:29:21,0.68,"Rain, Overcast",Cloudy skies throughout the day with late afternoon rain.,rain,remote,Tokyo
Tokyo,2024-04-30,89.7,77.6,82.5,98.8,77.6,87.3,75.3,79.9,0.028,100,29.17,rain,0,0,14.1,6.0,172.2,1009.1,77.4,14.4,210.3,18.2,7,30.0,2024-04-30T05:38:33,2024-04-30T17:29:03,0.72,"Rain, Partially cloudy",Partly cloudy throughout the day with rain in the morning and afternoon.,rain,remote,Tokyo
Tokyo,2024-05-01,89.7,75.5,82.3,100.7,75.5,87.5,75.1,80.3,0.008,100,8.33,rain,0,0,10.7,4.5,172.8,1008.5,82.3,14.8,229.3,19.7,8,30.0,2024-05-01T05:38:36,2024-05-01T17:28:45,0.75,"Rain, Partially cloudy",Partly cloudy throughout the day with rain in the morning and afternoon.,rain,remote,Tokyo
Tokyo,2024-05-02,87.9,76.2,81.4,97.2,76.2,85.9,75.3,82.7,0.02,100,20.83,rain,0,0,16.1,6.9,174.7,1009.4,51.8,14.5,211.8,18.2,7,30.0,2024-05-02T05:38:39,2024-05-02T17:28:28,0.79,"Rain, Partially cloudy",Partly cloudy throughout the day with rain in the morning and afternoon.,rain,remote,Tokyo
Tokyo,2024-05-03,88.4,73.7,80.9,98.3,73.7,85.8,74.8,82.8,0.012,100,12.5,rain,0,0,14.3,6.5,182.6,1009.8,89.7,15.0,212.8,18.3,8,30.0,2024-05-03T05:38:43,2024-05-03T17:28:12,0.83,"Rain, Partially cloudy",Partly cloudy throughout the day with rain.,rain,remote,Tokyo
Tokyo,2024-05-04,87.0,73.1,79.6,96.9,73.1,82.7,74.2,84.3,0.012,100,8.33,rain,0,0,17.7,7.8,191.7,1010.0,57.8,15.0,236.0,20.2,8,10.0,2024-05-04T05:38:47,2024-05-04T17:27:57,0.86,"Rain, Partially cloudy",Clearing in the afternoon with early morning rain.,rain,remote,Tokyo
Tokyo,2024-05-05,86.8,70.2,78.0,94.6,70.2,80.7,72.8,84.9,0.0,0,0.0,,0,0,15.9,7.2,204.5,1010.6,87.7,15.0,223.0,19.1,8,10.0,2024-05-05T05:38:52,2024-05-05T17:27:42,0.9,Partially cloudy,Partly cloudy throughout the day.,partly-cloudy-day,remote,Tokyo
Tokyo,2024-05-06,87.5,71.9,78.7,93.6,71.9,81.2,72.2,81.8,0.0,0,0.0,,0,0,15.9,7.2,196.8,1011.3,24.9,15.0,215.7,18.5,8,10.0,2024-05-06T05:38:57,2024-05-06T17:27:28,0.93,Partially cloudy,Partly cloudy throughout the day.,partly-cloudy-day,remote,Tokyo
Tokyo,2024-05-07,87.2,71.7,78.6,94.4,71.7,81.1,72.8,83.8,0.004,100,4.17,rain,0,0,15.4,6.9,193.9,1011.1,58.7,15.0,217.2,18.7,8,10.0,2024-05-07T05:39:03,2024-05-07T17:27:15,0.97,"Rain, Partially cloudy",Partly cloudy throughout the day with afternoon rain.,rain,remote,Tokyo
Tokyo,2024-05-08,89.5,72.8,80.7,98.2,72.8,84.8,73.8,80.8,0.02,100,16.67,rain,0,0,9.6,3.6,224.2,1010.7,38.4,14.5,225.2,19.4,8,10.0,2024-05-08T05:39:09,2024-05-08T17:27:02,0.0,"Rain, Partially cloudy",Partly cloudy throughout the day with rain in the morning and afternoon.,rain,remote,Tokyo
Tokyo,2024-05-09,88.4,75.3,80.1,99.0,75.3,83.4,75.2,85.7,0.138,100,20.83,rain,0,0,11.9,4.0,63.4,1010.7,27.5,14.0,201.4,17.4,8,30.0,2024-05-09T05:39:15,2024-05-09T17:26:50,0.03,"Rain, Partially cloudy",Partly cloudy throughout the day with rain.,rain,remote,Tokyo
Tokyo,2024-05-10,88.1,76.9,82.2,98.5,76.9,87.6,75.5,81.0,0.024,100,25.0,rain,0,0,13.2,4.0,102.2,1010.8,50.7,14.9,202.0,17.4,7,30.0,2024-05-10T05:39:22,2024-05-10T17:26:39,0.07,"Rain, Partially cloudy",Clearing in the afternoon with rain in the morning and afternoon.,rain,remote,Tokyo
Tokyo,2024-05-11,87.2,78.2,81.8,98.8,78.2,87.1,76.3,83.8,0.06,100,54.17,rain,0,0,13.2,2.7,161.4,1011.8,77.1,14.1,168.3,14.6,6,30.0,2024-05-11T05:39:29,2024-05-11T17:26:29,0.1,"Rain, Partially cloudy",Partly cloudy throughout the day with rain.,rain,remote,Tokyo
Tokyo,2024-05-12,88.8,75.1,81.8,99.0,75.1,86.7,75.1,80.9,0.04,100,33.33,rain,0,0,13.0,4.0,145.8,1011.4,39.7,14.4,230.0,19.8,8,30.0,2024-05-12T05:39:37,2024-05-12T17:26:19,0.13,"Rain, Partially cloudy",Partly cloudy throughout the day with rain.,rain,remote,Tokyo
Tokyo,2024-05-13,87.0,76.2,81.0,96.8,76.2,85.1,75.3,83.6,0.036,100,16.67,rain,0,0,10.1,3.4,173.9,1010.2,79.0,15.0,232.5,20.2,8,30.0,2024-05-13T05:39:45,2024-05-13T17:26:10,0.16,"Rain, Partially cloudy",Partly cloudy throughout the day with rain in the morning and afternoon.,rain,remote,Tokyo
Tokyo,2024-05-14,88.1,76.6,81.1,100.5,76.6,85.3,75.6,84.2,0.036,100,16.67,rain,0,0,10.5,3.4,191.7,1010.9,59.8,15.0,233.8,20.3,8,30.0,2024-05-14T05:39:53,2024-05-14T17:26:02,0.2,"Rain, Partially cloudy",Partly cloudy throughout the day with rain in the morning and afternoon.,rain,remote,Tokyo
Tokyo,2024-05-15,87.5,75.8,80.6,95.0,75.8,83.4,74.1,82.0,0.02,100,16.67,rain,0,0,12.5,4.7,186.1,1011.9,94.7,15.0,208.5,18.0,7,10.0,2024-05-15T05:40:02,2024-05-15T17:25:54,0.25,"Rain, Overcast",Cloudy skies throughout the day with rain in the morning and afternoon.,rain,remote,Tokyo
Tokyo,2024-05-16,87.5,71.1,79.0,95.3,71.1,81.5,73.1,83.6,0.0,0,0.0,,0,0,13.2,4.0,188.1,1011.4,59.0,15.0,244.7,21.0,9,10.0,2024-05-16T05:40:12,2024-05-16T17:25:47,0.26,Partially cloudy,Partly cloudy throughout the day.,partly-cloudy-day,remote,Tokyo
Tokyo,2024-05-17,88.4,72.6,79.9,96.9,72.6,83.1,73.9,83.5,0.0,0,0.0,,0,0,13.0,5.6,178.6,1010.4,45.2,15.0,237.5,20.4,9,10.0,2024-05-17T05:40:21,2024-05-17T17:25:41,0.29,Partially cloudy,Partly cloudy throughout the day.,partly-cloudy-day,remote,Tokyo
Tokyo,2024-05-18,88.8,73.5,80.4,96.2,73.5,83.7,74.4,83.5,0.0,0,0.0,,0,0,14.1,6.9,161.3,1010.0,66.0,15.0,222.9,19.1,8,10.0,2024-05-18T05:40:31,2024-05-18T17:25:36,0.33,Partially cloudy,Partly cloudy throughout the day.,partly-cloudy-day,remote,Tokyo
Tokyo,2024-05-19,87.9,71.7,79.3,92.9,71.7,81.3,71.5,78.7,0.0,0,0.0,,0,0,14.1,6.7,163.1,1009.1,56.8,15.0,233.9,20.2,9,10.0,2024-05-19T05:40:42,2024-05-19T17:25:31,0.36,Partially cloudy,Becoming cloudy in the afternoon.,partly-cloudy-day,remote,Tokyo
Tokyo,2024-05-20,87.9,70.1,79.0,93.6,70.1,81.1,71.7,79.8,0.0,0,0.0,rain,0,0,16.6,7.8,169.2,1009.6,51.2,15.0,228.0,19.9,8,10.0,2024-05-20T05:40:53,2024-05-20T17:25:27,0.39,Partially cloudy,Partly cloudy throughout the day.,partly-cloudy-day,remote,Tokyo
Tokyo,2024-05-21,87.5,70.1,78.7,93.4,70.1,80.8,72.2,82.3,0.0,0,0.0,,0,0,13.6,4.9,174.4,1009.6,40.4,15.0,229.5,19.8,8,10.0,2024-05-21T05:41:04,2024-05-21T17:25:24,0.42,Partially cloudy,Clearing in the afternoon.,partly-cloudy-day,remote,Tokyo
Tokyo,2024-05-22,88.1,72.4,79.8,94.3,72.4,82.6,73.0,81.6,0.0,0,0.0,rain,0,0,10.5,4.3,183.1,1009.6,71.1,14.9,209.9,18.2,8,10.0,2024-05-22T05:41:15,2024-05-22T17:25:22,0.46,Partially cloudy,Partly cloudy throughout the day.,partly-cloudy-day,remote,Tokyo
Tokyo,2024-05-23,88.8,75.8,80.5,100.1,75.8,84.0,75.4,85.7,0.183,100,54.17,rain,0,0,11.4,3.6,207.5,1009.8,82.7,13.4,174.5,15.0,7,10.0,2024-05-23T05:41:27,2024-05-23T17:25:20,0.5,"Rain, Partially cloudy",Partly cloudy throughout the day with rain.,rain,remote,Tokyo
Tokyo,2024-05-24,89.3,76.2,81.2,98.7,76.2,85.3,75.6,84.4,0.213,100,45.83,rain,0,0,13.9,4.3,99.3,1009.8,68.1,10.2,165.6,14.4,7,10.0,2024-05-24T05:41:39,2024-05-24T17:25:19,0.52,"Rain, Partially cloudy",Partly cloudy throughout the day with rain.,rain,remote,Tokyo
Tokyo,2024-05-25,85.9,75.5,79.5,95.2,75.5,82.1,75.3,87.5,0.044,100,16.67,rain,0,0,12.1,4.3,204.8,1011.0,96.6,12.5,116.7,10.3,5,10.0,2024-05-25T05:41:52,2024-05-25T17:25:18,0.56,"Rain, Overcast",Cloudy skies throughout the day with early morning rain.,rain,remote,Tokyo
Tokyo,2024-05-26,88.6,74.2,80.0,97.4,74.2,83.0,73.7,82.3,0.0,0,0.0,,0,0,14.8,6.5,183.8,1011.5,63.0,15.0,192.9,16.6,7,10.0,2024-05-26T05:42:05,2024-05-26T17:25:19,0.59,Partially cloudy,Partly cloudy throughout the day.,partly-cloudy-day,remote,Tokyo
Tokyo,2024-05-27,89.9,72.4,80.0,98.1,72.4,83.5,73.8,83.1,0.004,100,4.17,rain,0,0,12.5,2.9,181.0,1010.9,41.1,15.0,215.3,18.6,8,30.0,2024-05-27T05:42:18,2024-05-27T17:25:20,0.63,"Rain, Partially cloudy",Partly cloudy throughout the day with morning rain.,rain,remote,Tokyo
Tokyo,2024-05-28,90.2,75.1,81.6,97.8,75.1,85.1,74.6,81.1,0.004,100,4.17,rain,0,0,14.8,4.0,305.1,1010.6,41.6,14.6,204.7,17.7,7,10.0,2024-05-28T05:42:31,2024-05-28T17:25:21,0.67,"Rain, Partially cloudy",Partly cloudy throughout the day with afternoon rain.,rain,remote,Tokyo
Tokyo,2024-05-29,90.1,75.3,82.1,97.0,75.3,85.8,74.2,79.0,0.0,0,0.0,rain,0,0,12.1,6.7,278.4,1010.5,21.1,15.0,212.1,18.3,7,30.0,2024-05-29T05:42:44,2024-05-29T17:25:24,0.7,Partially cloudy,Partly cloudy throughout the day.,partly-cloudy-day,remote,Tokyo
Tokyo,2024-05-30,88.8,74.4,80.5,95.7,74.4,83.1,74.5,83.6,0.0,0,0.0,rain,0,0,15.7,7.4,207.0,1011.1,52.1,15.0,202.7,17.4,8,10.0,2024-05-30T05:42:58,2024-05-30T17:25:27,0.74,Partially cloudy,Partly cloudy throughout the day.,partly-cloudy-day,remote,Tokyo
Tokyo,2024-05-31,89.5,72.9,80.6,98.8,72.9,84.4,74.1,82.1,0.02,100,20.83,rain,0,0,12.5,5.8,190.0,1011.6,93.2,14.7,204.1,17.5,7,30.0,2024-05-31T05:43:12,2024-05-31T17:25:30,0.75,"Rain, Overcast",Cloudy skies throughout the day with rain in the morning and afternoon.,rain,remote,Tokyo
Tokyo,2024-06-01,88.6,74.9,80.8,98.0,74.9,85.2,75.5,84.8,0.036,100,29.17,rain,0,0,12.5,4.0,189.9,1011.7,88.4,14.5,203.3,17.5,7,30.0,2024-06-01T05:43:26,2024-06-01T17:25:35,0.81,"Rain, Partially cloudy",Partly cloudy throughout the day with a chance of rain throughout the day.,rain,remote,Tokyo
Tokyo,2024-06-02,88.1,75.5,80.3,97.5,75.5,83.8,75.3,86.0,0.048,100,37.5,rain,0,0,16.8,6.5,206.4,1012.2,82.5,13.7,190.0,16.4,7,60.0,2024-06-02T05:43:40,2024-06-02T17:25:40,0.85,"Rain, Partially cloudy",Partly cloudy throughout the day with a chance of rain throughout the day.,rain,remote,Tokyo
Tokyo,2024-06-03,89.3,74.7,79.6,99.2,74.7,82.4,73.8,83.8,0.024,100,20.83,rain,0,0,20.8,8.7,172.6,1012.1,92.8,15.0,200.4,17.2,7,10.0,2024-06-03T05:43:55,2024-06-03T17:25:45,0.88,"Rain, Overcast",Cloudy skies throughout the day with rain in the morning and afternoon.,rain,remote,Tokyo
Tokyo,2024-06-04,90.6,72.8,80.9,96.7,72.8,84.2,72.5,77.5,0.0,0,0.0,rain,0,0,13.4,4.5,177.0,1012.8,90.4,15.0,231.1,19.9,9,30.0,2024-06-04T05:44:09,2024-06-04T17:25:51,0.92,Overcast,Cloudy skies throughout the day.,cloudy,remote,Tokyo
Tokyo,2024-06-05,89.0,71.5,79.4,94.8,71.5,81.4,72.0,80.1,0.0,0,0.0,,0,0,19.7,8.9,188.0,1013.5,33.7,15.0,228.8,19.5,8,10.0,2024-06-05T05:44:24,2024-06-05T17:25:58,0.95,Partially cloudy,Partly cloudy throughout the day.,partly-cloudy-day,remote,Tokyo
Tokyo,2024-06-06,88.4,71.1,80.1,94.4,71.1,83.3,71.7,77.3,0.004,100,4.17,rain,0,0,11.0,4.7,169.3,1012.3,52.8,15.0,208.3,18.1,8,10.0,2024-06-06T05:44:39,2024-06-06T17:26:05,0.0,"Rain, Partially cloudy",Partly cloudy throughout the day with afternoon rain.,rain,remote,Tokyo
Tokyo,2024-06-07,89.3,72.8,79.9,96.0,72.8,82.3,72.7,80.2,0.012,100,12.5,rain,0,0,15.0,6.7,194.2,1011.8,51.9,14.6,205.1,17.8,7,10.0,2024-06-07T05:44:53,2024-06-07T17:26:13,0.02,"Rain, Partially cloudy",Partly cloudy throughout the day with rain in the morning and afternoon.,rain,remote,Tokyo
Tokyo,2024-06-08,91.1,72.4,81.0,97.5,72.4,83.9,72.4,77.4,0.004,100,4.17,rain,0,0,11.9,4.3,125.8,1011.0,51.4,14.8,194.4,16.7,7,30.0,2024-06-08T05:45:08,2024-06-08T17:26:21,0.05,"Rain, Partially cloudy",Partly cloudy throughout the day with morning rain.,rain,remote,Tokyo
Tokyo,2024-06-09,89.0,74.7,80.4,97.5,74.7,83.7,74.3,82.8,0.032,100,25.0,rain,0,0,14.1,6.3,174.9,1011.9,49.1,14.5,187.7,16.1,7,30.0,2024-06-09T05:45:23,2024-06-09T17:26:30,0.09,"Rain, Partially cloudy",Partly cloudy throughout the day with rain in the morning and afternoon.,rain,remote,Tokyo
Tokyo,2024-06-10,91.1,74.0,81.6,99.3,74.0,85.9,73.8,79.2,0.0,0,0.0,,0,0,13.6,3.6,163.7,1012.2,52.6,15.0,206.3,17.8,7,30.0,2024-06-10T05:45:38,2024-06-10T17:26:39,0.12,Partially cloudy,Partly cloudy throughout the day.,partly-cloudy-day,remote,Tokyo
Tokyo,2024-06-11,92.2,78.7,83.6,102.3,78.7,88.5,74.4,75.1,0.112,100,50.0,rain,0,0,12.5,2.9,150.6,1012.8,48.3,14.5,193.7,16.7,6,30.0,2024-06-11T05:45:53,2024-06-11T17:26:49,0.15,"Rain, Partially cloudy",Partly cloudy throughout the day with rain.,rain,remote,Tokyo
Tokyo,2024-06-12,90.6,75.5,81.2,98.8,75.5,84.3,74.2,80.7,0.135,100,58.33,rain,0,0,14.8,5.1,176.1,1013.5,81.0,14.2,196.6,16.9,7,30.0,2024-06-12T05:46:07,2024-06-12T17:26:59,0.18,"Rain, Partially cloudy",Partly cloudy throughout the day with a chance of rain throughout the day.,rain,remote,Tokyo
Tokyo,2024-06-13,91.3,74.7,80.9,99.4,74.7,84.2,73.5,79.6,0.036,100,29.17,rain,0,0,16.6,6.0,19.9,1012.3,72.7,13.6,148.3,13.0,5,30.0,2024-06-13T05:46:22,2024-06-13T17:27:09,0.22,"Rain, Partially cloudy",Partly cloudy throughout the day with a chance of rain throughout the day.,rain,remote,Tokyo
Tokyo,2024-06-14,91.5,74.2,81.4,98.5,74.2,84.8,73.6,78.9,0.052,100,25.0,rain,0,0,15.2,4.9,21.7,1010.8,55.8,15.0,202.2,17.6,7,30.0,2024-06-14T05:46:37,2024-06-14T17:27:20,0.25,"Rain, Partially cloudy",Partly cloudy throughout the day with rain in the morning and afternoon.,rain,remote,Tokyo
Tokyo,2024-06-15,87.5,75.8,79.9,95.6,75.8,83.1,74.5,84.4,0.147,100,37.5,rain,0,0,15.9,6.0,232.9,1010.5,45.7,14.8,168.1,14.4,6,30.0,2024-06-15T05:46:51,2024-06-15T17:27:31,0.28,"Rain, Partially cloudy",Partly cloudy throughout the day with rain in the morning and afternoon.,rain,remote,Tokyo
Tokyo,2024-06-16,90.1,74.7,80.7,94.3,74.7,82.8,72.3,77.9,0.0,0,0.0,,0,0,14.8,6.5,202.3,1010.8,41.9,15.0,230.4,19.8,9,10.0,2024-06-16T05:47:05,2024-06-16T17:27:43,0.31,Partially cloudy,Clearing in the afternoon.,partly-cloudy-day,remote,Tokyo
Tokyo,2024-06-17,91.5,73.3,82.2,95.7,73.3,84.9,70.7,70.7,0.0,0,0.0,,0,0,14.8,5.1,26.4,1011.3,41.9,15.0,201.7,17.5,7,30.0,2024-06-17T05:47:19,2024-06-17T17:27:55,0.34,Partially cloudy,Becoming cloudy in the afternoon.,partly-cloudy-day,remote,Tokyo
Tokyo,2024-06-18,88.8,76.4,81.6,96.0,76.4,84.8,73.0,76.0,0.056,100,37.5,rain,0,0,16.1,7.8,172.1,1011.6,36.4,14.9,207.7,17.8,7,30.0,2024-06-18T05:47:33,2024-06-18T17:28:07,0.38,"Rain, Partially cloudy",Becoming cloudy in the afternoon with a chance of rain throughout the day.,rain,remote,Tokyo
Tokyo,2024-06-19,87.7,71.5,79.2,90.0,71.5,80.2,69.3,74.3,0.0,0,0.0,,0,0,17.0,7.6,161.4,1010.9,47.9,15.0,207.9,18.0,7,10.0,2024-06-19T05:47:47,2024-06-19T17:28:20,0.41,Partially cloudy,Partly cloudy throughout the day.,partly-cloudy-day,remote,Tokyo
Tokyo,2024-06-20,88.1,70.8,79.1,90.7,70.8,80.3,68.5,72.3,0.0,0,0.0,,0,0,17.0,7.4,156.1,1010.4,41.7,15.0,194.2,16.8,7,10.0,2024-06-20T05:48:00,2024-06-20T17:28:33,0.44,Partially cloudy,Becoming cloudy in the afternoon.,partly-cloudy-day,remote,Tokyo
Tokyo,2024-06-21,87.2,71.0,78.4,89.0,71.0,79.3,68.4,73.7,0.0,0,0.0,,0,0,19.7,8.3,168.3,1011.6,74.0,15.0,197.7,17.1,7,10.0,2024-06-21T05:48:14,2024-06-21T17:28:46,0.47,Partially cloudy,Partly cloudy throughout the day.,partly-cloudy-day,remote,Tokyo
Tokyo,2024-06-22,86.1,68.8,77.0,88.2,68.8,77.8,69.0,78.7,0.0,0,0.0,,0,0,20.1,9.2,174.2,1012.1,65.1,15.0,185.3,16.0,6,10.0,2024-06-22T05:48:26,2024-06-22T17:28:59,0.5,Partially cloudy,Partly cloudy throughout the day.,partly-cloudy-day,remote,Tokyo
Tokyo,2024-06-23,85.0,70.1,77.0,88.6,70.1,78.2,70.0,80.3,0.004,100,4.17,rain,0,0,20.6,9.2,164.3,1011.5,77.8,15.0,162.6,14.0,6,10.0,2024-06-23T05:48:39,2024-06-23T17:29:13,0.54,"Rain, Partially cloudy",Partly cloudy throughout the day with afternoon rain.,rain,remote,Tokyo
Tokyo,2024-06-24,86.1,73.5,79.2,91.8,73.5,81.2,71.1,77.2,0.024,100,12.5,rain,0,0,19.5,7.8,157.6,1011.0,75.6,15.0,176.7,15.4,7,10.0,2024-06-24T05:48:51,2024-06-24T17:29:26,0.58,"Rain, Partially cloudy",Partly cloudy throughout the day with afternoon rain.,rain,remote,Tokyo
Tokyo,2024-06-25,88.4,70.8,78.9,93.8,70.8,80.7,72.0,81.1,0.048,100,33.33,rain,0,0,14.3,6.9,174.7,1010.4,82.1,15.0,163.2,14.1,7,10.0,2024-06-25T05:49:03,2024-06-25T17:29:40,0.61,"Rain, Partially cloudy",Partly cloudy throughout the day with rain.,rain,remote,Tokyo
Tokyo,2024-06-26,90.4,72.4,81.7,96.5,72.4,85.1,72.0,74.6,0.0,0,0.0,,0,0,13.9,4.3,58.8,1009.6,48.2,15.0,184.0,16.0,6,30.0,2024-06-26T05:49:15,2024-06-26T17:29:54,0.65,Partially cloudy,Partly cloudy throughout the day.,partly-cloudy-day,remote,Tokyo
Tokyo,2024-06-27,90.9,75.6,82.5,97.5,75.6,86.1,72.2,72.2,0.004,100,4.17,rain,0,0,16.6,6.3,26.5,1010.6,27.1,15.0,194.7,16.7,7,10.0,2024-06-27T05:49:26,2024-06-27T17:30:08,0.69,"Rain, Partially cloudy",Partly cloudy throughout the day with afternoon rain.,rain,remote,Tokyo
Tokyo,2024-06-28,89.3,77.4,81.6,98.3,77.4,85.1,74.0,78.6,0.083,100,33.33,rain,0,0,13.0,3.6,170.4,1011.8,78.0,14.5,174.2,15.0,7,30.0,2024-06-28T05:49:36,2024-06-28T17:30:22,0.72,"Rain, Partially cloudy",Partly cloudy throughout the day with rain.,rain,remote,Tokyo
Tokyo,2024-06-29,88.8,75.8,80.2,98.4,75.8,83.0,74.7,84.6,0.052,100,33.33,rain,0,0,18.6,7.8,181.1,1012.5,52.3,14.7,198.1,17.1,7,30.0,2024-06-29T05:49:46,2024-06-29T17:30:36,0.75,"Rain, Partially cloudy",Partly cloudy throughout the day with a chance of rain throughout the day.,rain,remote,Tokyo
Tokyo,2024-06-30,87.7,73.5,79.4,93.3,73.5,81.7,72.8,82.0,0.0,0,0.0,rain,0,0,18.8,8.1,180.2,1012.0,80.9,15.0,192.6,16.7,7,30.0,2024-06-30T05:49:56,2024-06-30T17:30:50,0.79,Partially cloudy,Partly cloudy throughout the day.,partly-cloudy-day,remote,Tokyo
Tokyo,2024-07-01,90.8,71.1,80.7,92.8,71.1,82.5,70.0,73.2,0.0,0,0.0,,0,0,12.1,4.9,159.0,1010.5,87.9,15.0,209.5,17.9,8,10.0,2024-07-01T05:50:05,2024-07-01T17:31:04,0.83,Partially cloudy,Partly cloudy throughout the day.,partly-cloudy-day,remote,Tokyo
Tokyo,2024-07-02,88.2,74.9,80.5,95.0,74.9,83.3,72.6,77.6,0.15,100,25.0,rain,0,0,17.4,7.2,163.5,1011.5,98.2,13.1,151.9,13.0,6,30.0,2024-07-02T05:50:14,2024-07-02T17:31:19,0.87,"Rain, Overcast",Cloudy skies throughout the day with afternoon rain.,rain,remote,Tokyo
Tokyo,2024-07-03,89.5,72.6,80.7,97.0,72.6,83.9,73.1,79.3,0.0,0,0.0,rain,0,0,22.8,8.3,167.0,1012.3,71.0,14.9,191.9,16.6,7,30.0,2024-07-03T05:50:22,2024-07-03T17:31:33,0.9,Partially cloudy,Partly cloudy throughout the day.,partly-cloudy-day,remote,Tokyo
Tokyo,2024-07-04,85.9,75.5,78.4,93.5,75.5,80.1,74.0,86.8,0.528,100,58.33,rain,0,0,19.2,6.7,172.2,1012.3,95.6,13.0,112.9,9.9,5,10.0,2024-07-04T05:50:30,2024-07-04T17:31:47,0.94,"Rain, Overcast",Cloudy skies throughout the day with a chance of rain throughout the day.,rain,remote,Tokyo
Tokyo,2024-07-05,87.0,72.8,80.4,91.8,72.8,82.8,71.2,75.4,0.0,0,0.0,,0,0,15.7,4.7,95.1,1009.7,49.7,15.0,190.9,16.4,7,10.0,2024-07-05T05:50:37,2024-07-05T17:32:01,0.97,Partially cloudy,Partly cloudy throughout the day.,partly-cloudy-day,remote,Tokyo
Tokyo,2024-07-06,89.5,76.4,80.8,94.7,76.4,82.6,70.7,72.3,0.0,0,0.0,,0,0,20.1,8.1,37.3,1009.9,46.5,15.0,182.8,15.5,7,10.0,2024-07-06T05:50:43,2024-07-06T17:32:14,0.0,Partially cloudy,Becoming cloudy in the afternoon.,partly-cloudy-day,remote,Tokyo
Tokyo,2024-07-07,87.7,73.1,79.7,93.7,73.1,82.1,72.3,79.6,0.051,100,20.83,rain,0,0,14.5,4.0,54.2,1011.2,80.6,15.0,186.2,16.0,7,30.0,2024-07-07T05:50:49,2024-07-07T17:32:28,0.04,"Rain, Partially cloudy",Partly cloudy throughout the day with rain.,rain,remote,Tokyo
Tokyo,2024-07-08,88.4,73.8,79.7,93.4,73.8,81.6,72.2,79.6,0.012,100,12.5,rain,0,0,17.0,7.6,161.3,1010.3,63.1,15.0,197.8,17.1,7,10.0,2024-07-08T05:50:55,2024-07-08T17:32:41,0.07,"Rain, Partially cloudy",Partly cloudy throughout the day with morning rain.,rain,remote,Tokyo
Tokyo,2024-07-09,89.1,69.5,79.1,93.0,69.5,80.7,69.7,75.5,0.0,0,0.0,rain,0,0,12.3,4.3,180.2,1011.9,71.1,15.0,215.9,18.7,8,10.0,2024-07-09T05:50:59,2024-07-09T17:32:55,0.11,Partially cloudy,Partly cloudy throughout the day.,partly-cloudy-day,remote,Tokyo
Tokyo,2024-07-10,88.8,71.3,79.2,92.6,71.3,80.6,70.8,77.7,0.0,0,0.0,,0,0,21.5,10.1,153.0,1013.2,85.1,15.0,217.5,18.7,8,10.0,2024-07-10T05:51:03,2024-07-10T17:33:08,0.14,Partially cloudy,Partly cloudy throughout the day.,partly-cloudy-day,remote,Tokyo
Tokyo,2024-07-11,86.6,70.1,77.5,88.5,70.1,78.3,68.0,74.6,0.0,0,0.0,,0,0,25.5,11.4,167.0,1013.1,44.2,15.0,217.2,18.7,8,10.0,2024-07-11T05:51:06,2024-07-11T17:33:21,0.17,Partially cloudy,Becoming cloudy in the afternoon.,partly-cloudy-day,remote,Tokyo
Tokyo,2024-07-12,86.6,67.9,76.4,88.5,67.9,77.1,67.3,76.0,0.0,0,0.0,,0,0,19.9,9.2,163.6,1011.1,75.4,15.0,215.0,18.6,8,10.0,2024-07-12T05:51:09,2024-07-12T17:33:34,0.2,Partially cloudy,Partly cloudy throughout the day.,partly-cloudy-day,remote,Tokyo
Tokyo,2024-07-13,86.3,69.2,76.1,88.0,69.2,76.8,66.4,73.6,0.0,0,0.0,,0,0,25.7,11.2,174.9,1011.3,45.5,15.0,200.8,17.4,7,10.0,2024-07-13T05:51:11,2024-07-13T17:33:46,0.23,Partially cloudy,Partly cloudy throughout the day.,partly-cloudy-day,remote,Tokyo
Tokyo,2024-07-14,84.3,65.0,74.7,84.9,65.0,75.0,64.3,72.7,0.0,0,0.0,,0,0,22.1,9.8,163.3,1010.8,51.1,15.0,223.7,19.3,8,10.0,2024-07-14T05:51:12,2024-07-14T17:33:58,0.25,Partially cloudy,Partly cloudy throughout the day.,partly-cloudy-day,remote,Tokyo
Tokyo,2024-07-15,84.1,66.6,75.2,85.0,66.6,75.6,65.0,73.0,0.0,0,0.0,,0,0,24.2,11.4,178.8,1011.9,34.2,15.0,199.8,17.3,8,10.0,2024-07-15T05:51:13,2024-07-15T17:34:10,0.3,Partially cloudy,Becoming cloudy in the afternoon.,partly-cloudy-day,remote,Tokyo
Tokyo,2024-07-16,86.1,67.4,76.6,88.2,67.4,77.3,67.0,73.9,0.0,0,0.0,,0,0,17.0,7.6,161.8,1011.3,29.2,15.0,202.1,17.4,8,10.0,2024-07-16T05:51:13,2024-07-16T17:34:22,0.33,Partially cloudy,Becoming cloudy in the afternoon.,partly-cloudy-day,remote,Tokyo
Tokyo,2024-07-17,88.2,68.6,78.2,89.8,68.6,79.1,67.7,72.8,0.0,0,0.0,,0,0,14.5,7.6,149.5,1011.2,44.2,15.0,217.6,18.8,8,10.0,2024-07-17T05:51:12,2024-07-17T17:34:33,0.36,Partially cloudy,Becoming cloudy in the afternoon.,partly-cloudy-day,remote,Tokyo
Tokyo,2024-07-18,87.7,71.9,78.8,89.4,71.9,79.9,69.6,76.0,0.0,0,0.0,,0,0,16.3,6.9,170.3,1013.1,38.4,15.0,208.8,18.2,7,10.0,2024-07-18T05:51:10,2024-07-18T17:34:44,0.4,Partially cloudy,Partly cloudy throughout the day.,partly-cloudy-day,remote,Tokyo
Tokyo,2024-07-19,87.9,67.9,77.0,89.1,67.9,77.7,67.5,75.4,0.0,0,0.0,,0,0,20.4,8.9,161.1,1012.1,71.0,15.0,250.4,21.5,9,10.0,2024-07-19T05:51:08,2024-07-19T17:34:54,0.43,Partially cloudy,Partly cloudy throughout the day.,partly-cloudy-day,remote,Tokyo
Tokyo,2024-07-20,86.6,68.1,76.3,88.7,68.1,77.0,67.3,75.8,0.0,0,0.0,,0,0,18.8,8.9,178.6,1012.9,24.4,15.0,236.9,20.4,9,10.0,2024-07-20T05:51:05,2024-07-20T17:35:04,0.46,Partially cloudy,Becoming cloudy in the afternoon.,partly-cloudy-day,remote,Tokyo
Tokyo,2024-07-21,87.9,65.4,76.2,89.9,65.4,76.9,66.6,74.7,0.0,0,0.0,,0,0,22.1,10.3,187.9,1013.5,38.0,15.0,233.2,20.4,8,10.0,2024-07-21T05:51:01,2024-07-21T17:35:14,0.5,Partially cloudy,Partly cloudy throughout the day.,partly-cloudy-day,remote,Tokyo
Tokyo,2024-07-22,86.6,67.4,76.5,88.7,67.4,77.4,67.6,75.7,0.0,0,0.0,,0,0,21.5,9.8,195.6,1013.8,39.9,15.0,209.0,18.2,8,10.0,2024-07-22T05:50:56,2024-07-22T17:35:24,0.53,Partially cloudy,Becoming cloudy in the afternoon.,partly-cloudy-day,remote,Tokyo
Tokyo,2024-07-23,87.5,69.0,77.6,90.4,69.0,78.7,68.8,76.5,0.0,0,0.0,,0,0,18.3,9.2,200.7,1012.9,67.4,15.0,200.5,17.2,7,10.0,2024-07-23T05:50:51,2024-07-23T17:35:33,0.56,Partially cloudy,Partly cloudy throughout the day.,partly-cloudy-day,remote,Tokyo
Tokyo,2024-07-24,86.4,70.4,77.1,88.8,70.4,78.0,68.8,77.5,0.0,0,0.0,rain,0,0,20.1,9.6,210.3,1011.3,65.1,15.0,210.7,18.2,8,10.0,2024-07-24T05:50:45,2024-07-24T17:35:41,0.6,Partially cloudy,Partly cloudy throughout the day.,partly-cloudy-day,remote,Tokyo
Tokyo,2024-07-25,88.8,68.4,77.4,90.2,68.4,78.0,67.8,75.5,0.0,0,0.0,,0,0,18.8,8.9,202.5,1010.5,57.2,15.0,223.2,19.4,8,10.0,2024-07-25T05:50:38,2024-07-25T17:35:50,0.63,Partially cloudy,Partly cloudy throughout the day.,partly-cloudy-day,remote,Tokyo
Tokyo,2024-07-26,89.0,67.9,77.6,90.2,67.9,78.4,67.8,74.8,0.0,0,0.0,,0,0,20.8,9.2,179.2,1011.5,25.2,15.0,231.2,20.0,9,10.0,2024-07-26T05:50:30,2024-07-26T17:35:57,0.67,Partially cloudy,Partly cloudy throughout the day.,partly-cloudy-day,remote,Tokyo
Tokyo,2024-07-27,89.9,70.1,78.2,92.4,70.1,79.3,69.4,77.4,0.0,0,0.0,,0,0,20.8,9.6,171.7,1012.7,25.5,15.0,228.3,19.8,8,10.0,2024-07-27T05:50:21,2024-07-27T17:36:05,0.71,Partially cloudy,Partly cloudy throughout the day.,partly-cloudy-day,remote,Tokyo
Tokyo,2024-07-28,87.2,71.0,77.2,90.1,71.0,78.3,69.2,78.3,0.0,0,0.0,,0,0,21.7,9.6,180.7,1012.6,32.0,15.0,213.8,18.5,7,10.0,2024-07-28T05:50:12,2024-07-28T17:36:12,0.75,Partially cloudy,Partly cloudy throughout the day.,partly-cloudy-day,remote,Tokyo
Tokyo,2024-07-29,87.3,69.7,77.0,89.5,69.7,77.8,69.0,78.6,0.0,0,0.0,,0,0,19.7,9.2,184.3,1011.3,39.8,15.0,202.9,17.5,7,10.0,2024-07-29T05:50:02,2024-07-29T17:36:18,0.78,Partially cloudy,Partly cloudy throughout the day.,partly-cloudy-day,remote,Tokyo
Tokyo,2024-07-30,87.9,69.0,77.7,91.7,69.0,79.1,70.2,80.0,0.004,100,4.17,rain,0,0,19.9,9.2,191.1,1012.8,36.0,15.0,222.9,19.2,8,10.0,2024-07-30T05:49:51,2024-07-30T17:36:24,0.81,"Rain, Partially cloudy",Partly cloudy throughout the day with afternoon rain.,rain,remote,Tokyo
Tokyo,2024-07-31,88.6,71.0,78.9,93.6,71.0,80.9,71.6,80.5,0.0,0,0.0,,0,0,14.8,6.5,193.5,1013.6,51.0,15.0,201.3,17.4,7,10.0,2024-07-31T05:49:40,2024-07-31T17:36:30,0.85,Partially cloudy,Partly cloudy throughout the day.,partly-cloudy-day,remote,Tokyo
Tokyo,2024-08-01,88.8,74.0,79.0,95.7,74.0,81.6,73.3,83.9,0.048,100,20.83,rain,0,0,17.7,7.6,204.9,1013.3,60.5,15.0,189.8,16.2,7,10.0,2024-08-01T05:49:28,2024-08-01T17:36:35,0.88,"Rain, Partially cloudy",Partly cloudy throughout the day with rain in the morning and afternoon.,rain,remote,Tokyo
Tokyo,2024-08-02,87.2,72.9,79.0,94.0,72.9,81.5,72.7,82.4,0.08,100,54.17,rain,0,0,15.9,7.8,200.8,1012.7,84.1,14.5,194.4,16.7,7,10.0,2024-08-02T05:49:15,2024-08-02T17:36:39,0.92,"Rain, Partially cloudy",Partly cloudy throughout the day with rain.,rain,remote,Tokyo
Tokyo,2024-08-03,89.0,73.7,79.3,94.8,73.7,81.6,72.9,82.1,0.091,100,25.0,rain,0,0,15.7,6.7,204.5,1013.5,51.5,15.0,197.4,17.0,7,10.0,2024-08-03T05:49:01,2024-08-03T17:36:44,0.96,"Rain, Partially cloudy",Partly cloudy throughout the day with a chance of rain throughout the day.,rain,remote,Tokyo
Tokyo,2024-08-04,87.9,70.8,77.8,92.2,70.8,79.3,71.3,82.5,0.008,100,8.33,rain,0,0,21.3,9.4,194.6,1013.5,40.7,15.0,229.1,19.8,8,10.0,2024-08-04T05:48:46,2024-08-04T17:36:47,0.0,"Rain, Partially cloudy",Clearing in the afternoon with rain in the morning and afternoon.,rain,remote,Tokyo
Tokyo,2024-08-05,88.8,68.8,77.3,90.7,68.8,78.3,69.1,79.1,0.0,0,0.0,,0,0,17.2,7.6,189.6,1012.5,61.7,15.0,261.7,22.6,9,10.0,2024-08-05T05:48:31,2024-08-05T17:36:51,0.02,Partially cloudy,Partly cloudy throughout the day.,partly-cloudy-day,remote,Tokyo
Tokyo,2024-08-06,88.8,69.3,77.5,90.6,69.3,78.0,68.8,78.0,0.0,0,0.0,,0,0,19.7,8.9,178.7,1012.4,67.3,15.0,251.4,21.9,9,10.0,2024-08-06T05:48:15,2024-08-06T17:36:53,0.06,Partially cloudy,Partly cloudy throughout the day.,partly-cloudy-day,remote,Tokyo
Tokyo,2024-08-07,88.4,68.3,77.6,91.5,68.3,78.9,68.9,76.7,0.0,0,0.0,,0,0,16.6,7.4,173.5,1013.0,84.6,15.0,207.9,18.0,7,10.0,2024-08-07T05:47:58,2024-08-07T17:36:56,0.09,Partially cloudy,Partly cloudy throughout the day.,partly-cloudy-day,remote,Tokyo
Tokyo,2024-08-08,85.7,73.5,78.9,90.7,73.5,80.6,71.0,77.7,0.044,100,25.0,rain,0,0,21.5,9.4,164.4,1013.7,70.7,15.0,198.4,17.1,7,10.0,2024-08-08T05:47:41,2024-08-08T17:36:58,0.12,"Rain, Partially cloudy",Partly cloudy throughout the day with rain in the morning and afternoon.,rain,remote,Tokyo
Tokyo,2024-08-09,87.5,72.9,78.9,91.4,72.9,80.2,70.2,76.2,0.0,0,0.0,,0,0,18.6,9.2,160.5,1012.5,45.3,15.0,196.7,16.9,7,10.0,2024-08-09T05:47:23,2024-08-09T17:36:59,0.15,Partially cloudy,Becoming cloudy in the afternoon.,partly-cloudy-day,remote,Tokyo
Tokyo,2024-08-10,87.5,71.7,78.1,91.1,71.7,79.4,70.1,78.2,0.0,0,0.0,,0,0,18.8,8.3,173.3,1011.6,55.6,15.0,217.0,18.7,8,10.0,2024-08-10T05:47:04,2024-08-10T17:37:00,0.19,Partially cloudy,Partly cloudy throughout the day.,partly-cloudy-day,remote,Tokyo
Tokyo,2024-08-11,85.6,69.7,76.3,87.7,69.7,77.0,66.5,73.2,0.0,0,0.0,,0,0,23.5,10.3,170.3,1011.4,37.4,15.0,260.8,22.6,9,10.0,2024-08-11T05:46:44,2024-08-11T17:37:00,0.22,Partially cloudy,Partly cloudy throughout the day.,partly-cloudy-day,remote,Tokyo
Tokyo,2024-08-12,86.8,64.8,75.2,85.6,64.8,75.0,62.2,67.6,0.0,0,0.0,,0,0,17.4,7.8,192.2,1011.7,28.2,15.0,280.8,24.2,10,10.0,2024-08-12T05:46:24,2024-08-12T17:37:00,0.25,Partially cloudy,Partly cloudy throughout the day.,partly-cloudy-day,remote,Tokyo
Tokyo,2024-08-13,88.6,64.8,75.9,90.4,64.8,76.6,66.5,75.5,0.0,0,0.0,,0,0,20.4,9.2,184.0,1012.3,22.7,15.0,250.4,21.6,9,10.0,2024-08-13T05:46:03,2024-08-13T17:37:00,0.29,Partially cloudy,Becoming cloudy in the afternoon.,partly-cloudy-day,remote,Tokyo
Tokyo,2024-08-14,88.2,68.6,76.6,90.8,68.6,77.5,68.1,77.2,0.0,0,0.0,,0,0,20.1,9.4,171.7,1011.6,30.9,15.0,239.0,20.6,9,10.0,2024-08-14T05:45:42,2024-08-14T17:36:59,0.32,Partially cloudy,Becoming cloudy in the afternoon.,partly-cloudy-day,remote,Tokyo
Tokyo,2024-08-15,86.6,69.0,75.6,88.7,69.0,76.3,66.2,74.3,0.0,0,0.0,,0,0,21.7,9.6,177.6,1011.4,32.7,15.0,241.8,21.0,9,10.0,2024-08-15T05:45:19,2024-08-15T17:36:58,0.35,Partially cloudy,Partly cloudy throughout the day.,partly-cloudy-day,remote,Tokyo
Tokyo,2024-08-16,86.1,66.3,74.8,87.6,66.3,75.3,65.5,75.0,0.0,0,0.0,,0,0,20.6,8.9,199.4,1011.5,50.6,15.0,243.2,21.0,9,10.0,2024-08-16T05:44:57,2024-08-16T17:36:56,0.38,Partially cloudy,Partly cloudy throughout the day.,partly-cloudy-day,remote,Tokyo
Tokyo,2024-08-17,88.6,66.5,75.7,90.6,66.5,76.4,67.7,79.0,0.0,0,0.0,,0,0,20.1,8.7,195.4,1011.8,25.7,15.0,263.0,22.8,9,10.0,2024-08-17T05:44:33,2024-08-17T17:36:54,0.42,Partially cloudy,Partly cloudy throughout the day.,partly-cloudy-day,remote,Tokyo
Tokyo,2024-08-18,88.1,67.6,75.5,90.7,67.6,76.5,67.7,79.2,0.0,0,0.0,,0,0,23.7,11.2,196.1,1012.2,58.0,15.0,256.7,22.2,9,10.0,2024-08-18T05:44:09,2024-08-18T17:36:52,0.45,Partially cloudy,Partly cloudy throughout the day.,partly-cloudy-day,remote,Tokyo
Tokyo,2024-08-19,88.6,67.9,75.9,92.1,67.9,76.8,67.9,78.5,0.0,0,0.0,,0,0,21.0,9.6,188.5,1011.7,60.0,15.0,263.1,22.8,9,10.0,2024-08-19T05:43:45,2024-08-19T17:36:49,0.48,Partially cloudy,Partly cloudy throughout the day.,partly-cloudy-day,remote,Tokyo
Tokyo,2024-08-20,88.1,66.8,76.1,91.0,66.8,77.0,67.5,77.5,0.0,0,0.0,,0,0,17.7,7.8,197.3,1012.3,22.9,15.0,273.5,23.7,9,10.0,2024-08-20T05:43:19,2024-08-20T17:36:45,0.5,Partially cloudy,Clearing in the afternoon.,partly-cloudy-day,remote,Tokyo
Tokyo,2024-08-21,88.4,68.4,77.3,92.1,68.4,78.6,68.7,77.1,0.0,0,0.0,,0,0,17.9,7.6,194.7,1012.8,26.7,15.0,243.5,21.1,8,10.0,2024-08-21T05:42:54,2024-08-21T17:36:42,0.55,Partially cloudy,Partly cloudy throughout the day.,partly-cloudy-day,remote,Tokyo
Tokyo,2024-08-22,88.6,69.7,77.8,92.3,69.7,79.1,68.5,75.1,0.0,0,0.0,,0,0,20.6,9.8,194.7,1012.8,93.4,15.0,251.5,21.6,8,10.0,2024-08-22T05:42:27,2024-08-22T17:36:37,0.59,Overcast,Cloudy skies throughout the day.,cloudy,remote,Tokyo
Tokyo,2024-08-23,89.5,69.5,77.3,91.4,69.5,78.1,67.7,74.9,0.0,0,0.0,,0,0,22.4,10.1,201.9,1013.9,81.6,15.0,242.6,21.0,9,10.0,2024-08-23T05:42:01,2024-08-23T17:36:33,0.62,Partially cloudy,Partly cloudy throughout the day.,partly-cloudy-day,remote,Tokyo
Tokyo,2024-08-24,87.9,70.1,77.1,90.3,70.1,78.0,69.2,79.2,0.0,0,0.0,,0,0,23.3,10.5,192.2,1013.8,47.8,15.0,235.7,20.3,8,10.0,2024-08-24T05:41:33,2024-08-24T17:36:28,0.66,Partially cloudy,Partly cloudy throughout the day.,partly-cloudy-day,remote,Tokyo
Tokyo,2024-08-25,86.8,70.6,77.1,89.5,70.6,78.1,68.9,77.7,0.0,0,0.0,,0,0,24.6,10.7,182.9,1012.8,47.2,15.0,203.4,17.4,7,10.0,2024-08-25T05:41:06,2024-08-25T17:36:23,0.69,Partially cloudy,Partly cloudy throughout the day.,partly-cloudy-day,remote,Tokyo
Tokyo,2024-08-26,88.1,70.4,77.7,91.9,70.4,79.1,69.8,78.5,0.0,0,0.0,,0,0,22.1,10.1,178.9,1012.3,44.3,15.0,228.2,19.7,8,10.0,2024-08-26T05:40:37,2024-08-26T17:36:18,0.75,Partially cloudy,Becoming cloudy in the afternoon.,partly-cloudy-day,remote,Tokyo
Tokyo,2024-08-27,87.2,70.2,77.2,89.4,70.2,78.1,69.0,77.9,0.0,0,0.0,,0,0,25.5,11.4,194.1,1013.4,95.2,15.0,242.9,21.1,9,10.0,2024-08-27T05:40:09,2024-08-27T17:36:12,0.76,Overcast,Cloudy skies throughout the day.,cloudy,remote,Tokyo
Tokyo,2024-08-28,87.5,69.9,76.7,90.2,69.9,77.7,68.8,78.5,0.004,100,4.17,rain,0,0,21.9,10.3,200.2,1013.0,86.9,14.8,272.0,23.4,10,10.0,2024-08-28T05:39:40,2024-08-28T17:36:06,0.79,"Rain, Partially cloudy",Partly cloudy throughout the day with afternoon rain.,rain,remote,Tokyo
Tokyo,2024-08-29,85.9,71.9,77.4,89.2,71.9,78.5,69.7,79.0,0.0,0,0.0,,0,0,22.8,10.3,196.2,1013.0,83.0,15.0,233.0,20.1,8,10.0,2024-08-29T05:39:10,2024-08-29T17:35:59,0.83,Partially cloudy,Partly cloudy throughout the day.,partly-cloudy-day,remote,Tokyo
Tokyo,2024-08-30,89.1,70.4,77.3,90.2,70.4,78.0,68.4,77.3,0.0,0,0.0,,0,0,23.0,10.5,200.5,1012.9,89.0,15.0,269.3,23.2,9,10.0,2024-08-30T05:38:40,2024-08-30T17:35:53,0.86,Partially cloudy,Partly cloudy throughout the day.,partly-cloudy-day,remote,Tokyo
Tokyo,2024-08-31,88.2,70.1,77.4,90.2,70.1,78.2,68.1,75.6,0.0,0,0.0,,0,0,20.4,10.3,200.3,1012.1,61.6,15.0,234.2,20.2,9,10.0,2024-08-31T05:38:10,2024-08-31T17:35:46,0.9,Partially cloudy,Partly cloudy throughout the day.,partly-cloudy-day,remote,Tokyo
Tokyo,2024-09-01,84.6,70.8,76.7,88.7,70.8,78.0,69.4,79.1,0.008,100,8.33,rain,0,0,21.7,9.6,201.3,1012.0,53.6,15.0,192.8,16.7,6,10.0,2024-09-01T05:37:39,2024-09-01T17:35:39,0.93,"Rain, Partially cloudy",Partly cloudy throughout the day with afternoon rain.,rain,remote,Tokyo
Tokyo,2024-09-02,89.5,70.2,77.8,94.3,70.2,79.4,70.7,81.0,0.0,0,0.0,,0,0,22.1,10.1,200.1,1012.5,40.5,15.0,271.9,23.6,9,10.0,2024-09-02T05:37:08,2024-09-02T17:35:31,0.97,Partially cloudy,Partly cloudy throughout the day.,partly-cloudy-day,remote,Tokyo
Tokyo,2024-09-03,87.2,69.7,77.3,89.7,69.7,78.2,69.0,78.0,0.0,0,0.0,,0,0,23.9,10.5,198.1,1012.8,46.3,15.0,258.2,22.3,9,10.0,2024-09-03T05:36:37,2024-09-03T17:35:24,0.0,Partially cloudy,Partly cloudy throughout the day.,partly-cloudy-day,remote,Tokyo
Tokyo,2024-09-04,90.2,70.8,78.9,93.8,70.8,80.3,70.5,77.9,0.0,0,0.0,,0,0,20.1,8.9,202.7,1011.4,31.4,15.0,223.4,19.3,8,10.0,2024-09-04T05:36:05,2024-09-04T17:35:16,0.04,Partially cloudy,Partly cloudy throughout the day.,partly-cloudy-day,remote,Tokyo
Tokyo,2024-09-05,87.7,72.4,78.9,95.7,72.4,81.3,72.4,81.6,0.075,100,16.67,rain,0,0,20.8,8.5,191.1,1011.4,62.9,15.0,221.8,19.0,8,10.0,2024-09-05T05:35:33,2024-09-05T17:35:08,0.07,"Rain, Partially cloudy",Partly cloudy throughout the day with afternoon rain.,rain,remote,Tokyo
Tokyo,2024-09-06,90.8,72.2,79.7,94.6,72.2,81.1,69.7,73.8,0.0,0,0.0,,0,0,20.4,10.1,159.8,1011.8,77.9,15.0,271.8,23.6,10,10.0,2024-09-06T05:35:01,2024-09-06T17:35:00,0.1,Partially cloudy,Partly cloudy throughout the day.,partly-cloudy-day,remote,Tokyo
Tokyo,2024-09-07,91.1,71.0,79.4,93.8,71.0,80.5,69.6,74.5,0.0,0,0.0,,0,0,24.2,10.7,158.7,1012.9,39.6,15.0,248.0,21.6,9,10.0,2024-09-07T05:34:28,2024-09-07T17:34:52,0.14,Partially cloudy,Partly cloudy throughout the day.,partly-cloudy-day,remote,Tokyo
Tokyo,2024-09-08,89.1,73.1,79.3,95.8,73.1,81.7,72.4,80.7,0.19,100,45.83,rain,0,0,19.0,7.8,182.3,1012.8,45.0,13.9,217.8,18.8,8,10.0,2024-09-08T05:33:55,2024-09-08T17:34:43,0.17,"Rain, Partially cloudy",Partly cloudy throughout the day with rain.,rain,remote,Tokyo
Tokyo,2024-09-09,90.2,73.3,79.4,97.0,73.3,81.8,72.5,80.9,0.099,100,12.5,rain,0,0,18.8,7.6,196.5,1011.7,64.1,13.4,234.6,20.1,9,10.0,2024-09-09T05:33:22,2024-09-09T17:34:35,0.2,"Rain, Partially cloudy",Partly cloudy throughout the day with afternoon rain.,rain,remote,Tokyo
Tokyo,2024-09-10,86.3,74.0,79.4,92.8,74.0,82.0,72.7,81.0,0.155,100,70.83,rain,0,0,16.3,6.7,197.7,1011.8,82.3,13.1,192.3,16.5,7,10.0,2024-09-10T05:32:49,2024-09-10T17:34:26,0.24,"Rain, Partially cloudy",Partly cloudy throughout the day with a chance of rain throughout the day.,rain,remote,Tokyo
Tokyo,2024-09-11,89.7,73.7,80.2,94.1,73.7,82.2,71.6,76.8,0.036,100,12.5,rain,0,0,18.3,7.8,186.5,1012.7,44.0,15.0,222.1,19.0,7,10.0,2024-09-11T05:32:16,2024-09-11T17:34:17,0.25,"Rain, Partially cloudy",Partly cloudy throughout the day with rain clearing later.,rain,remote,Tokyo
Tokyo,2024-09-12,90.9,70.6,79.3,93.0,70.6,80.4,69.2,74.5,0.0,0,0.0,,0,0,22.4,9.8,177.4,1012.8,68.6,15.0,276.4,23.9,10,10.0,2024-09-12T05:31:43,2024-09-12T17:34:08,0.3,Partially cloudy,Partly cloudy throughout the day.,partly-cloudy-day,remote,Tokyo
Tokyo,2024-09-13,91.1,70.1,79.4,93.1,70.1,80.5,69.2,74.3,0.0,0,0.0,rain,0,0,21.9,10.3,186.5,1012.2,21.6,15.0,288.3,24.9,10,10.0,2024-09-13T05:31:09,2024-09-13T17:33:59,0.34,Partially cloudy,Partly cloudy throughout the day.,partly-cloudy-day,remote,Tokyo
Tokyo,2024-09-14,90.4,71.0,79.2,90.8,71.0,80.1,69.1,74.5,0.004,100,4.17,rain,0,0,19.0,8.5,196.5,1011.1,71.6,15.0,266.1,23.0,9,10.0,2024-09-14T05:30:35,2024-09-14T17:33:51,0.37,"Rain, Partially cloudy",Partly cloudy throughout the day with afternoon rain.,rain,remote,Tokyo
Tokyo,2024-09-15,89.9,71.0,79.2,90.9,71.0,79.9,68.9,74.3,0.0,0,0.0,,0,0,20.6,9.6,183.0,1010.5,51.1,15.0,262.0,22.7,9,10.0,2024-09-15T05:30:02,2024-09-15T17:33:42,0.4,Partially cloudy,Clearing in the afternoon.,partly-cloudy-day,remote,Tokyo
Tokyo,2024-09-16,88.6,71.7,78.7,89.3,71.7,79.3,67.9,73.0,0.0,0,0.0,,0,0,23.7,10.1,199.8,1010.7,40.0,15.0,278.4,23.9,9,10.0,2024-09-16T05:29:28,2024-09-16T17:33:33,0.44,Partially cloudy,Partly cloudy throughout the day.,partly-cloudy-day,remote,Tokyo
Tokyo,2024-09-17,89.5,70.1,78.2,89.1,70.1,78.3,66.4,71.7,0.0,0,0.0,,0,0,22.6,9.6,199.0,1009.6,65.4,15.0,289.3,24.9,10,10.0,2024-09-17T05:28:54,2024-09-17T17:33:24,0.47,Partially cloudy,Partly cloudy throughout the day.,partly-cloudy-day,remote,Tokyo
Tokyo,2024-09-18,88.4,70.8,78.0,87.9,70.8,78.1,66.3,71.6,0.0,0,0.0,,0,0,23.3,9.4,202.0,1009.8,93.6,15.0,287.4,24.8,10,10.0,2024-09-18T05:28:20,2024-09-18T17:33:15,0.5,Overcast,Cloudy skies throughout the day.,cloudy,remote,Tokyo
Tokyo,2024-09-19,90.1,69.2,78.2,90.6,69.2,78.7,67.2,72.9,0.0,0,0.0,,0,0,23.3,10.7,210.3,1009.5,64.2,15.0,303.1,26.2,10,10.0,2024-09-19T05:27:46,2024-09-19T17:33:06,0.54,Partially cloudy,Clearing in the afternoon.,partly-cloudy-day,remote,Tokyo
Tokyo,2024-09-20,92.7,69.5,79.8,95.0,69.5,80.9,68.4,72.0,0.0,0,0.0,,0,0,18.6,8.9,219.4,1009.5,40.7,15.0,302.1,26.1,10,10.0,2024-09-20T05:27:12,2024-09-20T17:32:57,0.57,Partially cloudy,Clearing in the afternoon.,partly-cloudy-day,remote,Tokyo
Tokyo,2024-09-21,92.6,72.8,80.8,95.5,72.8,82.3,69.9,72.1,0.0,0,0.0,,0,0,20.4,8.9,212.6,1010.0,79.5,15.0,222.2,19.2,8,10.0,2024-09-21T05:26:38,2024-09-21T17:32:48,0.61,Partially cloudy,Partly cloudy throughout the day.,partly-cloudy-day,remote,Tokyo
Tokyo,2024-09-22,94.2,75.3,83.0,99.7,75.3,85.9,71.7,71.2,0.0,0,0.0,,0,0,13.4,5.1,213.5,1010.2,89.6,15.0,248.8,21.4,9,30.0,2024-09-22T05:26:05,2024-09-22T17:32:40,0.64,Partially cloudy,Partly cloudy throughout the day.,partly-cloudy-day,remote,Tokyo
Tokyo,2024-09-23,91.7,76.9,82.7,98.4,76.9,87.0,73.4,75.1,0.04,100,20.83,rain,0,0,13.4,2.7,20.2,1011.1,88.9,13.4,204.4,17.8,7,30.0,2024-09-23T05:25:31,2024-09-23T17:32:31,0.67,"Rain, Partially cloudy",Partly cloudy throughout the day with rain in the morning and afternoon.,rain,remote,Tokyo
Tokyo,2024-09-24,90.6,75.8,81.3,98.6,75.8,83.9,73.0,76.8,0.323,100,20.83,rain,0,0,18.8,7.2,195.5,1011.3,73.9,13.1,185.1,15.7,7,30.0,2024-09-24T05:24:57,2024-09-24T17:32:23,0.71,"Rain, Partially cloudy",Partly cloudy throughout the day with rain.,rain,remote,Tokyo
Tokyo,2024-09-25,90.9,73.7,80.3,96.7,73.7,83.0,72.5,78.9,0.366,100,58.33,rain,0,0,15.7,6.3,195.8,1011.5,72.4,14.0,221.7,19.2,8,30.0,2024-09-25T05:24:24,2024-09-25T17:32:15,0.75,"Rain, Partially cloudy",Partly cloudy throughout the day with rain.,rain,remote,Tokyo
Tokyo,2024-09-26,89.1,74.0,79.5,97.4,74.0,82.2,73.8,83.8,0.784,100,54.17,rain,0,0,17.2,6.3,191.7,1011.5,89.3,13.9,194.4,16.8,7,10.0,2024-09-26T05:23:51,2024-09-26T17:32:07,0.78,"Rain, Partially cloudy",Partly cloudy throughout the day with rain.,rain,remote,Tokyo
Tokyo,2024-09-27,89.3,74.7,80.7,99.4,74.7,84.4,74.0,81.2,0.46,100,50.0,rain,0,0,15.9,6.0,195.5,1011.7,61.2,13.5,216.8,18.7,8,30.0,2024-09-27T05:23:17,2024-09-27T17:31:59,0.81,"Rain, Partially cloudy",Partly cloudy throughout the day with a chance of rain throughout the day.,rain,remote,Tokyo
Tokyo,2024-09-28,90.9,75.1,82.2,98.2,75.1,85.9,73.5,77.0,0.016,100,16.67,rain,0,0,14.3,6.7,164.7,1011.1,37.1,14.7,268.7,23.3,10,30.0,2024-09-28T05:22:45,2024-09-28T17:31:51,0.84,"Rain, Partially cloudy",Clearing in the afternoon with rain in the morning and afternoon.,rain,remote,Tokyo
Tokyo,2024-09-29,92.6,74.0,82.0,98.2,74.0,85.2,72.2,74.3,0.004,100,4.17,rain,0,0,14.5,6.3,161.2,1011.0,34.7,14.8,263.7,22.8,9,30.0,2024-09-29T05:22:12,2024-09-29T17:31:44,0.88,"Rain, Partially cloudy",Partly cloudy throughout the day with morning rain.,rain,remote,Tokyo
Tokyo,2024-09-30,92.7,74.4,82.2,96.7,74.4,84.9,71.7,73.0,0.008,100,8.33,rain,0,0,14.5,5.6,167.1,1010.9,66.6,14.1,271.4,23.7,9,10.0,2024-09-30T05:21:39,2024-09-30T17:31:37,0.91,"Rain, Partially cloudy",Partly cloudy throughout the day with afternoon rain.,rain,remote,Tokyo
Tokyo,2024-10-01,89.7,74.7,80.7,97.2,74.7,83.9,73.3,79.6,0.032,100,20.83,rain,0,0,20.8,9.8,181.9,1010.9,98.0,14.1,255.8,22.3,9,30.0,2024-10-01T05:21:07,2024-10-01T17:31:30,0.95,"Rain, Overcast",Cloudy skies throughout the day with rain in the morning and afternoon.,rain,remote,Tokyo
Tokyo,2024-10-02,90.6,73.7,80.3,95.2,73.7,82.3,71.1,75.6,0.052,100,20.83,rain,0,0,19.7,15.9,197.4,1011.0,77.2,15.0,234.0,20.2,9,30.0,2024-10-02T05:20:35,2024-10-02T17:31:23,0.98,"Rain, Partially cloudy",Partly cloudy throughout the day with rain.,rain,remote,Tokyo
Tokyo,2024-10-03,89.3,76.2,81.2,93.1,76.2,83.3,71.2,73.1,0.004,100,4.17,rain,0,0,18.6,8.9,185.2,1011.4,93.3,15.0,268.0,23.2,9,30.0,2024-10-03T05:20:04,2024-10-03T17:31:17,0.0,"Rain, Overcast",Cloudy skies throughout the day with early morning rain.,rain,remote,Tokyo
Tokyo,2024-10-04,90.6,73.7,81.1,94.5,73.7,83.2,71.4,74.5,0.004,100,4.17,rain,0,0,18.1,8.1,176.6,1011.2,93.2,14.5,267.2,23.1,9,10.0,2024-10-04T05:19:32,2024-10-04T17:31:11,0.05,"Rain, Overcast",Cloudy skies throughout the day with afternoon rain.,rain,remote,Tokyo
Tokyo,2024-10-05,93.5,72.9,81.6,96.0,72.9,83.2,69.6,70.1,0.016,100,12.5,rain,0,0,11.6,14.5,197.4,1010.5,95.0,15.0,277.3,24.0,10,10.0,2024-10-05T05:19:02,2024-10-05T17:31:05,0.08,"Rain, Overcast",Cloudy skies throughout the day with rain.,rain,remote,Tokyo
Tokyo,2024-10-06,90.9,75.5,81.4,96.1,75.5,83.9,71.5,73.4,0.028,100,25.0,rain,0,0,16.1,8.1,180.8,1011.1,45.9,14.9,267.3,22.9,9,10.0,2024-10-06T05:18:31,2024-10-06T17:31:00,0.12,"Rain, Partially cloudy",Partly cloudy throughout the day with a chance of rain throughout the day.,rain,remote,Tokyo
Tokyo,2024-10-07,90.8,72.6,80.9,94.3,72.6,82.7,71.4,75.4,0.02,100,12.5,rain,0,0,21.5,10.3,168.0,1012.9,54.9,15.0,276.5,24.0,10,10.0,2024-10-07T05:18:01,2024-10-07T17:30:55,0.15,"Rain, Partially cloudy",Becoming cloudy in the afternoon with rain in the morning and afternoon.,rain,remote,Tokyo
Tokyo,2024-10-08,89.9,73.5,80.7,95.1,73.5,83.1,72.1,77.0,0.0,0,0.0,,0,0,20.4,8.9,170.8,1012.4,78.0,15.0,254.2,21.8,9,10.0,2024-10-08T05:17:31,2024-10-08T17:30:51,0.18,Partially cloudy,Partly cloudy throughout the day.,partly-cloudy-day,remote,Tokyo
Tokyo,2024-10-09,92.0,72.4,81.0,96.5,72.4,83.1,71.5,75.9,0.0,0,0.0,,0,0,19.7,9.2,181.2,1011.1,47.4,15.0,247.3,21.4,9,10.0,2024-10-09T05:17:02,2024-10-09T17:30:47,0.22,Partially cloudy,Partly cloudy throughout the day.,partly-cloudy-day,remote,Tokyo
Tokyo,2024-10-10,93.3,73.1,81.7,98.6,73.1,84.9,72.7,76.8,0.016,100,12.5,rain,0,0,18.8,8.9,187.1,1010.5,63.8,15.0,275.7,23.9,9,10.0,2024-10-10T05:16:33,2024-10-10T17:30:43,0.25,"Rain, Partially cloudy",Partly cloudy throughout the day with afternoon rain.,rain,remote,Tokyo
Tokyo,2024-10-11,90.6,73.7,82.1,97.6,73.7,85.3,72.7,75.3,0.0,0,0.0,,0,0,15.4,6.3,166.2,1010.1,79.7,15.0,271.9,23.7,9,10.0,2024-10-11T05:16:05,2024-10-11T17:30:40,0.25,Partially cloudy,Partly cloudy throughout the day.,partly-cloudy-day,remote,Tokyo
Tokyo,2024-10-12,94.2,75.3,83.6,99.7,75.3,87.5,73.2,73.6,0.036,100,29.17,rain,0,0,17.9,8.3,171.2,1010.1,59.0,14.6,274.5,23.8,10,10.0,2024-10-12T05:15:37,2024-10-12T17:30:37,0.32,"Rain, Partially cloudy",Partly cloudy throughout the day with rain.,rain,remote,Tokyo
Tokyo,2024-10-13,98.9,75.6,84.5,100.4,75.6,86.6,69.9,66.3,0.048,100,20.83,rain,0,0,19.7,20.6,191.2,1009.3,72.1,15.0,313.8,27.2,10,10.0,2024-10-13T05:15:10,2024-10-13T17:30:35,0.35,"Rain, Partially cloudy",Partly cloudy throughout the day with rain.,rain,remote,Tokyo
Tokyo,2024-10-14,92.6,76.4,82.9,97.9,76.4,86.1,72.5,72.6,0.036,100,12.5,rain,0,0,17.2,8.1,183.8,1010.0,99.4,15.0,266.5,22.9,9,10.0,2024-10-14T05:14:43,2024-10-14T17:30:33,0.39,"Rain, Overcast",Cloudy skies throughout the day with early morning rain.,rain,remote,Tokyo
Tokyo,2024-10-15,91.7,72.9,81.0,93.7,72.9,82.1,68.3,68.4,0.0,0,0.0,,0,0,21.5,9.6,187.1,1011.7,98.2,15.0,260.0,22.7,10,10.0,2024-10-15T05:14:17,2024-10-15T17:30:32,0.42,Overcast,Cloudy skies throughout the day.,cloudy,remote,Tokyo
Tokyo,2024-10-16,90.4,68.8,78.7,90.3,68.8,79.2,66.1,68.4,0.0,0,0.0,,0,0,25.1,11.4,193.2,1013.0,50.5,15.0,304.4,26.5,10,10.0,2024-10-16T05:13:52,2024-10-16T17:30:31,0.46,Partially cloudy,Partly cloudy throughout the day.,partly-cloudy-day,remote,Tokyo
Tokyo,2024-10-17,87.9,71.1,78.6,89.0,71.1,79.1,66.0,67.5,0.0,0,0.0,,0,0,24.2,11.4,198.6,1013.0,68.8,15.0,280.5,24.3,10,10.0,2024-10-17T05:13:27,2024-10-17T17:30:31,0.5,Partially cloudy,Partly cloudy throughout the day.,partly-cloudy-day,remote,Tokyo
Berlin,2024-04-01,67.5,48.3,55.8,67.5,45.5,55.2,47.7,77.3,0.037,100,8.33,rain,0,0,30.9,18.7,172.8,995.1,80.7,14.3,111.0,9.7,5,,2024-04-01T06:39:58,2024-04-01T19:41:38,0.75,"Rain, Partially cloudy",Partly cloudy throughout the day with late afternoon rain.,rain,"00427,03987,00403,E2835,00433,00400",Berlin
Berlin,2024-04-02,57.1,48.2,52.7,57.1,43.7,51.6,42.4,68.6,0.015,100,16.67,rain,0,0,41.8,19.4,255.1,1002.6,45.5,25.6,92.4,8.0,5,,2024-04-02T06:37:38,2024-04-02T19:43:23,0.75,"Rain, Partially cloudy",Partly cloudy throughout the day with rain.,rain,"00427,03987,00403,E2835,00433,00400",Berlin
Berlin,2024-04-03,53.2,48.0,50.8,53.2,43.3,49.8,46.4,84.8,0.174,100,58.33,rain,0,0,26.2,14.8,247.9,1006.7,89.8,19.7,83.0,7.0,5,,2024-04-03T06:35:18,2024-04-03T19:45:08,0.82,"Rain, Partially cloudy",Partly cloudy throughout the day with a chance of rain throughout the day.,rain,"00427,03987,00403,E2835,00433,00400",Berlin
Berlin,2024-04-04,58.8,49.3,53.4,58.8,46.0,52.7,48.3,83.4,0.157,100,37.5,rain,0,0,26.8,13.5,207.9,1007.5,87.2,17.9,88.5,7.6,4,,2024-04-04T06:32:59,2024-04-04T19:46:53,0.85,"Rain, Partially cloudy",Partly cloudy throughout the day with rain.,rain,"00427,03987,00403,E2835,00433,00400",Berlin
Berlin,2024-04-05,65.5,51.4,58.2,65.5,51.4,58.2,49.0,72.1,0.078,100,4.17,rain,0,0,35.8,12.7,216.2,1011.4,84.2,26.1,109.5,9.4,8,,2024-04-05T06:30:40,2024-04-05T19:48:38,0.88,"Rain, Partially cloudy",Partly cloudy throughout the day with late afternoon rain.,rain,"00427,03987,00403,E2835,00433,00400",Berlin
Berlin,2024-04-06,73.7,53.2,63.0,73.7,53.2,63.0,52.4,70.4,0.0,0,0.0,,0,0,25.1,9.3,206.7,1014.6,78.2,26.8,224.3,19.6,8,,2024-04-06T06:28:21,2024-04-06T19:50:23,0.92,Partially cloudy,Partly cloudy throughout the day.,partly-cloudy-day,"00427,03987,00403,E2835,00433",Berlin
Berlin,2024-04-07,73.5,57.3,65.6,73.5,57.3,65.6,50.7,60.2,0.0,0,0.0,,0,0,20.8,13.2,198.4,1014.5,77.1,24.8,164.4,14.2,6,,2024-04-07T06:26:03,2024-04-07T19:52:08,0.95,Partially cloudy,Partly cloudy throughout the day.,partly-cloudy-day,"00427,03987,00403,E2835,00433",Berlin
Berlin,2024-04-08,80.0,58.5,67.3,79.7,58.5,67.3,52.5,61.3,0.0,0,0.0,,0,0,13.9,10.3,166.3,1010.7,57.7,23.0,160.1,13.9,7,,2024-04-08T06:23:45,2024-04-08T19:53:53,0.0,Partially cloudy,Partly cloudy throughout the day.,partly-cloudy-day,"00427,03987,00403,E2835,00433,00400",Berlin
Berlin,2024-04-09,78.9,53.9,64.5,78.9,53.9,64.5,52.8,67.4,0.0,0,0.0,,0,0,33.8,22.2,252.7,1008.4,56.4,22.0,153.2,13.2,6,,2024-04-09T06:21:28,2024-04-09T19:55:38,0.02,Partially cloudy,Partly cloudy throughout the day.,partly-cloudy-day,"00427,03987,00403,E2835,00433,00400",Berlin
Berlin,2024-04-10,56.7,48.2,53.5,56.7,46.4,53.4,41.9,65.0,0.02,100,8.33,rain,0,0,28.6,16.7,261.1,1024.7,79.8,28.5,117.8,10.0,7,,2024-04-10T06:19:11,2024-04-10T19:57:23,0.05,"Rain, Partially cloudy",Partly cloudy throughout the day with early morning rain.,rain,"00427,03987,00403,E2835,00433,00400",Berlin
Berlin,2024-04-11,62.3,41.4,53.6,62.3,38.3,52.5,40.0,63.2,0.0,0,0.0,,0,0,26.4,12.4,230.1,1031.6,53.4,25.8,138.3,11.8,6,,2024-04-11T06:16:55,2024-04-11T19:59:08,0.09,Partially cloudy,Partly cloudy throughout the day.,partly-cloudy-day,"00427,03987,00403,E2835,00433,00400",Berlin
Berlin,2024-04-12,67.4,55.4,60.5,67.4,55.4,60.5,50.3,69.6,0.0,0,0.0,,0,0,24.2,11.7,247.4,1029.7,98.9,27.0,110.5,9.5,4,,2024-04-12T06:14:40,2024-04-12T20:00:52,0.12,Overcast,Cloudy skies throughout the day.,cloudy,"00427,03987,00403,E2835,00433,00400",Berlin
Berlin,2024-04-13,72.3,53.3,63.1,72.3,53.3,63.1,51.7,68.2,0.0,0,0.0,,0,0,28.9,15.7,245.4,1023.2,97.6,27.5,215.9,18.7,8,,2024-04-13T06:12:25,2024-04-13T20:02:37,0.15,Overcast,Cloudy skies throughout the day.,cloudy,"00427,03987,00403,E2835,00433,00400",Berlin
Berlin,2024-04-14,63.3,49.1,59.5,63.3,46.2,59.3,41.6,53.6,0.0,0,0.0,,0,0,30.4,19.1,274.8,1016.8,84.2,26.0,163.3,14.0,5,,2024-04-14T06:10:11,2024-04-14T20:04:22,0.19,Partially cloudy,Partly cloudy throughout the day.,partly-cloudy-day,"00427,03987,00403,E2835,00433,00400",Berlin
Berlin,2024-04-15,57.3,45.0,51.2,57.3,41.5,50.2,39.4,64.1,0.009,100,20.83,rain,0,0,21.7,16.0,213.8,1007.8,81.0,24.5,156.5,13.4,9,,2024-04-15T06:07:57,2024-04-15T20:06:07,0.25,"Rain, Partially cloudy",Partly cloudy throughout the day with rain.,rain,"00427,03987,00403,E2835,00433,00400",Berlin
Berlin,2024-04-16,49.3,41.1,44.5,44.4,34.5,38.6,37.7,77.2,0.135,100,33.33,rain,0,0,37.6,17.4,265.9,1000.2,78.2,20.0,109.9,9.5,4,,2024-04-16T06:05:44,2024-04-16T20:07:52,0.25,"Rain, Partially cloudy",Partly cloudy throughout the day with rain.,rain,"00427,03987,00403,E2835,00433,00400",Berlin
Berlin,2024-04-17,51.5,36.2,43.3,51.5,30.5,40.0,34.3,72.5,0.006,100,12.5,rain,0,0,17.4,13.1,334.8,1007.7,42.3,27.8,200.2,17.1,8,,2024-04-17T06:03:32,2024-04-17T20:09:37,0.28,"Rain, Partially cloudy",Partly cloudy throughout the day with rain in the morning and afternoon.,rain,"00427,03987,00403,E2835,00433,00400",Berlin
Berlin,2024-04-18,52.3,33.5,44.0,52.3,28.1,40.8,31.6,65.0,0.0,0,0.0,,0,0,19.0,13.5,314.4,1014.3,31.2,27.7,167.8,14.4,8,,2024-04-18T06:01:21,2024-04-18T20:11:22,0.32,Partially cloudy,Partly cloudy throughout the day.,partly-cloudy-day,"00427,03987,00403,E2835,00433,00400",Berlin
Berlin,2024-04-19,46.8,41.5,43.5,43.7,35.7,38.9,39.3,85.2,0.267,100,58.33,rain,0,0,31.1,13.5,228.8,1006.2,99.7,19.7,79.5,6.8,5,,2024-04-19T05:59:11,2024-04-19T20:13:06,0.35,"Rain, Overcast",Cloudy skies throughout the day with rain.,rain,"00427,03987,00403,E2835,00433,00400",Berlin
Berlin,2024-04-20,48.7,37.7,42.9,44.9,30.9,37.3,34.0,72.4,0.096,100,25.0,rain,0,0,28.2,17.2,3.8,1012.7,74.2,24.1,189.9,16.4,9,,2024-04-20T05:57:01,2024-04-20T20:14:51,0.38,"Rain, Partially cloudy",Partly cloudy throughout the day with rain clearing later.,rain,"00427,03987,00403,E2835,00433,00400",Berlin
Berlin,2024-04-21,47.3,30.8,39.4,42.4,24.1,33.3,28.0,65.0,0.0,0,0.0,,0,0,26.4,17.7,53.6,1022.8,31.9,27.0,152.9,13.2,7,,2024-04-21T05:54:53,2024-04-21T20:16:35,0.42,Partially cloudy,Becoming cloudy in the afternoon.,partly-cloudy-day,"00427,03987,00403,E2835,00433,00400",Berlin
Berlin,2024-04-22,41.1,29.2,36.5,40.3,23.8,32.5,28.7,73.9,0.034,100,33.33,rain,0,0,20.6,10.2,12.5,1024.5,41.0,22.8,87.7,7.5,5,,2024-04-22T05:52:45,2024-04-22T20:18:20,0.45,"Rain, Partially cloudy",Partly cloudy throughout the day with rain.,rain,"00427,03987,00403,E2835,00433,00400",Berlin
Berlin,2024-04-23,48.1,31.3,40.6,45.5,26.0,37.7,28.8,66.5,0.0,0,0.0,,0,0,15.7,8.6,277.3,1019.4,44.8,26.2,263.1,22.9,10,,2024-04-23T05:50:38,2024-04-23T20:20:04,0.48,Partially cloudy,Becoming cloudy in the afternoon.,partly-cloudy-day,"00427,03987,00403,E2835,00433,00400",Berlin
Berlin,2024-04-24,49.1,39.5,44.1,46.2,35.7,40.9,33.0,65.7,0.013,100,12.5,rain,0,0,22.4,9.3,164.2,1007.9,56.6,23.8,135.6,11.7,6,,2024-04-24T05:48:33,2024-04-24T20:21:49,0.5,"Rain, Partially cloudy",Partly cloudy throughout the day with rain.,rain,"00427,03987,00403,E2835,00433,00400",Berlin
Berlin,2024-04-25,50.3,36.2,42.6,50.3,32.3,39.2,35.7,77.5,0.009,100,16.67,rain,0,0,21.0,11.5,210.6,1004.8,77.9,17.4,169.6,14.7,10,,2024-04-25T05:46:28,2024-04-25T20:23:33,0.55,"Rain, Partially cloudy",Partly cloudy throughout the day with rain.,rain,"00427,03987,00403,E2835,00433,00400",Berlin
Berlin,2024-04-26,58.4,38.0,48.7,58.4,34.5,47.1,35.0,63.1,0.0,0,0.0,,0,0,24.4,11.5,185.1,1007.2,65.2,28.6,210.8,18.3,8,,2024-04-26T05:44:25,2024-04-26T20:25:17,0.59,Partially cloudy,Partly cloudy throughout the day.,partly-cloudy-day,"00427,03987,00403,E2835,00433,00400",Berlin
Berlin,2024-04-27,70.1,37.4,55.0,70.1,35.4,54.4,38.6,58.1,0.0,0,0.0,,0,0,19.5,10.0,154.8,1010.7,15.3,29.0,253.5,22.0,9,,2024-04-27T05:42:23,2024-04-27T20:27:00,0.62,Clear,Clear conditions throughout the day.,clear-day,"00427,03987,00403,E2835,00433,00400",Berlin
Berlin,2024-04-28,74.3,47.6,61.6,74.3,44.3,61.0,43.5,53.3,0.0,0,0.0,,0,0,21.9,10.9,130.1,1012.8,65.3,28.5,231.8,20.2,8,,2024-04-28T05:40:22,2024-04-28T20:28:44,0.66,Partially cloudy,Partly cloudy throughout the day.,partly-cloudy-day,"00427,03987,00403,E2835,00433,00400",Berlin
Berlin,2024-04-29,69.9,57.0,62.8,69.9,57.0,62.8,46.7,56.0,0.0,0,0.0,,0,0,17.2,11.2,352.4,1021.4,86.8,29.4,237.3,20.5,9,,2024-04-29T05:38:22,2024-04-29T20:30:27,0.69,Partially cloudy,Partly cloudy throughout the day.,partly-cloudy-day,"00427,03987,00403,E2835,00433,00400",Berlin
Berlin,2024-04-30,82.7,52.1,67.3,80.9,52.1,67.0,48.1,53.8,0.0,0,0.0,,0,0,22.8,13.0,104.9,1018.3,11.6,24.9,274.8,23.8,8,,2024-04-30T05:36:24,2024-04-30T20:32:10,0.73,Clear,Clear conditions throughout the day.,clear-day,"00427,03987,00403,E2835,00433,00400",Berlin
Berlin,2024-05-01,79.4,57.4,69.7,79.4,57.4,69.7,47.8,47.0,0.0,0,0.0,,0,0,30.2,17.9,115.5,1011.4,28.7,24.0,279.9,24.4,8,,2024-05-01T05:34:26,2024-05-01T20:33:53,0.75,Partially cloudy,Partly cloudy throughout the day.,partly-cloudy-day,"00427,03987,00403,E2835,00433,00400",Berlin
Berlin,2024-05-02,78.6,58.6,69.0,78.6,58.6,69.0,48.1,48.5,0.0,0,0.0,,0,0,32.4,17.4,109.6,1005.2,11.8,25.6,286.4,24.8,9,,2024-05-02T05:32:31,2024-05-02T20:35:35,0.8,Clear,Clear conditions throughout the day.,clear-day,"00427,03987,00403,E2835,00433,00400",Berlin
Berlin,2024-05-03,73.5,59.5,66.0,73.5,59.5,66.0,52.2,61.9,0.044,100,8.33,rain,0,0,22.4,10.5,163.9,1008.6,33.7,25.0,235.2,20.5,10,,2024-05-03T05:30:36,2024-05-03T20:37:17,0.83,"Rain, Partially cloudy",Becoming cloudy in the afternoon with late afternoon rain.,rain,"00427,03987,00403,E2835,00433,00400",Berlin
Berlin,2024-05-04,69.3,53.4,60.8,69.3,53.4,60.8,51.7,73.2,0.004,100,4.17,rain,0,0,14.5,9.6,298.1,1015.2,78.8,19.9,211.9,18.3,9,,2024-05-04T05:28:44,2024-05-04T20:38:59,0.87,"Rain, Partially cloudy",Partly cloudy throughout the day with early morning rain.,rain,"00427,03987,00403,E2835,00433,00400",Berlin
Berlin,2024-05-05,68.8,55.1,61.4,68.8,55.1,61.4,50.8,70.6,0.015,100,16.67,rain,0,0,28.2,13.9,211.5,1008.9,60.0,21.1,180.5,15.8,9,,2024-05-05T05:26:52,2024-05-05T20:40:40,0.9,"Rain, Partially cloudy",Partly cloudy throughout the day with rain.,rain,"00427,03987,00403,E2835,00433,00400",Berlin
Berlin,2024-05-06,66.3,47.2,56.8,66.3,44.2,56.3,43.7,63.7,0.0,0,0.0,,0,0,17.2,8.5,291.4,1009.3,73.2,24.1,275.1,23.6,9,,2024-05-06T05:25:02,2024-05-06T20:42:21,0.94,Partially cloudy,Partly cloudy throughout the day.,partly-cloudy-day,"00427,03987,00403,E2835,00433,00400",Berlin
Berlin,2024-05-07,60.0,48.4,53.4,60.0,45.1,52.6,44.5,72.5,0.0,0,0.0,,0,0,19.9,11.3,50.8,1017.2,84.4,26.9,96.5,8.3,6,,2024-05-07T05:23:14,2024-05-07T20:44:01,0.97,Partially cloudy,Partly cloudy throughout the day.,partly-cloudy-day,"00427,03987,00403,E2835,00433,00400",Berlin
Berlin,2024-05-08,64.3,45.6,55.2,64.3,42.5,54.4,38.7,56.6,0.0,0,0.0,,0,0,18.3,9.5,48.4,1024.8,63.7,28.8,263.3,22.8,9,,2024-05-08T05:21:28,2024-05-08T20:45:40,0.0,Partially cloudy,Partly cloudy throughout the day.,partly-cloudy-day,"00427,03987,00403,E2835,00433,00400",Berlin
Berlin,2024-05-09,67.5,42.7,56.7,67.5,40.3,56.1,38.8,54.4,0.0,0,0.0,,0,0,10.1,7.0,345.9,1026.0,37.4,29.9,294.6,25.5,9,,2024-05-09T05:19:43,2024-05-09T20:47:19,0.04,Partially cloudy,Clearing in the afternoon.,partly-cloudy-day,"00427,03987,00403,E2835,00433,00400",Berlin
Berlin,2024-05-10,71.2,50.9,61.6,71.2,50.9,61.6,44.8,55.7,0.0,0,0.0,,0,0,13.9,7.2,325.8,1023.2,77.1,27.4,192.6,16.8,9,,2024-05-10T05:18:00,2024-05-10T20:48:58,0.07,Partially cloudy,Partly cloudy throughout the day.,partly-cloudy-day,"00427,03987,00403,E2835,00433,00400",Berlin
Berlin,2024-05-11,65.9,53.2,59.3,65.9,53.2,59.3,49.3,70.8,0.0,0,0.0,,0,0,18.3,10.1,37.7,1023.0,65.9,18.3,156.3,13.6,6,,2024-05-11T05:16:19,2024-05-11T20:50:35,0.11,Partially cloudy,Partly cloudy throughout the day.,partly-cloudy-day,"00427,03987,00403,E2835,00433,00400",Berlin
Berlin,2024-05-12,69.8,48.6,59.6,69.8,45.0,59.1,41.0,54.6,0.0,0,0.0,,0,0,22.1,13.3,85.8,1022.3,7.1,28.8,301.0,26.0,9,,2024-05-12T05:14:40,2024-05-12T20:52:12,0.14,Clear,Clear conditions throughout the day.,clear-day,"00427,03987,00403,E2835,00433,00400",Berlin
Berlin,2024-05-13,74.9,47.0,62.2,74.9,42.8,61.5,36.7,41.3,0.0,0,0.0,,0,0,21.3,9.6,104.1,1017.7,6.9,28.0,308.3,26.6,8,,2024-05-13T05:13:03,2024-05-13T20:53:48,0.17,Clear,Clear conditions throughout the day.,clear-day,"00427,03987,00403,remote,E2835,00433,00400",Berlin
Berlin,2024-05-14,77.6,51.8,65.6,77.6,51.8,65.6,37.6,37.8,0.0,0,0.0,,0,0,25.3,14.9,107.3,1013.7,0.9,28.2,301.9,26.2,9,,2024-05-14T05:11:27,2024-05-14T20:55:23,0.2,Clear,Clear conditions throughout the day.,clear-day,"00427,03987,remote,00403,E2835,00433,00400",Berlin
Berlin,2024-05-15,78.3,54.9,68.1,78.3,54.9,68.1,40.4,38.0,0.0,0,0.0,,0,0,32.9,17.2,101.1,1012.3,3.9,29.7,303.2,26.1,9,,2024-05-15T05:09:54,2024-05-15T20:56:57,0.25,Clear,Clear conditions throughout the day.,clear-day,"00427,03987,00403,E2835,00433,00400",Berlin
Berlin,2024-05-16,78.3,57.0,68.3,78.3,57.0,68.3,41.4,38.5,0.0,0,0.0,,0,0,38.9,19.4,111.8,1011.0,33.3,29.1,229.3,19.8,9,,2024-05-16T05:08:23,2024-05-16T20:58:30,0.27,Partially cloudy,Becoming cloudy in the afternoon.,partly-cloudy-day,"00427,03987,00403,E2835,00433,00400",Berlin
Berlin,2024-05-17,77.2,58.4,67.1,77.2,58.4,67.1,42.4,42.6,0.0,0,0.0,,0,0,33.3,18.6,101.5,1010.4,34.9,27.0,285.8,24.6,9,,2024-05-17T05:06:54,2024-05-17T21:00:02,0.3,Partially cloudy,Becoming cloudy in the afternoon.,partly-cloudy-day,"00427,03987,00403,E2835,00433,00400",Berlin
Berlin,2024-05-18,66.1,54.9,61.6,66.1,54.9,61.6,48.1,61.6,0.0,0,0.0,,0,0,25.3,10.9,102.9,1010.5,59.1,29.7,181.9,15.7,8,,2024-05-18T05:05:27,2024-05-18T21:01:33,0.33,Partially cloudy,Partly cloudy throughout the day.,partly-cloudy-day,"00427,03987,00403,E2835,00433,00400",Berlin
Berlin,2024-05-19,68.2,53.8,61.6,68.2,53.8,61.6,54.0,76.8,0.146,100,29.17,rain,0,0,16.6,9.6,148.8,1009.7,65.4,23.6,172.9,15.1,7,,2024-05-19T05:04:02,2024-05-19T21:03:03,0.37,"Rain, Partially cloudy",Partly cloudy throughout the day with rain.,rain,"00427,03987,00403,E2835,00433,00400",Berlin
Berlin,2024-05-20,70.3,52.3,62.3,70.3,52.3,62.3,54.1,76.1,0.037,100,20.83,rain,0,0,13.6,8.9,127.3,1011.4,49.5,18.3,137.2,11.8,8,,2024-05-20T05:02:40,2024-05-20T21:04:31,0.4,"Rain, Partially cloudy",Partly cloudy throughout the day with rain.,rain,"00427,03987,00403,E2835,00433,00400",Berlin
Berlin,2024-05-21,80.8,55.5,69.0,80.2,55.5,69.0,54.1,63.4,0.0,0,0.0,,0,0,28.4,17.5,81.6,1010.5,53.6,19.9,254.9,22.0,8,,2024-05-21T05:01:20,2024-05-21T21:05:58,0.43,Partially cloudy,Partly cloudy throughout the day.,partly-cloudy-day,"00427,03987,00403,E2835,00433,00400",Berlin
Berlin,2024-05-22,75.9,59.9,69.0,75.9,59.9,69.0,57.8,68.4,0.156,100,25.0,rain,0,0,28.0,13.9,87.6,1006.9,91.2,22.4,117.8,10.1,6,,2024-05-22T05:00:02,2024-05-22T21:07:24,0.46,"Rain, Overcast",Cloudy skies throughout the day with rain.,rain,"00427,03987,00403,E2835,00433,00400",Berlin
Berlin,2024-05-23,74.5,59.1,65.8,74.5,59.1,65.8,54.1,69.1,0.038,100,12.5,rain,0,0,20.6,11.9,274.7,1013.4,78.4,18.8,292.7,25.2,9,,2024-05-23T04:58:47,2024-05-23T21:08:48,0.5,"Rain, Partially cloudy",Partly cloudy throughout the day with early morning rain.,rain,"00427,03987,00403,E2835,00433,00400",Berlin
Berlin,2024-05-24,76.5,55.0,66.0,76.5,55.0,66.0,55.0,71.3,0.222,100,20.83,rain,0,0,22.1,14.5,88.6,1018.0,78.0,18.1,215.0,18.7,9,,2024-05-24T04:57:34,2024-05-24T21:10:11,0.53,"Rain, Partially cloudy",Partly cloudy throughout the day with late afternoon rain.,rain,"00427,03987,00403,E2835,00433,00400",Berlin
Berlin,2024-05-25,74.3,59.1,65.6,74.3,59.1,65.6,57.6,77.9,0.532,100,41.67,rain,0,0,18.8,10.8,172.1,1017.3,62.5,13.6,275.6,23.9,10,,2024-05-25T04:56:24,2024-05-25T21:11:32,0.57,"Rain, Partially cloudy",Clearing in the afternoon with rain.,rain,"00427,03987,00403,E2835,00433,00400",Berlin
Berlin,2024-05-26,76.6,55.1,67.6,76.6,55.1,67.6,56.5,70.1,0.008,100,4.17,rain,0,0,19.7,9.0,155.9,1017.9,46.0,20.4,260.1,22.3,9,,2024-05-26T04:55:17,2024-05-26T21:12:51,0.6,"Rain, Partially cloudy",Partly cloudy throughout the day with early morning rain.,rain,"00427,03987,00403,E2835,00433,00400",Berlin
Berlin,2024-05-27,75.3,61.9,68.1,75.3,61.9,68.1,56.7,67.5,0.046,100,20.83,rain,0,0,17.0,12.1,152.5,1016.8,95.3,17.5,199.0,17.1,8,,2024-05-27T04:54:12,2024-05-27T21:14:09,0.64,"Rain, Overcast",Cloudy skies throughout the day with rain.,rain,"00427,03987,00403,E2835,00433,00400",Berlin
Berlin,2024-05-28,66.0,58.3,61.8,66.0,58.3,61.8,55.4,80.6,0.146,100,37.5,rain,0,0,18.6,10.2,254.8,1016.2,82.8,19.7,130.8,11.2,7,,2024-05-28T04:53:10,2024-05-28T21:15:24,0.67,"Rain, Partially cloudy",Partly cloudy throughout the day with a chance of rain throughout the day.,rain,"00427,03987,00403,E2835,00433,00400",Berlin
Berlin,2024-05-29,72.0,51.3,62.6,72.0,51.3,62.6,51.2,69.5,0.0,0,0.0,,0,0,27.5,12.3,180.6,1013.6,70.9,23.8,212.0,18.3,9,,2024-05-29T04:52:10,2024-05-29T21:16:38,0.71,Partially cloudy,Partly cloudy throughout the day.,partly-cloudy-day,"00427,03987,00403,E2835,00433,00400",Berlin
Berlin,2024-05-30,67.3,56.6,62.2,67.3,56.6,62.2,57.4,84.7,0.302,100,37.5,rain,0,0,19.9,8.2,99.8,1006.1,65.9,21.1,99.0,8.5,4,,2024-05-30T04:51:14,2024-05-30T21:17:50,0.75,"Rain, Partially cloudy",Partly cloudy throughout the day with a chance of rain throughout the day.,rain,"00427,03987,00403,E2835,00433,00400",Berlin
Berlin,2024-05-31,72.7,55.8,64.1,72.7,55.8,64.1,55.6,76.0,0.001,100,4.17,rain,0,0,12.3,7.5,171.1,1007.0,80.4,23.0,243.7,21.0,9,,2024-05-31T04:50:20,2024-05-31T21:19:00,0.78,"Rain, Partially cloudy",Partly cloudy throughout the day with early morning rain.,rain,"00427,03987,00403,E2835,00433,00400",Berlin
Berlin,2024-06-01,78.3,60.1,69.4,78.3,60.1,69.4,58.7,70.5,0.007,100,8.33,rain,0,0,25.1,13.6,17.0,1009.8,48.0,22.5,218.9,19.1,10,,2024-06-01T04:49:29,2024-06-01T21:20:07,0.82,"Rain, Partially cloudy",Partly cloudy throughout the day with afternoon rain.,rain,"00427,03987,00403,E2835,00433,00400",Berlin
Berlin,2024-06-02,75.6,61.4,67.9,75.6,61.4,67.9,59.5,75.3,0.0,0,0.0,,0,0,25.5,18.1,308.6,1013.9,39.2,21.7,254.5,22.0,9,,2024-06-02T04:48:42,2024-06-02T21:21:13,0.85,Partially cloudy,Becoming cloudy in the afternoon.,partly-cloudy-day,"00427,03987,00403,E2835,00433,00400",Berlin
Berlin,2024-06-03,61.1,54.9,58.2,61.1,54.9,58.2,50.7,76.1,0.0,0,0.0,,0,0,19.5,12.9,283.0,1016.8,82.7,20.3,80.2,7.1,3,,2024-06-03T04:47:57,2024-06-03T21:22:16,0.89,Partially cloudy,Partly cloudy throughout the day.,partly-cloudy-day,"00427,03987,00403,E2835,00433,00400",Berlin
Berlin,2024-06-04,68.6,55.4,61.5,68.6,55.4,61.5,50.8,69.4,0.0,0,0.0,,0,0,12.8,7.0,247.4,1014.2,85.4,24.0,178.7,15.6,8,,2024-06-04T04:47:15,2024-06-04T21:23:17,0.92,Partially cloudy,Partly cloudy throughout the day.,partly-cloudy-day,"00427,03987,00403,E2835,00433,00400",Berlin
Berlin,2024-06-05,69.0,53.3,60.9,69.0,53.3,60.9,53.4,77.2,0.186,100,25.0,rain,0,0,26.2,15.9,240.0,1010.6,62.1,21.3,132.7,11.6,5,,2024-06-05T04:46:36,2024-06-05T21:24:15,0.96,"Rain, Partially cloudy",Partly cloudy throughout the day with rain.,rain,"00427,03987,00403,E2835,00433,00400",Berlin
Berlin,2024-06-06,68.5,52.8,60.6,68.5,52.8,60.6,47.6,66.0,0.02,100,8.33,rain,0,0,17.0,12.4,283.8,1016.4,59.7,17.8,288.0,24.7,10,,2024-06-06T04:46:00,2024-06-06T21:25:11,0.0,"Rain, Partially cloudy",Partly cloudy throughout the day with rain.,rain,"00427,03987,00403,E2835,00433,00400",Berlin
Berlin,2024-06-07,68.7,52.8,61.1,68.7,52.8,61.1,46.4,61.4,0.007,100,8.33,rain,0,0,15.9,12.4,316.3,1017.1,55.7,24.5,280.2,24.2,9,,2024-06-07T04:45:28,2024-06-07T21:26:04,0.03,"Rain, Partially cloudy",Partly cloudy throughout the day with early morning rain.,rain,"00427,03987,00403,E2835,00433,00400",Berlin
Berlin,2024-06-08,78.3,48.2,64.9,78.3,47.3,64.8,46.8,56.3,0.0,0,0.0,,0,0,20.4,12.4,213.3,1011.5,23.7,22.2,235.1,20.3,8,,2024-06-08T04:44:58,2024-06-08T21:26:54,0.06,Partially cloudy,Partly cloudy throughout the day.,partly-cloudy-day,"00427,03987,00403,E2835,00433,00400",Berlin
Berlin,2024-06-09,68.9,51.9,60.9,68.9,51.9,60.9,42.0,52.9,0.0,0,0.0,,0,0,22.6,14.4,288.6,1008.4,17.1,30.7,321.1,28.0,9,,2024-06-09T04:44:32,2024-06-09T21:27:42,0.09,Clear,Clear conditions throughout the day.,clear-day,"00427,03987,00403,E2835,00433,00400",Berlin
Berlin,2024-06-10,66.3,50.6,58.6,66.3,50.6,58.6,44.7,61.7,0.062,100,12.5,rain,0,0,18.1,10.7,295.3,1006.4,50.0,22.2,182.8,15.8,9,,2024-06-10T04:44:09,2024-06-10T21:28:27,0.13,"Rain, Partially cloudy",Partly cloudy throughout the day with late afternoon rain.,rain,"00427,03987,00403,E2835,00433,00400",Berlin
Berlin,2024-06-11,63.9,50.9,56.6,63.9,50.9,56.6,46.1,69.7,0.019,100,12.5,rain,0,0,34.0,18.3,253.1,1009.3,53.8,25.0,139.6,12.1,8,,2024-06-11T04:43:49,2024-06-11T21:29:10,0.16,"Rain, Partially cloudy",Partly cloudy throughout the day with rain.,rain,"00427,03987,00403,E2835,00433,00400",Berlin
Berlin,2024-06-12,63.2,47.4,55.7,63.2,45.1,55.2,44.2,66.7,0.008,100,20.83,rain,0,0,24.8,13.8,259.4,1016.5,17.5,29.2,286.8,24.7,10,,2024-06-12T04:43:32,2024-06-12T21:29:49,0.19,Rain,Clear conditions throughout the day with rain in the morning and afternoon.,rain,"00427,03987,00403,E2835,00433,00400",Berlin
Berlin,2024-06-13,65.8,49.6,57.4,65.8,49.6,57.4,42.0,59.3,0.0,0,0.0,,0,0,21.0,11.2,278.1,1017.4,43.7,29.9,282.7,24.4,10,,2024-06-13T04:43:18,2024-06-13T21:30:26,0.22,Partially cloudy,Partly cloudy throughout the day.,partly-cloudy-day,"00427,03987,00403,E2835,00433,00400",Berlin
Berlin,2024-06-14,67.8,49.0,57.7,67.8,48.4,57.7,48.4,72.0,0.081,100,8.33,rain,0,0,23.9,13.8,144.6,1013.5,85.8,24.9,126.1,11.0,6,,2024-06-14T04:43:08,2024-06-14T21:30:59,0.25,"Rain, Partially cloudy",Partly cloudy throughout the day with afternoon rain.,rain,"00427,03987,00403,E2835,00433,00400",Berlin
Berlin,2024-06-15,72.7,54.5,62.9,72.7,54.5,62.9,52.0,70.2,0.131,100,12.5,rain,0,0,34.0,14.5,196.2,1007.2,59.1,22.5,165.0,14.3,10,,2024-06-15T04:43:01,2024-06-15T21:31:30,0.29,"Rain, Partially cloudy",Partly cloudy throughout the day with rain in the morning and afternoon.,rain,"00427,03987,00403,E2835,00433,00400",Berlin
Berlin,2024-06-16,75.7,52.2,65.4,75.7,52.2,65.4,48.0,57.0,0.001,100,4.17,rain,0,0,22.4,15.1,207.2,1009.9,41.4,27.8,294.0,25.2,10,,2024-06-16T04:42:57,2024-06-16T21:31:57,0.32,"Rain, Partially cloudy",Partly cloudy throughout the day with late afternoon rain.,rain,"00427,03987,00403,E2835,00433,00400",Berlin
Berlin,2024-06-17,75.1,61.3,67.5,75.1,61.3,67.5,54.8,64.3,0.03,100,16.67,rain,0,0,22.8,12.6,210.9,1012.1,77.7,25.8,174.8,15.1,10,,2024-06-17T04:42:57,2024-06-17T21:32:22,0.35,"Rain, Partially cloudy",Partly cloudy throughout the day with rain.,rain,"00427,03987,00403,E2835,00433,00400",Berlin
Berlin,2024-06-18,81.1,56.5,68.0,81.0,56.5,68.0,58.0,74.1,0.409,100,20.83,rain,0,0,21.7,8.0,191.7,1014.1,75.9,24.8,224.0,19.3,10,,2024-06-18T04:42:59,2024-06-18T21:32:43,0.38,"Rain, Partially cloudy",Partly cloudy throughout the day with late afternoon rain.,rain,"00427,03987,00403,E2835,00433,00400",Berlin
Berlin,2024-06-19,64.3,58.0,61.9,64.3,58.0,61.9,58.0,87.4,0.058,100,29.17,rain,0,0,22.8,10.2,310.7,1014.8,81.9,18.6,88.4,7.6,5,,2024-06-19T04:43:05,2024-06-19T21:33:01,0.42,"Rain, Partially cloudy",Partly cloudy throughout the day with rain.,rain,"00427,03987,00403,E2835,00433,00400",Berlin
Berlin,2024-06-20,72.6,50.9,63.3,72.6,50.9,63.3,50.9,67.1,0.0,0,0.0,,0,0,12.8,6.7,236.4,1021.6,67.6,27.4,296.0,25.4,10,,2024-06-20T04:43:14,2024-06-20T21:33:16,0.45,Partially cloudy,Partly cloudy throughout the day.,partly-cloudy-day,"00427,03987,00403,E2835,00433,00400",Berlin
Berlin,2024-06-21,80.9,61.4,69.2,82.4,61.4,69.3,61.1,76.3,0.157,100,16.67,rain,0,0,17.0,9.3,109.4,1013.8,77.7,21.5,129.7,11.2,8,,2024-06-21T04:43:27,2024-06-21T21:33:27,0.48,"Rain, Partially cloudy",Partly cloudy throughout the day with rain.,rain,"00427,03987,00403,E2835,00433,00400",Berlin
Berlin,2024-06-22,72.3,59.3,67.1,72.3,59.3,67.1,58.6,76.4,0.357,100,25.0,rain,0,0,31.3,15.7,261.5,1009.8,72.5,20.6,198.0,17.1,10,,2024-06-22T04:43:42,2024-06-22T21:33:36,0.5,"Rain, Partially cloudy",Partly cloudy throughout the day with a chance of rain throughout the day.,rain,"00427,03987,00403,E2835,00433,00400",Berlin
Berlin,2024-06-23,72.3,60.2,66.1,72.3,60.2,66.1,54.1,66.6,0.0,0,0.0,,0,0,25.3,14.2,297.5,1016.8,54.9,26.8,254.4,21.9,10,,2024-06-23T04:44:01,2024-06-23T21:33:41,0.55,Partially cloudy,Partly cloudy throughout the day.,partly-cloudy-day,"00427,03987,00403,E2835,00433,00400",Berlin
Berlin,2024-06-24,76.5,56.8,67.2,76.5,56.8,67.2,53.6,64.3,0.0,0,0.0,,0,0,11.0,5.6,353.0,1020.2,42.0,28.3,265.3,22.8,10,,2024-06-24T04:44:22,2024-06-24T21:33:43,0.59,Partially cloudy,Partly cloudy throughout the day.,partly-cloudy-day,"00427,03987,00403,E2835,00433,00400",Berlin
Berlin,2024-06-25,80.3,58.5,69.9,80.3,58.5,69.9,55.1,62.0,0.0,0,0.0,,0,0,22.4,12.3,89.5,1018.5,8.7,27.9,284.5,24.4,10,,2024-06-25T04:44:47,2024-06-25T21:33:41,0.62,Clear,Clear conditions throughout the day.,clear-day,"00427,03987,00403,E2835,00433,00400",Berlin
Berlin,2024-06-26,87.3,63.0,76.2,87.1,63.0,76.1,58.9,57.2,0.0,0,0.0,,0,0,20.8,11.6,87.3,1013.2,14.8,23.0,318.4,27.6,9,,2024-06-26T04:45:15,2024-06-26T21:33:36,0.66,Clear,Clear conditions throughout the day.,clear-day,"00427,03987,00403,E2835,00433,00400",Berlin
Berlin,2024-06-27,87.0,70.2,77.2,88.0,70.2,77.6,64.1,65.3,0.184,100,25.0,rain,0,0,17.7,9.0,129.6,1009.2,75.7,21.4,203.6,17.5,9,,2024-06-27T04:45:45,2024-06-27T21:33:28,0.69,"Rain, Partially cloudy",Partly cloudy throughout the day with rain.,rain,"00427,03987,00403,E2835,00433,00400",Berlin
Berlin,2024-06-28,82.0,67.2,74.2,84.5,67.2,74.4,61.0,67.0,0.018,100,8.33,rain,0,0,26.6,17.7,272.6,1011.8,34.5,21.3,229.5,19.9,9,,2024-06-28T04:46:19,2024-06-28T21:33:17,0.75,"Rain, Partially cloudy",Partly cloudy throughout the day with afternoon rain.,rain,"00427,03987,00403,E2835,00433,00400",Berlin
Berlin,2024-06-29,85.5,58.6,73.2,84.6,58.6,73.0,56.0,57.8,0.0,0,0.0,,0,0,14.3,9.2,93.7,1015.6,30.6,27.9,305.8,26.2,9,,2024-06-29T04:46:55,2024-06-29T21:33:03,0.76,Partially cloudy,Partly cloudy throughout the day.,partly-cloudy-day,"00427,03987,00403,E2835,00433,00400",Berlin
Berlin,2024-06-30,79.6,64.1,72.2,79.6,64.1,72.2,64.6,77.9,0.17,100,33.33,rain,0,0,33.6,15.2,230.8,1004.7,83.0,18.3,166.1,14.4,10,,2024-06-30T04:47:35,2024-06-30T21:32:45,0.8,"Rain, Partially cloudy",Partly cloudy throughout the day with rain.,rain,"00427,03987,00403,E2835,00433,00400",Berlin
Berlin,2024-07-01,66.9,58.1,63.5,66.9,58.1,63.5,58.7,84.5,0.221,100,50.0,rain,0,0,24.4,10.2,273.7,1010.7,88.1,18.6,98.5,8.7,3,,2024-07-01T04:48:17,2024-07-01T21:32:24,0.84,"Rain, Partially cloudy",Partly cloudy throughout the day with rain.,rain,"00427,03987,00403,E2835,00433,00400",Berlin
Berlin,2024-07-02,62.7,56.1,58.9,62.7,56.1,58.9,55.2,87.8,0.119,100,29.17,rain,0,0,29.3,12.9,262.8,1011.0,81.3,18.3,116.2,9.9,5,,2024-07-02T04:49:02,2024-07-02T21:31:59,0.87,"Rain, Partially cloudy",Partly cloudy throughout the day with rain.,rain,"00427,03987,00403,E2835,00433,00400",Berlin
Berlin,2024-07-03,64.3,54.2,59.2,64.3,54.2,59.2,50.0,73.2,0.005,100,8.33,rain,0,0,21.0,11.8,266.8,1009.0,95.0,25.5,152.3,13.2,5,,2024-07-03T04:49:49,2024-07-03T21:31:32,0.91,"Rain, Overcast",Cloudy skies throughout the day with early morning rain.,rain,"00427,03987,00403,E2835,00433,00400",Berlin
Berlin,2024-07-04,65.6,54.4,60.2,65.6,54.4,60.2,52.2,75.5,0.04,100,12.5,rain,0,0,33.6,16.7,226.4,1006.9,65.2,27.2,155.1,13.2,9,,2024-07-04T04:50:39,2024-07-04T21:31:01,0.94,"Rain, Partially cloudy",Partly cloudy throughout the day with late afternoon rain.,rain,"00427,03987,00403,E2835,00433,00400",Berlin
Berlin,2024-07-05,71.1,50.4,62.0,71.1,50.4,62.0,47.9,63.6,0.0,0,0.0,,0,0,27.1,13.3,230.7,1010.4,49.7,27.4,214.5,18.5,7,,2024-07-05T04:51:32,2024-07-05T21:30:27,0.98,Partially cloudy,Partly cloudy throughout the day.,partly-cloudy-day,"00427,03987,00403,E2835,00433,00400",Berlin
Berlin,2024-07-06,87.7,58.2,70.7,85.9,58.2,70.5,56.7,64.5,0.06,100,12.5,rain,0,0,29.3,16.7,184.1,1005.4,54.7,27.3,247.4,21.2,9,,2024-07-06T04:52:27,2024-07-06T21:29:50,0.0,"Rain, Partially cloudy",Becoming cloudy in the afternoon with late afternoon rain.,rain,"00427,03987,00403,E2835,00433,00400",Berlin
Berlin,2024-07-07,73.8,58.9,66.5,73.8,58.9,66.5,45.3,48.1,0.0,0,0.0,,0,0,22.4,13.5,241.9,1012.8,69.6,27.2,285.7,24.7,9,,2024-07-07T04:53:24,2024-07-07T21:29:10,0.05,Partially cloudy,Partly cloudy throughout the day.,partly-cloudy-day,"00427,03987,00403,E2835,00433,00400",Berlin
Berlin,2024-07-08,79.9,54.6,68.5,79.9,54.6,68.5,46.3,47.9,0.0,0,0.0,,0,0,19.0,7.9,231.3,1017.7,43.5,26.4,302.2,26.0,10,,2024-07-08T04:54:24,2024-07-08T21:28:27,0.08,Partially cloudy,Becoming cloudy in the afternoon.,partly-cloudy-day,"00427,03987,00403,E2835,00433,00400",Berlin
Berlin,2024-07-09,88.5,64.7,77.0,86.3,64.7,76.4,53.7,45.9,0.0,0,0.0,,0,0,17.7,10.7,115.6,1018.0,33.2,30.2,312.2,27.0,9,,2024-07-09T04:55:26,2024-07-09T21:27:41,0.11,Partially cloudy,Clearing in the afternoon.,partly-cloudy-day,"00427,03987,00403,E2835,00433,00400",Berlin
Berlin,2024-07-10,84.4,68.1,75.8,87.1,68.1,76.5,65.0,70.4,0.513,100,20.83,rain,0,0,20.8,11.2,125.6,1014.4,59.2,19.6,205.8,17.8,9,,2024-07-10T04:56:31,2024-07-10T21:26:52,0.14,"Rain, Partially cloudy",Partly cloudy throughout the day with rain.,rain,"00427,03987,00403,E2835,00433,00400",Berlin
Berlin,2024-07-11,79.7,66.8,72.7,79.7,66.8,72.7,63.8,76.5,0.002,100,8.33,rain,0,0,19.7,10.7,284.2,1015.8,64.3,17.2,243.0,21.2,10,,2024-07-11T04:57:37,2024-07-11T21:26:00,0.18,"Rain, Partially cloudy",Partly cloudy throughout the day with morning rain.,rain,"00427,03987,00403,E2835,00433,00400",Berlin
Berlin,2024-07-12,76.6,65.2,69.3,76.6,65.2,69.3,64.8,86.0,0.898,100,37.5,rain,0,0,26.4,11.8,100.7,1012.3,98.3,18.0,101.3,8.8,5,,2024-07-12T04:58:45,2024-07-12T21:25:04,0.21,"Rain, Overcast",Cloudy skies throughout the day with rain.,rain,"00427,03987,00403,E2835,00433,00400",Berlin
Berlin,2024-07-13,72.9,57.6,65.2,72.9,57.6,65.2,54.6,70.9,0.045,100,8.33,rain,0,0,25.9,16.4,260.4,1011.0,78.5,23.0,175.0,15.2,9,,2024-07-13T04:59:56,2024-07-13T21:24:07,0.24,"Rain, Partially cloudy",Partly cloudy throughout the day with morning rain.,rain,"00427,03987,00403,E2835,00433,00400",Berlin
Berlin,2024-07-14,74.9,56.1,66.1,74.9,56.1,66.1,54.6,68.7,0.043,100,12.5,rain,0,0,18.8,11.9,306.6,1013.7,39.5,26.4,203.7,17.7,9,,2024-07-14T05:01:08,2024-07-14T21:23:06,0.25,"Rain, Partially cloudy",Partly cloudy throughout the day with rain in the morning and afternoon.,rain,"00427,03987,00403,E2835,00433,00400",Berlin
Berlin,2024-07-15,84.2,59.0,72.7,82.0,59.0,72.2,54.7,58.0,0.0,0,0.0,,0,0,16.1,8.1,182.1,1012.9,26.3,25.6,288.9,25.0,9,,2024-07-15T05:02:22,2024-07-15T21:22:02,0.31,Partially cloudy,Partly cloudy throughout the day.,partly-cloudy-day,"00427,03987,00403,E2835,00433,00400",Berlin
Berlin,2024-07-16,82.3,63.8,71.4,83.0,63.8,71.5,60.1,68.4,0.191,100,4.17,rain,0,0,24.4,17.7,278.3,1010.7,68.0,19.2,150.5,13.1,7,,2024-07-16T05:03:38,2024-07-16T21:20:56,0.34,"Rain, Partially cloudy",Partly cloudy throughout the day with late afternoon rain.,rain,"00427,03987,00403,E2835,00433,00400",Berlin
Berlin,2024-07-17,75.4,58.7,67.3,75.4,58.7,67.3,56.4,69.9,0.0,0,0.0,,0,0,26.2,12.7,247.0,1018.2,60.6,30.9,213.2,18.5,8,,2024-07-17T05:04:55,2024-07-17T21:19:47,0.37,Partially cloudy,Partly cloudy throughout the day.,partly-cloudy-day,"00427,03987,00403,E2835,00433,00400",Berlin
Berlin,2024-07-18,78.7,56.3,68.8,78.7,56.3,68.8,55.3,65.1,0.0,0,0.0,,0,0,14.1,7.4,311.2,1023.3,44.8,29.1,301.5,26.1,9,,2024-07-18T05:06:14,2024-07-18T21:18:36,0.4,Partially cloudy,Partly cloudy throughout the day.,partly-cloudy-day,"00427,03987,00403,E2835,00433,00400",Berlin
Berlin,2024-07-19,83.3,59.6,72.6,82.0,59.6,72.4,55.9,59.2,0.0,0,0.0,,0,0,12.5,5.6,72.0,1020.9,44.7,29.2,263.5,22.8,10,,2024-07-19T05:07:35,2024-07-19T21:17:22,0.43,Partially cloudy,Becoming cloudy in the afternoon.,partly-cloudy-day,"00427,03987,00403,E2835,00433,00400",Berlin
Berlin,2024-07-20,85.6,65.3,75.7,84.2,65.3,75.3,56.8,54.6,0.0,0,0.0,,0,0,16.1,9.1,92.3,1013.4,56.3,27.9,254.2,22.0,9,,2024-07-20T05:08:57,2024-07-20T21:16:05,0.47,Partially cloudy,Partly cloudy throughout the day.,partly-cloudy-day,"00427,03987,00403,E2835,00433,00400",Berlin
Berlin,2024-07-21,89.8,64.6,76.9,89.3,64.6,76.7,59.4,57.1,0.005,100,8.33,rain,0,0,17.7,12.8,100.9,1008.3,30.9,25.7,256.3,22.1,8,,2024-07-21T05:10:20,2024-07-21T21:14:47,0.5,"Rain, Partially cloudy",Partly cloudy throughout the day with late afternoon rain.,rain,"00427,03987,00403,E2835,00433,00400",Berlin
Berlin,2024-07-22,73.5,64.2,69.8,73.5,64.2,69.8,62.8,79.2,0.012,100,12.5,rain,0,0,30.6,15.8,274.1,1012.7,62.2,21.2,81.1,6.9,3,,2024-07-22T05:11:45,2024-07-22T21:13:25,0.54,"Rain, Partially cloudy",Partly cloudy throughout the day with rain.,rain,"00427,03987,00403,E2835,00433,00400",Berlin
Berlin,2024-07-23,81.5,55.7,67.3,81.0,55.7,67.3,56.3,71.5,0.085,100,16.67,rain,0,0,17.9,12.9,212.3,1016.7,44.5,24.2,254.0,22.1,10,,2024-07-23T05:13:11,2024-07-23T21:12:01,0.57,"Rain, Partially cloudy",Partly cloudy throughout the day with late afternoon rain.,rain,"00427,03987,00403,E2835,00433,00400",Berlin
Berlin,2024-07-24,74.0,61.7,67.0,74.0,61.7,67.0,57.6,74.2,0.183,100,20.83,rain,0,0,25.5,16.2,299.5,1015.8,70.0,22.5,265.4,22.7,9,,2024-07-24T05:14:38,2024-07-24T21:10:35,0.61,"Rain, Partially cloudy",Partly cloudy throughout the day with rain clearing later.,rain,"00427,03987,00403,E2835,00433,00400",Berlin
Berlin,2024-07-25,73.2,54.9,64.3,73.2,54.9,64.3,49.7,61.2,0.0,0,0.0,,0,0,18.6,9.1,290.3,1015.8,30.0,27.7,277.0,24.0,8,,2024-07-25T05:16:06,2024-07-25T21:09:07,0.64,Partially cloudy,Becoming cloudy in the afternoon.,partly-cloudy-day,"00427,03987,00403,E2835,00433,00400",Berlin
Berlin,2024-07-26,75.5,57.3,67.9,75.5,57.3,67.9,55.5,65.6,0.0,0,0.0,,0,0,17.2,8.0,164.4,1012.2,77.4,27.5,152.4,13.1,8,,2024-07-26T05:17:35,2024-07-26T21:07:37,0.68,Partially cloudy,Partly cloudy throughout the day.,partly-cloudy-day,"00427,03987,00403,E2835,00433,00400",Berlin
Berlin,2024-07-27,73.3,62.8,67.8,73.3,62.8,67.8,63.4,86.0,0.304,100,41.67,rain,0,0,15.7,5.3,191.5,1014.1,99.9,17.3,95.0,8.2,3,,2024-07-27T05:19:06,2024-07-27T21:06:04,0.71,"Rain, Overcast",Cloudy skies throughout the day with rain.,rain,"00427,03987,00403,E2835,00433,00400",Berlin
Berlin,2024-07-28,72.9,59.1,66.1,72.9,59.1,66.1,57.5,76.3,1.163,100,45.83,rain,0,0,29.3,16.1,310.2,1019.0,56.2,19.4,237.3,20.4,10,,2024-07-28T05:20:37,2024-07-28T21:04:30,0.75,"Rain, Partially cloudy",Partly cloudy throughout the day with a chance of rain throughout the day.,rain,"00427,03987,00403,E2835,00433,00400",Berlin
Berlin,2024-07-29,74.7,55.9,65.6,74.7,55.9,65.6,52.1,63.9,0.0,0,0.0,,0,0,22.1,12.1,307.3,1024.0,12.0,29.4,300.3,25.9,9,,2024-07-29T05:22:09,2024-07-29T21:02:53,0.78,Clear,Clear conditions throughout the day.,clear-day,"00427,03987,00403,E2835,00433,00400",Berlin
Berlin,2024-07-30,81.1,53.2,68.2,80.4,53.2,68.1,53.1,62.4,0.0,0,0.0,,0,0,11.4,6.3,152.7,1019.5,5.2,30.8,294.5,25.6,8,,2024-07-30T05:23:42,2024-07-30T21:01:14,0.82,Clear,Clear conditions throughout the day.,clear-day,"00427,03987,00403,E2835,00433,00400",Berlin
Berlin,2024-07-31,83.8,59.9,73.3,83.0,59.9,73.1,57.6,60.7,0.0,0,0.0,,0,0,10.5,6.5,190.9,1014.4,56.2,28.6,230.7,20.0,8,,2024-07-31T05:25:15,2024-07-31T20:59:34,0.86,Partially cloudy,Partly cloudy throughout the day.,partly-cloudy-day,"00427,03987,00403,E2835,00433,00400",Berlin
Berlin,2024-08-01,81.3,63.4,73.2,81.5,63.4,73.3,57.6,59.3,0.0,0,0.0,,0,0,14.5,9.4,53.9,1012.0,42.9,28.9,241.0,20.6,9,,2024-08-01T05:26:49,2024-08-01T20:57:51,0.89,Partially cloudy,Partly cloudy throughout the day.,partly-cloudy-day,"00427,03987,00403,E2835,00433,00400",Berlin
Berlin,2024-08-02,70.9,63.8,67.5,70.9,63.8,67.5,55.2,64.9,0.0,0,0.0,,0,0,16.1,9.5,22.8,1010.7,93.3,22.4,108.5,9.5,4,,2024-08-02T05:28:24,2024-08-02T20:56:07,0.93,Overcast,Cloudy skies throughout the day.,cloudy,"00427,03987,00403,E2835,00433,00400",Berlin
Berlin,2024-08-03,77.4,58.3,68.6,77.4,58.3,68.6,56.2,66.1,0.0,0,0.0,,0,0,13.6,6.6,308.3,1011.2,50.7,27.2,235.3,20.1,9,,2024-08-03T05:30:00,2024-08-03T20:54:21,0.96,Partially cloudy,Becoming cloudy in the afternoon.,partly-cloudy-day,"00427,03987,00403,E2835,00433,00400",Berlin
Berlin,2024-08-04,74.6,62.9,67.8,74.6,62.9,67.8,60.4,78.5,0.84,100,41.67,rain,0,0,22.8,16.3,281.4,1011.0,81.1,19.7,126.7,11.0,10,,2024-08-04T05:31:36,2024-08-04T20:52:33,0.0,"Rain, Partially cloudy",Partly cloudy throughout the day with a chance of rain throughout the day.,rain,"00427,03987,00403,E2835,00433,00400",Berlin
Berlin,2024-08-05,73.1,57.8,65.4,73.1,57.8,65.4,52.8,65.0,0.0,0,0.0,,0,0,19.9,10.9,303.2,1014.9,45.8,28.9,285.8,24.5,10,,2024-08-05T05:33:12,2024-08-05T20:50:44,0.03,Partially cloudy,Partly cloudy throughout the day.,partly-cloudy-day,"00427,03987,00403,E2835,00433,00400",Berlin
Berlin,2024-08-06,77.7,55.1,67.6,77.7,55.1,67.6,53.9,65.0,0.0,0,0.0,,0,0,12.3,6.3,149.5,1014.5,6.9,27.6,288.0,24.9,9,,2024-08-06T05:34:49,2024-08-06T20:48:53,0.06,Clear,Clear conditions throughout the day.,clear-day,"00427,03987,00403,E2835,00433,00400",Berlin
Berlin,2024-08-07,83.8,58.8,72.2,83.3,58.8,72.1,57.5,62.6,0.154,100,4.17,rain,0,0,15.9,8.1,113.6,1011.3,46.9,29.5,272.2,23.5,8,,2024-08-07T05:36:27,2024-08-07T20:47:00,0.1,"Rain, Partially cloudy",Becoming cloudy in the afternoon with late afternoon rain.,rain,"00427,03987,00403,E2835,00433,00400",Berlin
Berlin,2024-08-08,74.0,62.2,68.6,74.0,62.2,68.6,58.2,71.6,0.0,0,0.0,,0,0,21.5,11.5,301.0,1014.7,71.1,24.5,184.9,16.0,7,,2024-08-08T05:38:05,2024-08-08T20:45:06,0.13,Partially cloudy,Partly cloudy throughout the day.,partly-cloudy-day,"00427,03987,00403,E2835,00433,00400",Berlin
Berlin,2024-08-09,76.0,59.7,67.5,76.0,59.7,67.5,59.1,76.0,0.077,100,20.83,rain,0,0,26.4,15.0,215.2,1015.1,78.7,24.1,153.5,13.1,7,,2024-08-09T05:39:43,2024-08-09T20:43:11,0.16,"Rain, Partially cloudy",Partly cloudy throughout the day with rain.,rain,"00427,03987,00403,E2835,00433,00400",Berlin
Berlin,2024-08-10,78.7,59.9,69.9,78.7,59.9,69.9,58.8,70.6,0.0,0,0.0,,0,0,20.6,12.2,269.5,1018.4,28.9,24.9,275.6,23.8,9,,2024-08-10T05:41:21,2024-08-10T20:41:14,0.19,Partially cloudy,Becoming cloudy in the afternoon.,partly-cloudy-day,"00427,03987,00403,E2835,00433,00400",Berlin
Berlin,2024-08-11,77.6,63.2,70.3,77.6,63.2,70.3,56.0,61.6,0.0,0,0.0,,0,0,20.8,10.7,299.9,1020.8,40.7,28.3,240.2,20.8,8,,2024-08-11T05:43:00,2024-08-11T20:39:15,0.23,Partially cloudy,Partly cloudy throughout the day.,partly-cloudy-day,"00427,03987,00403,E2835,00433,00400",Berlin
Berlin,2024-08-12,81.2,55.8,69.4,80.5,55.8,69.3,53.3,60.0,0.0,0,0.0,,0,0,13.0,7.3,25.2,1016.8,3.5,28.9,273.6,23.6,8,,2024-08-12T05:44:39,2024-08-12T20:37:16,0.25,Clear,Clear conditions throughout the day.,clear-day,"00427,03987,00403,E2835,00433,00400",Berlin
Berlin,2024-08-13,85.4,59.8,72.8,83.6,59.8,72.4,53.8,54.2,0.0,0,0.0,,0,0,20.1,12.1,93.4,1013.6,15.2,27.1,269.3,23.4,8,,2024-08-13T05:46:18,2024-08-13T20:35:15,0.29,Clear,Clear conditions throughout the day.,clear-day,"00427,03987,00403,E2835,00433,00400",Berlin
Berlin,2024-08-14,89.9,63.9,76.2,89.6,63.9,76.1,57.1,52.9,0.007,100,8.33,rain,0,0,22.8,10.9,111.8,1011.7,70.6,25.4,241.7,20.9,8,,2024-08-14T05:47:57,2024-08-14T20:33:12,0.33,"Rain, Partially cloudy",Partly cloudy throughout the day with late afternoon rain.,rain,"00427,03987,00403,E2835,00433,00400",Berlin
Berlin,2024-08-15,83.5,66.8,75.0,86.1,66.8,75.4,65.9,75.1,0.015,100,8.33,rain,0,0,20.1,11.4,260.1,1014.4,27.7,22.5,185.4,16.1,9,,2024-08-15T05:49:37,2024-08-15T20:31:09,0.36,"Rain, Partially cloudy",Partly cloudy throughout the day with early morning rain.,rain,"00427,03987,00403,E2835,00433,00400",Berlin
Berlin,2024-08-16,85.7,63.6,74.7,85.7,63.6,74.9,61.8,67.5,0.0,0,0.0,,0,0,26.4,12.6,259.6,1014.8,22.1,23.9,248.9,21.5,9,,2024-08-16T05:51:16,2024-08-16T20:29:04,0.39,Partially cloudy,Partly cloudy throughout the day.,partly-cloudy-day,"00427,03987,00403,E2835,00433,00400",Berlin
Berlin,2024-08-17,82.9,65.9,74.0,83.9,65.9,74.2,63.6,71.4,0.072,100,12.5,rain,0,0,19.7,11.3,348.4,1012.2,61.8,24.8,228.8,19.9,10,,2024-08-17T05:52:56,2024-08-17T20:26:59,0.42,"Rain, Partially cloudy",Partly cloudy throughout the day with rain.,rain,"00427,03987,00403,E2835,00433,00400",Berlin
Berlin,2024-08-18,74.0,63.1,68.4,74.0,63.1,68.4,62.6,82.2,0.0,0,0.0,,0,0,19.9,13.7,3.9,1010.0,91.1,16.5,148.6,12.8,5,,2024-08-18T05:54:36,2024-08-18T20:24:52,0.46,Overcast,Cloudy skies throughout the day.,cloudy,"00427,03987,00403,E2835,00433,00400",Berlin
Berlin,2024-08-19,73.4,60.8,66.9,73.4,60.8,66.9,54.0,64.8,0.0,0,0.0,,0,0,18.6,11.1,326.4,1016.5,62.7,27.0,203.3,17.6,7,,2024-08-19T05:56:16,2024-08-19T20:22:44,0.5,Partially cloudy,Partly cloudy throughout the day.,partly-cloudy-day,"00427,03987,00403,E2835,00433,00400",Berlin
Berlin,2024-08-20,80.2,53.2,68.0,80.5,53.2,68.0,56.1,68.6,0.0,0,0.0,,0,0,15.4,9.0,131.8,1014.9,9.2,22.6,245.0,21.2,8,,2024-08-20T05:57:56,2024-08-20T20:20:35,0.52,Clear,Clear conditions throughout the day.,clear-day,"00427,03987,00403,E2835,00433,00400",Berlin
Berlin,2024-08-21,73.5,60.9,69.2,73.5,60.9,69.2,54.6,61.4,0.006,100,4.17,rain,0,0,32.2,19.4,273.0,1011.4,46.0,26.0,175.3,15.1,9,,2024-08-21T05:59:36,2024-08-21T20:18:26,0.56,"Rain, Partially cloudy",Partly cloudy throughout the day with morning rain.,rain,"00427,03987,00403,E2835,00433,00400",Berlin
Berlin,2024-08-22,75.3,57.1,65.4,75.3,57.1,65.4,48.5,56.3,0.0,0,0.0,,0,0,24.8,11.3,217.8,1013.6,81.3,28.5,176.7,15.4,7,,2024-08-22T06:01:16,2024-08-22T20:16:15,0.59,Partially cloudy,Partly cloudy throughout the day.,partly-cloudy-day,"00427,03987,00403,E2835,00433,00400",Berlin
Berlin,2024-08-23,86.5,61.7,73.4,83.8,61.7,72.8,50.1,46.8,0.0,0,0.0,,0,0,30.6,17.4,210.6,1009.2,78.2,25.9,223.1,19.3,7,,2024-08-23T06:02:56,2024-08-23T20:14:03,0.63,Partially cloudy,Partly cloudy throughout the day.,partly-cloudy-day,"00427,03987,00403,E2835,00433,00400",Berlin
Berlin,2024-08-24,90.6,64.2,77.6,89.1,64.2,77.4,60.0,58.0,0.0,0,0.0,,0,0,24.4,13.6,174.7,1011.5,9.4,30.5,238.9,20.6,7,,2024-08-24T06:04:36,2024-08-24T20:11:51,0.66,Clear,Clear conditions throughout the day.,clear-day,"00427,03987,00403,E2835,00433,00400",Berlin
Berlin,2024-08-25,77.7,62.4,70.8,77.7,62.4,70.8,54.6,57.3,0.004,100,8.33,rain,0,0,29.8,17.4,268.9,1015.7,68.0,28.7,156.5,13.4,8,,2024-08-25T06:06:17,2024-08-25T20:09:38,0.7,"Rain, Partially cloudy",Partly cloudy throughout the day with morning rain.,rain,"00427,03987,00403,E2835,00433,00400",Berlin
Berlin,2024-08-26,77.2,52.7,65.8,77.2,52.7,65.8,48.8,57.5,0.0,0,0.0,,0,0,14.8,7.8,187.9,1022.6,41.9,27.5,204.3,17.6,8,,2024-08-26T06:07:57,2024-08-26T20:07:24,0.75,Partially cloudy,Partly cloudy throughout the day.,partly-cloudy-day,"00427,03987,00403,E2835,00433,00400",Berlin
Berlin,2024-08-27,79.8,55.8,67.8,79.8,55.8,67.8,51.8,60.8,0.0,0,0.0,,0,0,16.8,8.9,114.2,1023.8,2.8,27.3,234.1,20.1,7,,2024-08-27T06:09:37,2024-08-27T20:05:09,0.77,Clear,Clear conditions throughout the day.,clear-day,"00427,03987,00403,E2835,00433,00400",Berlin
Berlin,2024-08-28,86.4,59.9,72.6,87.0,59.9,72.8,56.7,58.7,0.0,0,0.0,,0,0,22.1,11.1,104.6,1020.1,0.9,25.8,218.3,18.8,7,,2024-08-28T06:11:17,2024-08-28T20:02:54,0.8,Clear,Clear conditions throughout the day.,clear-day,"00427,03987,00403,E2835,00433,00400",Berlin
Berlin,2024-08-29,93.1,68.6,79.7,91.4,68.6,79.3,61.7,59.4,0.0,0,0.0,,0,0,14.8,6.9,174.3,1016.5,11.1,21.8,224.1,19.2,7,,2024-08-29T06:12:57,2024-08-29T20:00:38,0.84,Clear,Clear conditions throughout the day.,clear-day,"00427,03987,00403,E2835,00433,00400",Berlin
Berlin,2024-08-30,84.0,66.1,73.9,84.3,66.1,74.0,60.9,64.9,0.0,0,0.0,,0,0,21.7,18.5,339.8,1019.1,75.8,23.7,194.8,16.9,7,,2024-08-30T06:14:37,2024-08-30T19:58:21,0.87,Partially cloudy,Partly cloudy throughout the day.,partly-cloudy-day,"00427,03987,00403,E2835,00433,00400",Berlin
Berlin,2024-08-31,74.9,59.2,66.5,74.9,59.2,66.5,53.1,63.8,0.036,100,8.33,rain,0,0,17.2,12.4,41.4,1024.8,81.4,23.6,206.2,17.7,7,,2024-08-31T06:16:17,2024-08-31T19:56:04,0.91,"Rain, Partially cloudy",Partly cloudy throughout the day with early morning rain.,rain,"00427,03987,00403,E2835,00433,00400",Berlin
Berlin,2024-09-01,76.6,58.4,67.1,76.6,58.4,67.1,52.5,61.5,0.0,0,0.0,,0,0,20.4,11.7,79.1,1021.6,52.5,24.6,204.4,17.5,7,,2024-09-01T06:17:57,2024-09-01T19:53:46,0.94,Partially cloudy,Partly cloudy throughout the day.,partly-cloudy-day,"00427,03987,00403,E2835,00433,00400",Berlin
Berlin,2024-09-02,80.4,53.8,67.4,80.2,53.8,67.4,52.9,62.2,0.0,0,0.0,,0,0,17.9,11.5,84.6,1016.2,59.6,24.8,218.8,18.9,7,,2024-09-02T06:19:37,2024-09-02T19:51:27,0.98,Partially cloudy,Partly cloudy throughout the day.,partly-cloudy-day,"00427,03987,00403,E2835,00433,00400",Berlin
Berlin,2024-09-03,90.3,63.3,75.7,91.2,63.3,76.1,61.7,64.3,0.0,0,0.0,,0,0,19.7,8.7,112.8,1014.9,30.8,19.9,202.2,17.4,7,,2024-09-03T06:21:17,2024-09-03T19:49:08,0.0,Partially cloudy,Partly cloudy throughout the day.,partly-cloudy-day,"00427,03987,00403,E2835,00433,00400",Berlin
Berlin,2024-09-04,93.0,67.3,79.2,90.5,67.3,78.5,58.0,53.1,0.0,0,0.0,,0,0,25.9,14.1,104.1,1014.4,9.9,20.4,200.3,17.2,7,,2024-09-04T06:22:57,2024-09-04T19:46:49,0.04,Clear,Clear conditions throughout the day.,clear-day,"00427,03987,00403,E2835,00433,00400",Berlin
Berlin,2024-09-05,88.2,69.0,78.2,86.0,69.0,77.4,52.6,42.9,0.0,0,0.0,,0,0,34.9,20.8,88.0,1014.8,0.6,21.4,204.2,17.5,7,,2024-09-05T06:24:37,2024-09-05T19:44:29,0.08,Clear,Clear conditions throughout the day.,clear-day,"00427,03987,00403,E2835,00433,00400",Berlin
Berlin,2024-09-06,84.8,66.4,74.8,82.5,66.4,74.2,49.9,42.8,0.0,0,0.0,,0,0,27.5,15.9,90.3,1015.0,2.7,21.0,183.8,16.0,7,,2024-09-06T06:26:17,2024-09-06T19:42:09,0.11,Clear,Clear conditions throughout the day.,clear-day,"00427,03987,00403,E2835,00433,00400",Berlin
Berlin,2024-09-07,88.1,59.9,73.9,86.2,59.9,73.5,54.9,54.2,0.0,0,0.0,,0,0,21.0,10.1,107.7,1014.1,15.6,21.7,184.3,16.1,7,,2024-09-07T06:27:57,2024-09-07T19:39:48,0.14,Clear,Clear conditions throughout the day.,clear-day,"00427,03987,00403,E2835,00433,00400",Berlin
Berlin,2024-09-08,89.8,65.7,77.5,88.4,65.7,77.3,58.3,53.4,0.0,0,0.0,,0,0,21.3,9.2,122.2,1009.0,24.5,22.2,186.0,16.2,7,,2024-09-08T06:29:37,2024-09-08T19:37:27,0.18,Partially cloudy,Partly cloudy throughout the day.,partly-cloudy-day,"00427,03987,00403,E2835,00433,00400",Berlin
Berlin,2024-09-09,74.4,58.9,66.4,74.4,58.9,66.4,60.6,82.5,0.424,100,45.83,rain,0,0,23.7,13.7,282.5,1001.4,91.7,18.7,50.1,4.2,3,,2024-09-09T06:31:17,2024-09-09T19:35:06,0.21,"Rain, Overcast",Cloudy skies throughout the day with rain in the morning and afternoon.,rain,"00427,03987,00403,E2835,00433,00400",Berlin
Berlin,2024-09-10,65.9,57.5,61.8,65.9,57.5,61.8,52.4,73.0,0.007,100,12.5,rain,0,0,22.4,13.5,255.2,1007.6,58.3,21.6,146.0,12.9,9,,2024-09-10T06:32:57,2024-09-10T19:32:45,0.24,"Rain, Partially cloudy",Partly cloudy throughout the day with morning rain.,rain,"00427,03987,00403,E2835,00433,00400",Berlin
Berlin,2024-09-11,61.6,53.5,58.9,61.6,53.5,58.9,49.6,71.6,0.021,100,29.17,rain,0,0,29.5,17.0,221.1,1004.5,96.5,17.2,73.0,6.3,3,,2024-09-11T06:34:37,2024-09-11T19:30:23,0.25,"Rain, Overcast",Cloudy skies throughout the day with rain in the morning and afternoon.,rain,"00427,03987,00403,E2835,00433,00400",Berlin
Berlin,2024-09-12,60.1,48.1,53.6,60.1,45.2,52.9,43.1,69.0,0.0,0,0.0,,0,0,17.2,8.2,268.3,1012.0,86.4,28.4,150.0,13.0,7,,2024-09-12T06:36:17,2024-09-12T19:28:01,0.31,Partially cloudy,Partly cloudy throughout the day.,partly-cloudy-day,"00427,03987,00403,E2835,00433,00400",Berlin
Berlin,2024-09-13,59.3,48.3,53.4,59.3,45.4,52.9,45.9,76.2,0.05,100,29.17,rain,0,0,28.0,17.9,338.8,1017.5,99.8,21.3,59.6,5.1,2,,2024-09-13T06:37:57,2024-09-13T19:25:38,0.34,"Rain, Overcast",Cloudy skies throughout the day with rain.,rain,"00427,03987,00403,E2835,00433,00400",Berlin
Berlin,2024-09-14,64.2,52.9,57.7,64.2,52.9,57.7,44.6,62.4,0.0,0,0.0,,0,0,34.9,21.5,337.5,1022.2,68.4,28.8,175.8,15.2,7,,2024-09-14T06:39:37,2024-09-14T19:23:16,0.38,Partially cloudy,Partly cloudy throughout the day.,partly-cloudy-day,"00427,03987,00403,E2835,00433,00400",Berlin
Berlin,2024-09-15,64.4,48.3,56.4,64.4,43.2,55.2,45.2,68.6,0.039,100,12.5,rain,0,0,34.2,19.2,338.2,1021.9,39.0,27.9,122.8,10.5,7,,2024-09-15T06:41:17,2024-09-15T19:20:53,0.41,"Rain, Partially cloudy",Becoming cloudy in the afternoon with late afternoon rain.,rain,"00427,03987,00403,E2835,00433,00400",Berlin
Berlin,2024-09-16,63.9,54.3,59.1,63.9,54.3,59.1,55.7,88.6,0.182,100,25.0,rain,0,0,28.4,16.3,352.8,1020.0,95.3,18.8,37.5,3.3,1,,2024-09-16T06:42:57,2024-09-16T19:18:31,0.44,"Rain, Overcast",Cloudy skies throughout the day with rain clearing later.,rain,"00427,03987,00403,E2835,00433,00400",Berlin
Berlin,2024-09-17,77.1,60.2,66.7,77.1,60.2,66.7,58.5,76.7,0.0,0,0.0,,0,0,25.5,12.9,27.3,1025.9,30.1,13.2,165.2,14.2,6,,2024-09-17T06:44:37,2024-09-17T19:16:08,0.48,Partially cloudy,Clearing in the afternoon.,partly-cloudy-day,"00427,03987,00403,E2835,00433,00400",Berlin
Berlin,2024-09-18,77.2,58.2,65.6,77.2,58.2,65.6,58.3,79.3,0.0,0,0.0,,0,0,19.5,11.6,41.0,1029.0,30.6,8.9,150.9,13.1,6,,2024-09-18T06:46:17,2024-09-18T19:13:45,0.5,Partially cloudy,Partly cloudy throughout the day.,partly-cloudy-day,"00427,03987,00403,E2835,00433,00400",Berlin
Berlin,2024-09-19,75.1,59.8,65.4,75.1,59.8,65.4,56.1,74.4,0.0,0,0.0,,0,0,26.6,13.9,60.1,1027.1,27.9,14.9,143.1,12.4,6,,2024-09-19T06:47:58,2024-09-19T19:11:22,0.54,Partially cloudy,Clearing in the afternoon.,partly-cloudy-day,"00427,03987,00403,E2835,00433,00400",Berlin
Berlin,2024-09-20,75.4,55.4,63.9,75.4,55.4,63.9,45.8,55.2,0.0,0,0.0,,0,0,25.5,15.7,89.1,1026.4,1.4,22.7,171.0,14.6,6,,2024-09-20T06:49:38,2024-09-20T19:08:59,0.58,Clear,Clear conditions throughout the day.,clear-day,"00427,03987,00403,E2835,00433,00400",Berlin
Berlin,2024-09-21,74.7,50.8,62.2,74.7,50.8,62.2,45.2,55.7,0.0,0,0.0,,0,0,19.2,11.7,98.7,1024.0,2.8,21.4,165.4,14.4,6,,2024-09-21T06:51:19,2024-09-21T19:06:36,0.61,Clear,Clear conditions throughout the day.,clear-day,"00427,03987,00403,E2835,00433,00400",Berlin
Berlin,2024-09-22,75.9,49.8,62.0,75.9,47.9,62.0,48.2,63.6,0.0,0,0.0,,0,0,15.4,10.6,107.4,1017.7,2.6,21.5,158.4,13.7,6,,2024-09-22T06:53:00,2024-09-22T19:04:14,0.65,Clear,Clear conditions throughout the day.,clear-day,"00427,03987,00403,E2835,00433,00400",Berlin
Berlin,2024-09-23,76.8,49.3,63.0,76.8,49.3,63.0,51.7,70.1,0.0,0,0.0,,0,0,9.8,7.0,134.1,1010.1,80.4,21.6,161.5,14.1,6,,2024-09-23T06:54:41,2024-09-23T19:01:51,0.68,Partially cloudy,Partly cloudy throughout the day.,partly-cloudy-day,"00427,03987,00403,E2835,00433,00400",Berlin
Berlin,2024-09-24,64.0,52.5,59.0,64.0,52.5,59.0,55.5,88.5,0.359,100,25.0,rain,0,0,19.9,12.3,203.6,1004.8,68.5,17.2,47.0,3.9,2,,2024-09-24T06:56:22,2024-09-24T18:59:28,0.75,"Rain, Partially cloudy",Partly cloudy throughout the day with rain in the morning and afternoon.,rain,"00427,03987,00403,E2835,00433,00400",Berlin
Berlin,2024-09-25,65.2,55.6,59.5,65.2,55.6,59.5,55.1,85.5,0.397,100,16.67,rain,0,0,24.4,11.7,208.8,1005.6,74.6,23.6,72.2,6.2,3,,2024-09-25T06:58:03,2024-09-25T18:57:06,0.75,"Rain, Partially cloudy",Partly cloudy throughout the day with rain.,rain,"00427,03987,00403,E2835,00433,00400",Berlin
Berlin,2024-09-26,67.0,55.9,61.6,67.0,55.9,61.6,55.8,81.7,0.013,100,12.5,rain,0,0,29.8,14.1,186.3,997.0,99.8,24.1,49.3,4.3,2,,2024-09-26T06:59:44,2024-09-26T18:54:44,0.78,"Rain, Overcast",Cloudy skies throughout the day with rain.,rain,"00427,03987,00403,E2835,00433,00400",Berlin
Berlin,2024-09-27,67.6,57.3,62.3,67.6,57.3,62.3,50.1,65.8,0.025,100,20.83,rain,0,0,40.0,19.3,220.0,997.9,38.6,28.5,106.9,9.3,5,,2024-09-27T07:01:26,2024-09-27T18:52:21,0.82,"Rain, Partially cloudy",Becoming cloudy in the afternoon with rain.,rain,"00427,03987,00403,E2835,00433,00400",Berlin
Berlin,2024-09-28,59.9,47.2,55.0,59.9,42.6,54.6,44.3,67.9,0.029,100,29.17,rain,0,0,38.9,17.3,271.0,1011.5,41.3,28.4,94.8,8.2,5,,2024-09-28T07:03:08,2024-09-28T18:50:00,0.85,"Rain, Partially cloudy",Partly cloudy throughout the day with rain.,rain,"00427,03987,00403,E2835,00433,00400",Berlin
Berlin,2024-09-29,58.7,42.7,48.9,58.7,38.6,46.9,40.8,75.4,0.0,0,0.0,,0,0,18.6,11.1,285.8,1026.9,13.2,28.4,125.0,10.8,6,,2024-09-29T07:04:50,2024-09-29T18:47:38,0.89,Clear,Clear conditions throughout the day.,clear-day,"00427,03987,00403,E2835,00433,00400",Berlin
Berlin,2024-09-30,60.2,42.0,50.2,60.2,37.7,48.5,39.8,70.1,0.0,0,0.0,,0,0,32.0,15.1,113.8,1022.8,50.8,28.3,143.5,12.4,6,,2024-09-30T07:06:32,2024-09-30T18:45:17,0.92,Partially cloudy,Partly cloudy throughout the day.,partly-cloudy-day,"00427,03987,00403,E2835,00433,00400",Berlin
Berlin,2024-10-01,51.8,46.5,49.4,51.8,41.2,46.7,44.9,85.2,0.212,100,41.67,rain,0,0,25.5,12.2,111.1,1012.3,84.5,15.7,24.7,2.2,1,,2024-10-01T07:08:14,2024-10-01T18:42:56,0.95,"Rain, Partially cloudy",Partly cloudy throughout the day with rain.,rain,"00427,03987,00403,E2835,00433,00400",Berlin
Berlin,2024-10-02,50.9,48.0,49.6,50.9,43.1,47.5,47.6,92.9,0.233,100,62.5,rain,0,0,15.9,11.6,51.0,1010.1,99.0,12.0,33.1,2.8,2,,2024-10-02T07:09:57,2024-10-02T18:40:35,0.0,"Rain, Overcast",Cloudy skies throughout the day with a chance of rain throughout the day.,rain,"00427,03987,00403,E2835,00433,00400",Berlin
Berlin,2024-10-03,57.1,49.2,52.3,57.1,45.0,51.8,49.5,90.1,0.031,100,37.5,rain,0,0,24.4,12.6,342.3,1014.8,95.0,16.2,59.0,5.3,4,,2024-10-03T07:11:40,2024-10-03T18:38:15,0.02,"Rain, Overcast",Cloudy skies throughout the day with a chance of rain throughout the day.,rain,"00427,03987,00403,E2835,00433,00400",Berlin
Berlin,2024-10-04,57.2,48.8,53.1,57.2,45.4,52.8,48.9,85.9,0.019,100,12.5,rain,0,0,25.3,10.4,9.0,1018.7,80.0,23.1,68.6,5.8,3,,2024-10-04T07:13:23,2024-10-04T18:35:55,0.06,"Rain, Partially cloudy",Partly cloudy throughout the day with afternoon rain.,rain,"00427,03987,00403,E2835,00433,00400",Berlin
Berlin,2024-10-05,56.1,46.8,51.3,56.1,43.6,50.5,46.6,84.5,0.0,0,0.0,,0,0,14.3,8.4,22.1,1019.5,84.8,30.1,50.4,4.3,2,,2024-10-05T07:15:07,2024-10-05T18:33:36,0.09,Partially cloudy,Partly cloudy throughout the day.,partly-cloudy-day,"00427,03987,00403,E2835,00433,00400",Berlin
Berlin,2024-10-06,53.2,43.9,48.8,53.2,41.5,47.6,43.7,82.5,0.0,0,0.0,,0,0,13.4,8.0,103.5,1014.4,66.5,27.3,54.7,4.6,3,,2024-10-06T07:16:50,2024-10-06T18:31:17,0.12,Partially cloudy,Partly cloudy throughout the day.,partly-cloudy-day,"00427,03987,00403,E2835,00433,00400",Berlin
Berlin,2024-10-07,59.9,44.1,52.1,59.9,39.5,50.3,48.7,88.9,0.002,100,8.33,rain,0,0,18.1,9.3,146.1,1007.6,54.0,16.9,75.8,6.6,4,,2024-10-07T07:18:34,2024-10-07T18:28:58,0.16,"Rain, Partially cloudy",Partly cloudy throughout the day with afternoon rain.,rain,"00427,03987,00403,E2835,00433,00400",Berlin
Berlin,2024-10-08,70.4,52.8,60.5,70.4,52.8,60.5,56.5,88.0,0.12,100,16.67,rain,0,0,16.1,7.8,159.1,1003.2,90.0,14.1,114.4,9.9,5,,2024-10-08T07:20:19,2024-10-08T18:26:41,0.19,"Rain, Partially cloudy",Partly cloudy throughout the day with rain.,rain,"00427,03987,00403,E2835,00433,00400",Berlin
Berlin,2024-10-09,67.9,56.6,61.4,67.9,56.6,61.4,56.0,83.5,0.258,100,37.5,rain,0,0,27.7,11.6,189.4,997.0,84.8,20.3,104.5,9.1,5,,2024-10-09T07:22:03,2024-10-09T18:24:23,0.23,"Rain, Partially cloudy",Partly cloudy throughout the day with rain.,rain,"00427,03987,00403,E2835,00433,00400",Berlin
Berlin,2024-10-10,65.8,50.4,60.2,65.8,50.4,60.2,53.1,77.7,0.06,100,41.67,rain,0,0,38.7,20.8,231.4,991.8,81.1,21.5,50.7,4.3,4,,2024-10-10T07:23:48,2024-10-10T18:22:07,0.25,"Rain, Partially cloudy",Partly cloudy throughout the day with a chance of rain throughout the day.,rain,"00427,03987,00403,E2835,00433,00400",Berlin
Berlin,2024-10-11,55.8,43.9,48.9,55.8,40.8,46.7,41.7,77.2,0.0,0,0.0,,0,0,20.6,11.8,269.8,1013.0,26.5,24.6,89.5,7.7,5,,2024-10-11T07:25:33,2024-10-11T18:19:51,0.29,Partially cloudy,Clearing in the afternoon.,partly-cloudy-day,"00427,03987,00403,E2835,00433,00400",Berlin
Berlin,2024-10-12,56.1,35.9,46.8,56.1,33.5,45.7,39.1,76.7,0.0,0,0.0,,0,0,24.4,12.6,145.7,1018.2,43.6,26.6,112.0,9.7,5,,2024-10-12T07:27:19,2024-10-12T18:17:35,0.33,Partially cloudy,Becoming cloudy in the afternoon.,partly-cloudy-day,"00427,03987,00403,E2835,00433,00400",Berlin
Berlin,2024-10-13,53.4,47.3,50.7,53.4,42.1,49.5,44.3,78.7,0.109,100,33.33,rain,0,0,45.2,19.8,247.8,1007.5,86.4,20.8,54.5,4.6,2,,2024-10-13T07:29:05,2024-10-13T18:15:21,0.36,"Rain, Partially cloudy",Partly cloudy throughout the day with a chance of rain throughout the day.,rain,"00427,03987,00403,E2835,00433,00400",Berlin
Berlin,2024-10-14,53.0,44.7,48.8,53.0,39.3,46.0,41.9,77.0,0.0,0,0.0,,0,0,28.0,15.2,263.7,1017.7,73.6,27.3,64.3,5.5,3,,2024-10-14T07:30:51,2024-10-14T18:13:07,0.4,Partially cloudy,Partly cloudy throughout the day.,partly-cloudy-day,"00427,03987,00403,E2835,00433,00400",Berlin
Berlin,2024-10-15,54.5,40.1,46.3,54.5,36.2,44.3,39.8,79.6,0.0,0,0.0,,0,0,12.1,7.6,338.3,1024.1,9.8,24.3,109.7,9.4,5,,2024-10-15T07:32:37,2024-10-15T18:10:54,0.43,Clear,Clear conditions throughout the day.,clear-day,"00427,03987,00403,E2835,00433,00400",Berlin
Berlin,2024-10-16,58.1,39.5,48.2,58.1,34.4,45.6,39.8,73.9,0.0,0,0.0,,0,0,28.2,15.8,115.6,1023.8,20.1,25.4,119.3,10.4,5,,2024-10-16T07:34:24,2024-10-16T18:08:42,0.46,Partially cloudy,Clearing in the afternoon.,partly-cloudy-day,"00427,03987,00403,E2835,00433,00400",Berlin
Berlin,2024-10-17,62.4,45.6,52.9,62.4,41.2,51.0,44.8,74.4,0.0,0,0.0,,0,0,25.7,13.4,128.5,1018.2,41.0,26.5,95.1,8.3,5,,2024-10-17T07:36:11,2024-10-17T18:06:31,0.5,Partially cloudy,Becoming cloudy in the afternoon.,partly-cloudy-day,"00427,03987,00403,E2835,00433,00400",Berlin
