city,datetime,tempmax,tempmin,temp,feelslikemax,feelslikemin,feelslike,dew,humidity,precip,precipprob,precipcover,preciptype,snow,snowdepth,windgust,windspeed,winddir,sealevelpressure,cloudcover,visibility,solarradiation,solarenergy,uvindex,severerisk,sunrise,sunset,moonphase,conditions,description,icon,stations
Tokyo,2024-10-16,78.1,67.3,73.2,78.1,67.3,73.2,65.0,75.9,0.0,0,0.0,,0.0,0.0,10.1,7.4,292.3,1019.8,77.7,8.3,153.8,13.3,6,10.0,2024-10-16T05:48:06,2024-10-16T17:04:04,0.45,Partially cloudy,Partly cloudy throughout the day.,partly-cloudy-day,"47662099999,47671099999,47727099999,47642043313,47680099999,RJTT"
Tokyo,2024-10-17,77.2,71.0,73.3,77.2,71.0,73.3,66.2,78.7,0.0,0,0.0,,0.0,0.0,15.2,11.2,30.7,1022.5,81.3,9.7,131.6,11.3,5,10.0,2024-10-17T05:48:58,2024-10-17T17:02:47,0.5,Partially cloudy,Partly cloudy throughout the day.,partly-cloudy-day,"47662099999,47671099999,47727099999,47670099999,47642043313,47680099999,47626099999,47682099999,RJTT"
Tokyo,2024-10-18,72.9,69.3,71.0,72.9,69.3,71.0,68.3,91.5,0.082,100,12.5,rain,0.0,0.0,14.5,5.8,336.0,1022.6,95.7,7.3,73.4,6.3,3,10.0,2024-10-18T05:49:51,2024-10-18T17:01:30,0.52,"Rain, Overcast",Cloudy skies throughout the day with rain.,rain,"47662099999,47671099999,47670099999,47642043313,47680099999,47626099999,47682099999"
Tokyo,2024-10-19,84.4,70.4,75.6,90.0,70.4,76.4,70.4,85.1,0.058,100,12.5,rain,0.0,0.0,22.1,12.5,229.4,1012.1,82.2,9.1,148.9,12.9,7,10.0,2024-10-19T05:50:44,2024-10-19T17:00:15,0.55,"Rain, Partially cloudy",Partly cloudy throughout the day with rain.,rain,"47662099999,47671099999,47670099999,47642043313,47680099999,47626099999,47682099999"
Tokyo,2024-10-20,72.3,57.8,64.0,72.3,57.8,64.0,47.6,55.6,0.005,100,4.17,rain,0.0,0.0,28.6,11.5,28.4,1025.7,42.8,12.1,135.0,11.7,6,10.0,2024-10-20T05:51:37,2024-10-20T16:59:00,0.59,"Rain, Partially cloudy",Partly cloudy throughout the day with morning rain.,rain,"47662099999,47670099999,47642043313,47680099999,47626099999,47682099999"
Tokyo,2024-10-21,67.7,52.9,60.9,67.7,52.9,60.9,46.9,60.4,0.0,0,0.0,rain,0.0,0.0,18.1,9.1,345.0,1032.3,53.6,13.4,101.4,8.8,4,10.0,2024-10-21T05:52:31,2024-10-21T16:57:46,0.62,Partially cloudy,Partly cloudy throughout the day.,partly-cloudy-day,"47662099999,47670099999,47642043313,47680099999,47626099999,47682099999"
Tokyo,2024-10-22,75.0,59.1,67.3,75.0,59.1,67.3,56.1,68.3,0.0,0,0.0,rain,0.0,0.0,16.6,10.1,338.8,1025.3,78.4,13.4,135.8,11.7,6,10.0,2024-10-22T05:53:25,2024-10-22T16:56:34,0.65,Partially cloudy,Partly cloudy throughout the day.,partly-cloudy-day,"47662099999,47670099999,47642043313,47680099999,47626099999,47682099999"
Tokyo,2024-10-23,76.3,66.0,71.4,76.3,66.0,71.4,68.0,89.3,0.27,100,16.67,rain,0.0,0.0,27.5,12.7,209.3,1015.4,85.6,9.9,87.6,7.6,4,10.0,2024-10-23T05:54:20,2024-10-23T16:55:22,0.69,"Rain, Partially cloudy",Partly cloudy throughout the day with rain.,rain,"47662099999,47670099999,47642043313,47680099999,47626099999,47682099999"
Tokyo,2024-10-24,77.3,68.8,72.7,77.3,68.8,72.7,65.8,79.3,0.0,0,0.0,rain,0.0,0.0,15.2,9.1,31.7,1016.0,64.7,11.0,65.8,5.7,3,10.0,2024-10-24T05:55:15,2024-10-24T16:54:12,0.75,Partially cloudy,Partly cloudy throughout the day.,partly-cloudy-day,"47662099999,47671099999,47670099999,47642043313,47680099999,47626099999,47682099999"
Tokyo,2024-10-25,71.0,66.0,68.7,71.0,66.0,68.7,61.1,77.1,0.019,100,4.17,rain,0.0,0.0,14.5,7.9,21.3,1023.8,92.9,11.9,25.8,2.2,1,10.0,2024-10-25T05:56:10,2024-10-25T16:53:02,0.75,"Rain, Overcast",Cloudy skies throughout the day with morning rain.,rain,"47662099999,47670099999,47642043313,47680099999,47626099999,47682099999"
Tokyo,2024-10-26,68.7,63.6,66.3,68.7,63.6,66.3,59.6,79.2,0.0,0,0.0,,0.0,0.0,13.4,6.9,342.3,1022.2,76.7,11.2,51.4,4.3,2,10.0,2024-10-26T05:57:06,2024-10-26T16:51:54,0.79,Partially cloudy,Partly cloudy throughout the day.,partly-cloudy-day,"47662099999,47670099999,47642043313,47680099999,47626099999,47682099999"
Tokyo,2024-10-27,73.1,62.7,67.7,73.1,62.7,67.7,63.2,86.0,0.076,100,4.17,rain,0.0,0.0,10.7,7.6,320.7,1014.7,79.0,9.3,121.3,10.3,5,10.0,2024-10-27T05:58:02,2024-10-27T16:50:46,0.82,"Rain, Partially cloudy",Partly cloudy throughout the day with late afternoon rain.,rain,"47662099999,47671099999,47670099999,47680099999,47642043313,RJTY,47626099999,47682099999,RJTT"
Tokyo,2024-10-28,68.3,63.3,65.9,68.3,63.3,65.9,61.9,87.8,0.392,100,20.83,rain,0.0,0.0,18.6,6.8,4.9,1008.9,99.0,9.4,12.9,1.0,1,10.0,2024-10-28T05:58:58,2024-10-28T16:49:40,0.85,"Rain, Overcast",Cloudy skies throughout the day with rain clearing later.,rain,"47662099999,47670099999,47642043313,47680099999,47626099999,47682099999"
Tokyo,2024-10-29,65.9,54.3,60.2,65.9,54.3,60.2,53.0,78.2,0.712,100,37.5,rain,0.0,0.0,19.0,10.2,27.8,1020.1,99.1,8.8,72.8,6.3,4,10.0,2024-10-29T05:59:55,2024-10-29T16:48:35,0.89,"Rain, Overcast",Cloudy skies throughout the day with rain.,rain,"47662099999,47671099999,47670099999,47642043313,47680099999,47626099999,47682099999"
Tokyo,2024-10-30,71.3,54.8,62.0,71.3,54.8,62.0,54.8,80.4,0.938,100,45.83,rain,0.0,0.0,28.0,15.7,330.3,1015.2,61.6,8.9,52.6,4.5,2,10.0,2024-10-30T06:00:52,2024-10-30T16:47:32,0.92,"Rain, Partially cloudy",Partly cloudy throughout the day with a chance of rain throughout the day.,rain,"47662099999,47670099999,47642043313,47680099999,47626099999,47682099999"
Tokyo,2024-10-31,67.8,56.0,61.4,67.8,56.0,61.4,48.4,63.5,0.0,0,0.0,,0.0,0.0,18.1,7.2,55.1,1024.5,25.7,13.4,152.1,13.2,6,10.0,2024-10-31T06:01:49,2024-10-31T16:46:29,0.95,Partially cloudy,Partly cloudy throughout the day.,partly-cloudy-day,"47662099999,47670099999,47642043313,47680099999,47626099999,47682099999"
Tokyo,2024-11-01,70.7,54.3,62.6,70.7,54.3,62.6,54.4,75.2,0.0,0,0.0,rain,0.0,0.0,10.5,5.7,321.8,1023.9,62.1,11.5,126.8,10.9,6,10.0,2024-11-01T06:02:47,2024-11-01T16:45:28,0.0,Partially cloudy,Partly cloudy throughout the day.,partly-cloudy-day,"47662099999,47670099999,47642043313,47680099999,47626099999,47682099999"
Tokyo,2024-11-02,62.4,59.1,60.8,62.4,59.1,60.8,60.4,98.5,1.021,100,50.0,rain,0.0,0.0,32.2,7.2,344.9,1013.1,99.5,4.4,18.5,1.6,1,10.0,2024-11-02T06:03:45,2024-11-02T16:44:29,0.02,"Rain, Overcast",Cloudy skies throughout the day with a chance of rain throughout the day.,rain,"47662099999,47671099999,47670099999,47642043313,47680099999,47626099999,47682099999"
Tokyo,2024-11-03,71.6,58.3,63.6,71.6,58.3,63.6,51.6,67.7,0.039,100,4.17,rain,0.0,0.0,18.8,9.3,21.2,1018.2,18.8,12.6,160.5,14.0,6,10.0,2024-11-03T06:04:43,2024-11-03T16:43:30,0.06,Rain,Clear conditions throughout the day with early morning rain.,rain,"47662099999,47670099999,47642043313,47680099999,47626099999,47682099999"
Tokyo,2024-11-04,72.2,53.0,62.9,72.2,53.0,62.9,53.0,70.9,0.0,0,0.0,,0.0,0.0,21.7,11.3,214.2,1020.0,10.2,11.7,157.3,13.6,6,10.0,2024-11-04T06:05:42,2024-11-04T16:42:33,0.09,Clear,Clear conditions throughout the day.,clear-day,"47662099999,47670099999,47642043313,47680099999,47626099999,47682099999"
Tokyo,2024-11-05,66.8,57.0,62.2,66.8,57.0,62.2,52.9,72.1,0.0,0,0.0,rain,0.0,0.0,17.7,9.1,31.9,1016.2,54.2,10.8,104.3,9.0,5,10.0,2024-11-05T06:06:41,2024-11-05T16:41:38,0.13,Partially cloudy,Partly cloudy throughout the day.,partly-cloudy-day,"47662099999,47670099999,47642043313,47680099999,47626099999,47682099999,RJTT"
Tokyo,2024-11-06,60.2,56.1,58.1,60.2,56.1,58.1,48.8,71.1,0.02,100,4.17,rain,0.0,0.0,19.7,8.1,1.2,1015.5,71.4,12.9,38.7,3.1,1,10.0,2024-11-06T06:07:40,2024-11-06T16:40:44,0.16,"Rain, Partially cloudy",Partly cloudy throughout the day with early morning rain.,rain,"47662099999,47671099999,47670099999,47642043313,47680099999,47626099999,47682099999"
Tokyo,2024-11-07,62.9,52.1,56.4,62.9,52.1,56.4,38.4,53.0,0.0,0,0.0,,0.0,0.0,28.6,16.9,323.8,1022.4,15.1,14.4,146.3,12.6,6,10.0,2024-11-07T06:08:39,2024-11-07T16:39:51,0.19,Clear,Clear conditions throughout the day.,clear-day,"47662099999,47671099999,47670099999,47642043313,47680099999,47626099999,47682099999"
Tokyo,2024-11-08,59.1,47.7,53.3,59.1,45.6,52.9,37.4,55.4,0.0,0,0.0,,0.0,0.0,14.8,7.3,21.0,1028.7,17.2,13.2,120.9,10.4,5,10.0,2024-11-08T06:09:38,2024-11-08T16:39:00,0.23,Clear,Clear conditions throughout the day.,clear-day,"47662099999,47670099999,47642043313,47680099999,47626099999,47682099999"
Tokyo,2024-11-09,62.0,46.6,54.7,62.0,45.8,54.2,42.1,63.6,0.0,0,0.0,,0.0,0.0,13.2,8.0,3.2,1028.7,31.4,12.3,126.8,11.1,5,10.0,2024-11-09T06:10:38,2024-11-09T16:38:11,0.25,Partially cloudy,Partly cloudy throughout the day.,partly-cloudy-day,"47662099999,47670099999,47642043313,47680099999,47626099999,47682099999"
Tokyo,2024-11-10,61.1,53.0,56.8,61.1,53.0,56.8,45.6,67.0,0.0,0,0.0,rain,0.0,0.0,13.9,8.0,328.7,1025.6,97.4,10.3,62.8,5.3,3,10.0,2024-11-10T06:11:38,2024-11-10T16:37:23,0.3,Overcast,Cloudy skies throughout the day.,cloudy,"47662099999,47671099999,47670099999,47642043313,47680099999,47626099999,47682099999"
Tokyo,2024-11-11,69.0,56.1,61.4,69.0,56.1,61.4,57.0,86.3,0.078,100,8.33,rain,0.0,0.0,20.8,4.8,343.1,1016.0,51.6,9.4,93.9,8.1,4,10.0,2024-11-11T06:12:38,2024-11-11T16:36:36,0.33,"Rain, Partially cloudy",Partly cloudy throughout the day with rain clearing later.,rain,"47662099999,47670099999,47642043313,47680099999,47626099999,47682099999"
Tokyo,2024-11-12,68.2,53.7,61.3,68.2,53.7,61.3,53.6,76.7,0.0,0,0.0,,0.0,0.0,12.3,8.0,54.0,1015.5,19.0,11.6,86.3,7.5,4,10.0,2024-11-12T06:13:38,2024-11-12T16:35:52,0.37,Clear,Clear conditions throughout the day.,clear-day,"47662099999,47670099999,47642043313,47680099999,47626099999,47682099999"
Tokyo,2024-11-13,68.3,55.2,61.7,68.3,55.2,61.7,48.9,64.3,0.0,0,0.0,,0.0,0.0,21.5,9.1,57.1,1019.3,22.6,12.4,145.0,12.5,6,10.0,2024-11-13T06:14:38,2024-11-13T16:35:09,0.4,Partially cloudy,Partly cloudy throughout the day.,partly-cloudy-day,"47662099999,47671099999,47727099999,47643099999,47670099999,47642043313,47680099999,47626099999,47682099999,RJTT"
Tokyo,2024-11-14,64.5,53.9,60.5,64.5,53.9,60.5,50.0,68.5,0.0,0,0.0,rain,0.0,0.0,15.0,5.8,334.0,1023.5,62.6,11.3,95.1,8.3,4,10.0,2024-11-14T06:15:38,2024-11-14T16:34:27,0.44,Partially cloudy,Becoming cloudy in the afternoon.,partly-cloudy-day,"47662099999,47670099999,47642043313,47680099999,47626099999,47682099999"
Tokyo,2024-11-15,63.2,57.0,60.5,63.2,57.0,60.5,57.9,91.3,0.011,100,16.67,rain,0.0,0.0,22.8,5.9,335.7,1018.9,96.9,6.5,62.4,5.3,3,10.0,2024-11-15T06:16:38,2024-11-15T16:33:48,0.47,"Rain, Overcast",Cloudy skies throughout the day with rain clearing later.,rain,"47662099999,47670099999,47642043313,47680099999,47626099999,47682099999"
Tokyo,2024-11-16,65.5,58.7,62.2,65.5,58.7,62.2,54.3,75.5,0.0,0,0.0,rain,0.0,0.0,17.4,7.9,341.0,1021.7,85.7,11.0,69.5,6.1,3,10.0,2024-11-16T06:17:38,2024-11-16T16:33:10,0.5,Partially cloudy,Partly cloudy throughout the day.,partly-cloudy-day,"47662099999,47671099999,47670099999,47642043313,47680099999,47626099999,47682099999"
Tokyo,2024-11-17,74.0,59.7,65.8,74.0,59.7,65.8,59.0,79.5,0.0,0,0.0,rain,0.0,0.0,17.2,5.9,324.7,1013.6,55.0,12.3,100.0,8.7,6,10.0,2024-11-17T06:18:38,2024-11-17T16:32:34,0.54,Partially cloudy,Partly cloudy throughout the day.,partly-cloudy-day,"47662099999,47671099999,47670099999,47642043313,47680099999,47626099999,47682099999"
Tokyo,2024-11-18,65.9,52.8,58.2,65.9,52.8,58.2,42.9,57.0,0.119,100,25.0,rain,0.0,0.0,36.9,24.1,12.4,1015.2,80.1,8.0,54.1,4.6,3,10.0,2024-11-18T06:19:38,2024-11-18T16:32:00,0.57,"Rain, Partially cloudy",Partly cloudy throughout the day with rain in the morning and afternoon.,rain,"47662099999,47670099999,47642043313,47680099999,RJTY,RJTI,47626099999,47682099999,RJTT"
Tokyo,2024-11-19,53.6,48.5,51.0,53.6,42.2,48.6,32.2,49.0,0.0,0,0.0,,0.0,0.0,41.4,27.5,17.6,1025.2,51.7,6.6,130.3,11.2,5,10.0,2024-11-19T06:20:37,2024-11-19T16:31:27,0.61,Partially cloudy,Partly cloudy throughout the day.,partly-cloudy-day,"RJTY,RJTI,RJTT"
Tokyo,2024-11-20,48.1,44.7,47.3,44.7,39.9,42.4,38.7,72.7,0.108,100,54.17,rain,0.0,0.0,15.9,15.4,344.7,1022.7,84.8,6.3,36.5,3.1,2,10.0,2024-11-20T06:21:37,2024-11-20T16:30:56,0.64,"Rain, Partially cloudy",Partly cloudy throughout the day with rain.,rain,"47642043313,RJTY,RJTI,RJTT"
Tokyo,2024-11-21,55.5,48.1,52.2,55.5,42.5,50.9,49.7,91.0,0.2,100,58.33,rain,0.0,0.0,16.6,18.2,337.9,1014.2,74.5,5.8,30.0,2.6,1,10.0,2024-11-21T06:22:36,2024-11-21T16:30:27,0.67,"Rain, Partially cloudy",Partly cloudy throughout the day with a chance of rain throughout the day.,rain,"47642043313,47680099999,RJTY,RJTI,RJTT"
Tokyo,2024-11-22,62.1,46.8,55.0,62.1,45.2,54.9,47.9,78.2,0.039,100,4.17,rain,0.0,0.0,28.2,13.0,327.3,1011.6,24.1,7.7,133.9,11.4,6,10.0,2024-11-22T06:23:36,2024-11-22T16:30:01,0.7,"Rain, Partially cloudy",Partly cloudy throughout the day with morning rain.,rain,"47662099999,47671099999,47727099999,47642043313,47680099999,RJTY,RJTT"
Tokyo,2024-11-23,60.8,50.2,54.6,60.8,50.2,54.6,34.3,47.3,0.0,0,0.0,,0.0,0.0,36.9,21.9,339.4,1016.4,52.5,10.3,99.2,8.5,4,10.0,2024-11-23T06:24:34,2024-11-23T16:29:35,0.75,Partially cloudy,Partly cloudy throughout the day.,partly-cloudy-day,"47662099999,47671099999,47727099999,47642043313,47680099999,RJTT"
Tokyo,2024-11-24,57.4,47.2,52.2,57.4,43.9,50.9,36.4,55.4,0.0,0,0.0,,0.0,0.0,14.1,11.8,24.9,1023.4,49.1,9.6,115.0,9.7,5,10.0,2024-11-24T06:25:33,2024-11-24T16:29:12,0.77,Partially cloudy,Partly cloudy throughout the day.,partly-cloudy-day,"47662099999,47671099999,47727099999,47642043313,47680099999,RJTT"
Tokyo,2024-11-25,57.0,44.9,51.2,57.0,39.7,49.7,35.8,56.4,0.0,0,0.0,,0.0,0.0,11.4,13.4,34.7,1028.3,20.8,9.8,140.0,11.9,6,10.0,2024-11-25T06:26:31,2024-11-25T16:28:51,0.8,Partially cloudy,Partly cloudy throughout the day.,partly-cloudy-day,"47662099999,47671099999,47727099999,47642043313,47680099999,RJTT"
Tokyo,2024-11-26,57.3,43.1,51.0,57.3,39.3,49.5,40.0,66.9,0.186,100,16.67,rain,0.0,0.0,20.6,9.2,334.2,1023.4,55.4,8.4,86.5,7.4,4,10.0,2024-11-26T06:27:29,2024-11-26T16:28:32,0.83,"Rain, Partially cloudy",Becoming cloudy in the afternoon with late afternoon rain.,rain,"47662099999,47671099999,47727099999,47643099999,47642043313,47680099999,RJTT"
Tokyo,2024-11-27,70.7,49.2,59.4,70.7,46.5,59.2,50.3,75.1,1.438,100,25.0,rain,0.0,0.0,41.8,17.3,238.8,1005.7,50.7,6.9,119.5,10.2,5,10.0,2024-11-27T06:28:26,2024-11-27T16:28:14,0.87,"Rain, Partially cloudy",Clearing in the afternoon with early morning rain.,rain,"47662099999,47671099999,47727099999,47642043313,47680099999,RJTY,RJTT"
Tokyo,2024-11-28,63.7,50.3,56.7,63.7,50.3,56.7,32.8,41.8,0.0,0,0.0,,0.0,0.0,23.0,14.1,234.3,1005.1,8.8,12.6,133.8,11.6,6,10.0,2024-11-28T06:29:22,2024-11-28T16:27:59,0.9,Clear,Clear conditions throughout the day.,clear-day,"47662099999,47671099999,47727099999,47670099999,47642043313,47680099999,47626099999,47682099999,RJTT"
Tokyo,2024-11-29,61.1,47.0,52.8,61.1,43.7,52.0,30.6,43.3,0.0,0,0.0,,0.0,0.0,18.3,11.4,278.9,1002.2,5.6,13.9,116.8,10.0,5,10.0,2024-11-29T06:30:18,2024-11-29T16:27:45,0.93,Clear,Clear conditions throughout the day.,clear-day,"47662099999,47670099999,47642043313,47680099999,47626099999,47682099999"
Tokyo,2024-11-30,60.9,42.6,50.7,60.9,40.7,50.0,33.8,53.7,0.0,0,0.0,,0.0,0.0,14.5,10.1,264.2,1004.0,3.1,13.7,132.4,11.4,5,10.0,2024-11-30T06:31:14,2024-11-30T16:27:34,0.96,Clear,Clear conditions throughout the day.,clear-day,"47662099999,47670099999,47642043313,47680099999,47626099999,47682099999"
Tokyo,2024-12-01,61.0,44.7,53.3,61.0,42.2,52.4,38.2,56.8,0.0,0,0.0,,0.0,0.0,13.4,8.1,304.9,1013.0,19.0,8.6,131.9,11.4,6,10.0,2024-12-01T06:32:09,2024-12-01T16:27:24,0.0,Clear,Clear conditions throughout the day.,clear-day,"47662099999,47670099999,47642043313,47680099999,RJTY,RJTI,47626099999,47682099999,RJTT"
Tokyo,2024-12-02,61.1,47.6,53.3,61.1,44.5,52.5,43.3,69.7,0.0,0,0.0,,0.0,0.0,12.1,9.8,312.5,1017.5,31.3,11.6,124.5,10.7,5,10.0,2024-12-02T06:33:03,2024-12-02T16:27:17,0.03,Partially cloudy,Clearing in the afternoon.,partly-cloudy-day,"47662099999,47670099999,47680099999,47642043313,RJTY,47626099999,47682099999,RJTT"
Tokyo,2024-12-03,62.3,45.8,53.5,62.3,43.3,53.2,45.9,76.5,0.0,0,0.0,,0.0,0.0,12.5,6.9,294.6,1014.8,5.1,12.0,121.9,10.5,5,10.0,2024-12-03T06:33:56,2024-12-03T16:27:11,0.07,Clear,Clear conditions throughout the day.,clear-day,"47662099999,47670099999,47642043313,47680099999,47626099999,47682099999"
Tokyo,2024-12-04,63.3,47.1,55.6,63.3,47.1,55.5,41.0,59.7,0.0,0,0.0,,0.0,0.0,14.5,11.3,342.5,1010.6,40.0,10.3,113.3,9.7,5,10.0,2024-12-04T06:34:48,2024-12-04T16:27:08,0.1,Partially cloudy,Clearing in the afternoon.,partly-cloudy-day,"47662099999,47671099999,47670099999,47642043313,47680099999,RJTY,47626099999,47682099999,RJTT"
Tokyo,2024-12-05,58.4,48.8,52.8,58.4,47.0,52.6,37.1,55.4,0.0,0,0.0,rain,0.0,0.0,9.6,6.8,328.7,1008.2,52.7,13.5,77.8,6.7,3,10.0,2024-12-05T06:35:40,2024-12-05T16:27:06,0.14,Partially cloudy,Partly cloudy throughout the day.,partly-cloudy-day,"47662099999,47671099999,47670099999,47642043313,47680099999,47626099999,47682099999"
Tokyo,2024-12-06,61.0,42.1,51.9,61.0,40.3,51.1,33.4,50.5,0.0,0,0.0,,0.0,0.0,19.9,10.0,252.8,1008.9,14.4,13.8,131.0,11.3,5,10.0,2024-12-06T06:36:31,2024-12-06T16:27:07,0.17,Clear,Clear conditions throughout the day.,clear-day,"47662099999,47671099999,47670099999,47642043313,47680099999,47626099999,47682099999"
Tokyo,2024-12-07,53.3,43.8,48.3,53.3,39.2,46.9,32.3,54.4,0.0,0,0.0,rain,0.0,0.0,14.3,8.0,2.0,1012.3,22.0,13.6,108.2,9.3,5,10.0,2024-12-07T06:37:21,2024-12-07T16:27:09,0.21,Partially cloudy,Partly cloudy throughout the day.,partly-cloudy-day,"47662099999,47671099999,47670099999,47680099999,47642043313,47626099999,47682099999"
Tokyo,2024-12-08,56.4,39.5,46.1,56.4,37.2,44.2,30.3,55.2,0.0,0,0.0,,0.0,0.0,25.9,13.0,324.9,1010.5,21.9,13.3,122.4,10.6,5,10.0,2024-12-08T06:38:09,2024-12-08T16:27:13,0.24,Partially cloudy,Clearing in the afternoon.,partly-cloudy-day,"47662099999,47671099999,47727099999,47670099999,47642043313,47680099999,47626099999,47682099999,RJTT"
Tokyo,2024-12-09,54.8,37.8,45.7,54.8,33.6,43.4,25.9,46.8,0.0,0,0.0,,0.0,0.0,16.1,9.1,316.8,1016.7,3.6,14.2,133.3,11.4,5,10.0,2024-12-09T06:38:57,2024-12-09T16:27:20,0.25,Clear,Clear conditions throughout the day.,clear-day,"47662099999,47671099999,47670099999,47642043313,47680099999,47626099999,47682099999"
Tokyo,2024-12-10,56.1,40.8,47.4,56.1,38.7,46.2,30.4,52.5,0.0,0,0.0,,0.0,0.0,13.9,5.8,313.2,1016.3,12.4,12.8,129.5,11.1,5,10.0,2024-12-10T06:39:43,2024-12-10T16:27:28,0.31,Clear,Clear conditions throughout the day.,clear-day,"47662099999,47671099999,47670099999,47642043313,47680099999,47626099999,47682099999"
Tokyo,2024-12-11,55.2,43.0,47.9,55.2,39.7,46.2,30.8,52.2,0.0,0,0.0,,0.0,0.0,21.7,12.2,328.9,1013.1,46.1,12.0,117.9,10.1,5,10.0,2024-12-11T06:40:29,2024-12-11T16:27:38,0.35,Partially cloudy,Partly cloudy throughout the day.,partly-cloudy-day,"47662099999,47671099999,47727099999,47643099999,47670099999,47642043313,47680099999,47626099999,47682099999,RJTT"
Tokyo,2024-12-12,50.6,40.9,45.0,50.6,36.1,41.5,22.0,40.6,0.0,0,0.0,,0.0,0.0,29.8,10.9,339.7,1016.3,18.6,12.4,108.7,9.4,4,10.0,2024-12-12T06:41:13,2024-12-12T16:27:51,0.38,Clear,Clear conditions throughout the day.,clear-day,"47662099999,47671099999,47670099999,47642043313,47680099999,47626099999,47682099999"
Tokyo,2024-12-13,46.2,35.4,41.5,45.0,33.2,39.7,25.3,52.6,0.0,0,0.0,,0.0,0.0,10.7,6.3,330.0,1015.0,45.1,12.1,77.8,6.5,3,10.0,2024-12-13T06:41:56,2024-12-13T16:28:05,0.42,Partially cloudy,Partly cloudy throughout the day.,partly-cloudy-day,"47662099999,47671099999,47670099999,47642043313,47680099999,47626099999,47682099999"
Tokyo,2024-12-14,53.0,38.9,45.0,53.0,34.5,42.1,23.8,45.0,0.0,0,0.0,,0.0,0.0,31.3,15.1,330.9,1009.9,17.8,13.2,127.1,10.8,5,10.0,2024-12-14T06:42:38,2024-12-14T16:28:21,0.46,Clear,Clear conditions throughout the day.,clear-day,"47662099999,47670099999,47642043313,47680099999,47626099999,47682099999"
Tokyo,2024-12-15,53.0,34.0,43.8,53.0,34.0,42.3,26.2,50.2,0.0,0,0.0,,0.0,0.0,14.1,9.2,217.0,1011.4,2.5,13.9,127.4,10.9,5,10.0,2024-12-15T06:43:18,2024-12-15T16:28:39,0.5,Clear,Clear conditions throughout the day.,clear-day,"47662099999,47670099999,47642043313,47680099999,47626099999,47682099999"
Tokyo,2024-12-16,53.7,39.5,46.0,53.7,37.7,45.3,31.2,57.4,0.0,0,0.0,,0.0,0.0,12.8,4.8,4.9,1012.9,1.6,14.3,112.5,9.7,5,10.0,2024-12-16T06:43:57,2024-12-16T16:28:59,0.52,Clear,Clear conditions throughout the day.,clear-day,"47662099999,47670099999,47642043313,47680099999,47626099999,47682099999"
Tokyo,2024-12-17,55.7,37.6,46.4,55.7,35.2,45.1,33.1,61.4,0.0,0,0.0,,0.0,0.0,12.3,7.9,233.8,1014.6,2.7,12.9,119.8,10.5,5,10.0,2024-12-17T06:44:34,2024-12-17T16:29:20,0.56,Clear,Clear conditions throughout the day.,clear-day,"47662099999,47671099999,47670099999,47642043313,47680099999,47626099999,47682099999"
Tokyo,2024-12-18,54.7,37.6,46.4,54.7,35.8,44.1,30.8,56.9,0.0,0,0.0,rain,0.0,0.0,18.8,20.8,0.1,1014.3,28.1,11.7,115.1,10.0,5,10.0,2024-12-18T06:45:10,2024-12-18T16:29:44,0.59,Partially cloudy,Becoming cloudy in the afternoon.,partly-cloudy-day,"47662099999,47671099999,47670099999,47642043313,47680099999,47626099999,47682099999,RJTT"
Tokyo,2024-12-19,46.2,37.5,41.6,44.3,32.3,37.8,28.2,60.3,0.019,100,4.17,"rain,snow",0.0,0.0,23.0,10.1,4.5,1017.5,40.1,13.1,104.5,8.9,5,10.0,2024-12-19T06:45:45,2024-12-19T16:30:09,0.62,"Snow, Rain, Partially cloudy",Clearing in the afternoon with morning rain or snow.,rain,"47662099999,47670099999,47642043313,47680099999,47626099999,47682099999"
Tokyo,2024-12-20,52.0,34.1,43.6,52.0,31.3,42.3,29.1,57.6,0.0,0,0.0,,0.0,0.0,11.6,6.9,246.7,1020.9,24.6,13.7,117.2,10.1,5,10.0,2024-12-20T06:46:18,2024-12-20T16:30:36,0.65,Partially cloudy,Partly cloudy throughout the day.,partly-cloudy-day,"47662099999,47670099999,47642043313,47680099999,47626099999,47682099999"
Tokyo,2024-12-21,61.0,37.8,49.0,61.0,34.1,48.1,35.3,60.4,0.0,0,0.0,,0.0,0.0,30.2,15.1,209.3,1009.2,10.5,13.1,123.3,10.7,5,10.0,2024-12-21T06:46:49,2024-12-21T16:31:05,0.68,Clear,Clear conditions throughout the day.,clear-day,"47662099999,47670099999,47642043313,47680099999,47626099999,47682099999"
Tokyo,2024-12-22,50.7,38.0,44.9,50.7,34.1,41.4,26.6,49.9,0.0,0,0.0,,0.0,0.0,38.0,14.8,328.0,1006.4,7.2,14.1,122.3,10.5,5,10.0,2024-12-22T06:47:19,2024-12-22T16:31:35,0.72,Clear,Clear conditions throughout the day.,clear-day,"47662099999,47670099999,47642043313,47680099999,47626099999,47682099999"
Tokyo,2024-12-23,51.1,36.8,43.0,51.1,29.9,39.4,19.2,39.7,0.0,0,0.0,,0.0,0.0,19.0,11.3,290.3,1014.3,2.7,14.4,127.8,11.0,5,10.0,2024-12-23T06:47:47,2024-12-23T16:32:07,0.75,Clear,Clear conditions throughout the day.,clear-day,"47662099999,47670099999,47642043313,47680099999,47626099999,47682099999"
Tokyo,2024-12-24,52.4,35.9,43.9,52.4,31.0,41.0,24.1,48.2,0.0,0,0.0,,0.0,0.0,23.0,11.4,319.5,1016.9,3.3,13.6,126.8,11.0,5,10.0,2024-12-24T06:48:13,2024-12-24T16:32:41,0.78,Clear,Clear conditions throughout the day.,clear-day,"47662099999,47670099999,47642043313,47680099999,47626099999,47682099999"
Tokyo,2024-12-25,51.5,41.1,46.0,51.5,36.1,43.4,25.3,44.8,0.0,0,0.0,,0.0,0.0,11.6,12.6,327.3,1024.2,25.1,13.5,114.6,9.8,5,10.0,2024-12-25T06:48:38,2024-12-25T16:33:17,0.81,Partially cloudy,Partly cloudy throughout the day.,partly-cloudy-day,"47662099999,47671099999,47670099999,47642043313,47680099999,47626099999,47682099999"
Tokyo,2024-12-26,58.2,39.0,47.9,58.2,36.7,46.7,31.7,53.9,0.0,0,0.0,,0.0,0.0,10.7,7.0,323.7,1011.8,19.3,12.6,122.5,10.4,5,10.0,2024-12-26T06:49:01,2024-12-26T16:33:54,0.85,Clear,Clear conditions throughout the day.,clear-day,"47662099999,47670099999,47642043313,47680099999,47626099999,47682099999"
Tokyo,2024-12-27,53.2,39.8,45.6,53.2,36.6,43.4,28.2,51.0,0.0,0,0.0,rain,0.0,0.0,19.5,10.2,326.9,1009.8,9.5,14.4,105.7,9.2,4,10.0,2024-12-27T06:49:22,2024-12-27T16:34:32,0.88,Clear,Clear conditions throughout the day.,clear-day,"47662099999,47670099999,47642043313,47680099999,47626099999,47682099999"
Tokyo,2024-12-28,51.0,35.4,41.7,51.0,32.6,39.9,27.7,58.2,0.0,0,0.0,,0.0,0.0,18.8,6.8,316.5,1010.9,16.1,14.2,116.0,10.0,5,10.0,2024-12-28T06:49:41,2024-12-28T16:35:12,0.91,Clear,Clear conditions throughout the day.,clear-day,"47662099999,47670099999,47642043313,47680099999,47626099999,47682099999"
Tokyo,2024-12-29,52.5,33.5,42.8,52.5,33.1,41.3,26.8,54.6,0.0,0,0.0,,0.0,0.0,22.4,8.3,326.4,1016.1,2.3,13.8,127.2,10.9,5,10.0,2024-12-29T06:49:59,2024-12-29T16:35:53,0.94,Clear,Clear conditions throughout the day.,clear-day,"47662099999,47670099999,47642043313,47680099999,47626099999,47682099999"
Tokyo,2024-12-30,49.4,38.8,43.1,48.6,33.2,40.9,26.7,52.7,0.0,0,0.0,,0.0,0.0,13.4,7.9,323.4,1020.4,28.5,13.8,105.0,9.1,5,10.0,2024-12-30T06:50:14,2024-12-30T16:36:36,0.97,Partially cloudy,Partly cloudy throughout the day.,partly-cloudy-day,"47662099999,47670099999,47642043313,47680099999,47626099999,47682099999"
Tokyo,2024-12-31,57.1,37.5,46.5,57.1,37.2,45.3,30.8,55.5,0.0,0,0.0,,0.0,0.0,31.1,9.5,325.7,1006.6,18.8,13.1,118.1,10.3,5,10.0,2024-12-31T06:50:28,2024-12-31T16:37:20,0.0,Clear,Clear conditions throughout the day.,clear-day,"47662099999,47671099999,47670099999,47642043313,47680099999,47626099999,47682099999"
Lagos,2024-10-16,87.8,76.6,80.5,99.9,76.6,84.7,76.1,86.9,0.028,100,4.17,rain,0.0,0.0,12.3,10.3,217.3,1013.8,64.6,6.4,161.4,13.8,6,30.0,2024-10-16T06:32:41,2024-10-16T18:31:07,0.47,"Rain, Partially cloudy",Partly cloudy throughout the day with morning rain.,rain,"DNMM,remote,65201099999"
Lagos,2024-10-17,82.4,75.2,78.2,90.9,75.2,79.4,75.7,92.0,1.968,100,12.5,rain,0.0,0.0,23.5,10.7,195.4,1014.1,77.6,9.3,54.4,4.8,3,10.0,2024-10-17T06:32:38,2024-10-17T18:30:44,0.5,"Rain, Partially cloudy",Partly cloudy throughout the day with rain.,rain,"DNMM,remote,65201099999"
Lagos,2024-10-18,87.8,73.4,80.0,97.8,73.4,83.5,74.3,83.8,0.004,100,4.17,rain,0.0,0.0,15.7,11.4,211.8,1013.7,49.7,6.2,225.5,19.5,8,10.0,2024-10-18T06:32:37,2024-10-18T18:30:23,0.53,"Rain, Partially cloudy",Partly cloudy throughout the day with early morning rain.,rain,"DNMM,remote,65201099999"
Lagos,2024-10-19,86.6,76.6,81.1,99.4,76.6,86.4,76.3,85.8,0.008,100,4.17,rain,0.0,0.0,18.8,11.4,222.3,1012.6,60.3,7.4,211.3,18.2,7,30.0,2024-10-19T06:32:35,2024-10-19T18:30:02,0.57,"Rain, Partially cloudy",Partly cloudy throughout the day with afternoon rain.,rain,"DNMM,remote,65201099999"
Lagos,2024-10-20,87.8,77.0,81.0,99.9,77.0,86.4,76.9,87.8,0.157,100,8.33,rain,0.0,0.0,17.0,12.8,217.4,1012.5,69.5,7.8,178.9,15.3,7,30.0,2024-10-20T06:32:35,2024-10-20T18:29:42,0.6,"Rain, Partially cloudy",Partly cloudy throughout the day with rain.,rain,"DNMM,remote,65201099999"
Lagos,2024-10-21,89.6,77.0,81.3,102.4,77.0,86.7,76.6,86.4,0.354,100,4.17,rain,0.0,0.0,13.2,10.3,193.8,1012.8,59.0,5.9,276.9,23.9,10,30.0,2024-10-21T06:32:35,2024-10-21T18:29:22,0.63,"Rain, Partially cloudy",Partly cloudy throughout the day with early morning rain.,rain,"DNMM,65201099999"
Lagos,2024-10-22,84.2,74.8,78.6,96.1,74.8,81.1,75.8,91.3,0.315,100,4.17,rain,0.0,0.0,51.9,10.3,203.8,1012.4,72.7,7.2,178.5,15.5,6,30.0,2024-10-22T06:32:35,2024-10-22T18:29:03,0.67,"Rain, Partially cloudy",Partly cloudy throughout the day with late afternoon rain.,rain,"DNMM,remote,65201099999"
Lagos,2024-10-23,89.6,71.9,80.5,102.6,71.9,86.3,75.4,85.3,0.0,0,0.0,,0.0,0.0,15.7,10.3,199.1,1012.7,46.9,5.1,197.4,17.1,7,30.0,2024-10-23T06:32:37,2024-10-23T18:28:45,0.7,Partially cloudy,Partly cloudy throughout the day.,partly-cloudy-day,"DNMM,65201099999"
Lagos,2024-10-24,91.4,77.0,82.8,107.8,77.0,90.2,76.7,82.5,0.0,0,0.0,rain,0.0,0.0,18.8,10.3,224.7,1012.4,59.4,6.0,210.8,18.2,7,30.0,2024-10-24T06:32:39,2024-10-24T18:28:28,0.75,Partially cloudy,Partly cloudy throughout the day.,partly-cloudy-day,"DNMM,65201099999,VRJT5"
Lagos,2024-10-25,91.0,75.2,80.5,106.6,75.2,85.3,76.8,89.1,1.103,100,8.33,rain,0.0,0.0,19.7,17.2,228.6,1012.8,64.7,4.9,162.8,14.0,7,30.0,2024-10-25T06:32:41,2024-10-25T18:28:12,0.77,"Rain, Partially cloudy",Partly cloudy throughout the day with rain.,rain,"DNMM,65201099999"
Lagos,2024-10-26,91.4,73.4,80.5,102.7,73.4,85.2,74.7,84.1,0.945,100,4.17,rain,0.0,0.0,18.3,12.8,288.1,1012.5,39.4,5.7,160.2,13.8,6,10.0,2024-10-26T06:32:44,2024-10-26T18:27:56,0.8,"Rain, Partially cloudy",Partly cloudy throughout the day with early morning rain.,rain,"DNMM,65201099999"
Lagos,2024-10-27,91.4,73.5,82.7,107.8,73.5,89.2,75.9,80.9,0.0,0,0.0,rain,0.0,0.0,15.4,9.2,215.4,1011.7,47.7,6.4,236.1,20.3,8,30.0,2024-10-27T06:32:48,2024-10-27T18:27:41,0.83,Partially cloudy,Partly cloudy throughout the day.,partly-cloudy-day,"DNMM,remote,65201099999"
Lagos,2024-10-28,87.8,77.0,80.4,99.9,77.0,85.2,77.0,89.6,0.197,100,4.17,rain,0.0,,19.7,16.1,230.8,1011.4,58.1,5.4,270.2,23.3,9,30.0,2024-10-28T06:32:53,2024-10-28T18:27:27,0.86,"Rain, Partially cloudy",Partly cloudy throughout the day with afternoon rain.,rain,"DNMM,65201099999"
Lagos,2024-10-29,89.2,73.4,79.5,101.6,73.4,83.6,75.8,88.9,1.024,100,12.5,rain,0.0,0.0,15.7,8.1,218.9,1011.9,51.7,4.7,192.0,16.6,6,30.0,2024-10-29T06:32:58,2024-10-29T18:27:14,0.9,"Rain, Partially cloudy",Partly cloudy throughout the day with rain.,rain,"DNMM,65201099999"
Lagos,2024-10-30,89.6,75.2,81.4,102.6,75.2,87.5,76.7,86.4,0.0,0,0.0,rain,0.0,0.0,15.9,10.3,191.6,1011.9,59.9,5.4,211.9,18.4,8,30.0,2024-10-30T06:33:04,2024-10-30T18:27:02,0.93,Partially cloudy,Partly cloudy throughout the day.,partly-cloudy-day,"DNMM,65201099999,VRJT5"
Lagos,2024-10-31,91.4,77.0,83.4,110.9,77.0,91.3,77.6,83.6,0.0,0,0.0,rain,0.0,0.0,17.4,13.9,191.2,1012.0,57.5,5.8,222.2,19.1,8,60.0,2024-10-31T06:33:11,2024-10-31T18:26:50,0.96,Partially cloudy,Partly cloudy throughout the day.,partly-cloudy-day,"DNMM,65201099999"
Lagos,2024-11-01,91.4,78.8,82.0,105.1,78.8,89.1,77.7,87.2,0.008,100,8.33,rain,0.0,0.0,14.8,8.1,223.6,1011.5,63.2,7.1,230.3,19.7,9,60.0,2024-11-01T06:33:18,2024-11-01T18:26:40,0.0,"Rain, Partially cloudy",Partly cloudy throughout the day with rain in the morning and afternoon.,rain,"DNMM,remote,65201099999"
Lagos,2024-11-02,89.6,78.6,82.7,102.0,78.6,90.1,77.6,85.4,0.0,0,0.0,rain,0.0,0.0,19.5,15.0,192.3,1011.2,57.5,5.6,209.4,18.0,8,30.0,2024-11-02T06:33:26,2024-11-02T18:26:30,0.03,Partially cloudy,Partly cloudy throughout the day.,partly-cloudy-day,"DNMM,65201099999"
Lagos,2024-11-03,91.4,78.4,82.7,104.6,78.4,90.0,77.5,85.1,0.236,100,4.17,rain,0.0,0.0,15.4,8.1,254.3,1012.6,63.9,6.3,218.9,19.0,8,30.0,2024-11-03T06:33:35,2024-11-03T18:26:22,0.07,"Rain, Partially cloudy",Partly cloudy throughout the day with late afternoon rain.,rain,"DNMM,remote,65201099999,VRJT5"
Lagos,2024-11-04,90.6,73.8,81.2,100.2,73.8,87.6,76.6,87.1,1.26,100,4.17,rain,0.0,0.0,28.9,11.4,243.8,1012.2,41.4,8.3,245.0,21.1,9,30.0,2024-11-04T06:33:45,2024-11-04T18:26:14,0.1,"Rain, Partially cloudy",Partly cloudy throughout the day with early morning rain.,rain,"DNMM,remote,65201099999"
Lagos,2024-11-05,95.0,77.0,83.9,105.6,77.0,90.6,76.3,79.8,0.0,0,0.0,,0.0,0.0,12.5,8.1,269.5,1010.6,42.7,5.1,254.2,21.8,9,30.0,2024-11-05T06:33:55,2024-11-05T18:26:07,0.14,Partially cloudy,Partly cloudy throughout the day.,partly-cloudy-day,"DNMM,65201099999"
Lagos,2024-11-06,89.6,77.0,81.8,102.6,77.0,88.0,76.7,85.3,0.016,100,12.5,rain,0.0,0.0,13.4,8.1,258.8,1009.4,41.1,7.9,234.2,20.3,8,30.0,2024-11-06T06:34:06,2024-11-06T18:26:01,0.17,"Rain, Partially cloudy",Partly cloudy throughout the day with rain in the morning and afternoon.,rain,"DNMM,remote,65201099999"
Lagos,2024-11-07,89.9,78.4,82.8,99.9,78.4,88.6,76.0,81.4,0.0,0,0.0,rain,0.0,0.0,15.2,6.9,272.8,1010.7,42.6,4.7,155.0,13.3,6,30.0,2024-11-07T06:34:18,2024-11-07T18:25:57,0.21,Partially cloudy,Partly cloudy throughout the day.,partly-cloudy-day,"DNMM,remote,65201099999"
Lagos,2024-11-08,93.2,76.6,83.5,105.1,76.6,90.8,76.6,81.0,0.0,0,0.0,rain,0.0,0.0,17.9,11.4,210.7,1011.8,44.6,4.3,229.1,19.7,8,30.0,2024-11-08T06:34:31,2024-11-08T18:25:53,0.24,Partially cloudy,Partly cloudy throughout the day.,partly-cloudy-day,"DNMM,65201099999"
Lagos,2024-11-09,91.4,78.4,82.8,105.1,78.4,90.9,77.3,83.7,0.0,0,0.0,rain,0.0,0.0,17.0,8.1,212.8,1012.1,57.1,6.1,154.1,13.2,6,30.0,2024-11-09T06:34:44,2024-11-09T18:25:50,0.25,Partially cloudy,Partly cloudy throughout the day.,partly-cloudy-day,"DNMM,remote,65201099999"
Lagos,2024-11-10,91.4,73.2,81.5,102.7,73.2,87.2,75.3,82.8,1.024,100,4.17,rain,0.0,0.0,32.2,13.9,135.2,1012.5,53.1,5.1,224.0,19.3,8,30.0,2024-11-10T06:34:58,2024-11-10T18:25:48,0.31,"Rain, Partially cloudy",Partly cloudy throughout the day with morning rain.,rain,"DNMM,65201099999"
Lagos,2024-11-11,91.2,77.0,82.0,102.6,77.0,87.7,76.7,84.6,0.0,0,0.0,rain,0.0,0.0,16.1,9.2,180.4,1010.8,51.9,4.9,228.2,19.6,8,30.0,2024-11-11T06:35:13,2024-11-11T18:25:47,0.35,Partially cloudy,Partly cloudy throughout the day.,partly-cloudy-day,"DNMM,65201099999"
Lagos,2024-11-12,91.4,76.6,82.5,107.8,76.6,90.1,77.5,85.5,0.354,100,4.17,rain,0.0,0.0,20.8,18.3,230.4,1010.2,51.4,5.2,223.6,19.4,9,60.0,2024-11-12T06:35:29,2024-11-12T18:25:47,0.38,"Rain, Partially cloudy",Partly cloudy throughout the day with late afternoon rain.,rain,"DNMM,65201099999"
Lagos,2024-11-13,91.4,77.0,83.8,107.8,77.0,92.8,77.8,83.2,0.0,0,0.0,rain,0.0,0.0,17.4,8.1,210.1,1010.3,48.8,4.6,228.2,19.8,8,60.0,2024-11-13T06:35:45,2024-11-13T18:25:48,0.42,Partially cloudy,Partly cloudy throughout the day.,partly-cloudy-day,"DNMM,65201099999"
Lagos,2024-11-14,93.2,78.8,84.0,107.5,78.8,94.0,78.1,83.3,0.004,100,4.17,rain,0.0,0.0,19.5,11.4,216.9,1010.3,57.5,5.6,201.8,17.5,8,75.0,2024-11-14T06:36:02,2024-11-14T18:25:50,0.45,"Rain, Partially cloudy",Partly cloudy throughout the day with morning rain.,rain,"DNMM,remote,65201099999"
Lagos,2024-11-15,91.4,76.8,82.9,105.1,76.8,89.0,75.7,80.0,0.0,0,0.0,rain,0.0,0.0,16.8,10.3,179.3,1011.0,50.1,5.4,223.0,19.2,8,75.0,2024-11-15T06:36:20,2024-11-15T18:25:53,0.5,Partially cloudy,Partly cloudy throughout the day.,partly-cloudy-day,"DNMM,65201099999"
Lagos,2024-11-16,93.2,77.0,83.7,105.1,77.0,91.6,76.9,81.2,0.0,0,0.0,rain,0.0,0.0,15.4,11.4,190.0,1010.7,48.2,5.3,238.3,20.4,8,60.0,2024-11-16T06:36:38,2024-11-16T18:25:57,0.52,Partially cloudy,Partly cloudy throughout the day.,partly-cloudy-day,"DNMM,65201099999"
Lagos,2024-11-17,86.0,78.4,81.8,101.9,78.4,88.9,77.5,87.1,0.157,100,8.33,rain,0.0,0.0,13.9,11.4,246.5,1010.9,50.8,5.8,266.9,23.1,9,30.0,2024-11-17T06:36:57,2024-11-17T18:26:02,0.55,"Rain, Partially cloudy",Partly cloudy throughout the day with rain.,rain,"DNMM,65201099999"
Lagos,2024-11-18,91.3,76.9,82.9,104.9,76.9,90.0,77.2,84.1,0.032,100,25.0,rain,0.0,0.0,13.6,8.1,197.6,1011.1,41.5,5.6,232.0,20.1,8,30.0,2024-11-18T06:37:17,2024-11-18T18:26:08,0.58,"Rain, Partially cloudy",Partly cloudy throughout the day with a chance of rain throughout the day.,rain,"DNMM,VRJT5"
Lagos,2024-11-19,94.9,76.9,83.0,102.4,76.9,89.1,76.2,81.9,0.008,100,8.33,rain,0.0,0.0,13.4,8.1,248.2,1011.5,46.4,4.6,225.3,19.3,8,30.0,2024-11-19T06:37:38,2024-11-19T18:26:15,0.62,"Rain, Partially cloudy",Partly cloudy throughout the day with morning rain.,rain,"DNMM,remote"
Lagos,2024-11-20,96.7,76.9,84.5,102.9,76.9,91.4,75.6,77.2,0.0,0,0.0,,0.0,0.0,17.9,9.2,232.4,1012.3,25.0,4.6,244.6,21.1,9,30.0,2024-11-20T06:37:59,2024-11-20T18:26:23,0.65,Partially cloudy,Partly cloudy throughout the day.,partly-cloudy-day,DNMM
Lagos,2024-11-21,93.1,76.9,84.2,107.3,76.9,92.5,76.8,79.8,0.0,0,0.0,,0.0,0.0,17.9,11.4,219.0,1011.7,37.6,3.9,232.0,19.9,9,60.0,2024-11-21T06:38:21,2024-11-21T18:26:32,0.68,Partially cloudy,Partly cloudy throughout the day.,partly-cloudy-day,"DNMM,65201099999"
Lagos,2024-11-22,91.5,77.4,82.9,105.2,77.4,91.0,77.0,83.2,0.157,100,4.17,rain,0.0,0.0,16.1,8.1,259.7,1012.0,54.4,4.8,264.8,22.9,9,30.0,2024-11-22T06:38:43,2024-11-22T18:26:42,0.71,"Rain, Partially cloudy",Partly cloudy throughout the day with late afternoon rain.,rain,"DNMM,65201099999"
Lagos,2024-11-23,93.2,78.4,82.6,105.1,78.4,88.9,77.1,84.5,0.0,0,0.0,rain,0.0,0.0,16.1,13.9,226.0,1012.2,53.2,4.0,228.3,19.6,8,30.0,2024-11-23T06:39:06,2024-11-23T18:26:53,0.75,Partially cloudy,Partly cloudy throughout the day.,partly-cloudy-day,"DNMM,65201099999"
Lagos,2024-11-24,95.0,76.6,83.1,107.4,76.6,89.5,76.5,82.0,0.0,0,0.0,rain,0.0,0.0,15.0,10.3,210.7,1012.4,51.6,4.7,228.6,19.7,8,60.0,2024-11-24T06:39:30,2024-11-24T18:27:05,0.78,Partially cloudy,Partly cloudy throughout the day.,partly-cloudy-day,"DNMM,remote,65201099999"
Lagos,2024-11-25,95.0,76.8,83.6,105.2,76.8,90.8,76.6,80.8,0.0,0,0.0,,0.0,0.0,19.5,10.3,255.4,1012.7,47.6,4.6,238.6,20.4,9,60.0,2024-11-25T06:39:54,2024-11-25T18:27:17,0.81,Partially cloudy,Partly cloudy throughout the day.,partly-cloudy-day,"DNMM,65201099999"
Lagos,2024-11-26,93.2,77.0,83.5,105.6,77.0,90.6,76.7,81.5,0.0,0,0.0,,0.0,0.0,19.0,11.4,204.5,1012.7,48.7,6.1,230.4,19.8,9,60.0,2024-11-26T06:40:19,2024-11-26T18:27:31,0.84,Partially cloudy,Partly cloudy throughout the day.,partly-cloudy-day,"DNMM,remote,65201099999"
Lagos,2024-11-27,93.2,77.0,83.5,100.5,77.0,89.2,75.0,77.8,0.0,0,0.0,,0.0,0.0,15.2,10.3,258.3,1012.8,44.5,5.5,231.0,19.8,8,60.0,2024-11-27T06:40:44,2024-11-27T18:27:45,0.88,Partially cloudy,Partly cloudy throughout the day.,partly-cloudy-day,"DNMM,remote,65201099999"
Lagos,2024-11-28,93.2,77.0,83.2,97.7,77.0,86.4,72.9,74.3,0.0,0,0.0,rain,0.0,0.0,17.2,8.1,15.7,1013.0,43.0,3.3,220.9,19.2,8,30.0,2024-11-28T06:41:10,2024-11-28T18:28:01,0.91,Partially cloudy,Partly cloudy throughout the day.,partly-cloudy-day,"DNMM,65201099999"
Lagos,2024-11-29,93.5,75.2,82.8,95.4,75.2,84.2,69.5,68.2,0.0,0,0.0,,0.0,0.0,15.0,12.8,48.0,1013.5,31.7,2.5,258.0,22.2,9,10.0,2024-11-29T06:41:36,2024-11-29T18:28:17,0.94,Partially cloudy,Partly cloudy throughout the day.,partly-cloudy-day,"DNMM,65201099999"
Lagos,2024-11-30,95.0,73.2,83.1,97.3,73.2,83.7,66.0,60.7,0.0,0,0.0,,0.0,0.0,16.1,11.4,34.8,1013.1,26.1,2.7,259.3,22.2,9,10.0,2024-11-30T06:42:03,2024-11-30T18:28:34,0.97,Partially cloudy,Partly cloudy throughout the day.,partly-cloudy-day,"DNMM,65201099999"
Lagos,2024-12-01,96.7,73.3,81.9,98.1,73.3,82.5,65.9,62.4,0.0,0,0.0,,0.0,0.0,16.6,11.4,12.7,1011.5,29.5,2.8,258.6,22.2,9,10.0,2024-12-01T06:42:30,2024-12-01T18:28:52,0.0,Partially cloudy,Partly cloudy throughout the day.,partly-cloudy-day,"DNMM,65201099999"
Lagos,2024-12-02,95.0,73.0,82.8,103.2,73.0,86.3,70.6,69.1,0.0,0,0.0,,0.0,0.0,18.8,10.3,213.7,1010.9,9.6,5.4,256.6,22.1,9,30.0,2024-12-02T06:42:58,2024-12-02T18:29:11,0.04,Clear,Clear conditions throughout the day.,clear-day,"DNMM,remote,65201099999"
Lagos,2024-12-03,95.0,77.0,83.7,107.4,77.0,91.3,76.1,79.0,0.0,0,0.0,,0.0,0.0,18.8,10.3,218.0,1010.7,23.3,8.2,233.9,20.3,9,30.0,2024-12-03T06:43:26,2024-12-03T18:29:31,0.08,Partially cloudy,Partly cloudy throughout the day.,partly-cloudy-day,"DNMM,remote,65201099999"
Lagos,2024-12-04,93.2,77.0,84.5,107.5,77.0,93.6,77.3,80.1,0.0,0,0.0,,0.0,0.0,19.9,8.1,200.1,1011.4,52.1,3.8,207.4,18.0,7,30.0,2024-12-04T06:43:55,2024-12-04T18:29:51,0.11,Partially cloudy,Partly cloudy throughout the day.,partly-cloudy-day,"DNMM,65201099999"
Lagos,2024-12-05,91.0,77.3,83.3,102.6,77.3,90.8,77.0,82.4,0.0,0,0.0,,0.0,0.0,16.3,12.8,233.7,1011.8,50.5,5.4,211.8,18.3,7,30.0,2024-12-05T06:44:23,2024-12-05T18:30:13,0.15,Partially cloudy,Partly cloudy throughout the day.,partly-cloudy-day,"DNMM,remote,65201099999"
Lagos,2024-12-06,91.0,76.6,82.7,102.1,76.6,89.2,76.4,82.5,0.024,100,8.33,rain,0.0,0.0,15.9,11.4,206.3,1011.3,38.5,4.8,217.2,18.8,7,30.0,2024-12-06T06:44:52,2024-12-06T18:30:34,0.18,"Rain, Partially cloudy",Partly cloudy throughout the day with afternoon rain.,rain,"DNMM,remote,65201099999"
Lagos,2024-12-07,95.0,75.2,84.2,107.1,75.2,89.4,73.6,73.2,0.0,0,0.0,,0.0,0.0,17.0,11.4,118.8,1011.1,32.2,5.4,239.7,20.7,8,60.0,2024-12-07T06:45:22,2024-12-07T18:30:57,0.22,Partially cloudy,Partly cloudy throughout the day.,partly-cloudy-day,"DNMM,remote,65201099999"
Lagos,2024-12-08,95.0,75.0,84.1,97.3,75.0,86.0,69.0,64.4,0.0,0,0.0,,0.0,0.0,15.9,11.4,55.1,1011.3,25.1,2.6,243.5,21.0,9,30.0,2024-12-08T06:45:51,2024-12-08T18:31:20,0.25,Partially cloudy,Partly cloudy throughout the day.,partly-cloudy-day,"DNMM,65201099999"
Lagos,2024-12-09,91.7,73.4,82.5,94.3,73.4,84.1,68.9,66.5,0.0,0,0.0,,0.0,0.0,17.2,9.2,26.2,1011.6,34.5,2.6,247.9,21.3,9,30.0,2024-12-09T06:46:21,2024-12-09T18:31:44,0.29,Partially cloudy,Partly cloudy throughout the day.,partly-cloudy-day,"DNMM,65201099999"
Lagos,2024-12-10,95.0,69.8,81.9,97.5,69.8,84.1,68.4,67.1,0.0,0,0.0,,0.0,0.0,19.2,11.4,183.9,1011.1,26.3,3.3,251.4,21.8,9,10.0,2024-12-10T06:46:51,2024-12-10T18:32:09,0.33,Partially cloudy,Partly cloudy throughout the day.,partly-cloudy-day,"DNMM,65201099999"
Lagos,2024-12-11,93.2,76.6,83.1,107.5,76.6,89.8,75.8,79.9,0.0,0,0.0,,0.0,0.0,21.0,10.3,198.7,1011.1,38.3,3.6,209.7,18.2,7,60.0,2024-12-11T06:47:21,2024-12-11T18:32:34,0.36,Partially cloudy,Partly cloudy throughout the day.,partly-cloudy-day,"DNMM,65201099999"
Lagos,2024-12-12,93.5,78.8,84.7,107.9,78.8,93.9,77.2,79.4,0.0,0,0.0,rain,0.0,0.0,18.6,10.3,188.8,1010.6,46.4,5.2,215.9,18.6,8,60.0,2024-12-12T06:47:52,2024-12-12T18:33:00,0.4,Partially cloudy,Partly cloudy throughout the day.,partly-cloudy-day,"DNMM,remote,65201099999"
Lagos,2024-12-13,91.4,78.4,83.3,105.1,78.4,91.3,77.3,83.0,0.039,100,4.17,rain,0.0,0.0,17.2,13.9,208.0,1010.9,46.7,5.1,199.5,17.1,8,60.0,2024-12-13T06:48:22,2024-12-13T18:33:27,0.43,"Rain, Partially cloudy",Partly cloudy throughout the day with late afternoon rain.,rain,"DNMM,remote,65201099999"
Lagos,2024-12-14,93.2,77.0,83.6,107.5,77.0,90.5,76.6,81.2,0.0,0,0.0,rain,0.0,0.0,17.7,10.3,205.7,1010.8,41.2,3.5,247.1,21.2,9,60.0,2024-12-14T06:48:52,2024-12-14T18:33:53,0.47,Partially cloudy,Partly cloudy throughout the day.,partly-cloudy-day,"DNMM,65201099999"
Lagos,2024-12-15,95.0,75.2,83.3,107.4,75.2,90.3,76.5,81.6,0.0,0,0.0,,0.0,0.0,15.4,11.4,237.2,1011.3,44.2,3.9,220.5,19.1,8,60.0,2024-12-15T06:49:23,2024-12-15T18:34:21,0.5,Partially cloudy,Partly cloudy throughout the day.,partly-cloudy-day,"DNMM,65201099999"
Lagos,2024-12-16,95.6,76.8,84.3,105.1,76.8,91.1,75.8,77.9,0.0,0,0.0,,0.0,0.0,17.2,10.3,239.0,1012.2,38.9,4.0,245.3,21.4,8,60.0,2024-12-16T06:49:53,2024-12-16T18:34:49,0.53,Partially cloudy,Partly cloudy throughout the day.,partly-cloudy-day,"DNMM,remote,65201099999"
Lagos,2024-12-17,95.0,77.0,83.8,103.3,77.0,88.9,74.3,75.5,0.0,0,0.0,,0.0,0.0,18.3,12.8,229.9,1012.2,33.5,2.5,244.1,21.2,9,30.0,2024-12-17T06:50:24,2024-12-17T18:35:17,0.57,Partially cloudy,Partly cloudy throughout the day.,partly-cloudy-day,"DNMM,65201099999"
Lagos,2024-12-18,95.0,75.0,83.5,99.4,75.0,86.3,71.8,71.2,0.0,0,0.0,,0.0,0.0,19.5,9.2,195.4,1012.4,22.2,1.9,247.8,21.5,9,30.0,2024-12-18T06:50:54,2024-12-18T18:35:46,0.6,Partially cloudy,Partly cloudy throughout the day.,partly-cloudy-day,"DNMM,remote,65201099999"
Lagos,2024-12-19,93.5,73.4,82.4,95.7,73.4,83.0,66.4,62.5,0.0,0,0.0,,0.0,0.0,16.8,11.4,36.3,1013.2,29.2,1.8,254.6,22.0,9,10.0,2024-12-19T06:51:24,2024-12-19T18:36:15,0.63,Partially cloudy,Partly cloudy throughout the day.,partly-cloudy-day,"DNMM,65201099999"
Lagos,2024-12-20,93.2,68.3,79.8,92.6,68.3,79.5,59.1,52.4,0.0,0,0.0,,0.0,0.0,17.7,13.9,7.5,1013.0,21.7,3.4,257.7,22.2,9,10.0,2024-12-20T06:51:54,2024-12-20T18:36:44,0.66,Partially cloudy,Partly cloudy throughout the day.,partly-cloudy-day,"DNMM,remote,65201099999"
Lagos,2024-12-21,95.0,69.8,81.2,93.2,69.8,80.5,58.8,51.0,0.0,0,0.0,,0.0,0.0,19.7,18.3,27.1,1012.0,26.2,5.2,251.8,21.6,9,10.0,2024-12-21T06:52:24,2024-12-21T18:37:14,0.7,Partially cloudy,Partly cloudy throughout the day.,partly-cloudy-day,"DNMM,remote,65201099999,VRJT5"
Lagos,2024-12-22,95.0,69.8,80.9,93.7,69.8,80.7,61.7,56.3,0.0,0,0.0,,0.0,0.0,16.1,13.9,29.7,1012.1,24.3,1.3,255.2,22.0,9,10.0,2024-12-22T06:52:54,2024-12-22T18:37:44,0.75,Partially cloudy,Partly cloudy throughout the day.,partly-cloudy-day,"DNMM,65201099999,VRJT5"
Lagos,2024-12-23,96.8,71.9,81.7,97.3,71.9,83.1,67.2,64.3,0.0,0,0.0,,0.0,0.0,18.3,9.2,51.7,1011.6,25.3,1.8,252.7,21.7,9,10.0,2024-12-23T06:53:23,2024-12-23T18:38:14,0.76,Partially cloudy,Partly cloudy throughout the day.,partly-cloudy-day,"DNMM,remote,65201099999,VRJT5"
Lagos,2024-12-24,95.0,73.8,82.7,105.2,73.8,86.0,72.2,73.0,0.0,0,0.0,,0.0,0.0,17.2,10.3,199.1,1011.4,31.0,2.0,240.9,20.9,9,10.0,2024-12-24T06:53:53,2024-12-24T18:38:45,0.79,Partially cloudy,Partly cloudy throughout the day.,partly-cloudy-day,"DNMM,remote,65201099999,VRJT5"
Lagos,2024-12-25,96.4,75.5,83.4,104.8,75.5,87.6,73.5,74.5,0.0,0,0.0,,0.0,0.0,19.0,9.2,259.8,1011.1,23.4,3.1,236.2,20.3,8,10.0,2024-12-25T06:54:21,2024-12-25T18:39:15,0.82,Partially cloudy,Partly cloudy throughout the day.,partly-cloudy-day,"DNMM,remote,65201099999,VRJT5"
Lagos,2024-12-26,93.5,62.5,80.8,100.1,62.5,85.0,74.0,81.1,0.0,0,0.0,,0.0,0.0,21.5,18.3,217.9,1011.7,39.2,9.2,240.0,20.7,8,60.0,2024-12-26T06:54:50,2024-12-26T18:39:46,0.86,Partially cloudy,Partly cloudy throughout the day.,partly-cloudy-day,"DNMM,remote,65201099999,VRJT5"
Lagos,2024-12-27,96.8,62.5,83.8,105.2,62.5,90.0,75.2,77.7,0.0,0,0.0,,0.0,0.0,19.5,17.2,224.3,1011.3,49.7,5.9,225.3,19.4,8,60.0,2024-12-27T06:55:18,2024-12-27T18:40:17,0.89,Partially cloudy,Partly cloudy throughout the day.,partly-cloudy-day,"DNMM,remote,65201099999,VRJT5"
Lagos,2024-12-28,94.1,75.2,83.3,105.2,75.2,89.0,75.3,78.8,0.0,0,0.0,rain,0.0,0.0,17.4,8.1,208.4,1011.8,40.0,2.5,221.5,19.3,8,60.0,2024-12-28T06:55:46,2024-12-28T18:40:48,0.92,Partially cloudy,Partly cloudy throughout the day.,partly-cloudy-day,"DNMM,65201099999,VRJT5"
Lagos,2024-12-29,95.0,76.6,84.0,105.2,76.6,89.5,75.3,77.6,0.0,0,0.0,,0.0,0.0,18.6,9.6,197.0,1011.7,34.2,3.9,238.4,20.6,8,60.0,2024-12-29T06:56:13,2024-12-29T18:41:18,0.95,Partially cloudy,Partly cloudy throughout the day.,partly-cloudy-day,"DNMM,remote,65201099999,VRJT5"
Lagos,2024-12-30,95.4,77.0,84.3,103.2,77.0,90.6,75.8,78.6,0.0,0,0.0,,0.0,0.0,19.2,15.0,134.7,1011.6,35.9,3.8,234.7,20.5,8,60.0,2024-12-30T06:56:40,2024-12-30T18:41:49,0.0,Partially cloudy,Partly cloudy throughout the day.,partly-cloudy-day,"DNMM,remote,65201099999,VRJT5"
Lagos,2024-12-31,93.1,76.8,83.4,107.4,76.8,90.3,76.6,81.5,0.0,0,0.0,,0.0,0.0,19.2,12.8,198.7,1011.2,34.8,3.0,234.7,20.3,9,30.0,2024-12-31T06:57:06,2024-12-31T18:42:20,0.02,Partially cloudy,Partly cloudy throughout the day.,partly-cloudy-day,"DNMM,65201099999,VRJT5"
New York,2024-10-16,58.1,44.1,51.1,58.1,38.4,48.9,32.4,49.6,0.0,0,0.0,,0.0,0.0,31.1,14.3,306.0,1016.7,21.7,9.9,143.0,12.5,7,10.0,2024-10-16T07:08:53,2024-10-16T18:13:28,0.47,Partially cloudy,Partly cloudy throughout the day.,partly-cloudy-day,"72505394728,KEWR,KLGA,72502014734,F1417,KNYC,72503014732"
New York,2024-10-17,58.6,43.5,51.5,58.6,41.0,50.2,31.6,47.8,0.0,0,0.0,,0.0,0.0,22.2,13.4,8.5,1023.3,15.1,9.9,164.5,14.2,7,10.0,2024-10-17T07:09:58,2024-10-17T18:11:58,0.5,Clear,Clear conditions throughout the day.,clear-day,"72505394728,KEWR,KLGA,72502014734,F1417,KNYC,72503014732"
New York,2024-10-18,66.8,48.6,57.3,66.8,46.2,57.1,32.0,40.1,0.0,0,0.0,,0.0,0.0,20.8,10.4,357.8,1029.2,4.1,9.9,169.3,14.7,7,10.0,2024-10-18T07:11:04,2024-10-18T18:10:30,0.54,Clear,Clear conditions throughout the day.,clear-day,"72505394728,KEWR,KLGA,72502014734,F1417,KNYC,72503014732"
New York,2024-10-19,70.6,50.9,59.5,70.6,50.9,59.5,38.0,46.7,0.0,0,0.0,,0.0,0.0,12.1,5.7,24.3,1032.1,7.4,9.9,167.4,14.5,7,10.0,2024-10-19T07:12:11,2024-10-19T18:09:02,0.57,Clear,Clear conditions throughout the day.,clear-day,"72505394728,KEWR,KLGA,72502014734,F1417,KNYC,72503014732"
New York,2024-10-20,73.6,51.5,62.0,73.6,51.5,62.0,39.0,45.5,0.0,0,0.0,,0.0,0.0,11.2,4.9,253.6,1026.1,8.8,9.9,168.6,14.7,7,10.0,2024-10-20T07:13:17,2024-10-20T18:07:35,0.61,Clear,Clear conditions throughout the day.,clear-day,"72505394728,KEWR,KLGA,72502014734,F1417,KNYC,72503014732"
New York,2024-10-21,79.7,55.9,67.4,79.7,55.9,67.4,39.0,36.3,0.0,0,0.0,,0.0,0.0,19.7,7.1,271.1,1022.0,2.7,9.9,155.9,13.4,6,10.0,2024-10-21T07:14:24,2024-10-21T18:06:09,0.64,Clear,Clear conditions throughout the day.,clear-day,"72505394728,KEWR,KLGA,72502014734,F1417,KNYC,72503014732"
New York,2024-10-22,79.8,62.7,70.3,79.8,62.7,70.3,48.5,47.2,0.0,0,0.0,,0.0,0.0,17.2,8.0,83.3,1023.2,2.9,9.9,154.6,13.4,6,10.0,2024-10-22T07:15:32,2024-10-22T18:04:44,0.67,Clear,Clear conditions throughout the day.,clear-day,"72505394728,KEWR,KLGA,72502014734,F1417,KNYC,72503014732"
New York,2024-10-23,74.8,59.2,66.9,74.8,59.2,66.9,52.1,59.5,0.0,0,0.0,,0.0,0.0,25.3,13.5,175.0,1017.4,9.2,9.9,156.7,13.6,6,10.0,2024-10-23T07:16:39,2024-10-23T18:03:20,0.71,Clear,Clear conditions throughout the day.,clear-day,"72505394728,KEWR,KLGA,72502014734,F1417,KNYC,72503014732"
New York,2024-10-24,68.7,56.4,64.0,68.7,56.4,64.0,43.9,49.4,0.0,0,0.0,,0.0,0.0,31.1,16.6,341.6,1013.4,31.2,9.9,157.0,13.4,6,10.0,2024-10-24T07:17:47,2024-10-24T18:01:57,0.75,Partially cloudy,Clearing in the afternoon.,partly-cloudy-day,"72505394728,KEWR,KLGA,72502014734,F1417,KNYC,72503014732"
New York,2024-10-25,63.4,47.6,55.3,63.4,45.4,54.9,35.1,47.9,0.0,0,0.0,,0.0,0.0,20.8,9.9,328.3,1019.1,12.9,9.9,162.0,14.0,6,10.0,2024-10-25T07:18:55,2024-10-25T18:00:36,0.77,Clear,Clear conditions throughout the day.,clear-day,"72505394728,KEWR,KLGA,72502014734,F1417,KNYC,72503014732"
New York,2024-10-26,63.7,54.4,58.8,63.7,54.4,58.8,32.8,38.4,0.0,0,0.0,,0.0,0.0,31.8,18.8,307.0,1019.5,29.9,9.9,160.0,13.8,7,10.0,2024-10-26T07:20:04,2024-10-26T17:59:16,0.81,Partially cloudy,Clearing in the afternoon.,partly-cloudy-day,"72505394728,KEWR,KLGA,72502014734,F1417,KNYC,72503014732"
New York,2024-10-27,57.6,45.5,51.5,57.6,40.6,50.5,27.4,41.5,0.0,0,0.0,,0.0,0.0,24.2,11.8,302.3,1028.0,18.8,9.9,165.8,14.4,6,10.0,2024-10-27T07:21:13,2024-10-27T17:57:56,0.84,Clear,Clear conditions throughout the day.,clear-day,"72505394728,KEWR,KLGA,72502014734,F1417,KNYC,72503014732"
New York,2024-10-28,60.3,47.1,53.2,60.3,45.6,53.0,31.3,44.0,0.0,0,0.0,,0.0,0.0,16.1,8.2,87.7,1029.8,39.7,9.9,134.2,11.6,6,10.0,2024-10-28T07:22:22,2024-10-28T17:56:39,0.87,Partially cloudy,Clearing in the afternoon.,partly-cloudy-day,"72505394728,KEWR,KLGA,72502014734,F1417,KNYC,72503014732"
New York,2024-10-29,62.9,52.0,58.0,62.9,52.0,58.0,48.9,71.7,0.007,100,4.17,rain,0.0,0.0,27.8,12.5,117.9,1030.5,83.4,9.9,101.4,8.8,9,10.0,2024-10-29T07:23:31,2024-10-29T17:55:22,0.9,"Rain, Partially cloudy",Partly cloudy throughout the day with afternoon rain.,rain,"72505394728,KEWR,KLGA,72502014734,F1417,KNYC,72503014732"
New York,2024-10-30,76.3,57.8,66.0,76.3,57.8,66.0,53.1,65.1,0.0,0,0.0,,0.0,0.0,13.4,9.4,230.7,1025.7,34.8,9.7,135.7,11.7,6,10.0,2024-10-30T07:24:41,2024-10-30T17:54:07,0.94,Partially cloudy,Partly cloudy throughout the day.,partly-cloudy-day,"72505394728,KEWR,KLGA,72502014734,F1417,KNYC,72503014732"
New York,2024-10-31,81.3,60.9,70.9,80.8,60.9,70.8,54.0,56.4,0.0,0,0.0,,0.0,0.0,25.3,11.8,233.4,1019.1,29.4,9.8,134.5,11.7,6,10.0,2024-10-31T07:25:51,2024-10-31T17:52:53,0.97,Partially cloudy,Partly cloudy throughout the day.,partly-cloudy-day,"72505394728,KEWR,KLGA,72502014734,F1417,KNYC,72503014732"
New York,2024-11-01,79.2,60.7,71.5,79.2,60.7,71.5,48.0,46.3,0.0,0,0.0,,0.0,0.0,31.0,15.2,254.6,1014.4,27.9,9.9,105.7,9.0,6,10.0,2024-11-01T07:27:01,2024-11-01T17:51:40,0.0,Partially cloudy,Clearing in the afternoon.,partly-cloudy-day,"72505394728,KEWR,KLGA,72502014734,F1417,KNYC,72503014732"
New York,2024-11-02,59.9,49.5,55.5,59.9,46.0,55.4,33.5,43.6,0.0,0,0.0,,0.0,0.0,25.8,14.3,325.3,1025.1,12.9,9.9,145.9,12.7,6,10.0,2024-11-02T07:28:11,2024-11-02T17:50:29,0.04,Clear,Clear conditions throughout the day.,clear-day,"72505394728,KEWR,KLGA,72502014734,F1417,KNYC,72503014732"
New York,2024-11-03,54.2,40.8,47.6,54.2,36.1,45.1,24.0,41.7,0.0,0,0.0,,0.0,0.0,19.0,11.5,23.3,1031.1,10.8,9.9,139.8,12.7,6,10.0,2024-11-03T06:29:22,2024-11-03T16:49:20,0.07,Clear,Clear conditions throughout the day.,clear-day,"72505394728,KEWR,KLGA,72502014734,F1417,KNYC,72503014732"
New York,2024-11-04,56.7,45.0,51.8,56.7,42.1,50.9,37.9,59.6,0.0,0,0.0,,0.0,0.0,21.9,9.5,91.3,1031.1,48.0,9.9,96.3,8.4,5,10.0,2024-11-04T06:30:33,2024-11-04T16:48:12,0.11,Partially cloudy,Partly cloudy throughout the day.,partly-cloudy-day,"72505394728,KEWR,KLGA,72502014734,F1417,KNYC,72503014732"
New York,2024-11-05,73.1,55.0,63.2,73.1,55.0,63.2,52.7,69.7,0.0,0,0.0,,0.0,0.0,25.3,15.0,223.0,1022.5,34.2,9.4,122.3,10.6,5,10.0,2024-11-05T06:31:43,2024-11-05T16:47:05,0.15,Partially cloudy,Clearing in the afternoon.,partly-cloudy-day,"72505394728,KEWR,KLGA,72502014734,F1417,KNYC,72503014732"
New York,2024-11-06,80.4,65.2,72.1,80.5,65.2,72.1,56.0,58.0,0.0,0,0.0,,0.0,0.0,29.8,15.2,224.4,1016.4,48.0,9.9,129.3,11.1,5,10.0,2024-11-06T06:32:54,2024-11-06T16:46:00,0.18,Partially cloudy,Partly cloudy throughout the day.,partly-cloudy-day,"72505394728,KEWR,KLGA,72502014734,F1417,KNYC,72503014732"
New York,2024-11-07,73.0,56.1,67.6,73.0,56.1,67.6,48.3,51.5,0.0,0,0.0,,0.0,0.0,31.1,12.0,303.0,1017.3,24.4,9.9,127.8,11.1,5,10.0,2024-11-07T06:34:06,2024-11-07T16:44:57,0.21,Partially cloudy,Partly cloudy throughout the day.,partly-cloudy-day,"72505394728,KEWR,KLGA,72502014734,F1417,KNYC,72503014732"
New York,2024-11-08,68.9,50.8,59.0,68.9,50.8,59.0,34.4,42.0,0.0,0,0.0,,0.0,0.0,42.7,23.7,290.1,1014.7,7.4,9.9,130.3,11.4,6,10.0,2024-11-08T06:35:17,2024-11-08T16:43:55,0.25,Clear,Clear conditions throughout the day.,clear-day,"72505394728,KEWR,KLGA,72502014734,F1417,KNYC,72503014732"
New York,2024-11-09,55.3,43.7,49.9,55.3,39.1,48.2,20.1,31.4,0.0,0,0.0,,0.0,0.0,34.1,20.7,325.6,1025.5,25.2,9.0,127.3,11.2,5,10.0,2024-11-09T06:36:28,2024-11-09T16:42:55,0.25,Partially cloudy,Partly cloudy throughout the day.,partly-cloudy-day,"72505394728,KEWR,KLGA,72502014734,F1417,KNYC,72503014732"
New York,2024-11-10,57.8,45.1,52.5,57.8,43.5,52.3,32.0,46.6,0.043,100,8.33,rain,0.0,0.0,21.9,10.8,199.3,1023.1,48.7,9.7,75.0,6.6,4,10.0,2024-11-10T06:37:39,2024-11-10T16:41:57,0.32,"Rain, Partially cloudy",Becoming cloudy in the afternoon with late afternoon rain.,rain,"72505394728,KEWR,KLGA,72502014734,F1417,KNYC,72503014732"
New York,2024-11-11,67.9,55.0,61.3,67.9,55.0,61.3,47.9,64.2,0.138,100,25.0,rain,0.0,0.0,31.6,16.3,250.8,1007.1,51.8,9.3,133.3,11.7,6,10.0,2024-11-11T06:38:50,2024-11-11T16:41:01,0.35,"Rain, Partially cloudy",Clearing in the afternoon with early morning rain.,rain,"72505394728,KEWR,KLGA,72502014734,F1417,KNYC,72503014732"
New York,2024-11-12,58.6,42.5,50.6,58.6,36.2,48.8,29.3,44.2,0.0,0,0.0,,0.0,0.0,40.0,24.5,316.2,1016.7,11.5,9.9,132.0,11.6,6,10.0,2024-11-12T06:40:01,2024-11-12T16:40:06,0.39,Clear,Clear conditions throughout the day.,clear-day,"72505394728,KEWR,KLGA,72502014734,F1417,KNYC,72503014732"
New York,2024-11-13,49.5,36.9,42.9,48.4,28.9,37.7,18.8,38.6,0.0,0,0.0,,0.0,0.0,26.5,14.3,21.2,1030.9,6.0,9.9,132.5,11.4,6,10.0,2024-11-13T06:41:12,2024-11-13T16:39:13,0.42,Clear,Clear conditions throughout the day.,clear-day,"72505394728,KEWR,KLGA,72502014734,F1417,KNYC,72503014732"
New York,2024-11-14,46.3,37.3,42.7,46.0,32.4,39.0,24.3,47.9,0.0,0,0.0,,0.0,0.0,23.0,10.9,34.0,1024.8,28.2,9.9,76.6,6.5,4,10.0,2024-11-14T06:42:23,2024-11-14T16:38:22,0.46,Partially cloudy,Partly cloudy throughout the day.,partly-cloudy-day,"72505394728,KEWR,KLGA,72502014734,F1417,KNYC,72503014732"
New York,2024-11-15,58.6,41.7,49.5,58.6,38.4,48.3,24.1,37.0,0.0,0,0.0,,0.0,0.0,29.9,14.1,319.2,1012.0,26.0,9.8,111.2,9.6,6,10.0,2024-11-15T06:43:34,2024-11-15T16:37:33,0.5,Partially cloudy,Partly cloudy throughout the day.,partly-cloudy-day,"72505394728,KEWR,KLGA,72502014734,F1417,KNYC,72503014732"
New York,2024-11-16,62.6,46.3,53.3,62.6,40.6,51.5,26.1,35.6,0.0,0,0.0,,0.0,0.0,33.3,19.8,309.7,1011.4,3.3,9.9,125.5,10.8,5,10.0,2024-11-16T06:44:44,2024-11-16T16:36:46,0.53,Clear,Clear conditions throughout the day.,clear-day,"72505394728,KEWR,KLGA,72502014734,F1417,KNYC,72503014732"
New York,2024-11-17,62.9,45.4,53.9,62.9,42.6,52.8,26.5,35.9,0.0,0,0.0,,0.0,0.0,21.8,10.8,293.3,1016.0,20.2,9.6,100.2,8.7,5,10.0,2024-11-17T06:45:54,2024-11-17T16:36:01,0.56,Partially cloudy,Partly cloudy throughout the day.,partly-cloudy-day,"72505394728,KEWR,KLGA,72502014734,F1417,KNYC,72503014732"
New York,2024-11-18,66.4,50.2,57.3,66.4,50.2,57.3,33.7,41.7,0.0,0,0.0,,0.0,0.0,32.2,17.4,298.4,1011.4,21.5,9.9,116.7,10.1,5,10.0,2024-11-18T06:47:04,2024-11-18T16:35:17,0.59,Partially cloudy,Partly cloudy throughout the day.,partly-cloudy-day,"72505394728,KEWR,KLGA,72502014734,F1417,KNYC,72503014732"
New York,2024-11-19,59.9,47.2,53.6,59.9,44.6,53.3,33.0,46.4,0.0,0,0.0,,0.0,0.0,19.7,9.8,325.9,1012.6,30.1,9.9,98.9,8.5,5,10.0,2024-11-19T06:48:14,2024-11-19T16:34:36,0.62,Partially cloudy,Partly cloudy throughout the day.,partly-cloudy-day,"72505394728,KEWR,KLGA,72502014734,F1417,KNYC,72503014732"
New York,2024-11-20,58.5,53.6,55.9,58.5,53.6,55.9,39.6,54.7,0.0,0,0.0,,0.0,0.0,26.4,10.7,77.9,1007.9,97.4,9.9,43.5,3.6,3,10.0,2024-11-20T06:49:23,2024-11-20T16:33:57,0.66,Overcast,Cloudy skies throughout the day.,cloudy,"72505394728,KEWR,KLGA,72502014734,F1417,KNYC,72503014732"
New York,2024-11-21,54.3,38.5,47.1,54.3,30.9,43.3,43.0,85.7,1.318,100,95.83,rain,0.0,0.0,33.3,16.0,5.6,999.6,100.0,5.3,22.9,1.9,1,10.0,2024-11-21T06:50:32,2024-11-21T16:33:20,0.69,"Rain, Overcast",Cloudy skies throughout the day with a chance of rain throughout the day.,rain,"72505394728,KEWR,KLGA,72502014734,F1417,KNYC,72503014732"
New York,2024-11-22,40.1,37.3,38.9,38.2,29.8,33.1,33.6,81.2,0.575,100,75.0,rain,0.1,0.0,35.3,16.6,232.6,993.7,100.0,8.7,27.8,2.3,2,10.0,2024-11-22T06:51:40,2024-11-22T16:32:45,0.75,"Rain, Overcast",Cloudy skies throughout the day with a chance of rain or snow throughout the day.,snow,"72505394728,KEWR,KLGA,72502014734,F1417,KNYC,72503014732"
New York,2024-11-23,49.6,37.9,44.3,43.8,33.7,38.9,33.7,67.4,0.03,100,16.67,rain,0.0,0.0,43.4,25.9,295.0,1000.4,61.9,9.6,97.9,8.4,4,10.0,2024-11-23T06:52:47,2024-11-23T16:32:12,0.75,"Rain, Partially cloudy",Partly cloudy throughout the day with early morning rain.,rain,"72505394728,KEWR,KLGA,72502014734,F1417,KNYC,72503014732"
New York,2024-11-24,53.4,45.3,49.0,53.4,38.7,45.6,31.2,50.5,0.0,0,0.0,,0.0,0.0,35.6,21.7,280.9,1011.4,53.6,9.9,84.8,7.3,5,10.0,2024-11-24T06:53:55,2024-11-24T16:31:41,0.79,Partially cloudy,Partly cloudy throughout the day.,partly-cloudy-day,"72505394728,KEWR,KLGA,72502014734,F1417,KNYC,72503014732"
New York,2024-11-25,54.2,41.9,48.3,54.2,36.5,46.6,28.7,47.7,0.0,0,0.0,,0.0,0.0,25.3,10.5,281.4,1016.9,37.1,9.9,114.5,9.8,5,10.0,2024-11-25T06:55:01,2024-11-25T16:31:13,0.82,Partially cloudy,Partly cloudy throughout the day.,partly-cloudy-day,"72505394728,KEWR,KLGA,72502014734,F1417,KNYC,72503014732"
New York,2024-11-26,58.3,48.0,54.1,58.3,44.5,53.8,41.2,63.3,0.2,100,16.67,rain,0.0,0.0,24.2,13.0,275.5,1011.5,74.1,9.1,37.2,3.3,2,10.0,2024-11-26T06:56:07,2024-11-26T16:30:46,0.85,"Rain, Partially cloudy",Partly cloudy throughout the day with morning rain.,rain,"72505394728,KEWR,KLGA,72502014734,F1417,KNYC,72503014732"
New York,2024-11-27,51.7,42.7,47.3,51.7,37.4,45.0,27.7,46.8,0.0,0,0.0,,0.0,0.0,21.9,10.7,249.7,1016.1,35.5,9.9,112.8,9.6,5,10.0,2024-11-27T06:57:12,2024-11-27T16:30:22,0.88,Partially cloudy,Becoming cloudy in the afternoon.,partly-cloudy-day,"72505394728,KEWR,KLGA,72502014734,F1417,KNYC,72503014732"
New York,2024-11-28,49.3,42.7,45.9,49.3,35.4,42.2,37.2,73.0,0.656,100,41.67,rain,0.0,0.0,31.6,18.2,315.3,1005.1,81.9,7.2,10.8,0.9,1,10.0,2024-11-28T06:58:16,2024-11-28T16:30:00,0.92,"Rain, Partially cloudy",Partly cloudy throughout the day with a chance of rain throughout the day.,rain,"72505394728,KEWR,KLGA,72502014734,F1417,KNYC,72503014732"
New York,2024-11-29,46.8,35.3,41.5,42.8,27.6,36.2,26.8,55.9,0.002,100,4.17,rain,0.0,0.0,29.8,14.1,256.2,1011.7,52.5,9.9,55.6,4.8,5,10.0,2024-11-29T06:59:19,2024-11-29T16:29:40,0.95,"Rain, Partially cloudy",Partly cloudy throughout the day with afternoon rain.,rain,"72505394728,KEWR,KLGA,72502014734,F1417,KNYC,72503014732"
New York,2024-11-30,39.5,30.5,34.3,33.7,20.8,26.6,15.4,46.3,0.0,0,0.0,,0.0,0.0,25.9,15.6,273.6,1015.5,13.5,9.9,112.6,9.7,5,10.0,2024-11-30T07:00:21,2024-11-30T16:29:23,0.98,Clear,Clear conditions throughout the day.,clear-day,"72505394728,KEWR,KLGA,72502014734,F1417,KNYC,72503014732"
New York,2024-12-01,37.8,27.0,32.1,29.5,16.2,24.1,10.8,41.3,0.0,0,0.0,,0.0,0.0,30.0,16.1,259.2,1018.5,23.0,9.9,72.8,6.2,5,10.0,2024-12-01T07:01:23,2024-12-01T16:29:07,0.0,Partially cloudy,Partly cloudy throughout the day.,partly-cloudy-day,"72505394728,KEWR,KLGA,72502014734,F1417,KNYC,72503014732"
New York,2024-12-02,38.7,29.9,34.0,33.4,21.5,27.6,15.8,47.2,0.0,0,0.0,,0.0,0.0,23.0,12.8,297.6,1020.4,26.7,9.9,104.2,9.0,5,10.0,2024-12-02T07:02:23,2024-12-02T16:28:54,0.05,Partially cloudy,Becoming cloudy in the afternoon.,partly-cloudy-day,"72505394728,KEWR,KLGA,72502014734,F1417,KNYC,72503014732"
New York,2024-12-03,41.5,32.6,36.4,39.1,25.1,30.1,19.4,50.9,0.0,0,0.0,,0.0,0.0,31.2,14.0,291.2,1023.5,72.4,9.9,87.5,7.6,5,10.0,2024-12-03T07:03:22,2024-12-03T16:28:44,0.09,Partially cloudy,Partly cloudy throughout the day.,partly-cloudy-day,"72505394728,KEWR,KLGA,72502014734,F1417,KNYC,72503014732"
New York,2024-12-04,41.4,30.4,36.1,35.7,24.0,31.2,18.4,49.0,0.0,0,0.0,,0.0,0.0,39.6,16.4,216.1,1019.6,51.9,9.9,64.5,5.6,4,10.0,2024-12-04T07:04:20,2024-12-04T16:28:35,0.12,Partially cloudy,Becoming cloudy in the afternoon.,partly-cloudy-day,"72505394728,KEWR,KLGA,72502014734,F1417,KNYC,72503014732"
New York,2024-12-05,39.5,32.3,36.8,35.8,21.7,28.6,24.3,62.1,0.105,100,16.67,"rain,snow",0.4,0.0,45.9,27.4,259.1,1004.0,72.6,9.4,63.0,5.4,4,10.0,2024-12-05T07:05:17,2024-12-05T16:28:29,0.16,"Snow, Rain, Partially cloudy",Partly cloudy throughout the day with rain or snow clearing later.,snow,"72505394728,KEWR,KLGA,72502014734,F1417,KNYC,72503014732"
New York,2024-12-06,34.8,30.3,32.5,26.6,19.8,23.6,10.4,39.8,0.0,0,0.0,,0.0,0.0,32.7,17.7,293.4,1017.6,47.5,9.9,113.9,9.8,5,10.0,2024-12-06T07:06:13,2024-12-06T16:28:26,0.19,Partially cloudy,Clearing in the afternoon.,partly-cloudy-day,"72505394728,KEWR,KLGA,72502014734,F1417,KNYC,72503014732"
New York,2024-12-07,40.6,31.5,35.8,34.3,21.7,28.2,15.7,43.8,0.0,0,0.0,,0.0,0.0,29.8,15.4,255.8,1019.1,74.6,9.9,94.9,8.3,5,10.0,2024-12-07T07:07:07,2024-12-07T16:28:24,0.23,Partially cloudy,Partly cloudy throughout the day.,partly-cloudy-day,"72505394728,KEWR,KLGA,72502014734,F1417,KNYC,72503014732"
New York,2024-12-08,54.7,38.2,46.3,54.7,31.6,43.3,22.5,39.0,0.0,0,0.0,,0.0,0.0,31.8,17.7,248.6,1010.6,52.3,9.9,94.1,8.2,5,10.0,2024-12-08T07:08:00,2024-12-08T16:28:25,0.25,Partially cloudy,Clearing in the afternoon.,partly-cloudy-day,"72505394728,KEWR,KLGA,72502014734,F1417,KNYC,72503014732"
New York,2024-12-09,50.6,43.1,47.3,50.6,41.5,45.9,38.6,72.8,0.182,100,25.0,rain,0.0,0.0,24.2,8.5,50.6,1014.9,68.5,7.9,27.6,2.5,1,10.0,2024-12-09T07:08:51,2024-12-09T16:28:28,0.3,"Rain, Partially cloudy",Partly cloudy throughout the day with rain.,rain,"72505394728,KEWR,KLGA,72502014734,F1417,KNYC,72503014732"
New York,2024-12-10,50.4,44.7,46.7,50.4,40.5,43.7,43.5,88.6,0.236,100,20.83,rain,0.0,0.0,27.7,8.6,60.3,1017.1,99.9,3.4,13.9,1.1,1,10.0,2024-12-10T07:09:41,2024-12-10T16:28:34,0.33,"Rain, Overcast",Cloudy skies throughout the day with rain.,rain,"72505394728,KEWR,KLGA,72502014734,F1417,KNYC,72503014732"
New York,2024-12-11,60.3,42.7,54.7,60.3,35.8,53.7,51.4,88.5,0.845,100,87.5,rain,0.0,0.0,32.4,15.0,173.9,1004.2,99.6,5.1,11.6,0.8,1,10.0,2024-12-11T07:10:30,2024-12-11T16:28:41,0.37,"Rain, Overcast",Cloudy skies throughout the day with a chance of rain throughout the day.,rain,"72505394728,KEWR,KLGA,72502014734,F1417,KNYC,72503014732"
New York,2024-12-12,42.4,30.1,36.8,34.2,22.8,28.5,15.2,42.6,0.0,0,0.0,,0.0,0.0,37.9,21.7,261.6,1019.2,22.2,9.9,104.4,9.0,5,10.0,2024-12-12T07:11:17,2024-12-12T16:28:51,0.41,Partially cloudy,Partly cloudy throughout the day.,partly-cloudy-day,"72505394728,KEWR,KLGA,72502014734,F1417,KNYC,72503014732"
New York,2024-12-13,32.9,27.4,29.8,25.3,17.6,21.4,5.4,35.2,0.0,0,0.0,,0.0,0.0,28.7,13.4,304.8,1037.2,26.8,9.9,110.8,9.6,5,10.0,2024-12-13T07:12:02,2024-12-13T16:29:04,0.44,Partially cloudy,Clearing in the afternoon.,partly-cloudy-day,"72505394728,KEWR,KLGA,72502014734,F1417,KNYC,72503014732"
New York,2024-12-14,33.8,25.7,29.6,33.8,17.4,24.0,10.2,44.1,0.0,0,0.0,,0.0,0.0,13.9,11.6,20.3,1046.2,8.6,9.9,107.0,9.4,5,10.0,2024-12-14T07:12:46,2024-12-14T16:29:18,0.48,Clear,Clear conditions throughout the day.,clear-day,"72505394728,KEWR,KLGA,72502014734,F8726,F1417,KNYC,72503014732"
New York,2024-12-15,41.1,28.3,34.5,35.9,20.7,29.3,22.1,60.1,0.005,100,4.17,rain,0.0,0.0,18.3,8.6,39.3,1041.6,51.8,9.9,55.3,4.8,4,10.0,2024-12-15T07:13:27,2024-12-15T16:29:35,0.5,"Rain, Partially cloudy",Becoming cloudy in the afternoon with late afternoon rain.,rain,"72505394728,KEWR,KLGA,72502014734,F1417,KNYC,72503014732"
New York,2024-12-16,51.3,38.2,44.8,51.3,34.0,41.9,41.4,88.0,0.889,100,83.33,rain,0.0,0.0,26.4,10.0,79.1,1028.8,100.0,4.2,26.2,2.2,1,10.0,2024-12-16T07:14:07,2024-12-16T16:29:54,0.54,"Rain, Overcast",Cloudy skies throughout the day with a chance of rain throughout the day.,rain,"72505394728,KEWR,KLGA,72502014734,F1417,KNYC,72503014732"
New York,2024-12-17,58.7,51.0,53.6,58.7,51.0,53.6,42.8,69.0,0.085,100,16.67,rain,0.0,0.0,32.2,12.4,237.1,1019.9,65.8,9.4,71.3,6.3,4,10.0,2024-12-17T07:14:46,2024-12-17T16:30:15,0.57,"Rain, Partially cloudy",Partly cloudy throughout the day with early morning rain.,rain,"72505394728,KEWR,KLGA,72502014734,F1417,KNYC,72503014732"
New York,2024-12-18,53.2,43.0,47.7,53.2,40.9,46.9,33.3,58.9,0.128,100,20.83,rain,0.0,0.0,13.2,8.3,83.3,1020.8,48.0,8.7,87.6,7.7,5,10.0,2024-12-18T07:15:22,2024-12-18T16:30:39,0.61,"Rain, Partially cloudy",Becoming cloudy in the afternoon with late afternoon rain.,rain,"72505394728,KEWR,KLGA,72502014734,F1417,KNYC,72503014732"
New York,2024-12-19,44.6,36.9,41.5,40.6,31.3,35.8,26.8,56.8,0.148,100,16.67,rain,0.0,0.0,29.8,17.0,321.0,1022.7,54.7,9.5,76.2,6.5,5,10.0,2024-12-19T07:15:56,2024-12-19T16:31:04,0.64,"Rain, Partially cloudy",Partly cloudy throughout the day with rain clearing later.,rain,"72505394728,KEWR,KLGA,72502014734,F1417,KNYC,72503014732"
New York,2024-12-20,37.1,33.4,35.8,30.9,25.4,28.4,26.6,69.9,0.042,100,20.83,"rain,snow",0.3,0.0,29.8,17.0,38.0,1017.4,89.7,8.8,13.2,1.1,1,10.0,2024-12-20T07:16:29,2024-12-20T16:31:32,0.67,"Snow, Rain, Partially cloudy",Partly cloudy throughout the day with rain or snow.,snow,"72505394728,KEWR,KLGA,72502014734,F1417,KNYC,72503014732"
New York,2024-12-21,33.4,20.4,28.5,27.6,8.8,18.1,16.7,62.7,0.127,100,33.33,"rain,snow",1.2,0.9,38.0,23.0,315.0,1017.2,70.9,6.8,105.5,9.1,5,10.0,2024-12-21T07:16:59,2024-12-21T16:32:02,0.7,"Snow, Rain, Partially cloudy",Partly cloudy throughout the day with rain or snow clearing later.,snow,"72505394728,KEWR,KLGA,72502014734,F1417,KNYC,72503014732"
New York,2024-12-22,20.9,14.4,18.2,13.3,0.7,6.0,1.3,47.6,0.0,0,0.0,,0.0,0.3,28.9,18.4,321.0,1030.8,10.8,9.9,107.3,9.3,5,10.0,2024-12-22T07:17:28,2024-12-22T16:32:34,0.75,Clear,Clear conditions throughout the day.,clear-day,"72505394728,KEWR,KLGA,72502014734,F1417,KNYC,72503014732"
New York,2024-12-23,29.8,12.5,20.6,27.0,1.3,15.0,4.5,50.1,0.0,0,0.0,,0.0,0.1,15.2,9.2,11.6,1035.8,21.5,9.9,97.5,8.4,4,10.0,2024-12-23T07:17:54,2024-12-23T16:33:07,0.77,Partially cloudy,Partly cloudy throughout the day.,partly-cloudy-day,"72505394728,KEWR,KLGA,72502014734,F1417,KNYC,72503014732"
New York,2024-12-24,39.3,28.7,33.7,35.0,21.3,27.4,21.8,62.1,0.054,100,12.5,"rain,snow",0.8,0.1,20.8,13.0,274.8,1025.7,71.5,8.9,50.5,4.3,4,10.0,2024-12-24T07:18:19,2024-12-24T16:33:43,0.8,"Snow, Rain, Partially cloudy",Partly cloudy throughout the day with morning rain or snow.,snow,"72505394728,KEWR,KLGA,72502014734,F1417,KNYC,72503014732"
New York,2024-12-25,35.4,28.9,32.9,33.5,21.0,28.5,20.8,60.9,0.0,0,0.0,,0.0,0.0,18.3,9.6,5.6,1028.4,65.1,9.9,69.8,6.1,5,10.0,2024-12-25T07:18:41,2024-12-25T16:34:21,0.83,Partially cloudy,Partly cloudy throughout the day.,partly-cloudy-day,"72505394728,KEWR,KLGA,72502014734,F1417,KNYC,72503014732"
New York,2024-12-26,36.0,25.0,30.3,36.0,18.1,26.2,16.8,57.4,0.0,0,0.0,,0.0,0.0,11.2,6.8,7.1,1031.2,21.3,9.9,109.5,9.5,6,10.0,2024-12-26T07:19:01,2024-12-26T16:35:01,0.86,Partially cloudy,Becoming cloudy in the afternoon.,partly-cloudy-day,"72505394728,KEWR,KLGA,72502014734,F1417,KNYC,72503014732"
New York,2024-12-27,42.5,26.4,34.8,42.3,21.6,33.6,22.9,61.7,0.0,0,0.0,,0.0,0.0,9.4,5.8,351.7,1030.3,31.6,9.8,83.2,7.1,4,10.0,2024-12-27T07:19:19,2024-12-27T16:35:42,0.9,Partially cloudy,Partly cloudy throughout the day.,partly-cloudy-day,"72505394728,KEWR,KLGA,72502014734,F1417,KNYC,72503014732"
New York,2024-12-28,50.9,39.3,44.8,50.9,36.6,44.4,40.5,84.9,0.528,100,91.67,rain,0.0,0.0,8.3,5.6,337.4,1024.8,100.0,3.3,18.9,1.6,1,10.0,2024-12-28T07:19:35,2024-12-28T16:36:26,0.93,"Rain, Overcast",Cloudy skies throughout the day with a chance of rain throughout the day.,rain,"72505394728,KEWR,KLGA,72502014734,F1417,KNYC,72503014732"
New York,2024-12-29,64.5,49.2,54.6,64.5,48.4,54.6,47.7,77.8,0.156,100,33.33,rain,0.0,0.0,32.4,16.9,160.3,1017.4,92.9,6.5,53.9,4.6,3,10.0,2024-12-29T07:19:48,2024-12-29T16:37:11,0.96,"Rain, Overcast",Cloudy skies throughout the day with rain clearing later.,rain,"72505394728,KEWR,KLGA,72502014734,F1417,KNYC,72503014732"
New York,2024-12-30,57.8,48.7,54.8,57.8,47.9,54.7,40.3,61.2,0.338,100,25.0,rain,0.0,0.0,34.4,21.1,224.7,1005.0,72.4,8.8,79.9,6.9,5,10.0,2024-12-30T07:20:00,2024-12-30T16:37:58,0.0,"Rain, Partially cloudy",Partly cloudy throughout the day with early morning rain.,rain,"72505394728,KEWR,KLGA,72502014734,F1417,KNYC,72503014732"
New York,2024-12-31,52.2,44.5,48.0,52.2,38.6,45.8,33.8,58.9,0.447,100,12.5,rain,0.0,0.0,23.0,13.5,124.4,1009.8,28.7,9.2,102.3,8.8,5,10.0,2024-12-31T07:20:09,2024-12-31T16:38:47,0.03,"Rain, Partially cloudy",Partly cloudy throughout the day with late afternoon rain.,rain,"72505394728,KEWR,KLGA,72502014734,F1417,KNYC,72503014732"
London,2024-10-16,72.2,58.4,64.1,72.2,58.4,64.1,59.4,85.2,0.0,0,0.0,,0.0,0.0,23.9,12.6,149.5,1002.3,89.4,8.5,33.8,3.0,2,,2024-10-16T07:26:53,2024-10-16T18:04:16,0.47,Partially cloudy,Partly cloudy throughout the day.,partly-cloudy-day,"03769099999,03680099999,D5621,03781099999,03672099999,03772099999,03770099999"
London,2024-10-17,65.4,53.3,60.1,65.4,53.3,60.1,54.6,83.1,0.047,100,12.5,rain,0.0,0.0,14.7,10.0,228.4,1009.0,49.6,9.5,45.0,3.8,2,,2024-10-17T07:28:35,2024-10-17T18:02:09,0.5,"Rain, Partially cloudy",Clearing in the afternoon with early morning rain.,rain,"03769099999,03680099999,D5621,03781099999,03672099999,03772099999,03770099999"
London,2024-10-18,61.4,50.2,54.5,61.4,50.2,54.5,50.7,87.8,0.0,0,0.0,,0.0,0.0,16.9,11.2,210.8,1014.1,52.6,7.4,55.7,4.8,4,,2024-10-18T07:30:18,2024-10-18T18:00:03,0.53,Partially cloudy,Partly cloudy throughout the day.,partly-cloudy-day,"03769099999,03680099999,D5621,03781099999,03672099999,03772099999,03770099999"
London,2024-10-19,62.9,51.0,57.4,62.9,51.0,57.4,53.0,86.1,0.245,100,41.67,rain,0.0,0.0,21.9,14.2,217.6,1011.1,61.7,9.5,26.7,2.2,1,,2024-10-19T07:32:01,2024-10-19T17:57:58,0.57,"Rain, Partially cloudy",Partly cloudy throughout the day with rain clearing later.,rain,"03769099999,03680099999,D5621,03781099999,03672099999,03772099999,03770099999"
London,2024-10-20,63.8,53.0,58.2,63.8,53.0,58.2,53.7,85.2,0.04,100,12.5,rain,0.0,0.0,32.5,19.4,200.1,1010.6,72.3,6.7,17.6,1.6,1,,2024-10-20T07:33:45,2024-10-20T17:55:54,0.6,"Rain, Partially cloudy",Partly cloudy throughout the day with rain in the morning and afternoon.,rain,"03769099999,03680099999,D5621,03781099999,03672099999,03772099999,03770099999"
London,2024-10-21,58.4,50.3,55.7,58.4,50.3,55.7,50.2,82.0,0.0,0,0.0,,0.0,0.0,20.8,11.5,218.0,1020.2,46.8,7.7,20.3,1.7,1,,2024-10-21T07:35:29,2024-10-21T17:53:52,0.63,Partially cloudy,Partly cloudy throughout the day.,partly-cloudy-day,"03769099999,03680099999,D5621,03781099999,03672099999,03772099999,03770099999"
London,2024-10-22,61.4,46.7,53.7,61.4,44.1,53.0,50.1,88.4,0.0,0,0.0,,0.0,0.0,16.4,12.6,216.4,1027.7,33.5,8.4,55.8,4.8,5,,2024-10-22T07:37:13,2024-10-22T17:51:50,0.67,Partially cloudy,Partly cloudy throughout the day.,partly-cloudy-day,"03769099999,03680099999,D5621,03781099999,03672099999,03772099999,03770099999"
London,2024-10-23,62.3,52.4,56.6,62.3,52.4,56.6,52.1,85.4,0.0,0,0.0,,0.0,0.0,12.8,9.7,185.2,1031.0,62.8,8.1,42.2,3.6,3,,2024-10-23T07:38:57,2024-10-23T17:49:49,0.7,Partially cloudy,Partly cloudy throughout the day.,partly-cloudy-day,"03769099999,03680099999,D5621,03781099999,03672099999,03772099999,03770099999"
London,2024-10-24,64.5,49.2,55.9,64.5,46.7,55.7,51.0,84.4,0.008,100,4.17,rain,0.0,0.0,19.1,11.5,134.5,1019.5,34.4,9.4,59.2,5.1,4,,2024-10-24T07:40:42,2024-10-24T17:47:49,0.75,"Rain, Partially cloudy",Partly cloudy throughout the day with morning rain.,rain,"03769099999,03680099999,D5621,03781099999,03672099999,F6665,03772099999,03770099999"
London,2024-10-25,62.0,53.3,57.5,62.0,53.3,57.5,55.9,94.3,0.024,100,8.33,rain,0.0,0.0,13.3,7.2,131.1,1013.7,77.9,5.1,13.3,1.2,1,,2024-10-25T07:42:27,2024-10-25T17:45:51,0.77,"Rain, Partially cloudy",Partly cloudy throughout the day with rain.,rain,"03769099999,03680099999,D5621,03781099999,03672099999,03772099999,03770099999"
London,2024-10-26,58.7,48.8,54.1,58.7,48.8,54.1,52.4,94.3,0.008,100,4.17,rain,0.0,0.0,6.7,5.6,231.8,1016.0,71.2,6.4,22.5,2.0,2,,2024-10-26T07:44:12,2024-10-26T17:43:54,0.8,"Rain, Partially cloudy",Partly cloudy throughout the day with afternoon rain.,rain,"03769099999,EGWU,03680099999,EGLL,D5621,03781099999,03672099999,EGLC,03772099999,03770099999"
London,2024-10-27,59.3,45.8,52.3,59.3,45.6,52.2,47.9,86.1,0.0,0,0.0,,0.0,0.0,14.2,8.3,232.9,1021.3,38.4,7.7,56.5,5.1,4,,2024-10-27T06:45:58,2024-10-27T16:41:58,0.83,Partially cloudy,Partly cloudy throughout the day.,partly-cloudy-day,"03769099999,03680099999,D5621,03781099999,03672099999,03772099999,03770099999"
London,2024-10-28,59.3,53.9,56.9,59.3,53.9,56.9,53.9,89.8,0.024,100,12.5,rain,0.0,0.0,22.5,12.7,221.6,1021.6,90.5,6.8,27.0,2.4,2,,2024-10-28T06:47:43,2024-10-28T16:40:04,0.87,"Rain, Overcast",Cloudy skies throughout the day with rain.,rain,"03769099999,03680099999,D5621,03781099999,03672099999,03768099999,03772099999,03770099999"
London,2024-10-29,61.0,53.7,57.4,61.0,53.7,57.4,54.3,89.8,0.016,100,4.17,rain,0.0,0.0,11.6,6.3,268.2,1024.3,96.3,8.2,23.8,2.0,2,,2024-10-29T06:49:29,2024-10-29T16:38:11,0.9,"Rain, Overcast",Cloudy skies throughout the day with early morning rain.,rain,"03769099999,03680099999,D5621,03781099999,03672099999,03768099999,03772099999,03770099999"
London,2024-10-30,59.3,52.0,56.2,59.3,52.0,56.2,50.4,81.0,0.0,0,0.0,,0.0,0.0,7.8,4.0,4.9,1028.7,89.6,6.6,29.7,2.5,1,,2024-10-30T06:51:15,2024-10-30T16:36:19,0.93,Partially cloudy,Partly cloudy throughout the day.,partly-cloudy-day,"03769099999,03680099999,D5621,03781099999,03672099999,03772099999,03770099999"
London,2024-10-31,59.6,49.4,54.4,59.6,49.4,54.4,49.3,83.2,0.0,0,0.0,,0.0,0.0,7.2,4.3,320.3,1027.0,95.9,5.9,29.7,2.5,2,,2024-10-31T06:53:01,2024-10-31T16:34:29,0.97,Overcast,Cloudy skies throughout the day.,cloudy,"03769099999,03680099999,D5621,03781099999,03672099999,03772099999,03770099999"
London,2024-11-01,55.6,53.0,54.3,55.6,53.0,54.3,48.2,79.9,0.0,0,0.0,,0.0,0.0,12.7,9.2,308.9,1025.3,99.9,6.7,22.8,1.9,1,,2024-11-01T06:54:47,2024-11-01T16:32:41,0.0,Overcast,Cloudy skies throughout the day.,cloudy,"03769099999,03680099999,D5621,03781099999,03672099999,03768099999,03772099999,03770099999"
London,2024-11-02,58.4,53.9,55.6,58.4,53.9,55.6,50.7,83.6,0.008,100,4.17,rain,0.0,0.0,17.5,9.5,83.6,1029.8,99.7,7.0,19.4,1.8,1,,2024-11-02T06:56:33,2024-11-02T16:30:54,0.03,"Rain, Overcast",Cloudy skies throughout the day with afternoon rain.,rain,"03769099999,03680099999,D5621,03781099999,03672099999,03772099999,03770099999"
London,2024-11-03,55.1,52.4,54.2,55.1,52.4,54.2,47.7,78.7,0.0,0,0.0,,0.0,0.0,13.9,8.6,101.3,1028.2,100.0,6.4,12.9,1.2,1,,2024-11-03T06:58:19,2024-11-03T16:29:08,0.07,Overcast,Cloudy skies throughout the day.,cloudy,"03769099999,03680099999,D5621,03781099999,03672099999,03772099999,03770099999"
London,2024-11-04,55.1,51.0,52.2,55.1,51.0,52.2,46.4,80.7,0.0,0,0.0,,0.0,0.0,10.9,8.1,91.9,1025.1,86.1,5.9,22.4,2.0,2,,2024-11-04T07:00:05,2024-11-04T16:27:25,0.1,Partially cloudy,Partly cloudy throughout the day.,partly-cloudy-day,"03769099999,EGWU,03680099999,EGLL,D5621,03781099999,03672099999,EGLC,03772099999,03770099999"
London,2024-11-05,53.3,50.6,51.7,53.3,50.6,51.7,47.4,85.3,0.0,0,0.0,,0.0,0.0,7.5,4.5,322.5,1023.4,99.5,3.3,20.3,1.6,1,,2024-11-05T07:01:51,2024-11-05T16:25:43,0.14,Overcast,Cloudy skies throughout the day.,cloudy,"03769099999,03680099999,D5621,03781099999,03672099999,03768099999,03772099999,03770099999"
London,2024-11-06,51.2,49.4,50.2,51.2,48.1,50.1,48.2,92.8,0.0,0,0.0,,0.0,0.0,8.6,4.6,88.6,1030.5,100.0,2.7,6.5,0.6,0,,2024-11-06T07:03:37,2024-11-06T16:24:03,0.17,Overcast,Cloudy skies throughout the day.,cloudy,"03769099999,03680099999,D5621,03781099999,03672099999,03772099999,03770099999"
London,2024-11-07,54.8,48.8,51.1,54.8,47.8,50.9,47.7,88.4,0.0,0,0.0,,0.0,0.0,12.3,8.5,98.8,1030.3,99.7,3.7,10.8,1.0,1,,2024-11-07T07:05:23,2024-11-07T16:22:25,0.21,Overcast,Cloudy skies throughout the day.,cloudy,"03769099999,03680099999,D5621,03781099999,03672099999,03768099999,03772099999,03770099999"
London,2024-11-08,50.3,47.6,49.0,50.3,45.0,46.9,43.5,81.1,0.0,0,0.0,,0.0,0.0,11.2,7.7,104.8,1025.5,99.7,4.9,9.5,0.8,1,,2024-11-08T07:07:09,2024-11-08T16:20:48,0.24,Overcast,Cloudy skies throughout the day.,cloudy,"03769099999,03680099999,D5621,03781099999,03672099999,03772099999,03770099999"
London,2024-11-09,48.5,45.8,47.2,48.3,44.7,46.8,39.8,75.7,0.0,0,0.0,,0.0,0.0,6.4,4.4,318.3,1024.2,100.0,5.5,9.8,0.8,0,,2024-11-09T07:08:54,2024-11-09T16:19:14,0.25,Overcast,Cloudy skies throughout the day.,cloudy,"03769099999,03680099999,D5621,03781099999,03672099999,03772099999,03770099999"
London,2024-11-10,51.5,42.5,48.3,51.5,42.5,48.0,44.3,86.2,0.0,0,0.0,,0.0,0.0,8.9,5.2,225.9,1028.0,89.7,4.6,13.1,1.2,1,,2024-11-10T07:10:39,2024-11-10T16:17:41,0.31,Partially cloudy,Partly cloudy throughout the day.,partly-cloudy-day,"03769099999,03680099999,D5621,03781099999,03672099999,03772099999,03770099999"
London,2024-11-11,53.9,46.1,50.7,53.9,43.3,49.9,43.8,77.9,0.0,0,0.0,,0.0,0.0,12.4,8.6,335.1,1034.8,35.3,8.7,24.4,2.1,1,,2024-11-11T07:12:24,2024-11-11T16:16:11,0.35,Partially cloudy,Partly cloudy throughout the day.,partly-cloudy-day,"03769099999,03680099999,D5621,03781099999,03672099999,03772099999,03770099999"
London,2024-11-12,55.1,45.7,49.7,55.1,40.8,47.7,43.4,79.4,0.016,100,4.17,rain,0.0,0.0,24.2,16.3,19.2,1035.6,61.4,9.2,41.1,3.5,3,,2024-11-12T07:14:09,2024-11-12T16:14:43,0.38,"Rain, Partially cloudy",Partly cloudy throughout the day with late afternoon rain.,rain,"03769099999,03680099999,D5621,03781099999,03672099999,03772099999,03770099999"
London,2024-11-13,53.7,44.7,49.3,53.7,42.7,47.9,44.0,82.3,0.0,0,0.0,,0.0,0.0,12.7,7.3,358.5,1034.9,54.2,7.7,29.5,2.6,2,,2024-11-13T07:15:53,2024-11-13T16:13:17,0.42,Partially cloudy,Partly cloudy throughout the day.,partly-cloudy-day,"03769099999,03680099999,D5621,03781099999,03672099999,03768099999,03772099999,03770099999"
London,2024-11-14,54.2,46.1,50.3,54.2,45.1,50.0,44.2,80.2,0.0,0,0.0,,0.0,0.0,15.6,9.0,29.6,1031.5,94.8,7.1,17.6,1.7,1,,2024-11-14T07:17:36,2024-11-14T16:11:53,0.45,Overcast,Cloudy skies throughout the day.,cloudy,"03769099999,03680099999,D5621,03781099999,03672099999,03772099999,03770099999"
London,2024-11-15,49.4,40.7,46.6,48.9,39.7,45.4,39.9,78.0,0.0,0,0.0,,0.0,0.0,8.6,6.9,260.0,1027.4,80.5,9.7,19.7,1.7,1,,2024-11-15T07:19:19,2024-11-15T16:10:31,0.5,Partially cloudy,Partly cloudy throughout the day.,partly-cloudy-day,"03769099999,03680099999,D5621,03781099999,03672099999,03768099999,03772099999,03770099999"
London,2024-11-16,51.9,41.1,47.0,51.9,38.7,45.6,43.5,87.6,0.008,100,4.17,rain,0.0,0.0,15.8,10.4,250.1,1018.8,90.0,8.0,10.5,1.0,1,,2024-11-16T07:21:02,2024-11-16T16:09:12,0.52,"Rain, Partially cloudy",Partly cloudy throughout the day with late afternoon rain.,rain,"03769099999,03680099999,D5621,03781099999,03672099999,03772099999,03770099999"
London,2024-11-17,52.4,45.2,47.8,52.4,40.5,44.8,42.3,81.7,0.024,100,8.33,rain,0.0,0.0,20.5,14.4,267.5,1014.6,70.4,11.4,26.7,2.3,2,,2024-11-17T07:22:43,2024-11-17T16:07:55,0.55,"Rain, Partially cloudy",Partly cloudy throughout the day with rain.,rain,"03769099999,EGWU,03680099999,EGLL,D5621,03781099999,03672099999,EGLC,03772099999,03770099999"
London,2024-11-18,47.4,44.5,45.8,45.9,39.8,44.1,43.1,90.1,0.394,100,66.67,rain,0.0,0.0,20.6,8.6,115.5,1009.4,86.0,5.7,18.5,1.6,1,,2024-11-18T07:24:24,2024-11-18T16:06:41,0.58,"Rain, Partially cloudy",Partly cloudy throughout the day with rain.,rain,"EGWU,EGLL,D5621,EGLC"
London,2024-11-19,53.5,34.0,40.4,53.5,28.8,36.2,37.8,90.5,0.403,100,66.67,"rain,snow",0.0,0.0,36.0,15.9,308.0,998.2,87.5,5.9,9.0,0.8,1,,2024-11-19T07:26:04,2024-11-19T16:05:29,0.62,"Snow, Rain, Partially cloudy",Partly cloudy throughout the day with a chance of rain or snow throughout the day.,rain,"EGWU,EGLL,D5621,EGLC"
London,2024-11-20,42.3,31.5,35.8,34.7,24.2,28.7,29.3,77.3,0.0,0,0.0,,0.0,0.0,27.3,15.5,274.7,1008.9,40.8,6.2,21.9,1.8,2,,2024-11-20T07:27:44,2024-11-20T16:04:20,0.65,Partially cloudy,Partly cloudy throughout the day.,partly-cloudy-day,"EGWU,EGLL,D5621,F6665,EGLC"
London,2024-11-21,38.4,32.2,34.7,34.1,26.1,29.8,28.5,78.4,0.0,0,0.0,,0.0,0.0,18.5,10.3,274.4,1001.7,74.4,7.0,15.9,1.4,1,,2024-11-21T07:29:22,2024-11-21T16:03:13,0.68,Partially cloudy,Partly cloudy throughout the day.,partly-cloudy-day,"EGWU,03769099999,EGLL,03680099999,D5621,03781099999,03672099999,EGLC,03772099999,03770099999"
London,2024-11-22,46.1,33.5,39.5,40.0,24.8,33.1,31.2,72.5,0.0,0,0.0,,0.0,0.0,26.6,18.1,264.7,1008.0,34.4,15.3,21.3,1.9,2,,2024-11-22T07:30:59,2024-11-22T16:02:09,0.71,Partially cloudy,Partly cloudy throughout the day.,partly-cloudy-day,"03769099999,03680099999,D5621,03781099999,03672099999,03768099999,03772099999,03770099999"
London,2024-11-23,59.1,34.4,48.3,59.1,31.6,45.7,44.8,87.6,0.143,100,37.5,rain,0.0,0.0,42.4,22.9,192.8,1003.1,88.5,6.7,4.5,0.3,0,,2024-11-23T07:32:35,2024-11-23T16:01:07,0.75,"Rain, Partially cloudy",Partly cloudy throughout the day with a chance of rain throughout the day.,rain,"03769099999,03680099999,D5621,03781099999,03672099999,03772099999,03770099999"
London,2024-11-24,63.8,53.7,60.8,63.8,53.7,60.8,52.7,75.1,0.229,100,25.0,rain,0.0,0.0,46.1,27.5,203.6,994.8,93.9,7.3,17.3,1.4,1,,2024-11-24T07:34:10,2024-11-24T16:00:09,0.78,"Rain, Overcast",Cloudy skies throughout the day with rain.,rain,"03769099999,03680099999,D5621,03781099999,03672099999,03772099999,03770099999"
London,2024-11-25,53.9,43.4,50.0,53.9,39.6,48.3,43.3,78.3,0.12,100,16.67,rain,0.0,0.0,24.2,16.6,231.4,1001.7,38.8,9.3,20.6,1.7,1,,2024-11-25T07:35:43,2024-11-25T15:59:13,0.81,"Rain, Partially cloudy",Partly cloudy throughout the day with early morning rain.,rain,"03769099999,03680099999,D5621,03781099999,03672099999,03772099999,03770099999"
London,2024-11-26,50.6,41.6,45.4,50.6,38.6,42.7,39.0,78.3,0.0,0,0.0,,0.0,0.0,14.2,8.4,222.7,1014.9,32.9,11.4,22.5,1.8,2,,2024-11-26T07:37:15,2024-11-26T15:58:20,0.84,Partially cloudy,Partly cloudy throughout the day.,partly-cloudy-day,"03769099999,EGWU,03680099999,EGLL,D5621,03781099999,03672099999,EGLC,03772099999,03770099999"
London,2024-11-27,48.5,36.8,43.7,44.1,33.2,39.0,40.8,89.7,1.022,100,37.5,rain,0.0,0.0,30.0,12.6,331.7,1013.1,73.3,8.8,7.0,0.7,0,,2024-11-27T07:38:46,2024-11-27T15:57:30,0.88,"Rain, Partially cloudy",Partly cloudy throughout the day with rain clearing later.,rain,"03769099999,03680099999,D5621,03781099999,03672099999,03772099999,03770099999"
London,2024-11-28,46.1,31.7,38.5,46.1,31.7,37.3,35.9,90.9,0.008,100,4.17,rain,0.0,0.0,13.6,5.1,100.4,1027.8,11.9,7.7,23.0,2.0,2,,2024-11-28T07:40:15,2024-11-28T15:56:43,0.91,Rain,Clear conditions throughout the day with afternoon rain.,rain,"03769099999,03680099999,D5621,03781099999,03672099999,03772099999,03770099999"
London,2024-11-29,51.2,38.9,44.3,51.2,34.5,40.7,38.1,80.0,0.0,0,0.0,,0.0,0.0,21.9,12.1,139.5,1025.7,11.2,13.9,21.0,1.8,2,,2024-11-29T07:41:43,2024-11-29T15:55:59,0.94,Clear,Clear conditions throughout the day.,clear-day,"03769099999,03680099999,D5621,03781099999,03672099999,03772099999,03770099999"
London,2024-11-30,56.9,47.9,53.3,56.9,45.6,52.9,50.0,88.4,0.0,0,0.0,,0.0,0.0,19.9,8.7,180.8,1023.0,96.4,6.2,14.2,1.2,1,,2024-11-30T07:43:09,2024-11-30T15:55:18,0.98,Overcast,Cloudy skies throughout the day.,cloudy,"03769099999,EGWU,03680099999,EGLL,D5621,03781099999,03672099999,EGLC,03772099999,03770099999"
London,2024-12-01,55.3,51.7,53.8,55.3,51.7,53.8,50.9,89.9,0.083,100,29.17,rain,0.0,0.0,27.5,11.3,185.8,1014.1,86.1,6.2,6.3,0.7,0,,2024-12-01T07:44:32,2024-12-01T15:54:40,0.0,"Rain, Partially cloudy",Partly cloudy throughout the day with a chance of rain throughout the day.,rain,"EGWU,03769099999,EGLL,03680099999,D5621,03781099999,03672099999,EGLC,03772099999,03770099999"
London,2024-12-02,53.9,46.1,50.0,53.9,43.0,48.0,44.1,80.1,0.0,0,0.0,,0.0,0.0,20.8,13.7,267.6,1013.3,78.9,13.8,16.5,1.4,1,,2024-12-02T07:45:55,2024-12-02T15:54:06,0.04,Partially cloudy,Partly cloudy throughout the day.,partly-cloudy-day,"03769099999,03680099999,D5621,03781099999,03672099999,03768099999,03772099999,03770099999"
London,2024-12-03,45.8,40.7,43.6,45.8,38.5,42.3,37.7,79.6,0.0,0,0.0,,0.0,0.0,12.2,6.5,356.0,1022.6,71.5,9.6,20.1,1.6,1,,2024-12-03T07:47:15,2024-12-03T15:53:34,0.08,Partially cloudy,Partly cloudy throughout the day.,partly-cloudy-day,"03769099999,EGWU,03680099999,EGLL,D5621,03781099999,03672099999,EGLC,03772099999,03770099999"
London,2024-12-04,50.3,37.6,44.2,50.3,35.7,41.7,40.6,87.2,0.016,100,8.33,rain,0.0,0.0,21.6,13.8,200.6,1024.1,84.3,10.0,14.3,1.3,1,,2024-12-04T07:48:33,2024-12-04T15:53:06,0.11,"Rain, Partially cloudy",Partly cloudy throughout the day with late afternoon rain.,rain,"03769099999,03680099999,D5621,03781099999,03672099999,03768099999,03772099999,03770099999"
London,2024-12-05,57.8,47.9,53.9,57.8,41.1,53.1,50.5,88.3,0.298,100,45.83,rain,0.0,0.0,36.4,22.1,229.6,1007.6,87.9,8.7,11.3,1.0,1,,2024-12-05T07:49:49,2024-12-05T15:52:41,0.15,"Rain, Partially cloudy",Partly cloudy throughout the day with a chance of rain throughout the day.,rain,"03769099999,03680099999,D5621,03781099999,03672099999,03772099999,03770099999"
London,2024-12-06,52.1,44.0,47.6,52.1,37.8,42.7,38.8,71.8,0.024,100,8.33,rain,0.0,0.0,32.2,18.6,245.8,1013.1,44.3,10.1,25.2,2.1,2,,2024-12-06T07:51:02,2024-12-06T15:52:19,0.19,"Rain, Partially cloudy",Partly cloudy throughout the day with late afternoon rain.,rain,"03769099999,03680099999,D5621,03781099999,03672099999,03772099999,03770099999"
London,2024-12-07,54.2,44.0,47.5,54.2,34.3,41.0,41.3,79.3,0.199,100,33.33,rain,0.0,0.0,49.9,30.6,277.2,994.9,97.4,9.7,6.5,0.5,1,,2024-12-07T07:52:14,2024-12-07T15:52:01,0.22,"Rain, Overcast",Cloudy skies throughout the day with a chance of rain throughout the day.,rain,"03769099999,03680099999,D5621,03781099999,03672099999,03772099999,03770099999"
London,2024-12-08,47.9,43.4,45.7,42.2,35.1,38.6,41.4,85.0,0.287,100,58.33,rain,0.0,0.0,36.6,20.2,354.6,1016.8,96.6,7.5,7.1,0.6,0,,2024-12-08T07:53:22,2024-12-08T15:51:46,0.25,"Rain, Overcast",Cloudy skies throughout the day with a chance of rain throughout the day.,rain,"03769099999,03680099999,D5621,03781099999,03672099999,03768099999,03772099999,03770099999"
London,2024-12-09,47.6,44.9,46.3,41.5,38.4,40.3,40.0,78.6,0.0,0,0.0,,0.0,0.0,27.7,15.6,28.3,1030.1,93.9,10.0,17.2,1.5,2,,2024-12-09T07:54:29,2024-12-09T15:51:34,0.29,Overcast,Cloudy skies throughout the day.,cloudy,"03769099999,03680099999,D5621,03781099999,03672099999,03772099999,03770099999"
London,2024-12-10,46.1,43.4,44.8,40.1,36.6,38.5,38.9,80.1,0.0,0,0.0,,0.0,0.0,25.6,15.2,40.9,1032.2,98.5,7.1,6.2,0.5,0,,2024-12-10T07:55:33,2024-12-10T15:51:25,0.33,Overcast,Cloudy skies throughout the day.,cloudy,"03769099999,03680099999,D5621,03781099999,03672099999,03772099999,03770099999"
London,2024-12-11,45.6,43.1,44.4,41.1,37.5,39.3,38.0,78.2,0.0,0,0.0,,0.0,0.0,18.9,12.3,44.7,1032.3,98.7,7.3,5.2,0.4,0,,2024-12-11T07:56:34,2024-12-11T15:51:21,0.36,Overcast,Cloudy skies throughout the day.,cloudy,"03769099999,03680099999,D5621,03781099999,03672099999,03772099999,03770099999"
London,2024-12-12,47.0,41.3,45.0,45.1,37.7,42.2,42.0,89.6,0.048,100,16.67,rain,0.0,0.0,9.7,7.0,47.2,1030.8,99.2,6.4,8.5,0.5,1,,2024-12-12T07:57:33,2024-12-12T15:51:19,0.4,"Rain, Overcast",Cloudy skies throughout the day with rain.,rain,"03769099999,03680099999,D5621,03781099999,03672099999,03772099999,03770099999"
London,2024-12-13,44.9,39.5,41.8,43.4,35.5,38.9,39.2,90.6,0.032,100,16.67,rain,0.0,0.0,12.3,6.1,148.4,1025.3,99.1,3.8,5.5,0.5,0,,2024-12-13T07:58:29,2024-12-13T15:51:21,0.43,"Rain, Overcast",Cloudy skies throughout the day with rain clearing later.,rain,"03769099999,03680099999,D5621,03781099999,03672099999,03768099999,03772099999,03770099999"
London,2024-12-14,46.7,39.5,43.0,42.1,35.0,38.4,38.7,85.2,0.008,100,4.17,rain,0.0,0.0,15.0,9.8,272.7,1022.7,77.0,10.1,11.0,0.9,1,,2024-12-14T07:59:21,2024-12-14T15:51:26,0.47,"Rain, Partially cloudy",Partly cloudy throughout the day with morning rain.,rain,"03769099999,03680099999,D5621,03781099999,03672099999,03772099999,03770099999"
London,2024-12-15,54.2,41.6,49.1,54.2,36.1,47.1,45.7,88.0,0.0,0,0.0,,0.0,0.0,24.2,17.2,252.9,1027.5,85.1,17.3,16.3,1.3,1,,2024-12-15T08:00:12,2024-12-15T15:51:35,0.5,Partially cloudy,Partly cloudy throughout the day.,partly-cloudy-day,"03769099999,03680099999,D5621,03781099999,03672099999,03772099999,03770099999"
London,2024-12-16,53.0,47.9,51.2,53.0,44.8,50.4,45.3,80.3,0.0,0,0.0,,0.0,0.0,22.8,18.4,245.1,1030.8,87.6,16.8,10.7,1.1,1,,2024-12-16T08:00:59,2024-12-16T15:51:47,0.54,Partially cloudy,Partly cloudy throughout the day.,partly-cloudy-day,"03769099999,03680099999,D5621,03781099999,03672099999,03772099999,03770099999"
London,2024-12-17,50.6,41.1,47.8,50.6,38.6,45.4,44.8,89.6,0.008,100,4.17,rain,0.0,0.0,26.6,16.6,191.4,1023.0,82.1,8.0,5.5,0.6,0,,2024-12-17T08:01:43,2024-12-17T15:52:03,0.57,"Rain, Partially cloudy",Partly cloudy throughout the day with late afternoon rain.,rain,"03769099999,03680099999,D5621,03781099999,03672099999,03768099999,03772099999,03770099999"
London,2024-12-18,58.2,50.6,55.4,58.2,50.6,55.4,50.8,84.8,0.064,100,20.83,rain,0.0,0.0,40.3,21.5,218.6,1005.8,95.7,5.8,15.0,1.3,1,,2024-12-18T08:02:24,2024-12-18T15:52:22,0.6,"Rain, Overcast",Cloudy skies throughout the day with rain.,rain,"03769099999,EGWU,03680099999,EGLL,D5621,03781099999,03672099999,EGLC,03772099999,03770099999"
London,2024-12-19,56.6,40.2,45.4,56.6,34.0,39.8,38.1,75.9,0.039,100,4.17,rain,0.0,0.0,28.6,17.5,289.0,1007.9,59.0,15.5,19.8,1.7,2,,2024-12-19T08:03:02,2024-12-19T15:52:44,0.63,"Rain, Partially cloudy",Partly cloudy throughout the day with early morning rain.,rain,"03769099999,03680099999,D5621,03781099999,03672099999,03772099999,03770099999"
London,2024-12-20,49.2,36.8,43.0,44.4,31.7,37.9,38.6,84.6,0.032,100,12.5,rain,0.0,0.0,23.6,12.7,241.1,1018.8,38.9,11.7,19.5,1.7,1,,2024-12-20T08:03:36,2024-12-20T15:53:10,0.66,"Rain, Partially cloudy",Partly cloudy throughout the day with rain.,rain,"03769099999,03680099999,D5621,03781099999,03672099999,03772099999,03770099999"
London,2024-12-21,54.8,40.7,47.7,54.8,35.8,44.2,42.8,83.8,0.039,100,8.33,rain,0.0,0.0,32.4,18.9,245.7,1011.0,66.1,9.2,7.7,0.8,1,,2024-12-21T08:04:08,2024-12-21T15:53:39,0.7,"Rain, Partially cloudy",Partly cloudy throughout the day with morning rain.,rain,"03769099999,03680099999,D5621,03781099999,03672099999,03772099999,03770099999"
London,2024-12-22,47.0,40.4,43.7,41.1,32.0,35.8,33.7,68.0,0.0,0,0.0,,0.0,0.0,32.5,21.4,283.4,1007.0,51.2,13.5,16.7,1.3,1,,2024-12-22T08:04:36,2024-12-22T15:54:11,0.75,Partially cloudy,Partly cloudy throughout the day.,partly-cloudy-day,"03769099999,03680099999,D5621,03781099999,03672099999,03772099999,03770099999"
London,2024-12-23,44.9,41.1,43.2,41.3,35.5,38.2,34.2,71.3,0.008,100,4.17,rain,0.0,0.0,28.0,16.7,288.3,1022.5,46.2,8.7,13.5,1.2,1,,2024-12-23T08:05:01,2024-12-23T15:54:46,0.76,"Rain, Partially cloudy",Becoming cloudy in the afternoon with late afternoon rain.,rain,"03769099999,03680099999,D5621,03781099999,03672099999,03772099999,03770099999"
London,2024-12-24,53.3,43.8,49.4,53.3,40.5,48.1,47.7,93.9,0.008,100,4.17,rain,0.0,0.0,12.4,10.0,258.7,1025.9,92.0,6.1,18.2,1.6,1,,2024-12-24T08:05:23,2024-12-24T15:55:25,0.79,"Rain, Overcast",Cloudy skies throughout the day with early morning rain.,rain,"03769099999,03680099999,D5621,03781099999,03672099999,03772099999,03770099999"
London,2024-12-25,50.1,47.6,48.8,50.1,43.8,46.9,46.3,90.9,0.0,0,0.0,,0.0,0.0,12.5,7.9,256.7,1032.6,99.8,7.5,10.0,0.9,1,,2024-12-25T08:05:41,2024-12-25T15:56:07,0.83,Overcast,Cloudy skies throughout the day.,cloudy,"03769099999,03680099999,D5621,03781099999,03672099999,03772099999,03770099999"
London,2024-12-26,47.4,43.1,44.6,47.0,41.0,43.7,42.7,92.8,0.0,0,0.0,,0.0,0.0,8.9,5.2,184.1,1034.6,99.9,4.0,8.5,0.9,0,,2024-12-26T08:05:56,2024-12-26T15:56:52,0.86,Overcast,Cloudy skies throughout the day.,cloudy,"03769099999,03680099999,D5621,03781099999,03672099999,03772099999,03770099999"
London,2024-12-27,44.7,42.5,43.6,44.7,40.9,43.3,42.8,96.8,0.0,0,0.0,,0.0,0.0,6.3,4.4,264.1,1032.6,98.5,1.6,6.6,0.5,0,,2024-12-27T08:06:08,2024-12-27T15:57:41,0.89,Overcast,Cloudy skies throughout the day.,cloudy,"03769099999,03680099999,D5621,03781099999,03672099999,03768099999,03772099999,03770099999"
London,2024-12-28,42.5,39.5,40.8,40.7,35.3,38.1,39.2,94.0,0.0,0,0.0,,0.0,0.0,10.1,6.2,275.0,1029.2,99.9,3.1,7.4,0.6,0,,2024-12-28T08:06:16,2024-12-28T15:58:32,0.92,Overcast,Cloudy skies throughout the day.,cloudy,"03769099999,03680099999,D5621,03781099999,03672099999,03772099999,03770099999"
London,2024-12-29,47.4,38.0,41.9,43.0,33.0,37.8,40.1,93.4,0.0,0,0.0,,0.0,0.0,11.1,9.9,249.4,1029.8,99.9,3.2,12.1,1.0,1,,2024-12-29T08:06:21,2024-12-29T15:59:26,0.95,Overcast,Cloudy skies throughout the day.,cloudy,"03769099999,03680099999,D5621,03781099999,03672099999,03772099999,03770099999"
London,2024-12-30,48.3,45.8,47.0,43.8,40.6,42.2,41.2,80.3,0.0,0,0.0,,0.0,0.0,18.5,14.2,238.8,1027.7,98.2,17.7,21.0,1.8,2,,2024-12-30T08:06:23,2024-12-30T16:00:23,0.0,Overcast,Cloudy skies throughout the day.,cloudy,"03769099999,03680099999,D5621,03781099999,03672099999,03772099999,03770099999"
London,2024-12-31,54.6,45.8,50.8,54.6,41.8,49.0,44.4,78.9,0.0,0,0.0,,0.0,0.0,34.7,22.9,226.8,1020.1,88.3,9.3,18.7,1.7,1,,2024-12-31T08:06:21,2024-12-31T16:01:23,0.02,Partially cloudy,Partly cloudy throughout the day.,partly-cloudy-day,"03769099999,03680099999,D5621,03781099999,03672099999,03772099999,03770099999"
Berlin,2024-10-16,58.1,39.5,48.2,58.1,34.4,45.6,39.8,74.0,0.0,0,0.0,,0.0,0.0,28.2,15.8,115.8,1023.8,20.1,25.4,119.3,10.4,5,,2024-10-16T07:34:24,2024-10-16T18:08:42,0.46,Partially cloudy,Clearing in the afternoon.,partly-cloudy-day,"00427,07389,03987,00403,E2835,00433,00400"
Berlin,2024-10-17,62.3,45.6,52.9,62.3,41.1,51.0,44.8,74.4,0.0,0,0.0,,0.0,0.0,25.7,13.4,128.6,1018.2,41.0,26.5,95.1,8.3,5,,2024-10-17T07:36:11,2024-10-17T18:06:31,0.5,Partially cloudy,Becoming cloudy in the afternoon.,partly-cloudy-day,"00427,07389,03987,00403,E2835,00433,00400"
Berlin,2024-10-18,63.6,47.3,54.7,63.6,44.5,54.0,48.4,80.3,0.0,0,0.0,,0.0,0.0,19.5,10.7,120.2,1017.0,62.3,20.4,95.3,8.3,4,,2024-10-18T07:37:59,2024-10-18T18:04:20,0.53,Partially cloudy,Partly cloudy throughout the day.,partly-cloudy-day,"00427,07389,03987,00403,E2835,00433,00400"
Berlin,2024-10-19,64.8,49.9,56.3,64.8,46.6,56.2,49.7,78.8,0.0,0,0.0,,0.0,0.0,19.5,10.2,155.1,1017.8,78.3,22.3,79.8,6.8,4,,2024-10-19T07:39:46,2024-10-19T18:02:11,0.56,Partially cloudy,Partly cloudy throughout the day.,partly-cloudy-day,"00427,07389,03987,00403,E2835,00433,00400"
Berlin,2024-10-20,61.6,51.1,55.3,61.6,51.1,55.3,49.1,80.5,0.0,0,0.0,,0.0,0.0,18.1,8.9,154.8,1022.5,88.8,18.5,78.3,7.0,4,,2024-10-20T07:41:34,2024-10-20T18:00:02,0.6,Partially cloudy,Partly cloudy throughout the day.,partly-cloudy-day,"00427,07389,03987,00403,E2835,00433,00400"
Berlin,2024-10-21,65.4,56.6,60.7,65.4,56.6,60.7,55.6,83.5,0.01,100,8.33,rain,0.0,0.0,17.9,9.5,196.9,1023.6,92.7,22.1,40.0,3.4,2,,2024-10-21T07:43:23,2024-10-21T17:57:55,0.63,"Rain, Overcast",Cloudy skies throughout the day with morning rain.,rain,"00427,07389,03987,00403,E2835,00433,00400"
Berlin,2024-10-22,62.4,48.5,55.7,62.4,45.6,55.4,51.3,85.3,0.0,0,0.0,,0.0,0.0,27.3,19.4,248.4,1025.1,54.8,21.7,45.4,3.9,2,,2024-10-22T07:45:11,2024-10-22T17:55:49,0.66,Partially cloudy,Partly cloudy throughout the day.,partly-cloudy-day,"00427,07389,03987,00403,E2835,00433,00400"
Berlin,2024-10-23,60.7,42.5,49.8,60.7,39.8,48.5,46.1,87.8,0.0,0,0.0,,0.0,0.0,13.0,7.1,249.0,1034.8,6.5,17.7,84.3,7.3,5,,2024-10-23T07:47:00,2024-10-23T17:53:44,0.7,Clear,Clear conditions throughout the day.,clear-day,"00427,07389,03987,00403,E2835,00433,00400"
Berlin,2024-10-24,60.2,38.7,48.9,60.2,35.6,47.9,44.1,85.1,0.0,0,0.0,,0.0,0.0,19.9,12.0,109.5,1031.4,5.8,15.5,101.2,8.7,4,,2024-10-24T07:48:49,2024-10-24T17:51:40,0.75,Clear,Clear conditions throughout the day.,clear-day,"00427,07389,03987,00403,E2835,00433,00400"
Berlin,2024-10-25,63.2,43.9,52.1,63.2,40.9,51.0,47.6,85.6,0.0,0,0.0,,0.0,0.0,14.3,6.9,149.0,1022.4,2.6,13.7,92.8,7.9,4,,2024-10-25T07:50:38,2024-10-25T17:49:37,0.76,Clear,Clear conditions throughout the day.,clear-day,"00427,07389,03987,00403,E2835,00433,00400"
Berlin,2024-10-26,64.7,45.1,53.1,64.7,44.0,52.9,49.9,89.5,0.0,0,0.0,,0.0,0.0,10.1,7.4,136.0,1021.0,13.3,7.5,93.7,8.1,4,,2024-10-26T07:52:28,2024-10-26T17:47:35,0.8,Clear,Clear conditions throughout the day.,clear-day,"00427,07389,03987,00403,E2835,00433,00400"
Berlin,2024-10-27,59.1,45.1,51.8,59.1,40.8,50.6,48.9,90.0,0.001,100,4.17,rain,0.0,0.0,23.9,16.1,226.4,1019.4,47.6,4.2,76.2,6.9,5,,2024-10-27T06:54:18,2024-10-27T16:45:35,0.83,"Rain, Partially cloudy",Partly cloudy throughout the day with afternoon rain.,rain,"00427,07389,06265,03509,03987,10385099999,00403,EDDB,E2835,05745,00433,00400"
Berlin,2024-10-28,60.1,44.7,52.5,60.1,42.9,51.8,50.6,93.5,0.007,100,8.33,rain,0.0,0.0,17.2,11.4,214.5,1024.0,88.5,8.1,37.8,3.2,1,,2024-10-28T06:56:08,2024-10-28T16:43:36,0.86,"Rain, Partially cloudy",Partly cloudy throughout the day with rain.,rain,"00427,07389,06265,03509,03987,10385099999,00403,EDDB,E2835,05745,00400,00433"
Berlin,2024-10-29,59.4,53.6,56.2,59.4,53.6,56.2,53.3,89.9,0.028,100,20.83,rain,0.0,0.0,16.1,8.7,244.6,1024.1,98.5,14.0,31.6,2.8,2,,2024-10-29T06:57:58,2024-10-29T16:41:39,0.9,"Rain, Overcast",Cloudy skies throughout the day with rain clearing later.,rain,"00427,07389,03987,00403,E2835,00433,00400"
Berlin,2024-10-30,59.5,54.8,56.7,59.5,54.8,56.7,52.7,86.6,0.0,0,0.0,,0.0,0.0,20.4,10.9,279.2,1025.2,98.1,14.8,28.8,2.6,2,,2024-10-30T06:59:48,2024-10-30T16:39:43,0.93,Overcast,Cloudy skies throughout the day.,cloudy,"00427,07389,03509,03987,00403,00303,E2835,05745,00433,00400"
Berlin,2024-10-31,56.2,48.5,53.6,56.2,45.3,53.2,48.3,82.6,0.0,0,0.0,,0.0,0.0,23.7,12.3,265.5,1026.0,96.6,21.5,32.7,2.9,2,,2024-10-31T07:01:39,2024-10-31T16:37:48,0.96,Overcast,Cloudy skies throughout the day.,cloudy,"00427,07389,03987,00403,00303,E2835,05745,00433,00400"
Berlin,2024-11-01,54.4,50.0,52.1,54.4,44.8,51.9,48.3,86.9,0.0,0,0.0,,0.0,0.0,28.6,14.5,265.9,1021.1,82.5,7.0,17.0,1.5,1,,2024-11-01T07:03:29,2024-11-01T16:35:55,0.0,Partially cloudy,Partly cloudy throughout the day.,partly-cloudy-day,"00427,07389,03987,00403,E2835,00433,00400"
Berlin,2024-11-02,52.0,33.4,45.1,52.0,32.2,42.8,38.2,77.5,0.032,100,16.67,rain,0.0,0.0,22.4,13.9,339.2,1029.9,56.5,21.9,77.5,6.8,4,,2024-11-02T07:05:20,2024-11-02T16:34:04,0.03,"Rain, Partially cloudy",Partly cloudy throughout the day with early morning rain.,rain,"00427,07389,03987,00403,E2835,00433,00400"
Berlin,2024-11-03,50.3,31.1,40.2,50.3,27.5,37.6,35.3,83.9,0.0,0,0.0,,0.0,0.0,15.2,7.6,243.8,1031.2,47.7,21.6,78.8,6.9,4,,2024-11-03T07:07:10,2024-11-03T16:32:14,0.07,Partially cloudy,Partly cloudy throughout the day.,partly-cloudy-day,"00427,07389,03987,00403,E2835,00433,00400"
Berlin,2024-11-04,51.1,43.2,47.5,51.1,39.1,45.6,45.3,92.2,0.008,100,16.67,rain,0.0,0.0,13.9,7.4,237.5,1030.6,99.5,10.6,28.2,2.5,1,,2024-11-04T07:09:01,2024-11-04T16:30:26,0.1,"Rain, Overcast",Cloudy skies throughout the day with morning rain.,rain,"00427,07389,03987,00403,E2835,00433,00400"
Berlin,2024-11-05,48.1,39.4,44.4,46.0,36.1,41.9,41.5,89.6,0.0,0,0.0,,0.0,0.0,15.2,8.0,134.6,1027.9,75.8,12.4,39.1,3.3,1,,2024-11-05T07:10:51,2024-11-05T16:28:40,0.14,Partially cloudy,Partly cloudy throughout the day.,partly-cloudy-day,"00427,07389,03987,00403,E2835,00433,00400"
Berlin,2024-11-06,40.8,37.8,39.2,40.1,35.1,38.1,38.8,98.5,0.002,100,8.33,rain,0.0,0.0,6.9,4.4,177.0,1031.0,99.8,2.1,14.5,1.3,1,,2024-11-06T07:12:41,2024-11-06T16:26:55,0.17,"Rain, Overcast",Cloudy skies throughout the day with late afternoon rain.,rain,"00427,07389,03987,00403,E2835,00433,00400"
Berlin,2024-11-07,41.4,39.9,40.6,41.3,35.1,38.7,37.7,89.6,0.003,100,8.33,rain,0.0,0.0,9.2,9.3,58.5,1035.0,99.9,15.5,16.1,1.3,1,,2024-11-07T07:14:32,2024-11-07T16:25:12,0.21,"Rain, Overcast",Cloudy skies throughout the day with morning rain.,rain,"00427,07389,03987,00403,E2835,00433,00400"
Berlin,2024-11-08,42.6,40.1,41.4,40.3,34.3,36.2,37.1,84.6,0.0,0,0.0,,0.0,0.0,20.4,11.9,98.7,1033.3,82.0,12.7,15.9,1.3,1,,2024-11-08T07:16:22,2024-11-08T16:23:32,0.24,Partially cloudy,Partly cloudy throughout the day.,partly-cloudy-day,"00427,07389,03987,00403,E2835,00433,00400"
Berlin,2024-11-09,43.6,35.7,39.3,38.9,29.6,33.4,35.8,87.3,0.0,0,0.0,,0.0,0.0,17.0,12.6,102.2,1029.8,67.0,5.2,44.4,3.9,3,,2024-11-09T07:18:11,2024-11-09T16:21:53,0.25,Partially cloudy,Partly cloudy throughout the day.,partly-cloudy-day,"00427,07389,03987,00403,E2835,00433,00400"
Berlin,2024-11-10,35.2,33.3,34.3,35.1,27.9,31.3,33.6,97.3,0.0,0,0.0,,0.0,0.0,10.1,8.3,139.8,1029.5,82.3,1.6,13.5,1.2,1,,2024-11-10T07:20:01,2024-11-10T16:20:16,0.31,Partially cloudy,Partly cloudy throughout the day.,partly-cloudy-day,"00427,07389,03987,00403,E2835,00433,00400"
Berlin,2024-11-11,42.4,34.4,38.8,39.6,30.5,36.1,37.2,93.9,0.0,0,0.0,,0.0,0.0,12.3,8.3,129.2,1028.5,99.9,3.8,16.5,1.3,1,,2024-11-11T07:21:50,2024-11-11T16:18:41,0.35,Overcast,Cloudy skies throughout the day.,cloudy,"00427,07389,03987,00403,E2835,00433,00400"
Berlin,2024-11-12,41.0,38.7,39.7,39.3,33.5,36.4,37.7,92.5,0.005,100,4.17,rain,0.0,0.0,13.0,7.8,59.6,1032.3,99.0,6.5,11.4,1.1,1,,2024-11-12T07:23:39,2024-11-12T16:17:09,0.38,"Rain, Overcast",Cloudy skies throughout the day with afternoon rain.,rain,"00427,07389,03987,00403,E2835,00433,00400"
Berlin,2024-11-13,46.7,37.7,41.8,45.7,33.8,38.9,39.6,92.0,0.003,100,8.33,rain,0.0,0.0,15.4,7.5,276.2,1029.3,77.0,11.8,27.8,2.3,3,,2024-11-13T07:25:27,2024-11-13T16:15:39,0.42,"Rain, Partially cloudy",Partly cloudy throughout the day with rain clearing later.,rain,"00427,07389,03987,00403,E2835,00433,00400"
Berlin,2024-11-14,47.2,35.8,42.7,42.7,31.2,38.3,40.8,93.2,0.03,100,25.0,rain,0.0,0.0,19.7,13.3,257.9,1022.8,92.9,9.6,14.0,1.2,1,,2024-11-14T07:27:15,2024-11-14T16:14:11,0.45,"Rain, Overcast",Cloudy skies throughout the day with rain in the morning and afternoon.,rain,"00427,07389,03987,00403,E2835,00433,00400"
Berlin,2024-11-15,48.9,40.7,45.7,44.7,37.1,41.4,41.9,86.9,0.0,0,0.0,,0.0,0.0,20.1,12.6,267.2,1023.9,98.0,14.4,27.8,2.4,2,,2024-11-15T07:29:02,2024-11-15T16:12:45,0.5,Overcast,Cloudy skies throughout the day.,cloudy,"00427,07389,03987,00403,E2835,00433,00400"
Berlin,2024-11-16,47.4,44.3,45.2,43.2,38.4,40.0,37.4,74.0,0.0,0,0.0,,0.0,0.0,24.8,12.5,237.7,1017.5,79.6,22.9,12.0,1.0,1,,2024-11-16T07:30:49,2024-11-16T16:11:21,0.52,Partially cloudy,Partly cloudy throughout the day.,partly-cloudy-day,"00427,07389,03987,00403,E2835,00433,00400"
Berlin,2024-11-17,45.4,41.2,43.1,39.5,34.2,36.9,39.4,86.9,0.132,100,41.67,rain,0.0,0.0,28.0,17.1,238.6,1006.2,95.0,14.5,13.8,1.2,1,,2024-11-17T07:32:34,2024-11-17T16:10:00,0.55,"Rain, Overcast",Cloudy skies throughout the day with a chance of rain throughout the day.,rain,"00427,07389,03987,00403,E2835,00433,00400"
Berlin,2024-11-18,43.8,38.5,41.1,37.0,32.3,34.3,34.1,76.1,0.0,0,0.0,,0.0,0.0,31.3,14.9,253.9,1006.1,66.2,28.9,21.6,1.8,2,,2024-11-18T07:34:19,2024-11-18T16:08:42,0.58,Partially cloudy,Partly cloudy throughout the day.,partly-cloudy-day,"00427,07389,03987,00403,E2835,00433,00400"
Berlin,2024-11-19,49.9,34.3,38.6,44.7,24.6,32.4,36.4,91.7,0.834,100,62.5,"rain,snow",0.0,0.0,38.5,16.3,229.2,995.0,99.8,14.7,7.3,0.8,0,,2024-11-19T07:36:03,2024-11-19T16:07:26,0.62,"Snow, Rain, Overcast",Cloudy skies throughout the day with rain or snow.,rain,"00427,07389,03987,00403,E2835,00433,00400"
Berlin,2024-11-20,37.7,34.9,36.2,30.3,25.3,28.2,32.7,87.4,0.081,100,33.33,"rain,snow",0.1,0.0,26.6,16.2,274.3,994.3,87.5,17.9,23.2,1.8,2,,2024-11-20T07:37:47,2024-11-20T16:06:13,0.65,"Snow, Rain, Partially cloudy",Partly cloudy throughout the day with rain or snow.,snow,"00427,07389,03987,00403,E2835,00433,00400"
Berlin,2024-11-21,37.7,31.3,34.4,30.8,23.8,27.0,29.7,82.8,0.002,100,4.17,"rain,snow",0.0,0.0,28.2,13.7,243.8,996.3,73.4,24.4,31.0,2.7,2,,2024-11-21T07:39:29,2024-11-21T16:05:02,0.68,"Snow, Rain, Partially cloudy",Partly cloudy throughout the day with early morning snow or rain.,rain,"00427,07389,03987,00403,E2835,00433,00400"
Berlin,2024-11-22,36.9,31.1,34.9,30.6,24.5,28.1,30.0,82.3,0.013,100,12.5,"rain,snow",0.1,0.0,22.6,12.6,233.0,998.1,85.2,23.1,19.8,1.6,2,,2024-11-22T07:41:10,2024-11-22T16:03:54,0.71,"Snow, Rain, Partially cloudy",Partly cloudy throughout the day with rain or snow.,snow,"00427,07389,03987,05825,00403,E2835,00433,00400"
Berlin,2024-11-23,41.4,31.1,35.9,35.5,23.0,28.9,30.3,79.9,0.008,100,4.17,"rain,snow",0.0,0.0,26.4,14.7,232.2,1016.4,63.8,27.9,22.8,1.8,1,,2024-11-23T07:42:49,2024-11-23T16:02:49,0.75,"Snow, Rain, Partially cloudy",Partly cloudy throughout the day with early morning snow or rain.,rain,"00427,07389,03987,00403,E2835,00433,00400"
Berlin,2024-11-24,54.3,37.4,47.0,54.3,29.3,43.8,40.9,80.1,0.444,100,45.83,rain,0.0,0.0,27.1,13.0,191.7,1012.4,93.4,17.6,25.4,2.3,1,,2024-11-24T07:44:28,2024-11-24T16:01:47,0.78,"Rain, Overcast",Cloudy skies throughout the day with a chance of rain throughout the day.,rain,"00427,07389,03987,00403,E2835,00433,00400"
Berlin,2024-11-25,57.0,49.2,53.7,57.0,45.3,53.2,41.7,64.0,0.0,0,0.0,,0.0,0.0,25.5,12.8,171.1,1010.1,71.6,29.4,26.3,2.1,1,,2024-11-25T07:46:05,2024-11-25T16:00:47,0.81,Partially cloudy,Partly cloudy throughout the day.,partly-cloudy-day,"00427,07389,03987,00403,E2835,00433,00400"
Berlin,2024-11-26,52.3,45.4,48.7,52.3,42.2,46.7,43.7,83.0,0.07,100,25.0,rain,0.0,0.0,18.3,9.2,228.9,1016.3,60.1,19.9,40.5,3.6,3,,2024-11-26T07:47:41,2024-11-26T15:59:51,0.84,"Rain, Partially cloudy",Partly cloudy throughout the day with rain clearing later.,rain,"00427,07389,03987,00403,E2835,00433,00400"
Berlin,2024-11-27,48.3,39.4,44.3,46.4,35.8,40.3,40.6,87.0,0.137,100,16.67,rain,0.0,0.0,37.6,14.6,178.4,1019.0,53.7,18.4,53.7,4.6,3,,2024-11-27T07:49:15,2024-11-27T15:58:57,0.88,"Rain, Partially cloudy",Becoming cloudy in the afternoon with late afternoon rain.,rain,"00427,07389,03987,00403,E2835,00433,00400"
Berlin,2024-11-28,48.0,41.1,43.5,42.6,32.5,36.1,40.6,89.8,0.372,100,87.5,rain,0.0,0.0,37.8,20.6,272.4,1011.3,91.7,13.0,6.2,0.5,0,,2024-11-28T07:50:47,2024-11-28T15:58:07,0.91,"Rain, Overcast",Cloudy skies throughout the day with a chance of rain throughout the day.,rain,"00427,07389,03987,00403,E2835,00433,00400"
Berlin,2024-11-29,43.2,36.8,40.5,40.8,30.7,36.4,35.9,83.5,0.0,0,0.0,,0.0,0.0,26.2,15.3,320.0,1032.3,73.0,29.0,9.5,0.8,1,,2024-11-29T07:52:18,2024-11-29T15:57:19,0.94,Partially cloudy,Partly cloudy throughout the day.,partly-cloudy-day,"00427,07389,03987,00403,E2835,00433,00400"
Berlin,2024-11-30,42.0,32.9,37.2,37.2,26.7,32.4,32.4,82.8,0.0,0,0.0,,0.0,0.0,17.0,9.3,157.9,1033.3,52.0,28.4,56.5,5.0,3,,2024-11-30T07:53:47,2024-11-30T15:56:35,0.97,Partially cloudy,Partly cloudy throughout the day.,partly-cloudy-day,"00427,07389,03987,00403,E2835,00433,00400"
Berlin,2024-12-01,41.1,28.6,33.1,36.9,22.3,27.5,30.1,88.8,0.0,0,0.0,,0.0,0.0,16.1,8.4,152.0,1025.7,1.0,14.7,56.4,4.9,3,,2024-12-01T07:55:14,2024-12-01T15:55:54,0.0,Clear,Clear conditions throughout the day.,clear-day,"00427,07389,03987,00403,E2835,00433,00400"
Berlin,2024-12-02,44.3,29.8,37.9,40.3,23.4,32.8,33.4,83.6,0.0,0,0.0,,0.0,0.0,16.1,9.1,186.1,1016.1,62.3,19.5,25.4,2.2,1,,2024-12-02T07:56:39,2024-12-02T15:55:17,0.04,Partially cloudy,Partly cloudy throughout the day.,partly-cloudy-day,"00427,07389,03987,00403,E2835,00433,00400"
Berlin,2024-12-03,47.3,41.0,42.9,44.3,35.6,38.7,39.9,89.2,0.08,100,33.33,rain,0.0,0.0,15.7,14.2,227.4,1014.6,82.4,15.6,26.5,2.4,2,,2024-12-03T07:58:02,2024-12-03T15:54:42,0.08,"Rain, Partially cloudy",Partly cloudy throughout the day with rain.,rain,"00427,07389,03987,00403,E2835,00433,00400"
Berlin,2024-12-04,41.2,39.5,40.0,37.4,34.6,35.5,37.5,90.9,0.032,100,37.5,rain,0.0,0.0,15.9,8.5,255.0,1021.8,93.2,14.4,17.8,1.7,1,,2024-12-04T07:59:23,2024-12-04T15:54:11,0.11,"Rain, Overcast",Cloudy skies throughout the day with a chance of rain throughout the day.,rain,"00427,07389,03987,00403,E2835,00433,00400"
Berlin,2024-12-05,40.8,36.7,38.8,35.9,29.2,33.1,34.9,86.0,0.097,100,29.17,rain,0.0,0.0,23.3,11.8,206.4,1021.7,72.0,14.8,46.1,4.1,3,,2024-12-05T08:00:41,2024-12-05T15:53:44,0.15,"Rain, Partially cloudy",Clearing in the afternoon with rain clearing later.,rain,"00427,07389,03987,00403,E2835,00433,00400"
Berlin,2024-12-06,44.7,36.6,40.6,44.7,28.1,35.7,38.2,91.5,0.382,100,62.5,rain,0.1,0.0,25.5,13.9,167.6,1004.2,98.9,13.1,12.4,0.9,1,,2024-12-06T08:01:58,2024-12-06T15:53:19,0.18,"Rain, Overcast",Cloudy skies throughout the day with a chance of rain or snow throughout the day.,snow,"00427,07389,03987,00403,E2835,00433,00400"
Berlin,2024-12-07,43.9,40.1,42.0,40.3,33.9,37.0,39.6,91.5,0.136,100,54.17,rain,0.0,0.0,19.9,10.8,175.2,1006.1,99.8,15.2,20.3,1.8,1,,2024-12-07T08:03:11,2024-12-07T15:52:58,0.22,"Rain, Overcast",Cloudy skies throughout the day with a chance of rain throughout the day.,rain,"00427,07389,03987,00403,E2835,00433,00400"
Berlin,2024-12-08,40.9,38.8,40.1,36.5,31.6,34.4,38.2,92.9,0.04,100,25.0,rain,0.0,0.0,18.8,11.9,78.1,1011.0,100.0,8.7,7.1,0.7,0,,2024-12-08T08:04:22,2024-12-08T15:52:41,0.25,"Rain, Overcast",Cloudy skies throughout the day with rain.,rain,"00427,07389,03987,00403,E2835,00433,00400"
Berlin,2024-12-09,40.6,34.6,38.3,34.0,28.0,31.5,36.3,92.6,0.141,100,41.67,"rain,snow",0.0,0.0,22.4,15.8,45.1,1023.9,100.0,10.6,8.5,0.7,1,,2024-12-09T08:05:31,2024-12-09T15:52:27,0.29,"Snow, Rain, Overcast",Cloudy skies throughout the day with a chance of rain or snow throughout the day.,rain,"00427,07389,03987,00403,E2835,00433,00400"
Berlin,2024-12-10,39.8,36.6,37.7,32.7,28.9,30.9,34.5,88.3,0.0,0,0.0,,0.0,0.0,21.3,15.4,64.5,1030.5,99.3,16.4,8.5,0.6,0,,2024-12-10T08:06:37,2024-12-10T15:52:17,0.33,Overcast,Cloudy skies throughout the day.,cloudy,"00427,07389,03987,05825,00403,E2835,00433,00400"
Berlin,2024-12-11,38.3,34.4,36.4,38.3,28.4,32.3,32.7,86.5,0.0,0,0.0,,0.0,0.0,11.2,8.6,340.6,1030.6,97.7,16.7,9.3,0.9,1,,2024-12-11T08:07:40,2024-12-11T15:52:10,0.36,Overcast,Cloudy skies throughout the day.,cloudy,"00427,07389,03987,00403,E2835,00433,00400"
Berlin,2024-12-12,36.3,34.7,35.4,36.3,30.0,32.5,30.9,83.6,0.0,0,0.0,,0.0,0.0,7.4,5.7,298.4,1032.2,94.6,14.4,6.8,0.5,0,,2024-12-12T08:08:40,2024-12-12T15:52:07,0.4,Overcast,Cloudy skies throughout the day.,cloudy,"00427,07389,03987,00403,E2835,00433,00400"
Berlin,2024-12-13,37.0,32.8,34.6,31.0,26.6,28.9,29.8,82.7,0.0,0,0.0,,0.0,0.0,17.7,10.8,138.9,1031.7,63.9,15.4,27.8,2.5,3,,2024-12-13T08:09:38,2024-12-13T15:52:07,0.43,Partially cloudy,Partly cloudy throughout the day.,partly-cloudy-day,"00427,07389,03987,00403,E2835,00433,00400"
Berlin,2024-12-14,37.5,29.6,32.8,29.9,20.9,25.2,30.1,89.7,0.04,100,12.5,"rain,snow",0.0,0.0,25.1,12.1,239.3,1017.1,80.7,6.7,6.9,0.5,0,,2024-12-14T08:10:32,2024-12-14T15:52:11,0.47,"Snow, Rain, Partially cloudy",Partly cloudy throughout the day with late afternoon rain or snow.,rain,"00427,07389,03987,00403,E2835,00433,00400"
Berlin,2024-12-15,46.9,38.3,41.9,40.6,30.9,34.9,39.9,92.6,0.091,100,79.17,rain,0.0,0.0,33.3,15.5,261.2,1018.2,99.7,9.8,12.2,1.0,1,,2024-12-15T08:11:23,2024-12-15T15:52:19,0.5,"Rain, Overcast",Cloudy skies throughout the day with a chance of rain throughout the day.,rain,"00427,07389,03987,00403,E2835,00433,00400"
Berlin,2024-12-16,52.5,47.9,50.1,52.5,41.9,47.4,46.8,88.5,0.046,100,29.17,rain,0.0,0.0,38.5,20.4,263.9,1021.1,100.0,16.8,19.0,1.7,2,,2024-12-16T08:12:11,2024-12-16T15:52:30,0.53,"Rain, Overcast",Cloudy skies throughout the day with rain.,rain,"00427,07389,03987,00403,E2835,00433,00400"
Berlin,2024-12-17,49.5,47.7,48.8,44.2,41.9,43.5,42.6,79.2,0.0,0,0.0,,0.0,0.0,34.7,18.6,262.8,1023.4,99.2,23.5,10.3,1.0,1,,2024-12-17T08:12:56,2024-12-17T15:52:45,0.57,Overcast,Cloudy skies throughout the day.,cloudy,"00427,07389,03987,00403,E2835,00433,00400"
Berlin,2024-12-18,53.7,43.5,48.0,53.7,38.7,45.4,40.9,76.3,0.003,100,4.17,rain,0.0,0.0,30.2,15.0,209.4,1014.6,84.8,24.5,19.3,1.7,2,,2024-12-18T08:13:38,2024-12-18T15:53:03,0.6,"Rain, Partially cloudy",Partly cloudy throughout the day with afternoon rain.,rain,"00427,07389,03987,00403,E2835,00433,00400"
Berlin,2024-12-19,56.0,43.2,51.7,56.0,35.6,50.2,45.2,78.5,0.061,100,33.33,rain,0.0,0.0,34.0,20.1,227.6,998.8,95.6,22.6,13.4,1.1,1,,2024-12-19T08:14:16,2024-12-19T15:53:25,0.63,"Rain, Overcast",Cloudy skies throughout the day with rain.,rain,"00427,07389,03987,00403,E2835,00433,00400"
Berlin,2024-12-20,43.0,38.7,41.9,35.8,32.3,34.4,35.0,76.5,0.0,0,0.0,,0.0,0.0,34.4,19.1,268.0,1011.0,54.7,23.5,39.8,3.5,3,,2024-12-20T08:14:52,2024-12-20T15:53:50,0.66,Partially cloudy,Partly cloudy throughout the day.,partly-cloudy-day,"00427,07389,03987,00403,E2835,00433,00400"
Berlin,2024-12-21,43.7,36.5,40.3,37.9,29.6,33.5,35.1,81.8,0.036,100,20.83,rain,0.0,0.0,30.9,15.4,213.0,1012.6,91.3,21.7,11.5,1.0,1,,2024-12-21T08:15:23,2024-12-21T15:54:19,0.7,"Rain, Overcast",Cloudy skies throughout the day with rain.,rain,"00427,07389,03987,00403,E2835,00433,00400"
Berlin,2024-12-22,45.0,38.8,42.4,39.6,32.8,36.6,38.9,87.5,0.149,100,37.5,rain,0.0,0.0,30.6,14.9,230.5,996.7,89.8,19.6,12.6,1.0,1,,2024-12-22T08:15:52,2024-12-22T15:54:51,0.75,"Rain, Partially cloudy",Partly cloudy throughout the day with a chance of rain throughout the day.,rain,"00427,07389,03987,00403,E2835,00433,00400"
Berlin,2024-12-23,41.4,37.1,39.3,35.4,29.3,32.6,35.8,87.3,0.102,100,54.17,rain,0.0,0.0,26.6,12.3,249.2,1005.7,91.4,19.0,15.0,1.4,1,,2024-12-23T08:16:17,2024-12-23T15:55:27,0.76,"Rain, Overcast",Cloudy skies throughout the day with rain.,rain,"00427,07389,03987,00403,E2835,00433,00400"
Berlin,2024-12-24,40.1,33.8,38.2,36.5,28.8,32.7,34.5,86.6,0.0,0,0.0,,0.0,0.0,21.9,13.1,277.3,1023.7,82.3,22.7,12.7,1.1,1,,2024-12-24T08:16:38,2024-12-24T15:56:06,0.79,Partially cloudy,Partly cloudy throughout the day.,partly-cloudy-day,"00427,07389,03987,00403,E2835,00433,00400"
Berlin,2024-12-25,41.8,32.4,37.4,39.4,27.4,33.5,35.1,91.3,0.0,0,0.0,,0.0,0.0,12.8,6.5,191.7,1034.6,76.6,14.6,20.1,1.8,1,,2024-12-25T08:16:56,2024-12-25T15:56:49,0.82,Partially cloudy,Partly cloudy throughout the day.,partly-cloudy-day,"00427,07389,03987,00403,E2835,00433,00400"
Berlin,2024-12-26,43.8,39.4,41.9,41.9,36.7,39.9,41.6,99.1,0.019,100,37.5,rain,0.0,0.0,7.8,4.9,193.7,1038.1,99.1,1.8,11.1,0.8,1,,2024-12-26T08:17:10,2024-12-26T15:57:34,0.86,"Rain, Overcast",Cloudy skies throughout the day with a chance of rain throughout the day.,rain,"00427,07389,03987,00403,E2835,00433,00400"
Berlin,2024-12-27,38.9,32.9,35.6,38.2,31.1,33.9,35.6,99.8,0.0,0,0.0,,0.0,0.0,6.7,4.9,164.4,1036.1,99.1,0.6,16.6,1.4,1,,2024-12-27T08:17:21,2024-12-27T15:58:23,0.89,Overcast,Cloudy skies throughout the day.,fog,"00427,07389,03987,00403,E2835,00433,00400"
Berlin,2024-12-28,32.1,28.0,30.0,32.1,24.1,28.5,29.7,99.0,0.0,0,0.0,,0.0,0.0,7.6,4.0,190.9,1030.9,91.6,0.6,13.7,1.3,1,,2024-12-28T08:17:29,2024-12-28T15:59:16,0.92,Overcast,Cloudy skies throughout the day.,fog,"00427,07389,03987,00403,E2835,00433,00400"
Berlin,2024-12-29,35.4,25.9,29.9,29.2,20.4,24.4,29.3,97.3,0.0,0,0.0,,0.0,0.0,21.5,13.2,241.0,1027.1,61.5,3.7,16.5,1.4,2,,2024-12-29T08:17:32,2024-12-29T16:00:11,0.95,Partially cloudy,Partly cloudy throughout the day.,partly-cloudy-day,"00427,07389,03987,00403,E2835,00433,00400"
Berlin,2024-12-30,37.4,30.2,35.2,28.6,21.3,25.6,32.8,91.1,0.012,100,12.5,"rain,snow",0.0,0.0,23.9,19.7,226.8,1025.8,86.1,4.6,9.5,0.9,1,,2024-12-30T08:17:33,2024-12-30T16:01:10,0.0,"Snow, Rain, Partially cloudy",Partly cloudy throughout the day with rain or snow clearing later.,rain,"00427,07389,03987,10385099999,00403,EDDB,E2835,00433,00400"
Berlin,2024-12-31,37.4,28.4,33.3,31.4,20.4,25.1,30.3,88.8,0.0,0,0.0,,0.0,0.0,25.3,15.0,225.8,1023.5,70.2,5.9,42.0,3.6,2,,2024-12-31T08:17:29,2024-12-31T16:02:11,0.02,Partially cloudy,Partly cloudy throughout the day.,partly-cloudy-day,"10385099999,EDDB,E2835"
