name,datetime,tempmax,tempmin,temp,feelslikemax,feelslikemin,feelslike,dew,humidity,precip,precipprob,precipcover,preciptype,snow,snowdepth,windgust,windspeed,winddir,sealevelpressure,cloudcover,visibility,solarradiation,solarenergy,uvindex,severerisk,sunrise,sunset,moonphase,conditions,description,icon,stations
Tokyo,2025-01-01,52.5,40.4,44.9,52.5,34.9,42.5,19.7,37.2,0,0,0,,0,0,22.4,10.3,319.6,1015.2,1.6,14.3,124.9,10.8,5,10,2025-01-01T06:50:40,2025-01-01T16:38:06,0.04,Clear,Clear conditions throughout the day.,clear-day,"47662099999,47670099999,47642043313,47680099999,47626099999,47682099999"
Tokyo,2025-01-02,56.5,36.3,45.9,56.5,32.3,44.5,28.5,51.6,0,0,0,,0,0,15.4,5.7,358.1,1015.3,14.4,13.6,127.5,11.1,5,10,2025-01-02T06:50:50,2025-01-02T16:38:52,0.08,Clear,Clear conditions throughout the day.,clear-day,"47662099999,47670099999,47642043313,47680099999,47626099999,47682099999"
Tokyo,2025-01-03,44.4,39.5,42,41.3,35.3,39.2,34.6,75,0,0,0,rain,0,0,16.6,9.1,27.6,1014.8,57.4,13.1,45.9,4,2,10,2025-01-03T06:50:58,2025-01-03T16:39:40,0.11,Partially cloudy,Partly cloudy throughout the day.,partly-cloudy-day,"47662099999,47670099999,47642043313,47680099999,47626099999,47682099999"
Tokyo,2025-01-04,48.8,35.3,41.1,45.9,27.8,38.3,24.4,54.4,0,0,0,,0,0,18.3,10.1,357.5,1019.3,24.8,13.6,129.4,11.2,5,10,2025-01-04T06:51:05,2025-01-04T16:40:30,0.15,Partially cloudy,Partly cloudy throughout the day.,partly-cloudy-day,"47662099999,47671099999,47670099999,47642043313,47680099999,47626099999,47682099999"
Tokyo,2025-01-05,48.8,33,40.4,47.1,27.6,38.2,26.4,58,0,0,0,,0,0,14.1,5.8,349.9,1023.2,13.6,13.3,118.1,10.3,5,10,2025-01-05T06:51:09,2025-01-05T16:41:20,0.19,Clear,Clear conditions throughout the day.,clear-day,"47662099999,47670099999,47642043313,47680099999,47626099999,47682099999"
Tokyo,2025-01-06,46.1,35.1,40.1,45,33.3,37.6,31.8,73.8,0.672,100,29.17,rain,0,0,28,9.3,338.7,1015.1,64.9,9.1,80,6.7,4,10,2025-01-06T06:51:11,2025-01-06T16:42:11,0.22,"Rain, Partially cloudy",Partly cloudy throughout the day with rain.,rain,"47662099999,47670099999,47642043313,47680099999,47626099999,47682099999"
Tokyo,2025-01-07,55,39.6,46.4,55,39.4,45,37.3,73.9,0.342,100,4.17,rain,0,0,27.5,11.3,300.8,1000.9,31.7,11.8,87.2,7.5,4,10,2025-01-07T06:51:12,2025-01-07T16:43:03,0.25,"Rain, Partially cloudy",Clearing in the afternoon with early morning rain.,rain,"47662099999,47671099999,47670099999,47642043313,47680099999,47626099999,47682099999,RJTT"
Tokyo,2025-01-08,52.4,37.4,44.4,52.4,34.3,41.8,20.1,38.4,0,0,0,,0,0,19.7,13.8,256.4,1008.1,11.5,13.2,131,11.3,5,10,2025-01-08T06:51:10,2025-01-08T16:43:57,0.29,Clear,Clear conditions throughout the day.,clear-day,"47662099999,47671099999,47727099999,47670099999,47642043313,47680099999,RJTY,47626099999,47682099999,RJTT,RJAA"
Tokyo,2025-01-09,53.7,38.4,44.2,53.7,32.7,40.7,19.3,37.8,0,0,0,,0,0,27.1,11.8,236.7,1007.6,4.5,13.1,138,11.9,5,10,2025-01-09T06:51:07,2025-01-09T16:44:51,0.33,Clear,Clear conditions throughout the day.,clear-day,"47662099999,47671099999,47670099999,47680099999,47642043313,47626099999,47682099999"
Tokyo,2025-01-10,47.9,34.1,40.3,43.7,26.6,35.3,13.5,33.9,0,0,0,,0,0,30.4,15,295.1,1013.8,2.6,13.9,140.4,12.1,6,10,2025-01-10T06:51:01,2025-01-10T16:45:46,0.36,Clear,Clear conditions throughout the day.,clear-day,"47662099999,47670099999,47642043313,47680099999,RJTY,47626099999,47682099999,RJTT,RJAA"
Tokyo,2025-01-11,51.2,33.7,41.5,51.2,27.5,39,19.2,41.7,0,0,0,,0,0,19.7,9.1,304,1021,4.8,14.4,140.6,12.1,6,10,2025-01-11T06:50:54,2025-01-11T16:46:42,0.4,Clear,Clear conditions throughout the day.,clear-day,"47662099999,47670099999,47642043313,47680099999,47626099999,47682099999"
Tokyo,2025-01-12,46.2,37.1,41.5,46.2,33.6,39.4,29.1,61.6,0,0,0,,0,0,11,6.8,332.2,1019.2,67,12.6,78.9,6.9,4,10,2025-01-12T06:50:44,2025-01-12T16:47:39,0.44,Partially cloudy,Partly cloudy throughout the day.,partly-cloudy-day,"47662099999,47671099999,47727099999,47670099999,47642043313,47680099999,47626099999,47682099999,RJTT"
Tokyo,2025-01-13,55,34.6,44.4,55,34.3,42.3,26.6,52,0,0,0,,0,0,30.2,17.2,319.8,1016.5,14.4,13.9,141.4,12.1,6,10,2025-01-13T06:50:33,2025-01-13T16:48:36,0.47,Clear,Clear conditions throughout the day.,clear-day,"47662099999,47670099999,47642043313,47680099999,47626099999,47682099999"
Tokyo,2025-01-14,54.2,34.9,43.6,54.2,34.9,42.7,28.1,55.2,0,0,0,,0,0,9.6,7.9,302.6,1018.6,4.1,11.7,139.5,12,6,10,2025-01-14T06:50:20,2025-01-14T16:49:34,0.5,Clear,Clear conditions throughout the day.,clear-day,"47662099999,47670099999,47642043313,47680099999,47626099999,47682099999"
Tokyo,2025-01-15,58.3,37.5,45.8,58.3,34.6,44,28.5,52.4,0,0,0,,0,0,24.8,14.9,299.3,1012,15.5,12.5,135.3,11.8,5,10,2025-01-15T06:50:05,2025-01-15T16:50:33,0.54,Clear,Clear conditions throughout the day.,clear-day,"47662099999,47670099999,47642043313,47680099999,47626099999,47682099999"
Tokyo,2025-01-16,45.7,37.6,40.3,45.7,32.1,36.9,22.5,49.3,0,0,0,,0,0,22.6,8,337.8,1017.2,28.9,14.4,81,7,3,10,2025-01-16T06:49:48,2025-01-16T16:51:32,0.57,Partially cloudy,Partly cloudy throughout the day.,partly-cloudy-day,"47662099999,47670099999,47642043313,47680099999,47626099999,47682099999"
Tokyo,2025-01-17,48.8,34.1,40.9,44.7,30.5,35.9,20.2,45.2,0,0,0,,0,0,29.8,14.9,320.3,1017.4,2.7,14.3,143.4,12.4,6,10,2025-01-17T06:49:29,2025-01-17T16:52:32,0.6,Clear,Clear conditions throughout the day.,clear-day,"47662099999,47670099999,47642043313,47680099999,47626099999,47682099999"
Tokyo,2025-01-18,47.9,35,40.2,45.8,29.8,37,21.1,46.6,0,0,0,,0,0,14.1,7.1,23.3,1023.6,6,13.4,131.9,11.3,5,10,2025-01-18T06:49:08,2025-01-18T16:53:32,0.63,Clear,Clear conditions throughout the day.,clear-day,"47662099999,47670099999,47642043313,47680099999,47626099999,47682099999"
Tokyo,2025-01-19,47.4,35.3,42.4,47.4,31.2,39.9,27.3,55.5,0,0,0,rain,0,0,14.5,10.2,331.9,1020.8,69.7,11.1,120.2,10.3,5,10,2025-01-19T06:48:45,2025-01-19T16:54:33,0.67,Partially cloudy,Partly cloudy throughout the day.,partly-cloudy-day,"47662099999,47670099999,47642043313,47680099999,47626099999,47682099999"
Tokyo,2025-01-20,56,41.3,48.4,56,38.4,47.6,39.1,71.1,0.02,100,8.33,rain,0,0,13,6,11.2,1012.3,61.5,9.6,108.8,9.4,5,10,2025-01-20T06:48:20,2025-01-20T16:55:34,0.7,"Rain, Partially cloudy",Partly cloudy throughout the day with rain.,rain,"47662099999,47671099999,47670099999,47642043313,47680099999,47626099999,47682099999"
Tokyo,2025-01-21,55.9,45.6,48.9,55.9,42.5,47.7,39.6,71,0,0,0,rain,0,0,16.1,7,4.5,1015.3,56.5,11.6,78.8,6.9,3,10,2025-01-21T06:47:54,2025-01-21T16:56:36,0.73,Partially cloudy,Partly cloudy throughout the day.,partly-cloudy-day,"47662099999,47670099999,47642043313,47680099999,47626099999,47682099999"
Tokyo,2025-01-22,54.8,40.3,46.9,54.8,35,45.4,26.5,46.2,0,0,0,,0,0,17.4,8,353.1,1020,5.6,13.4,150.3,13,6,10,2025-01-22T06:47:25,2025-01-22T16:57:37,0.75,Clear,Clear conditions throughout the day.,clear-day,"47662099999,47670099999,47642043313,47680099999,47626099999,47682099999"
Tokyo,2025-01-23,56.5,40.7,47.5,56.5,37.5,46,35.3,63.2,0,0,0,,0,0,12.1,8.6,336.3,1021.6,40.9,9.5,132.8,11.6,5,10,2025-01-23T06:46:55,2025-01-23T16:58:39,0.79,Partially cloudy,Partly cloudy throughout the day.,partly-cloudy-day,"47727099999,47670099999,47642043313,47680099999,RJTI,RJTF,47679043319,47662099999,47687099999,47671099999,47643099999,RJTY,47626099999,47682099999,RJTT,RJAA"
Tokyo,2025-01-24,56.9,41.2,48.6,56.9,36.5,47.2,35.8,62.8,0,0,0,rain,0,0,13.2,8.6,11.6,1021.3,16.5,9.8,139.4,12,6,10,2025-01-24T06:46:23,2025-01-24T16:59:42,0.83,Clear,Clear conditions throughout the day.,clear-day,"47662099999,47671099999,47670099999,47686099999,47642043313,47680099999,RJTY,47626099999,47682099999,RJTT,RJAA"
Tokyo,2025-01-25,48,41.5,44.5,44.7,37.7,41.7,34.9,70.3,0.019,100,4.17,rain,0,0,18.1,7.1,11.8,1020.7,62.5,11.2,53,4.6,2,10,2025-01-25T06:45:50,2025-01-25T17:00:44,0.86,"Rain, Partially cloudy",Partly cloudy throughout the day with early morning rain.,rain,"47662099999,47670099999,47642043313,47680099999,47626099999,47682099999"
Tokyo,2025-01-26,53,38.5,44.5,53,33.3,41.6,24.5,46.6,0,0,0,,0,0,30,15.1,335.1,1017.8,1.6,14.4,158.7,13.6,6,10,2025-01-26T06:45:14,2025-01-26T17:01:47,0.89,Clear,Clear conditions throughout the day.,clear-day,"47662099999,47670099999,47642043313,47680099999,47626099999,47682099999"
Tokyo,2025-01-27,49.2,36.8,43.4,48.4,33.4,41.2,27.6,54.4,0,0,0,,0,0,17,7.9,116.4,1014.7,44.6,13.5,118.1,10.2,5,10,2025-01-27T06:44:37,2025-01-27T17:02:50,0.92,Partially cloudy,Partly cloudy throughout the day.,partly-cloudy-day,"47662099999,47670099999,47642043313,47680099999,47626099999,47682099999"
Tokyo,2025-01-28,55.2,40.7,47.1,55.2,37.4,45.4,30.4,52.4,0,0,0,rain,0,0,15.4,8.2,340.1,1007.5,25.9,11.9,138,11.9,6,10,2025-01-28T06:43:58,2025-01-28T17:03:53,0.96,Partially cloudy,Partly cloudy throughout the day.,partly-cloudy-day,"47662099999,47670099999,47642043313,47680099999,47626099999,47682099999"
Tokyo,2025-01-29,53.3,38.2,44.7,53.3,33.4,42.2,19.8,37.9,0,0,0,,0,0,25.1,11.8,238.6,1009.6,2.9,13.4,163.9,14.1,6,10,2025-01-29T06:43:18,2025-01-29T17:04:55,0,Clear,Clear conditions throughout the day.,clear-day,"47662099999,47670099999,47642043313,47680099999,47626099999,47682099999"
Tokyo,2025-01-30,51.8,35.4,43.6,51.8,34.2,42.1,20,41.3,0,0,0,,0,0,19.7,8.1,316.8,1013.2,2,14.3,159.7,13.7,6,10,2025-01-30T06:42:35,2025-01-30T17:05:58,0.02,Clear,Clear conditions throughout the day.,clear-day,"47662099999,47670099999,47642043313,47680099999,47626099999,47682099999"
Tokyo,2025-01-31,53.8,37.1,44.8,53.8,33.8,42.6,19.7,37.7,0,0,0,,0,0,15.9,10.2,325.9,1019.5,5.4,14.3,161.2,14,6,10,2025-01-31T06:41:51,2025-01-31T17:07:01,0.06,Clear,Clear conditions throughout the day.,clear-day,"47662099999,47670099999,47642043313,47680099999,47626099999,47682099999"
Tokyo,2025-02-01,52.4,38,45.3,52.4,31.7,43.4,26.8,49.1,0,0,0,,0,0,9.8,9.4,32.8,1021.2,20.6,12.4,152.9,13.4,6,10,2025-02-01T06:41:06,2025-02-01T17:08:04,0.09,Partially cloudy,Partly cloudy throughout the day.,partly-cloudy-day,"47662099999,47670099999,47642043313,47680099999,RJTY,47626099999,47682099999,RJTT,RJAA"
Tokyo,2025-02-02,47.9,37.8,40.7,45.9,31.8,37.4,37.4,88.6,0.276,100,25,rain,0,0,19.9,8.1,336.2,1016.8,92.5,8.1,33.7,3,2,10,2025-02-02T06:40:19,2025-02-02T17:09:07,0.13,"Rain, Overcast",Cloudy skies throughout the day with a chance of rain throughout the day.,rain,"47662099999,47670099999,47642043313,47680099999,47626099999,47682099999"
Tokyo,2025-02-03,48.3,39.5,43.1,47.9,35.5,41.2,35.2,74.5,0,0,0,,0,0,12.1,6.9,324.5,1008.3,80.4,10.6,82.2,7.1,4,10,2025-02-03T06:39:30,2025-02-03T17:10:09,0.16,Partially cloudy,Partly cloudy throughout the day.,partly-cloudy-day,"47662099999,47670099999,47642043313,47680099999,47626099999,47682099999"
Tokyo,2025-02-04,50.2,37.7,43,50.2,32.8,39.9,27.4,56,0,0,0,"rain,snow",0,0,19.5,9.2,306.7,999.4,34.6,12.6,119.8,10.2,5,10,2025-02-04T06:38:40,2025-02-04T17:11:12,0.2,Partially cloudy,Becoming cloudy in the afternoon.,partly-cloudy-day,"47662099999,47670099999,47642043313,47680099999,47626099999,47682099999"
Tokyo,2025-02-05,46.1,33.2,39.5,43.2,28.1,34.5,16.8,41.8,0,0,0,,0,0,25.9,15.1,256.3,1001.4,14.5,14.4,162.9,14,6,10,2025-02-05T06:37:49,2025-02-05T17:12:14,0.25,Clear,Clear conditions throughout the day.,clear-day,"47662099999,47670099999,47642043313,47680099999,47626099999,47682099999"
Tokyo,2025-02-06,47.5,31.5,39.2,46.3,24.5,35.1,14.1,36.3,0,0,0,,0,0,19.9,10.6,216.3,1008.3,6.2,14.3,168,14.6,6,10,2025-02-06T06:36:56,2025-02-06T17:13:16,0.27,Clear,Clear conditions throughout the day.,clear-day,"47662099999,47670099999,47642043313,47680099999,47626099999,47682099999"
Tokyo,2025-02-07,50.1,32.2,40.7,50.1,30.5,37.3,14.3,35.2,0,0,0,snow,0,0,26.6,17.3,232.2,1006.9,15.7,13.8,159.6,13.8,6,10,2025-02-07T06:36:01,2025-02-07T17:14:18,0.31,Clear,Clear conditions throughout the day.,clear-day,"47662099999,47670099999,47642043313,47680099999,47626099999,47682099999"
Tokyo,2025-02-08,48.4,33.1,40.3,43.6,21,33.9,16.4,38.5,0,0,0,,0,0,37.4,22.2,306.8,1006.7,5.8,13.6,172.5,14.8,6,10,2025-02-08T06:35:05,2025-02-08T17:15:20,0.34,Clear,Clear conditions throughout the day.,clear-day,"47662099999,47671099999,47670099999,47686099999,47642043313,47680099999,RJTY,47626099999,47682099999,RJTT,RJAA"
Tokyo,2025-02-09,52,34.1,41.2,52,28.3,37.3,15.5,36.5,0,0,0,,0,0,27.1,10.2,320.2,1014.8,2.1,14.4,180.4,15.6,7,10,2025-02-09T06:34:08,2025-02-09T17:16:22,0.38,Clear,Clear conditions throughout the day.,clear-day,"47662099999,47670099999,47642043313,47680099999,47626099999,47682099999"
Tokyo,2025-02-10,51.9,31.8,41.7,51.9,25.7,38.9,18.6,40.7,0,0,0,,0,0,16.1,7.9,311.7,1016.3,4.2,13.6,164.2,14.1,7,10,2025-02-10T06:33:09,2025-02-10T17:17:23,0.41,Clear,Clear conditions throughout the day.,clear-day,"47662099999,47670099999,47642043313,47680099999,RJTY,47626099999,47682099999,RJTT,RJAA"
Tokyo,2025-02-11,49.4,33.2,41.4,44.2,30.1,37,19.8,43.3,0,0,0,,0,0,31.1,17.2,320.3,1020.1,2.6,13.4,182.1,15.8,7,10,2025-02-11T06:32:09,2025-02-11T17:18:24,0.45,Clear,Clear conditions throughout the day.,clear-day,"47662099999,47670099999,47642043313,47680099999,RJTY,47626099999,47682099999,RJTT,RJAA"
Tokyo,2025-02-12,54.5,34.8,44.7,54.5,30.7,43.4,28.5,53.4,0,0,0,,0,0,46.1,26.6,227.9,1016.9,29.1,10.3,138.7,12,6,10,2025-02-12T06:31:08,2025-02-12T17:19:25,0.5,Partially cloudy,Partly cloudy throughout the day.,partly-cloudy-day,"47662099999,47687099999,47671099999,47670099999,47686099999,47642043313,47680099999,RJTY,47626099999,47682099999,RJTT,RJAA"
Tokyo,2025-02-13,54.7,39.4,46.9,54.7,29.7,43,26.1,46.9,0,0,0,,0,0,53,30.1,330.6,1004,28.6,8,185.2,16,7,10,2025-02-13T06:30:06,2025-02-13T17:20:25,0.52,Partially cloudy,Partly cloudy throughout the day.,wind,"47662099999,47687099999,47671099999,47642043313,47680099999,RJTY,RJTT"
Tokyo,2025-02-14,54.4,37.8,46.2,54.4,29.9,42.4,21.9,38.3,0,0,0,,0,0,19.9,20.4,311.1,1014.2,44.9,9.2,165.8,14.2,7,10,2025-02-14T06:29:02,2025-02-14T17:21:25,0.55,Partially cloudy,Partly cloudy throughout the day.,partly-cloudy-day,"47662099999,47687099999,47671099999,47727099999,47643099999,47642043313,47680099999,RJTY,RJTT"
Tokyo,2025-02-15,55.6,41.8,48.9,55.6,37.1,47.6,30.3,49.8,0,0,0,rain,0,0,19.7,10.2,176.1,1018.2,15.6,13.7,179.7,15.4,7,10,2025-02-15T06:27:57,2025-02-15T17:22:25,0.58,Clear,Clear conditions throughout the day.,clear-day,"47662099999,47670099999,47642043313,47680099999,47626099999,47682099999"
Tokyo,2025-02-16,61,45.8,52.4,61,43.9,51.8,36.4,55.9,0,0,0,,0,0,12.1,9,58.1,1011.1,54.8,12.3,158.4,13.7,7,10,2025-02-16T06:26:51,2025-02-16T17:23:25,0.61,Partially cloudy,Partly cloudy throughout the day.,partly-cloudy-day,"47662099999,47671099999,47670099999,47642043313,47680099999,47626099999,47682099999,RJTT"
Tokyo,2025-02-17,57.8,39.8,49.2,57.8,32.3,47.1,31.4,51.4,0,0,0,rain,0,0,38,17.3,325.4,1004.8,35.2,12.3,152.2,13,6,10,2025-02-17T06:25:44,2025-02-17T17:24:24,0.65,Partially cloudy,Partly cloudy throughout the day.,partly-cloudy-day,"47662099999,47670099999,47642043313,47680099999,47626099999,47682099999"
Tokyo,2025-02-18,47.3,36.2,41,42.7,27.8,35.3,13,32.1,0,0,0,snow,0,0,32.4,14.9,322.8,1010.4,27.8,13.5,177.8,15.2,6,10,2025-02-18T06:24:36,2025-02-18T17:25:23,0.68,Partially cloudy,Partly cloudy throughout the day.,partly-cloudy-day,"47662099999,47670099999,47642043313,47680099999,47626099999,47682099999"
Tokyo,2025-02-19,46.6,33.2,39.2,41.6,27.6,33.5,13.1,35.8,0,0,0,,0,0,37.4,14.9,326.4,1013.5,2.5,14.6,197.4,17.1,7,10,2025-02-19T06:23:26,2025-02-19T17:26:21,0.71,Clear,Clear conditions throughout the day.,clear-day,"47662099999,47670099999,47642043313,47680099999,47626099999,47682099999"
Tokyo,2025-02-20,49.2,30.6,40.1,47,25.1,36.1,11.6,32.4,0,0,0,,0,0,20.4,11.3,311.8,1018.9,20.8,13.4,199.2,17.4,7,10,2025-02-20T06:22:16,2025-02-20T17:27:20,0.74,Partially cloudy,Becoming cloudy in the afternoon.,partly-cloudy-day,"47662099999,47671099999,47670099999,47642043313,47680099999,47626099999,47682099999,RJTT"
Tokyo,2025-02-21,50,35,41.8,50,26.3,37.1,11.8,29.6,0,0,0,,0,0,20.4,16.9,319.2,1020.6,37.1,13,191.7,16.7,7,10,2025-02-21T06:21:05,2025-02-21T17:28:18,0.75,Partially cloudy,Becoming cloudy in the afternoon.,partly-cloudy-day,"47662099999,47671099999,47670099999,47686099999,47642043313,47680099999,RJTY,47626099999,47682099999,RJTT,RJAA"
Tokyo,2025-02-22,46.9,34.9,40,44.6,27.7,35.8,15.1,36.3,0,0,0,snow,0,0,27.7,14.8,322.7,1019.9,28.8,13.9,179.2,15.5,7,10,2025-02-22T06:19:53,2025-02-22T17:29:15,0.81,Partially cloudy,Partly cloudy throughout the day.,partly-cloudy-day,"47662099999,47670099999,47642043313,47680099999,47626099999,47682099999"
Tokyo,2025-02-23,50.2,33,41.2,50.2,26.3,37.1,11.5,31,0,0,0,rain,0,0,16.8,9.2,313,1020.7,28.7,13.9,205,17.7,8,10,2025-02-23T06:18:39,2025-02-23T17:30:12,0.84,Partially cloudy,Becoming cloudy in the afternoon.,partly-cloudy-day,"47662099999,47670099999,47642043313,47680099999,47626099999,47682099999"
Tokyo,2025-02-24,49.3,32.6,40.6,44.7,27.1,35.9,16.3,38.2,0,0,0,,0,0,28.4,13.8,335,1018.1,8,14.6,202.9,17.6,7,10,2025-02-24T06:17:25,2025-02-24T17:31:09,0.87,Clear,Clear conditions throughout the day.,clear-day,"47662099999,47670099999,47642043313,47680099999,47626099999,47682099999"
Tokyo,2025-02-25,53.2,34.5,44.4,53.2,30.1,41.9,23.4,44.6,0,0,0,,0,0,25.7,12.7,186.2,1023.2,1.2,14.1,217.6,18.8,8,10,2025-02-25T06:16:10,2025-02-25T17:32:06,0.91,Clear,Clear conditions throughout the day.,clear-day,"47662099999,47670099999,47642043313,47680099999,47626099999,47682099999"
Tokyo,2025-02-26,62.3,40.4,50.9,62.3,38.9,49.2,23.6,36.3,0,0,0,,0,0,22.4,10.2,274.1,1015.4,16.6,14.1,211.7,18.3,7,10,2025-02-26T06:14:55,2025-02-26T17:33:02,0.94,Clear,Clear conditions throughout the day.,clear-day,"47662099999,47670099999,47642043313,47680099999,47626099999,47682099999"
Tokyo,2025-02-27,59.6,40.7,50.4,59.6,36.8,48.9,26.2,40.6,0,0,0,,0,0,15,9.1,247.8,1019.6,2,13,217.5,18.8,8,10,2025-02-27T06:13:38,2025-02-27T17:33:58,0.97,Clear,Clear conditions throughout the day.,clear-day,"47662099999,47670099999,47642043313,47680099999,47626099999,47682099999"
Tokyo,2025-02-28,61,43.3,51.7,61,40,50.8,34.7,53.1,0,0,0,,0,0,15.4,7.2,0.2,1019.6,26.7,10.2,187.3,16.1,7,10,2025-02-28T06:12:21,2025-02-28T17:34:53,0,Partially cloudy,Clearing in the afternoon.,partly-cloudy-day,"47662099999,47670099999,47642043313,47680099999,RJTY,47626099999,47682099999,RJTT,RJAA"
Tokyo,2025-03-01,66.5,45.2,55.7,66.5,42.5,55.4,40.5,59,0,0,0,,0,0,22.8,13.8,167.2,1019.1,9.7,9.5,211,18.3,8,10,2025-03-01T06:11:03,2025-03-01T17:35:48,0.04,Clear,Clear conditions throughout the day.,clear-day,"47662099999,47670099999,47642043313,47680099999,RJTY,47626099999,47682099999,RJTT,RJAA"
Tokyo,2025-03-02,68.9,46.8,58.2,68.9,44.6,57.8,41.6,57.2,0,0,0,,0,0,12.5,7.9,349.3,1014.2,35.7,9.1,188.8,16.1,7,10,2025-03-02T06:09:44,2025-03-02T17:36:43,0.07,Partially cloudy,Partly cloudy throughout the day.,partly-cloudy-day,"47662099999,47670099999,47642043313,47680099999,47626099999,47682099999"
Tokyo,2025-03-03,57,35.4,43.6,57,29.4,39.9,40.5,89.3,0.799,100,54.17,"rain,snow",1.5,0.1,26.6,12.7,39.3,1016.7,95.4,6.6,15.7,1.4,1,10,2025-03-03T06:08:25,2025-03-03T17:37:38,0.11,"Snow, Rain, Overcast",Cloudy skies throughout the day with a chance of rain or snow throughout the day.,snow,"47662099999,47671099999,47670099999,47686099999,47642043313,47680099999,RJTY,47626099999,47682099999,RJTT,RJAA"
Tokyo,2025-03-04,40.8,33,36.4,38.4,25.4,32.1,29.4,76.7,0.233,100,12.5,"rain,snow",0.4,0.1,19.2,9.3,2.7,1026.5,93.8,9.1,86.1,7.6,5,10,2025-03-04T06:07:05,2025-03-04T17:38:32,0.14,"Snow, Rain, Overcast",Cloudy skies throughout the day with late afternoon rain or snow.,snow,"47662099999,47671099999,47670099999,47642043313,47680099999,47626099999,47682099999"
Tokyo,2025-03-05,47.1,33.6,41.1,45.5,26.6,36.4,40.7,98.5,0.756,100,37.5,rain,1.5,0.1,25.1,10.4,328.3,1016.2,99.9,3.8,23.2,1.9,1,10,2025-03-05T06:05:45,2025-03-05T17:39:26,0.18,"Rain, Overcast",Cloudy skies throughout the day with a chance of rain or snow throughout the day.,snow,"47662099999,47670099999,47642043313,47680099999,47626099999,47682099999"
Tokyo,2025-03-06,52.5,44.7,48.4,52.5,38.9,46.1,33.8,59.8,0,0,0,rain,0,0,22.4,13.7,327.5,1011.1,97.3,11.9,86.7,7.5,4,10,2025-03-06T06:04:23,2025-03-06T17:40:19,0.21,Overcast,Cloudy skies throughout the day.,cloudy,"47662099999,47670099999,47642043313,47680099999,47626099999,47682099999"
Tokyo,2025-03-07,51.9,38.4,44.7,51.9,33.2,40.7,21.3,39.8,0,0,0,snow,0,0,34.4,19.5,325.9,1019.8,17.8,14.3,231.2,20.1,8,10,2025-03-07T06:03:02,2025-03-07T17:41:13,0.25,Clear,Clear conditions throughout the day.,clear-day,"47662099999,47670099999,47642043313,47680099999,47626099999,47682099999"
Tokyo,2025-03-08,42.5,33.1,38,39.2,29.8,34.6,25.6,63.7,0.35,100,20.83,rain,0,0,16.6,7.9,17.9,1027.8,92.5,10.1,90.5,7.8,4,10,2025-03-08T06:01:40,2025-03-08T17:42:06,0.28,"Rain, Overcast",Cloudy skies throughout the day with rain.,rain,"47662099999,47670099999,47642043313,47680099999,47626099999,47682099999"
Tokyo,2025-03-09,54.7,35,44.2,54.7,29.9,41.6,32.7,67.6,0.039,100,4.17,"rain,snow",0.1,0,22.1,9.1,358.9,1026,38.4,9.9,194,16.6,7,10,2025-03-09T06:00:17,2025-03-09T17:42:58,0.32,"Snow, Rain, Partially cloudy",Clearing in the afternoon with early morning snow or rain.,snow,"47662099999,47670099999,47642043313,47680099999,47626099999,47682099999"
Tokyo,2025-03-10,57.2,38,48.1,57.2,35.6,46.4,26.8,44.8,0,0,0,,0,0,13,11.2,123.3,1029.5,8.2,13.4,243.7,21.1,8,10,2025-03-10T05:58:54,2025-03-10T17:43:51,0.35,Clear,Clear conditions throughout the day.,clear-day,"47662099999,47670099999,47642043313,47680099999,47626099999,47682099999"
Tokyo,2025-03-11,56,44.4,50.5,56,42.8,49.7,41,70.7,0.019,100,4.17,rain,0,0,21,9,194.9,1024.9,83.6,11.5,106.5,9.3,5,10,2025-03-11T05:57:30,2025-03-11T17:44:43,0.39,"Rain, Partially cloudy",Partly cloudy throughout the day with late afternoon rain.,rain,"47662099999,47670099999,47642043313,47680099999,47626099999,47682099999"
Tokyo,2025-03-12,58.2,47.9,52.7,58.2,46.7,52.5,51.7,96.3,0.602,100,29.17,rain,0,0,17.7,9,317,1018.1,99.4,3.6,78.5,6.7,3,10,2025-03-12T05:56:07,2025-03-12T17:45:35,0.42,"Rain, Overcast",Cloudy skies throughout the day with rain.,rain,"47662099999,47670099999,47642043313,47680099999,47626099999,47682099999"
Tokyo,2025-03-13,66.8,49.5,58.1,66.8,48.8,58.1,47.5,71.4,0.001,100,4.17,rain,0,0,11.9,8.1,316.8,1012.8,57.2,8.2,155.1,13.5,5,10,2025-03-13T05:54:42,2025-03-13T17:46:27,0.46,"Rain, Partially cloudy",Partly cloudy throughout the day with late afternoon rain.,rain,"47662099999,47670099999,47642043313,47680099999,RJTY,47626099999,47682099999,RJTT,RJAA"
Tokyo,2025-03-14,64.6,47.9,55.3,64.6,43.8,54.5,25.4,33.2,0,0,0,,0,0,15,9.3,308.1,1020.9,11.9,12.6,219.7,18.9,8,10,2025-03-14T05:53:18,2025-03-14T17:47:19,0.5,Clear,Clear conditions throughout the day.,clear-day,"47662099999,47670099999,47642043313,47680099999,47626099999,47682099999"
Tokyo,2025-03-15,51.9,44.8,48.2,51.9,41.6,46.4,28.5,48.1,0,0,0,rain,0,0,14.3,8.2,7.5,1025.3,74.1,12.4,119.9,10.2,6,10,2025-03-15T05:51:53,2025-03-15T17:48:10,0.53,Partially cloudy,Partly cloudy throughout the day.,partly-cloudy-day,"47662099999,47670099999,47642043313,47680099999,47626099999,47682099999"
Tokyo,2025-03-16,45.8,40.8,43.4,43.5,36.4,39.4,42.1,95.2,1.051,100,62.5,rain,0,0,28.2,10.3,329.2,1008.8,99,4.8,20.1,1.6,1,10,2025-03-16T05:50:28,2025-03-16T17:49:01,0.56,"Rain, Overcast",Cloudy skies throughout the day with a chance of rain throughout the day.,rain,"47662099999,47670099999,47642043313,47680099999,47626099999,47682099999,RJTT"
Tokyo,2025-03-17,59.9,44.3,50.2,59.9,39.8,48.8,36.7,65.4,0.114,100,12.5,rain,0,0,36.7,15,325.4,999.8,36.2,12.3,233.7,20.3,8,10,2025-03-17T05:49:03,2025-03-17T17:49:52,0.59,"Rain, Partially cloudy",Partly cloudy throughout the day with rain.,rain,"47662099999,47670099999,47642043313,47680099999,47626099999,47682099999"
Tokyo,2025-03-18,54.1,40.8,47.4,54.1,37.3,45.1,28.8,49.7,0.001,100,4.17,rain,0,0,23.3,13.5,43,1013,62,13.8,190.6,16.4,6,10,2025-03-18T05:47:37,2025-03-18T17:50:43,0.63,"Rain, Partially cloudy",Partly cloudy throughout the day with late afternoon rain.,rain,"47662099999,47670099999,47642043313,47680099999,47626099999,47682099999"
Tokyo,2025-03-19,49.8,33.5,42.4,45.3,26.3,37.1,36.5,81.5,0.555,100,54.17,"rain,snow",0.2,0.1,32.7,14.2,326.6,1009.4,70.8,9.4,82.9,7.4,4,10,2025-03-19T05:46:12,2025-03-19T17:51:34,0.66,"Snow, Rain, Partially cloudy",Partly cloudy throughout the day with a chance of rain or snow throughout the day.,snow,"47662099999,47670099999,47642043313,47680099999,47626099999,47682099999,RJTT"
Tokyo,2025-03-20,55.4,39.8,46.9,55.4,36,45.1,30.6,54.4,0.002,100,8.33,"rain,snow",0,0,13.4,9.4,30,1017.7,34.3,13.7,177.2,15.4,6,10,2025-03-20T05:44:46,2025-03-20T17:52:24,0.69,"Snow, Rain, Partially cloudy",Partly cloudy throughout the day with rain or snow in the morning and afternoon.,rain,"47662099999,47670099999,47642043313,47680099999,47626099999,47682099999,RJTT"
Tokyo,2025-03-21,63.1,39.8,51.9,63.1,36.1,51.3,38.9,63.1,0,0,0,,0,0,21.3,10.3,180.4,1012.2,2.1,11.6,255.1,22,9,10,2025-03-21T05:43:20,2025-03-21T17:53:15,0.73,Clear,Clear conditions throughout the day.,clear-day,"47662099999,47670099999,47642043313,47680099999,47626099999,47682099999,RJTT"
Tokyo,2025-03-22,73.6,44.9,60.1,73.6,42.4,59.8,39.8,49.3,0,0,0,,0,0,22.8,10.5,194.2,1006,0,11.5,259.4,22.5,9,10,2025-03-22T05:41:54,2025-03-22T17:54:05,0.75,Clear,Clear conditions throughout the day.,clear-day,"47662099999,47670099999,47642043313,47680099999,47626099999,47682099999"
Tokyo,2025-03-23,76.9,54.4,63.4,76.9,54.4,63.4,40.8,46.6,0,0,0,,0,0,19.2,9.2,101.3,1006.6,2.5,11.2,249.7,21.5,9,10,2025-03-23T05:40:28,2025-03-23T17:54:55,0.79,Clear,Clear conditions throughout the day.,clear-day,"47662099999,47670099999,47642043313,47680099999,47626099999,47682099999"
Tokyo,2025-03-24,65.5,50.3,58.5,65.5,50.3,58.5,50.3,74.7,0.004,100,8.33,rain,0,0,18.8,9.2,135.8,1010.4,53.9,9.9,151.1,13,5,10,2025-03-24T05:39:02,2025-03-24T17:55:45,0.82,"Rain, Partially cloudy",Partly cloudy throughout the day with late afternoon rain.,rain,"47662099999,47670099999,47642043313,47680099999,47626099999,47682099999"
Tokyo,2025-03-25,75.3,51.2,63.7,75.3,51.2,63.7,49,62.4,0,0,0,,0,0,24.4,11.4,181.2,1003.3,2.1,8.8,262.4,22.7,9,10,2025-03-25T05:37:36,2025-03-25T17:56:35,0.86,Clear,Clear conditions throughout the day.,clear-day,"47662099999,47670099999,47642043313,47680099999,47626099999,47682099999"
Tokyo,2025-03-26,78,60.1,68.8,78,60.1,68.8,44,45,0,0,0,,0,0,24.6,13.8,225.2,1003.1,6.9,8.3,265.4,22.8,9,10,2025-03-26T05:36:10,2025-03-26T17:57:25,0.89,Clear,Clear conditions throughout the day.,clear-day,"47662099999,47670099999,47642043313,47680099999,RJTI,RJTY,47626099999,RJTF,47682099999,RJTT,RJAA"
Tokyo,2025-03-27,70.8,54.8,63.9,70.8,54.8,63.9,53.3,69.1,0,0,0,,0,0,34.7,18.2,161.5,1008.6,47.8,9.3,230.9,19.9,8,10,2025-03-27T05:34:44,2025-03-27T17:58:14,0.92,Partially cloudy,Partly cloudy throughout the day.,partly-cloudy-day,"47662099999,47671099999,47643099999,47670099999,47686099999,47642043313,47680099999,47626099999,47682099999,RJTT,RJAA"
Tokyo,2025-03-28,76.6,59.3,68.4,76.6,59.3,68.4,61,78.1,0.089,100,16.67,rain,0,0,36.9,17.3,174.9,999.5,84.4,10,99.3,8.5,5,10,2025-03-28T05:33:19,2025-03-28T17:59:04,0.96,"Rain, Partially cloudy",Partly cloudy throughout the day with rain.,rain,"47662099999,47670099999,47641099999,47642043313,47680099999,47626099999,47682099999,RJTT"
Tokyo,2025-03-29,57.5,40.4,46.3,57.5,35.9,43.5,43.6,90.2,0.466,100,37.5,rain,0,0,23.5,9.8,44.3,1015.4,99.1,8.3,34,2.8,1,10,2025-03-29T05:31:53,2025-03-29T17:59:54,0,"Rain, Overcast",Cloudy skies throughout the day with rain.,rain,"47662099999,47670099999,47641099999,47642043313,47680099999,47626099999,47682099999,RJTT"
Tokyo,2025-03-30,58.1,41.6,48.7,58.1,37.3,47.5,36.1,63.5,0.02,100,8.33,rain,0,0,21.7,12.7,353.6,1019.5,79.9,12,216.9,18.7,7,10,2025-03-30T05:30:27,2025-03-30T18:00:43,0.02,"Rain, Partially cloudy",Partly cloudy throughout the day with rain.,rain,"47662099999,47670099999,47642043313,47680099999,47626099999,47682099999"
Tokyo,2025-03-31,46.7,42.5,44.9,44.4,38.8,41.5,32.1,61.2,0,0,0,rain,0,0,20.1,8,40,1026.9,94.1,12.7,91.6,7.9,4,10,2025-03-31T05:29:02,2025-03-31T18:01:33,0.06,Overcast,Cloudy skies throughout the day.,cloudy,"47662099999,47670099999,47642043313,47680099999,47626099999,47682099999"
Tokyo,2025-04-01,42.4,39.5,41.3,39.1,34,36.7,40,95.2,1.108,100,87.5,rain,0,0,27.7,9.6,339.2,1026.4,100,5.1,22.7,1.8,1,10,2025-04-01T05:27:37,2025-04-01T18:02:22,0.09,"Rain, Overcast",Cloudy skies throughout the day with a chance of rain throughout the day.,rain,"47662099999,47670099999,47642043313,47680099999,47626099999,47682099999"
Tokyo,2025-04-02,56,42.4,48.9,56,38.6,46.7,46.4,91.6,1.621,100,45.83,rain,0,0,27.3,10.3,353.4,1016.1,99.5,7,40.9,3.5,1,10,2025-04-02T05:26:12,2025-04-02T18:03:12,0.13,"Rain, Overcast",Cloudy skies throughout the day with a chance of rain throughout the day.,rain,"47662099999,47670099999,47642043313,47680099999,47626099999,47682099999"
Tokyo,2025-04-03,49.4,43.6,47.5,47.6,43.5,45.3,44.5,89.6,0.234,100,25,rain,0,0,15.2,8.3,29.7,1013.9,98,10.1,66.5,5.9,2,10,2025-04-03T05:24:48,2025-04-03T18:04:01,0.16,"Rain, Overcast",Cloudy skies throughout the day with rain in the morning and afternoon.,rain,"47662099999,47670099999,47642043313,47680099999,47626099999,47682099999,RJTT"
Tokyo,2025-04-04,64,42.2,52.3,64,41.5,52,37.1,62.1,0.002,100,4.17,rain,0,0,18.1,13.6,321.5,1014.7,20.1,11.4,232.2,20.1,8,10,2025-04-04T05:23:23,2025-04-04T18:04:51,0.19,"Rain, Partially cloudy",Partly cloudy throughout the day with morning rain.,rain,"47662099999,47670099999,47642043313,47680099999,47626099999,47682099999"
Tokyo,2025-04-05,61.4,43.5,53.3,61.4,40,52.4,38.6,58.5,0,0,0,rain,0,0,21.3,13.9,141.5,1019.7,35.6,13.2,257.7,22.2,9,10,2025-04-05T05:21:59,2025-04-05T18:05:40,0.25,Partially cloudy,Becoming cloudy in the afternoon.,partly-cloudy-day,"47662099999,47727099999,47670099999,47680099999,47642043313,47626099999,47682099999,RJTT"
Tokyo,2025-04-06,62.9,51.6,58.4,62.9,51.6,58.4,50.4,75.6,0.02,100,8.33,rain,0,0,34.2,16.4,188.7,1015.2,70.7,8.4,204.1,17.7,6,10,2025-04-06T05:20:36,2025-04-06T18:06:30,0.26,"Rain, Partially cloudy",Partly cloudy throughout the day with afternoon rain.,rain,"47662099999,47670099999,47642043313,47680099999,RJTY,RJTI,47626099999,RJTF,47682099999,RJTT,RJAA"
Tokyo,2025-04-07,63.7,52.3,57.5,63.7,52.3,57.5,46.7,69.1,0.004,100,4.17,rain,0,0,21.9,13.7,355.5,1012.4,46.9,6.5,227.6,19.6,8,10,2025-04-07T05:19:13,2025-04-07T18:07:19,0.3,"Rain, Partially cloudy",Partly cloudy throughout the day with afternoon rain.,rain,"RJTY,RJTI,RJTF,RJTT,RJAA"
Tokyo,2025-04-08,67.4,48.2,58.7,67.4,47.5,58.6,42.5,55.5,0.004,100,4.17,rain,0,0,21.5,17.1,218.2,1011.4,22.4,6.5,276.4,23.9,9,10,2025-04-08T05:17:50,2025-04-08T18:08:09,0.33,"Rain, Partially cloudy",Partly cloudy throughout the day with late afternoon rain.,rain,"RJTY,RJTI,RJTF,RJTT,RJAA"
Tokyo,2025-04-09,72.3,53.8,61.1,72.3,53.8,61.1,42.2,54.6,0,0,0,,0,0,27.7,14.8,41.7,1009.5,23.6,6.6,296.3,25.4,10,10,2025-04-09T05:16:27,2025-04-09T18:08:58,0.37,Partially cloudy,Becoming cloudy in the afternoon.,partly-cloudy-day,"RJTY,RJTI,RJTF,RJTT,RJAA"
Tokyo,2025-04-10,68.5,54.5,60.8,68.5,54.5,60.8,51.8,72.7,0.02,100,16.67,rain,0,0,33.3,20.1,187.2,1010.6,70.4,6.4,229.3,19.9,8,10,2025-04-10T05:15:06,2025-04-10T18:09:48,0.4,"Rain, Partially cloudy",Partly cloudy throughout the day with rain clearing later.,rain,"RJTY,RJTI,RJTF,RJTT,RJAA"
Tokyo,2025-04-11,65.4,57.1,60.9,65.4,57.1,60.9,54.1,78.4,0.06,100,12.5,rain,0,0,17.7,12.1,238.5,1007.3,83.6,6.3,180.2,15.5,6,10,2025-04-11T05:13:44,2025-04-11T18:10:38,0.44,"Rain, Partially cloudy",Partly cloudy throughout the day with late afternoon rain.,rain,"RJTY,RJTI,RJTF,RJTT,RJAA"
Tokyo,2025-04-12,65.9,54.6,59.2,65.9,54.6,59.2,49.4,70.9,0,0,0,,0,0,27.7,17.7,59.6,1012.9,49.7,6.6,287,24.7,9,10,2025-04-12T05:12:23,2025-04-12T18:11:27,0.47,Partially cloudy,Partly cloudy throughout the day.,partly-cloudy-day,"RJTY,RJTI,RJTF,RJTT,RJAA"
Tokyo,2025-04-13,57.3,53.4,55.7,57.3,53.4,55.7,51.8,87.1,0.176,100,66.67,rain,0,0,28.6,16.3,104.2,1010.5,89.3,5.6,40.3,3.4,2,10,2025-04-13T05:11:03,2025-04-13T18:12:17,0.5,"Rain, Partially cloudy",Partly cloudy throughout the day with a chance of rain throughout the day.,rain,"RJTY,RJTI,RJTF,RJTT,RJAA"
Tokyo,2025-04-14,68.5,56.9,62.3,68.5,56.9,62.3,50.5,68.6,0.125,100,29.17,rain,0,0,35.3,21.1,186.7,998.9,47.2,5.9,290.1,25.2,9,10,2025-04-14T05:09:43,2025-04-14T18:13:07,0.54,"Rain, Partially cloudy",Partly cloudy throughout the day with rain.,rain,"RJTY,RJTI,RJTF,RJTT,RJAA"
Tokyo,2025-04-15,67.7,56,62.2,67.7,56,62.2,34.6,39.9,0.012,77.4,8.33,rain,0,0,50.6,33.1,220.4,994.5,25.8,14.9,307.5,26.5,10,10,2025-04-15T05:08:24,2025-04-15T18:13:57,0.57,"Rain, Partially cloudy",Becoming cloudy in the afternoon with early morning rain.,rain,
New York,2025-01-01,50.8,41.3,45.9,50.8,33,41.4,36,69.7,0.036,100,4.17,rain,0,0,37.6,17.8,273.5,1001.2,85.7,8.9,43.6,3.8,3,10,2025-01-01T07:20:16,2025-01-01T16:39:37,0.06,"Rain, Partially cloudy",Partly cloudy throughout the day with early morning rain.,rain,"72505394728,KEWR,KLGA,72502014734,F1417,KNYC,72503014732"
New York,2025-01-02,42.5,34.3,38.7,34.3,23.2,30.6,19.5,46,0,0,0,,0,0,37.8,20.8,267,1012.2,53.6,9.9,62.9,5.4,3,10,2025-01-02T07:20:20,2025-01-02T16:40:29,0.1,Partially cloudy,Partly cloudy throughout the day.,partly-cloudy-day,"72505394728,KEWR,KLGA,72502014734,F1417,KNYC,72503014732"
New York,2025-01-03,38.4,31.1,34.9,32.7,22.4,27,16.6,47.3,0,0,0,,0,0,28.4,14.8,267.7,1011.5,71.3,9.9,99.3,8.5,6,10,2025-01-03T07:20:23,2025-01-03T16:41:22,0.13,Partially cloudy,Partly cloudy throughout the day.,partly-cloudy-day,"72505394728,KEWR,KLGA,72502014734,F1417,KNYC,72503014732"
New York,2025-01-04,32.8,28.9,31,23.8,18.4,20.8,8.4,38.6,0,0,0,,0,0,37.8,20.3,288.3,1011,67.8,9.9,79.3,6.7,6,10,2025-01-04T07:20:23,2025-01-04T16:42:17,0.17,Partially cloudy,Partly cloudy throughout the day.,partly-cloudy-day,"72505394728,KEWR,KLGA,72502014734,F1417,KNYC,72503014732"
New York,2025-01-05,33.5,28.3,30,24.6,17.7,20.4,10.4,43.6,0,0,0,,0,0,33.3,17.5,277,1016.2,62.8,9.9,87.6,7.5,4,10,2025-01-05T07:20:21,2025-01-05T16:43:13,0.21,Partially cloudy,Partly cloudy throughout the day.,partly-cloudy-day,"72505394728,KEWR,KLGA,72502014734,F1417,KNYC,72503014732"
New York,2025-01-06,30.1,23.7,28.7,30.1,13.4,22.5,17.6,63.4,0.062,100,16.67,"rain,snow",0.7,0.4,35.3,12.3,339.6,1010.2,75.5,8.3,17.6,1.4,1,10,2025-01-06T07:20:16,2025-01-06T16:44:11,0.25,"Snow, Rain, Partially cloudy",Partly cloudy throughout the day with rain or snow in the morning and afternoon.,snow,"72505394728,KEWR,KLGA,72502014734,F1417,KNYC,72503014732"
New York,2025-01-07,32.8,19.5,26,21.8,5.4,13.5,8.9,48,0,0,0,,0,0.4,39.4,20.2,302.6,1009.8,33.5,9.9,114.4,9.8,5,10,2025-01-07T07:20:10,2025-01-07T16:45:10,0.28,Partially cloudy,Partly cloudy throughout the day.,partly-cloudy-day,"72505394728,KEWR,KLGA,72502014734,F1417,KNYC,72503014732"
New York,2025-01-08,29.7,23.3,26.1,17.6,7.6,13.4,5.3,40.7,0,0,0,,0,0.9,38.3,23,295.4,1012.4,40.6,9.9,114.5,10,6,10,2025-01-08T07:20:01,2025-01-08T16:46:10,0.31,Partially cloudy,Clearing in the afternoon.,partly-cloudy-day,"72505394728,KEWR,KLGA,72502014734,F1417,KNYC,72503014732"
New York,2025-01-09,33.8,22.4,27.4,22.8,8,15,9.4,46.5,0,0,0,"rain,snow",0.1,0.1,41.7,25.9,300.9,1007.8,26.2,9.9,112.4,9.8,5,10,2025-01-09T07:19:50,2025-01-09T16:47:11,0.35,Partially cloudy,Partly cloudy throughout the day.,partly-cloudy-day,"72505394728,KEWR,KLGA,72502014734,F1417,KNYC,72503014732"
New York,2025-01-10,39.5,27.4,33,33.5,16.2,25,14.1,45.9,0,0,0,snow,0,0,32.9,15.7,300.5,1011.9,25.5,9.9,101.1,8.7,5,10,2025-01-10T07:19:36,2025-01-10T16:48:14,0.38,Partially cloudy,Partly cloudy throughout the day.,partly-cloudy-day,"72505394728,KEWR,KLGA,72502014734,F1417,KNYC,72503014732"
New York,2025-01-11,36.2,28.5,32.3,35.1,21.1,25.8,19.3,59.3,0.023,100,12.5,"rain,snow",0.8,0.2,32.7,15.6,300.7,1002.2,79,9.2,63.2,5.3,4,10,2025-01-11T07:19:20,2025-01-11T16:49:17,0.42,"Snow, Rain, Partially cloudy",Partly cloudy throughout the day with rain or snow clearing later.,snow,"72505394728,KEWR,KLGA,72502014734,F1417,KNYC,72503014732"
New York,2025-01-12,41.9,30.9,36.4,39.2,22.4,31.2,19.5,50.6,0,0,0,,0,0.9,23,11.3,305.6,1014.5,44.1,9.9,106,9.1,5,10,2025-01-12T07:19:02,2025-01-12T16:50:22,0.46,Partially cloudy,Partly cloudy throughout the day.,partly-cloudy-day,"72505394728,KEWR,KLGA,72502014734,F1417,KNYC,72503014732"
New York,2025-01-13,42.5,33.8,37.9,38.8,27.3,32.8,19.5,47.4,0,0,0,snow,0,0,31.1,14.5,243.8,1014.2,48.5,9.9,48.2,4.2,2,10,2025-01-13T07:18:42,2025-01-13T16:51:28,0.5,Partially cloudy,Partly cloudy throughout the day.,partly-cloudy-day,"72505394728,KEWR,KLGA,72502014734,F1417,KNYC,72503014732"
New York,2025-01-14,35.3,26.3,30.6,27.6,14.7,21.3,8.3,39.1,0,0,0,,0,0,32,18.9,288.7,1015.6,37,9.9,121.5,10.5,5,10,2025-01-14T07:18:20,2025-01-14T16:52:34,0.52,Partially cloudy,Partly cloudy throughout the day.,partly-cloudy-day,"72505394728,KEWR,KLGA,72502014734,F8726,F1417,KNYC,72503014732"
New York,2025-01-15,31.8,23.1,27.1,22.4,10,16.7,7.3,42.9,0,0,0,,0,0,31.5,16.8,298.4,1019.9,29.5,9.9,127.4,11,6,10,2025-01-15T07:17:55,2025-01-15T16:53:42,0.56,Partially cloudy,Becoming cloudy in the afternoon.,partly-cloudy-day,"72505394728,KEWR,KLGA,72502014734,F1417,KNYC,72503014732"
New York,2025-01-16,29.6,23.5,27.2,25.7,16.4,19.5,12,53,0,0,0,snow,0,0,21.9,11.2,246.9,1014.7,63.6,9.6,74,6.3,4,10,2025-01-16T07:17:29,2025-01-16T16:54:50,0.59,Partially cloudy,Partly cloudy throughout the day.,partly-cloudy-day,"72505394728,KEWR,KLGA,72502014734,F1417,KNYC,72503014732"
New York,2025-01-17,42.5,26.4,33.8,39,17.5,28.2,19.1,55.7,0,0,0,snow,0.1,0,23,10.4,267.1,1016.9,46.9,9.7,108.3,9.4,5,10,2025-01-17T07:17:00,2025-01-17T16:55:59,0.62,Partially cloudy,Partly cloudy throughout the day.,partly-cloudy-day,"72505394728,KEWR,KLGA,72502014734,F1417,KNYC,72503014732"
New York,2025-01-18,46.1,35.5,41.2,44.2,29.4,37.3,32.2,71.3,0.088,100,12.5,rain,0,0,28.4,12.3,194.3,1013.2,68.2,7.7,26.8,2.2,2,10,2025-01-18T07:16:29,2025-01-18T16:57:08,0.65,"Rain, Partially cloudy",Partly cloudy throughout the day with afternoon rain.,rain,"72505394728,KEWR,KLGA,72502014734,F1417,KNYC,72503014732"
New York,2025-01-19,40.5,27.4,35.8,37.7,17.4,29.9,29.2,77.1,0.207,100,37.5,"rain,snow",3.3,0.5,32.4,14.7,346.5,1007.7,85.6,6.6,33,2.9,2,10,2025-01-19T07:15:56,2025-01-19T16:58:19,0.69,"Snow, Rain, Partially cloudy",Partly cloudy throughout the day with rain or snow.,snow,"72505394728,KEWR,KLGA,72502014734,F1417,KNYC,72503014732"
New York,2025-01-20,26.4,18.3,21.8,16.4,5.8,10.8,5.6,50.3,0,0,0,snow,0.5,2,32.2,14.7,284.9,1022,28.6,9.4,125.7,10.7,6,10,2025-01-20T07:15:21,2025-01-20T16:59:29,0.72,Partially cloudy,Partly cloudy throughout the day.,partly-cloudy-day,"72505394728,KEWR,KLGA,72502014734,F1417,KNYC,72503014732"
New York,2025-01-21,19.3,11.3,15.9,11.3,-3,5,-3.9,41,0,0,0,,0,1.3,23,12,273.1,1032.8,42.1,9.9,71.6,6.2,4,10,2025-01-21T07:14:44,2025-01-21T17:00:41,0.75,Partially cloudy,Partly cloudy throughout the day.,partly-cloudy-day,"72505394728,KEWR,KLGA,72502014734,F1417,KNYC,72503014732"
New York,2025-01-22,19.8,11.4,16.3,19.8,-1.5,7.5,-4.7,38.9,0,0,0,,0,0.5,26.4,10.7,304.9,1032.3,24.6,9.9,121.9,10.6,5,10,2025-01-22T07:14:04,2025-01-22T17:01:53,0.78,Partially cloudy,Partly cloudy throughout the day.,partly-cloudy-day,"72505394728,KEWR,KLGA,72502014734,F1417,KNYC,72503014732"
New York,2025-01-23,27.6,17.2,22.7,19.9,9.9,15.7,2.2,40.8,0,0,0,,0,0.9,23,13.9,252.1,1024.9,28.3,9.9,122.8,10.6,6,10,2025-01-23T07:13:23,2025-01-23T17:03:05,0.81,Partially cloudy,Clearing in the afternoon.,partly-cloudy-day,"72505394728,KEWR,KLGA,72502014734,F1417,KNYC,72503014732"
New York,2025-01-24,32.8,22.3,27.7,28.5,13.5,20.8,8.1,43.6,0,0,0,,0,1.3,24.2,12.4,288.5,1021.7,11.7,9.9,129.3,11.2,6,10,2025-01-24T07:12:40,2025-01-24T17:04:18,0.85,Clear,Clear conditions throughout the day.,clear-day,"72505394728,KEWR,KLGA,72502014734,F1417,KNYC,72503014732"
New York,2025-01-25,32.1,21.2,27.5,25.8,12.3,20.6,7.6,43,0,0,0,,0,1.3,22.4,12.1,251.1,1025.7,37.8,9.9,126,10.9,5,10,2025-01-25T07:11:55,2025-01-25T17:05:31,0.88,Partially cloudy,Becoming cloudy in the afternoon.,partly-cloudy-day,"72505394728,KEWR,KLGA,72502014734,F1417,KNYC,72503014732"
New York,2025-01-26,43,30.7,36.3,37.5,23.5,30.4,16,44.1,0,0,0,,0,1.2,27.9,17.4,264.6,1020.4,45.3,9.9,75,6.5,4,10,2025-01-26T07:11:08,2025-01-26T17:06:44,0.91,Partially cloudy,Partly cloudy throughout the day.,partly-cloudy-day,"72505394728,KEWR,KLGA,72502014734,F1417,KNYC,72503014732"
New York,2025-01-27,40.5,31.5,36.3,35.7,22.8,29.5,10.3,34.6,0,0,0,,0,0.8,32.4,15.9,238.8,1013.4,14.4,9.9,133.3,11.3,6,10,2025-01-27T07:10:19,2025-01-27T17:07:58,0.94,Clear,Clear conditions throughout the day.,clear-day,"72505394728,KEWR,KLGA,72502014734,F1417,KNYC,72503014732"
New York,2025-01-28,42.5,33.8,37.7,35.6,27.6,30.9,13.4,36.7,0,0,0,snow,0,0.8,37.8,20.9,267.8,1002.8,49.5,9.9,113.2,9.6,5,10,2025-01-28T07:09:28,2025-01-28T17:09:12,0.97,Partially cloudy,Clearing in the afternoon.,partly-cloudy-day,"72505394728,KEWR,KLGA,72502014734,F1417,KNYC,72503014732"
New York,2025-01-29,51.9,34.4,42.7,51.9,22.4,37,19.7,40.1,0,0,0,"rain,snow",0,0.1,42.6,23.1,267.6,1000.2,56.1,9.9,112.7,9.8,7,10,2025-01-29T07:08:35,2025-01-29T17:10:26,0,Partially cloudy,Partly cloudy throughout the day.,partly-cloudy-day,"72505394728,KEWR,KLGA,72502014734,F1417,KNYC,72503014732"
New York,2025-01-30,36.8,25.5,31.8,36.2,14.6,23.9,8.4,37.3,0,0,0,,0,0.1,38.4,21,293.6,1021.5,19.4,9.9,138.7,12,6,10,2025-01-30T07:07:41,2025-01-30T17:11:40,0.04,Clear,Clear conditions throughout the day.,clear-day,"72505394728,KEWR,KLGA,72502014734,F1417,KNYC,72503014732"
New York,2025-01-31,47.3,37.6,42.7,45.9,32.3,40.2,36.8,79.8,0.164,100,45.83,rain,0,0.1,16.3,9.2,224.2,1011.8,87.5,7,20.9,1.8,1,10,2025-01-31T07:06:45,2025-01-31T17:12:54,0.08,"Rain, Partially cloudy",Partly cloudy throughout the day with a chance of rain throughout the day.,rain,"72505394728,KEWR,KLGA,72502014734,F1417,KNYC,72503014732"
New York,2025-02-01,47.8,23.3,35.8,43.9,13.1,28.1,19,54.1,0,0,0,rain,0,0.1,29.2,17.4,330.9,1017.2,56.5,9.1,123.5,10.5,6,10,2025-02-01T07:05:47,2025-02-01T17:14:09,0.11,Partially cloudy,Partly cloudy throughout the day.,partly-cloudy-day,"72505394728,KEWR,KLGA,72502014734,F1417,KNYC,72503014732"
New York,2025-02-02,30.8,17.4,24.1,30.8,5,16,12,60.2,0.085,100,20.83,snow,0.4,0,23,11.2,42.6,1031.7,55.8,8.9,83.7,7.3,4,10,2025-02-02T07:04:47,2025-02-02T17:15:23,0.15,"Snow, Partially cloudy",Partly cloudy throughout the day with late afternoon snow.,snow,"72505394728,KEWR,KLGA,72502014734,F1417,KNYC,72503014732"
New York,2025-02-03,47.6,30.8,39.8,47.5,27.6,37.3,30.6,70.4,0.018,100,4.17,"rain,snow",0.4,0.2,17.2,9.1,227.4,1017.6,45.8,9.4,100.5,8.6,5,10,2025-02-03T07:03:46,2025-02-03T17:16:37,0.18,"Snow, Rain, Partially cloudy",Partly cloudy throughout the day with early morning snow or rain.,snow,"72505394728,KEWR,KLGA,72502014734,F1417,KNYC,72503014732"
New York,2025-02-04,47.5,32.4,42,43.3,22.3,35.1,23.8,49.7,0,0,0,,0,0,41,24.9,309.4,1014.7,50,9.9,147.7,12.9,6,10,2025-02-04T07:02:43,2025-02-04T17:17:52,0.22,Partially cloudy,Partly cloudy throughout the day.,partly-cloudy-day,"72505394728,KEWR,KLGA,72502014734,F1417,KNYC,72503014732"
New York,2025-02-05,36.4,27.4,31.1,33,15.1,23.8,7.9,37.9,0,0,0,,0,0,33.3,16.8,332.4,1028,49.4,9.9,131.4,11.5,6,10,2025-02-05T07:01:39,2025-02-05T17:19:06,0.25,Partially cloudy,Clearing in the afternoon.,partly-cloudy-day,"72505394728,KEWR,KLGA,72502014734,F1417,KNYC,72503014732"
New York,2025-02-06,38.4,29.9,35.1,35.3,22.9,29.4,28.5,78.2,0.291,100,41.67,"rain,snow,ice",1.5,0.3,21.9,11.7,149.9,1016,99.4,5.6,16.9,1.4,1,10,2025-02-06T07:00:33,2025-02-06T17:20:20,0.29,"Snow, Rain, Ice, Overcast",Cloudy skies throughout the day with a chance of rain or snow throughout the day.,snow,"72505394728,KEWR,KLGA,72502014734,F1417,KNYC,72503014732"
New York,2025-02-07,42.7,30.1,37.6,35.7,24.2,30.6,18.2,49.3,0,0,0,snow,0,0,35.6,18.7,284.2,1014.4,41.6,8.7,154,13.3,6,10,2025-02-07T06:59:25,2025-02-07T17:21:34,0.33,Partially cloudy,Partly cloudy throughout the day.,partly-cloudy-day,"72505394728,KEWR,KLGA,72502014734,F1417,KNYC,72503014732"
New York,2025-02-08,35.1,26.3,30.4,34.1,17.8,25.6,11.1,45.9,0.437,100,16.67,"rain,snow,ice",1.5,0.3,25.7,8.9,324.4,1023.3,59.9,8.6,87.3,7.6,4,10,2025-02-08T06:58:16,2025-02-08T17:22:48,0.36,"Snow, Rain, Ice, Partially cloudy",Becoming cloudy in the afternoon with late afternoon rain or snow.,snow,"72505394728,KEWR,KLGA,72502014734,F1417,KNYC,72503014732"
New York,2025-02-09,35.4,30.1,33.3,35.4,23.4,27.5,24.9,72.4,0.196,100,25,"freezingrain,snow,ice",2.7,2.3,30.2,16,316.5,1016.6,94.9,7.6,54.4,4.6,3,10,2025-02-09T06:57:06,2025-02-09T17:24:02,0.4,"Snow, Freezing Drizzle/Freezing Rain, Ice, Overcast",Cloudy skies throughout the day with early morning snow.,snow,"72505394728,KEWR,KLGA,72502014734,F1417,KNYC,72503014732"
New York,2025-02-10,37.5,30.5,33.9,34.5,24.3,28,14.1,44.3,0,0,0,,0,1.1,27.5,11.3,310.8,1027.6,45.6,9.9,149,12.9,7,10,2025-02-10T06:55:54,2025-02-10T17:25:16,0.43,Partially cloudy,Partly cloudy throughout the day.,partly-cloudy-day,"72505394728,KEWR,KLGA,72502014734,F1417,KNYC,72503014732"
New York,2025-02-11,35.4,27.9,31.6,35.1,23.7,29.2,13.8,48.5,0.075,100,12.5,snow,0.3,0.7,12.3,7.1,268.3,1028.4,61.5,8.5,63.2,5.3,3,10,2025-02-11T06:54:40,2025-02-11T17:26:29,0.47,"Snow, Partially cloudy",Partly cloudy throughout the day with late afternoon snow.,snow,"72505394728,KEWR,KLGA,72502014734,F1417,KNYC,72503014732"
New York,2025-02-12,36.2,30.7,33.2,30.3,23.2,25.8,26.2,75.9,0.112,100,29.17,"rain,snow",1.8,1.9,23,12.9,53.3,1024.1,100,6.7,33.9,2.8,2,10,2025-02-12T06:53:26,2025-02-12T17:27:43,0.5,"Snow, Rain, Overcast",Cloudy skies throughout the day with rain or snow.,snow,"72505394728,KEWR,KLGA,72502014734,F8726,F1417,KNYC,D8219,72503014732"
New York,2025-02-13,46.3,34.4,39.2,39.5,28.3,33.4,32.1,77.7,0.195,100,45.83,rain,0.5,1,33.5,17.4,310.1,1013.3,88,5,29.1,2.6,1,10,2025-02-13T06:52:10,2025-02-13T17:28:56,0.54,"Rain, Partially cloudy",Partly cloudy throughout the day with a chance of rain or snow throughout the day.,snow,"72505394728,KEWR,KLGA,72502014734,F1417,KNYC,72503014732"
New York,2025-02-14,36,30.1,32.8,28,19.8,23.9,8.4,36.1,0,0,0,,0,0,34.4,20.8,298,1031.1,21,9.9,166.8,14.4,7,10,2025-02-14T06:50:53,2025-02-14T17:30:08,0.57,Partially cloudy,Partly cloudy throughout the day.,partly-cloudy-day,"72505394728,KEWR,KLGA,72502014734,F1417,KNYC,72503014732"
New York,2025-02-15,35.6,28.5,31.9,29.5,22.5,26.3,17.1,57.4,0.266,100,37.5,"rain,snow,ice",1.9,0.2,19.7,11.3,97,1027.9,79.4,6.9,36.8,3.1,2,10,2025-02-15T06:49:35,2025-02-15T17:31:21,0.6,"Snow, Rain, Ice, Partially cloudy",Partly cloudy throughout the day with rain or snow.,snow,"72505394728,KEWR,KLGA,72502014734,F1417,KNYC,72503014732"
New York,2025-02-16,46.4,33.8,37.7,41,24.9,30.6,33,84,0.667,100,70.83,rain,0.4,0.1,47.2,29.6,9.6,997.2,98.8,4.2,18.8,1.5,1,10,2025-02-16T06:48:15,2025-02-16T17:32:33,0.63,"Rain, Overcast",Cloudy skies throughout the day with a chance of rain or snow throughout the day.,snow,"72505394728,KEWR,KLGA,72502014734,F1417,KNYC,72503014732"
New York,2025-02-17,37.3,27.6,32.2,27.1,16.2,20.7,8.1,36.3,0,0,0,snow,0,0.1,43.9,27.2,278.5,1007.5,54.3,9.9,177.7,15.4,8,10,2025-02-17T06:46:54,2025-02-17T17:33:45,0.67,Partially cloudy,Partly cloudy throughout the day.,partly-cloudy-day,"72505394728,KEWR,KLGA,72502014734,F1417,KNYC,72503014732"
New York,2025-02-18,27.7,19.5,23.6,16.8,5,11.3,-2.4,31.9,0,0,0,,0,0,32,17,293.7,1020.6,17.2,9.9,168.2,14.7,6,10,2025-02-18T06:45:33,2025-02-18T17:34:57,0.7,Clear,Clear conditions throughout the day.,clear-day,"72505394728,KEWR,KLGA,72502014734,F1417,KNYC,72503014732"
New York,2025-02-19,30.3,17.5,23.6,22.1,4.3,12.7,3.3,41.1,0,0,0,,0,0,29.8,14.8,294.4,1024.6,22.7,9.9,155.7,13.5,7,10,2025-02-19T06:44:10,2025-02-19T17:36:08,0.73,Partially cloudy,Partly cloudy throughout the day.,partly-cloudy-day,"72505394728,KEWR,KLGA,72502014734,F1417,KNYC,72503014732"
New York,2025-02-20,28.6,18.4,23.4,22.9,7.8,13.3,9.2,54.8,0.007,100,4.17,snow,0.3,0,31.6,16.6,316.4,1015.3,61,8.3,130.8,11.3,6,10,2025-02-20T06:42:46,2025-02-20T17:37:19,0.75,"Snow, Partially cloudy",Becoming cloudy in the afternoon with late afternoon snow.,snow,"72505394728,KEWR,KLGA,72502014734,F1417,KNYC,72503014732"
New York,2025-02-21,35.9,22.4,27.9,24.9,7.9,14.9,9.7,47,0,0,0,"rain,snow",0.2,0.1,37.7,24.5,307.4,1021.7,30.3,9.9,192.5,16.6,7,10,2025-02-21T06:41:21,2025-02-21T17:38:30,0.8,Partially cloudy,Partly cloudy throughout the day.,partly-cloudy-day,"72505394728,KEWR,KLGA,72502014734,F1417,KNYC,72503014732"
New York,2025-02-22,40.8,21.5,31.1,34.7,7.8,23.2,11,43.9,0,0,0,,0,0,30.5,17.7,259.2,1026.2,38.5,9.9,189.9,16.5,7,10,2025-02-22T06:39:55,2025-02-22T17:39:41,0.83,Partially cloudy,Becoming cloudy in the afternoon.,partly-cloudy-day,"72505394728,KEWR,KLGA,72502014734,F1417,KNYC,72503014732"
New York,2025-02-23,46.9,33.5,40.1,43.4,26.8,35.1,16.7,38.7,0,0,0,,0,0,23.2,11.2,273.3,1019.3,42.2,9.9,173.8,15.1,7,10,2025-02-23T06:38:28,2025-02-23T17:40:51,0.86,Partially cloudy,Partly cloudy throughout the day.,partly-cloudy-day,"72505394728,KEWR,KLGA,72502014734,F1417,KNYC,72503014732"
New York,2025-02-24,48.8,34.7,42.6,44.3,33.9,39,22.6,45.7,0,0,0,,0,0,27.8,16,161.9,1017.4,61.1,9.9,194.7,17,8,10,2025-02-24T06:37:00,2025-02-24T17:42:01,0.89,Partially cloudy,Partly cloudy throughout the day.,partly-cloudy-day,"72505394728,KEWR,KLGA,72502014734,F1417,KNYC,72503014732"
New York,2025-02-25,55.3,42.7,49,55.3,38.9,47.4,27.6,43.7,0,0,0,,0,0,23.4,11.9,245.9,1009.2,61.3,9.9,118.6,10.3,5,10,2025-02-25T06:35:32,2025-02-25T17:43:10,0.92,Partially cloudy,Partly cloudy throughout the day.,partly-cloudy-day,"72505394728,KEWR,KLGA,72502014734,F1417,KNYC,72503014732"
New York,2025-02-26,56.8,43,49.6,56.8,36.7,47.6,29.1,46.7,0,0,0,rain,0,0,28.4,17.7,293.5,1012.2,34.7,9.9,192.8,16.7,7,10,2025-02-26T06:34:02,2025-02-26T17:44:20,0.96,Partially cloudy,Partly cloudy throughout the day.,partly-cloudy-day,"72505394728,KEWR,KLGA,72502014734,F1417,KNYC,72503014732"
New York,2025-02-27,54,43.4,49.1,54,39.2,47.4,36.5,62.4,0.003,100,4.17,rain,0,0,25.4,12.6,227.7,1007,90.4,9.9,44.7,4,3,10,2025-02-27T06:32:32,2025-02-27T17:45:29,0,"Rain, Overcast",Cloudy skies throughout the day with afternoon rain.,rain,"72505394728,KEWR,KLGA,72502014734,F1417,KNYC,72503014732"
New York,2025-02-28,51,42.3,46.2,51,36,41.6,23,41.4,0,0,0,,0,0,35.8,18.4,268.9,1005.7,40.1,9.9,195,16.9,7,10,2025-02-28T06:31:01,2025-02-28T17:46:37,0.02,Partially cloudy,Partly cloudy throughout the day.,partly-cloudy-day,"72505394728,KEWR,KLGA,72502014734,F1417,KNYC,72503014732"
New York,2025-03-01,64.4,29.6,46.2,64.4,18.1,41.8,23.2,41.3,0,0,0,rain,0,0,41.7,23,277.1,1002.1,56,9.9,158.3,13.6,7,10,2025-03-01T06:29:29,2025-03-01T17:47:46,0.06,Partially cloudy,Partly cloudy throughout the day.,partly-cloudy-day,"72505394728,KEWR,KLGA,72502014734,F1417,KNYC,72503014732"
New York,2025-03-02,34,20.3,26.7,25.5,7.4,15.6,0.8,32.9,0,0,0,,0,0,33.9,18.1,313.3,1018.3,19,9.9,209,18.1,8,10,2025-03-02T06:27:57,2025-03-02T17:48:54,0.09,Clear,Clear conditions throughout the day.,clear-day,"72505394728,KEWR,KLGA,72502014734,F1417,KNYC,72503014732"
New York,2025-03-03,38.6,23.3,30.6,33.4,13.4,23.9,6.4,36.5,0,0,0,,0,0,24.2,10.8,279.6,1024,14.6,9.9,210.8,18.2,8,10,2025-03-03T06:26:24,2025-03-03T17:50:02,0.13,Clear,Clear conditions throughout the day.,clear-day,"72505394728,KEWR,KLGA,72502014734,F1417,KNYC,72503014732"
New York,2025-03-04,52.2,33.1,43,52.2,27.1,39.8,25.2,49.4,0,0,0,,0,0,22.8,10.9,183.9,1021.3,57.7,9.9,133.9,11.6,7,10,2025-03-04T06:24:50,2025-03-04T17:51:09,0.16,Partially cloudy,Partly cloudy throughout the day.,partly-cloudy-day,"72505394728,KEWR,KLGA,72502014734,F1417,KNYC,72503014732"
New York,2025-03-05,54.8,42,50.5,54.8,39.3,49.6,42.8,75.2,1.449,100,33.33,rain,0,0,35.1,16.2,158.3,1006.5,85.5,8.1,53.3,4.7,3,10,2025-03-05T06:23:16,2025-03-05T17:52:16,0.2,"Rain, Partially cloudy",Partly cloudy throughout the day with rain.,rain,"72505394728,KEWR,KLGA,72502014734,F1417,KNYC,72503014732"
New York,2025-03-06,53.7,36.2,48.6,53.7,26.1,45.9,36,63.5,0.143,100,4.17,rain,0,0,46.7,20.8,278,992.5,95.9,8.9,106,9.1,5,10,2025-03-06T06:21:41,2025-03-06T17:53:23,0.25,"Rain, Overcast",Cloudy skies throughout the day with early morning rain.,rain,"72505394728,KEWR,KLGA,72502014734,F1417,KNYC,72503014732"
New York,2025-03-07,49.6,35.1,42.2,44.1,24.8,34.4,11.6,29.9,0,0,0,,0,0,42.1,21.3,284.8,1003.1,38.9,9.9,220.3,19.1,8,10,2025-03-07T06:20:05,2025-03-07T17:54:30,0.27,Partially cloudy,Partly cloudy throughout the day.,partly-cloudy-day,"72505394728,KEWR,KLGA,72502014734,F1417,KNYC,72503014732"
New York,2025-03-08,44.5,37.5,41.7,40,29.8,35.4,12.7,31,0,0,0,,0,0,39.1,19.2,292.2,1005.2,42.2,9.9,202.7,17.5,8,10,2025-03-08T06:18:29,2025-03-08T17:55:36,0.3,Partially cloudy,Clearing in the afternoon.,partly-cloudy-day,"72505394728,KEWR,KLGA,72502014734,F1417,KNYC,72503014732"
New York,2025-03-09,53.6,32.3,42.9,53.6,25.8,38.8,13.8,31.1,0,0,0,,0,0,33.3,16.1,266.9,1011.9,20.9,9.9,194.4,16,8,10,2025-03-09T07:16:53,2025-03-09T18:56:42,0.34,Partially cloudy,Partly cloudy throughout the day.,partly-cloudy-day,"72505394728,KEWR,KLGA,72502014734,F1417,KNYC,72503014732"
New York,2025-03-10,65.7,45.9,53.5,65.7,41.6,52.1,25,33.5,0,0,0,,0,0,31.2,11.2,223.2,1010.4,10.2,9.9,223.7,19.3,8,10,2025-03-10T07:15:16,2025-03-10T18:57:48,0.37,Clear,Clear conditions throughout the day.,clear-day,"72505394728,KEWR,KLGA,72502014734,F1417,KNYC,72503014732"
New York,2025-03-11,63.1,45.2,54.5,63.1,44.8,54.3,29.7,40,0,0,0,,0,0,22.9,13,167.4,1007.9,12.9,9.9,223.7,19.3,8,10,2025-03-11T07:13:39,2025-03-11T18:58:54,0.41,Clear,Clear conditions throughout the day.,clear-day,"72505394728,KEWR,KLGA,72502014734,F1417,KNYC,72503014732"
New York,2025-03-12,54.1,43.4,49,54.1,36.9,46.7,21.2,34.7,0,0,0,,0,0,27.7,16.1,26.9,1013.8,39.9,9.9,138.7,12.2,5,10,2025-03-12T07:12:02,2025-03-12T18:59:59,0.44,Partially cloudy,Partly cloudy throughout the day.,partly-cloudy-day,"72505394728,KEWR,KLGA,72502014734,F1417,KNYC,72503014732"
New York,2025-03-13,48.3,39.3,43.3,43.7,33.2,38.5,29.7,58.9,0,0,0,,0,0,35.6,15.1,70.2,1018.6,36.5,9.9,213.7,18.4,7,10,2025-03-13T07:10:24,2025-03-13T19:01:05,0.48,Partially cloudy,Clearing in the afternoon.,partly-cloudy-day,"72505394728,KEWR,KLGA,72502014734,F1417,KNYC,72503014732"
New York,2025-03-14,54.5,40.9,45.9,54.5,34.6,43,33.1,61.6,0,0,0,,0,0,20.8,10.7,85.7,1020.5,68.6,9.6,197.5,17,7,10,2025-03-14T07:08:46,2025-03-14T19:02:10,0.5,Partially cloudy,Clearing in the afternoon.,partly-cloudy-day,"72505394728,KEWR,KLGA,72502014734,F1417,KNYC,72503014732"
New York,2025-03-15,48,41.6,44.7,47.2,37.3,41.8,39.9,83.2,0,0,0,rain,0,0,19.7,9.4,139.6,1019.8,100,6.9,56.8,4.9,3,10,2025-03-15T07:07:07,2025-03-15T19:03:14,0.55,Overcast,Cloudy skies throughout the day.,cloudy,"72505394728,KEWR,KLGA,72502014734,F1417,KNYC,72503014732"
New York,2025-03-16,61.4,46.4,54.1,61.4,44.8,53.7,49.5,84.7,0.01,100,8.33,rain,0,0,39.6,14.5,150.6,1014.1,85.4,5,84.5,7.2,3,10,2025-03-16T07:05:28,2025-03-16T19:04:19,0.58,"Rain, Partially cloudy",Partly cloudy throughout the day with rain.,rain,"72505394728,KEWR,KLGA,72502014734,F1417,KNYC,72503014732"
New York,2025-03-17,58.6,40.3,52.7,58.6,34,51.4,45.1,76.4,0.796,100,33.33,rain,0,0,32.2,18.7,325.1,1010,91.8,6.8,36.1,3.1,2,10,2025-03-17T07:03:50,2025-03-17T19:05:23,0.61,"Rain, Overcast",Cloudy skies throughout the day with a chance of rain throughout the day.,rain,"72505394728,KEWR,KLGA,72502014734,F1417,KNYC,72503014732"
New York,2025-03-18,61.4,35.4,46.9,61.4,27.5,43,20,38.4,0,0,0,,0,0,35.4,18.8,353.4,1017,14.3,9.9,247.8,21.4,8,10,2025-03-18T07:02:11,2025-03-18T19:06:28,0.64,Clear,Clear conditions throughout the day.,clear-day,"72505394728,KEWR,KLGA,72502014734,F1417,KNYC,72503014732"
New York,2025-03-19,61.6,44,51.5,61.6,42.7,50.9,26.3,40.9,0,0,0,,0,0,20.8,9.2,121.4,1017.6,17.9,9.9,229.5,19.8,8,10,2025-03-19T07:00:31,2025-03-19T19:07:32,0.68,Clear,Clear conditions throughout the day.,clear-day,"72505394728,KEWR,KLGA,72502014734,F1417,KNYC,72503014732"
New York,2025-03-20,50.3,42.3,46.6,50.3,38.8,43.5,42.2,84.8,0.667,100,16.67,rain,0,0,21.9,10.3,125.2,1008.3,96.4,5.7,109.8,9.3,5,10,2025-03-20T06:58:52,2025-03-20T19:08:36,0.71,"Rain, Overcast",Cloudy skies throughout the day with rain.,rain,"72505394728,KEWR,KLGA,72502014734,F1417,KNYC,72503014732"
New York,2025-03-21,50.5,38.7,45.9,50.5,28.9,40.5,22.5,45.2,0.445,100,12.5,rain,0,0,43.5,27.1,304.8,1004.2,43.6,9.4,256.1,22.2,9,10,2025-03-21T06:57:13,2025-03-21T19:09:40,0.74,"Rain, Partially cloudy",Clearing in the afternoon with early morning rain.,rain,"72505394728,KEWR,KLGA,72502014734,F1417,KNYC,72503014732"
New York,2025-03-22,62.9,44,51.4,62.9,39.1,49.9,22.7,33.3,0,0,0,rain,0,0,39.6,24.4,257.6,1007.6,43.5,9.9,199.9,17.2,8,10,2025-03-22T06:55:33,2025-03-22T19:10:43,0.75,Partially cloudy,Becoming cloudy in the afternoon.,partly-cloudy-day,"72505394728,KEWR,KLGA,72502014734,F1417,KNYC,72503014732"
New York,2025-03-23,48.3,31.3,39.8,47.1,22.5,33.6,14.7,37.3,0,0,0,,0,0,33.4,17.1,297.9,1018.7,21.2,9.9,247.2,21.3,8,10,2025-03-23T06:53:54,2025-03-23T19:11:47,0.81,Partially cloudy,Partly cloudy throughout the day.,partly-cloudy-day,"72505394728,KEWR,KLGA,72502014734,F1417,KNYC,72503014732"
New York,2025-03-24,49.7,39.1,44.6,48.3,32.3,41.2,38.8,80.6,0.459,100,54.17,rain,0,0,25.2,12.4,165.2,1011.7,92.5,7.2,27.6,2.3,1,10,2025-03-24T06:52:14,2025-03-24T19:12:50,0.84,"Rain, Overcast",Cloudy skies throughout the day with a chance of rain throughout the day.,rain,"72505394728,KEWR,KLGA,72502014734,F1417,KNYC,72503014732"
New York,2025-03-25,57.7,47.4,52.4,57.7,43.6,51.1,26,39.9,0,0,0,,0,0,34.7,19.7,260.2,1011.1,39.4,9.5,246.8,21.2,9,10,2025-03-25T06:50:35,2025-03-25T19:13:54,0.88,Partially cloudy,Partly cloudy throughout the day.,partly-cloudy-day,"72505394728,KEWR,KLGA,72502014734,F1417,KNYC,72503014732"
New York,2025-03-26,54.4,39.8,45.6,54.4,33.4,41.3,22.7,40.6,0,0,0,rain,0,0,34.4,17.9,308.7,1016.3,77.4,9.9,168.9,14.6,9,10,2025-03-26T06:48:55,2025-03-26T19:14:57,0.91,Partially cloudy,Partly cloudy throughout the day.,partly-cloudy-day,"72505394728,KEWR,KLGA,72502014734,F1417,KNYC,72503014732"
New York,2025-03-27,52.2,34.5,43,52.2,26.2,37.9,13.9,34.1,0,0,0,,0,0,33.3,17.7,290.5,1022.5,14.9,9.9,263.6,23,9,10,2025-03-27T06:47:16,2025-03-27T19:16:00,0.94,Clear,Clear conditions throughout the day.,clear-day,"72505394728,KEWR,KLGA,72502014734,F1417,KNYC,72503014732"
New York,2025-03-28,62.7,46.3,53.5,62.7,42.5,51.9,26.6,36.5,0.019,100,8.33,rain,0,0,29.3,10,230.3,1020.7,73.3,9.9,147.2,12.7,8,10,2025-03-28T06:45:37,2025-03-28T19:17:03,0.97,"Rain, Partially cloudy",Partly cloudy throughout the day with late afternoon rain.,rain,"72505394728,KEWR,KLGA,72502014734,F1417,KNYC,72503014732"
New York,2025-03-29,81.4,47,61.5,80.1,41.9,60.8,42.7,52.7,0.014,100,16.67,rain,0,0,36.5,17.4,271.8,1015.4,71.8,9.9,146,12.7,8,10,2025-03-29T06:43:58,2025-03-29T19:18:06,0,"Rain, Partially cloudy",Partly cloudy throughout the day with rain.,rain,"72505394728,KEWR,KLGA,72502014734,F1417,KNYC,72503014732"
New York,2025-03-30,47.8,42.4,45,43.5,37.6,40.9,39,79.4,0.027,100,8.33,rain,0,0,24.6,10.2,64.2,1019.9,96.8,8.3,60.1,5,2,10,2025-03-30T06:42:19,2025-03-30T19:19:09,0.04,"Rain, Overcast",Cloudy skies throughout the day with late afternoon rain.,rain,"72505394728,KEWR,KLGA,72502014734,F1417,KNYC,72503014732"
New York,2025-03-31,71.8,44.9,57.1,71.8,40.7,56.3,50.5,80.2,0.85,100,25,rain,0,0,33.3,9.9,104.4,1006.4,92.9,5.4,131.5,11.3,8,10,2025-03-31T06:40:41,2025-03-31T19:20:12,0.08,"Rain, Overcast",Cloudy skies throughout the day with rain.,rain,"72505394728,KEWR,KLGA,72502014734,F1417,KNYC,72503014732"
New York,2025-04-01,59.4,41.6,49.4,59.4,34.4,46.5,29.8,50.5,0.28,100,20.83,rain,0,0,34.3,20.4,317.7,1012.4,43.9,9.4,271.3,23.6,9,10,2025-04-01T06:39:02,2025-04-01T19:21:15,0.11,"Rain, Partially cloudy",Clearing in the afternoon with early morning rain.,rain,"72505394728,KEWR,KLGA,72502014734,F1417,KNYC,72503014732"
New York,2025-04-02,46.4,37.3,42.3,42,30.3,36.8,21.7,45.4,0,0,0,rain,0,0,26.4,17.2,82.3,1030,44.7,9.9,207.3,17.9,9,10,2025-04-02T06:37:24,2025-04-02T19:22:18,0.14,Partially cloudy,Partly cloudy throughout the day.,partly-cloudy-day,"72505394728,KEWR,KLGA,72502014734,F8726,F1417,KNYC,72503014732"
New York,2025-04-03,73.3,45,57.9,73.3,40.6,56.7,51.1,78.8,0.062,100,20.83,rain,0,0,31.1,9.8,189.7,1018.7,77.6,7.3,59,5,3,10,2025-04-03T06:35:46,2025-04-03T19:23:21,0.18,"Rain, Partially cloudy",Partly cloudy throughout the day with rain clearing later.,rain,"72505394728,KEWR,KLGA,72502014734,F1417,KNYC,72503014732"
New York,2025-04-04,73.3,58.3,66.1,73.3,58.3,66.1,43.7,47.7,0.09,100,8.33,rain,0,0,31.1,14.3,300.3,1019.9,61,9.7,142.3,12.2,8,10,2025-04-04T06:34:09,2025-04-04T19:24:24,0.25,"Rain, Partially cloudy",Partly cloudy throughout the day with morning rain.,rain,"72505394728,KEWR,KLGA,72502014734,F8726,F1417,KNYC,72503014732"
New York,2025-04-05,60,43.6,50.8,60,37.4,48.4,36.2,60.7,0.052,100,20.83,rain,0,0,30.9,14.4,87.2,1023.2,95.8,8.6,29.5,2.6,2,10,2025-04-05T06:32:32,2025-04-05T19:25:27,0.25,"Rain, Overcast",Cloudy skies throughout the day with rain.,rain,"72505394728,KEWR,KLGA,72502014734,F1417,KNYC,72503014732"
New York,2025-04-06,56.1,43.5,49.3,56.1,38.2,48,39.3,71.9,0.745,100,20.83,rain,0,0,25.5,9.5,351.5,1010.6,98.6,7.9,68.9,5.9,3,10,2025-04-06T06:30:55,2025-04-06T19:26:29,0.28,"Rain, Overcast",Cloudy skies throughout the day with rain clearing later.,rain,"72505394728,KEWR,KLGA,72502014734,F1417,KNYC,72503014732"
New York,2025-04-07,50.5,39.8,43.3,50.5,33.2,38.8,35.5,75.9,0.123,100,41.67,rain,0,0,22.8,14,39.3,1008.6,100,8.1,20.1,1.7,1,10,2025-04-07T06:29:19,2025-04-07T19:27:32,0.32,"Rain, Overcast",Cloudy skies throughout the day with a chance of rain throughout the day.,rain,"KEWR,KLGA,F1417,KNYC"
New York,2025-04-08,45.3,37.5,41.9,42.5,27.7,35.6,22.3,50.1,0,0,0,rain,0,0,38.6,27.8,297.1,1006.7,58.1,9.5,273.1,23.6,10,10,2025-04-08T06:27:43,2025-04-08T19:28:35,0.35,Partially cloudy,Partly cloudy throughout the day.,partly-cloudy-day,"KEWR,KLGA,F1417,KNYC"
New York,2025-04-09,48.4,32.4,39.4,47.6,22.8,33.3,12.5,34.3,0,0,0,,0,0,31.9,15,282.4,1022.8,13,9.9,288.1,25,9,10,2025-04-09T06:26:08,2025-04-09T19:29:38,0.38,Clear,Clear conditions throughout the day.,clear-day,"KEWR,KLGA,F1417,KNYC"
New York,2025-04-10,49,41,44.2,45.2,36.6,40.8,28.7,54.5,0.012,100,4.17,rain,0,0,26.4,16.8,133.6,1026.4,74.2,9.9,182.9,15.8,10,10,2025-04-10T06:24:33,2025-04-10T19:30:41,0.42,"Rain, Partially cloudy",Partly cloudy throughout the day with late afternoon rain.,rain,"KEWR,KLGA,F1417,KNYC"
New York,2025-04-11,46.3,42.5,43.7,40.8,35.9,38.4,35.9,74,0.211,100,50,rain,0,0,25.3,13.3,60.8,1020.8,100,8.9,56.8,4.9,3,10,2025-04-11T06:22:59,2025-04-11T19:31:44,0.45,"Rain, Overcast",Cloudy skies throughout the day with rain.,rain,"KEWR,KLGA,F1417,KNYC"
New York,2025-04-12,42.5,36.4,39,36.2,28.1,31.8,35.2,86.1,0.792,100,83.33,rain,0.5,0,31.1,17,25.3,1014.2,100,5.1,41.5,3.5,1,10,2025-04-12T06:21:25,2025-04-12T19:32:46,0.5,"Rain, Overcast",Cloudy skies throughout the day with a chance of rain or snow throughout the day.,snow,"KEWR,KLGA,F1417,KNYC"
New York,2025-04-13,57,39.1,48.8,57,32.3,46.2,35,60.6,0,0,0,rain,0,0,26,15.7,342.9,1012.1,81.6,9.7,168.5,14.4,6,10,2025-04-13T06:19:52,2025-04-13T19:33:49,0.52,Partially cloudy,Partly cloudy throughout the day.,partly-cloudy-day,"KEWR,KLGA,F1417,KNYC"
New York,2025-04-14,62,48.6,55,62,45.9,54.7,35.4,48.1,0,63,0,rain,0,0,16.1,9.6,235.6,1010.6,41.6,10,196.6,16.9,7,10,2025-04-14T06:18:20,2025-04-14T19:34:52,0.56,"Rain, Partially cloudy",Partly cloudy throughout the day with a chance of rain.,rain,"KEWR,KLGA,F1417,KNYC"
London,2025-01-01,54.8,42.5,49.3,54.8,36.3,46.6,44.4,83.5,0.393,100,25,rain,0,0.7,40.2,26.3,235.3,1008.7,98.8,15.2,4.6,0.5,0,10,2025-01-01T08:06:16,2025-01-01T16:02:26,0.06,"Rain, Overcast",Cloudy skies throughout the day with rain.,rain,"03769099999,03680099999,D5621,03672099999,03781099999,03772099999,03770099999"
London,2025-01-02,41.6,31.7,37.8,38.4,26.5,33.4,31.6,78.6,0,0,0,,0,0.1,13.1,8.6,316.5,1018.5,24.8,19.7,20.8,1.7,2,10,2025-01-02T08:06:07,2025-01-02T16:03:31,0.09,Partially cloudy,Partly cloudy throughout the day.,partly-cloudy-day,"03680099999,D5621,03672099999,03781099999,03772099999,03770099999"
London,2025-01-03,41.3,29.6,34,35.6,22,28.6,29,82.4,0,0,0,,0,0,14.6,9.7,271.7,1023.9,1.2,23.5,22.4,2.1,2,10,2025-01-03T08:05:56,2025-01-03T16:04:39,0.13,Clear,Clear conditions throughout the day.,clear-day,"D5621,03672099999,03781099999,03772099999,03770099999"
London,2025-01-04,40.2,30.5,34.7,37.7,26.6,31.6,31.7,89.3,0.117,100,12.5,"rain,snow",0.5,0,18.4,11.3,118.2,1015.1,80.5,14.3,14.1,1.3,1,10,2025-01-04T08:05:40,2025-01-04T16:05:50,0.16,"Snow, Rain, Partially cloudy",Partly cloudy throughout the day with late afternoon rain or snow.,snow,"D5621,03672099999,03781099999,03772099999,03770099999"
London,2025-01-05,54.8,33.5,46.7,54.8,25.6,44,45.5,95.7,0.887,100,79.17,rain,1.1,0.2,29.2,18.3,183,988.2,100,4.8,8.6,0.7,1,10,2025-01-05T08:05:22,2025-01-05T16:07:03,0.2,"Rain, Overcast",Cloudy skies throughout the day with a chance of rain or snow throughout the day.,snow,"D5621,03672099999,03781099999,03772099999,03770099999"
London,2025-01-06,54.8,37.1,45.3,54.8,29.2,40.5,41.2,85.9,0.166,100,37.5,rain,0,0.2,32.2,20.7,237.6,982.9,74.6,22.3,9.6,0.8,1,10,2025-01-06T08:05:00,2025-01-06T16:08:18,0.25,"Rain, Partially cloudy",Partly cloudy throughout the day with a chance of rain throughout the day.,rain,"D5621,03672099999,03781099999,03772099999,03770099999"
London,2025-01-07,41.3,34.4,37.4,35.3,27.6,31,33.1,84.4,0.008,100,4.17,"rain,snow",0,0,18.6,13.1,251.6,999.2,45.9,28.9,13.7,1.3,1,10,2025-01-07T08:04:35,2025-01-07T16:09:36,0.27,"Snow, Rain, Partially cloudy",Partly cloudy throughout the day with morning rain or snow.,rain,"03769099999,03680099999,D5621,03672099999,03781099999,03761099999,EGLC,03772099999,03770099999,03693099999"
London,2025-01-08,38.5,31.4,35,35.3,25.7,31.4,32,88.7,0.032,100,12.5,"rain,snow",0.9,0.2,10.9,7.8,31.8,1001.8,74.7,16.6,12.3,1,1,10,2025-01-08T08:04:07,2025-01-08T16:10:56,0.31,"Snow, Rain, Partially cloudy",Partly cloudy throughout the day with late afternoon rain or snow.,snow,"D5621,03672099999,03781099999,03772099999,03770099999"
London,2025-01-09,39.5,31.4,36.2,33.7,25.6,30.4,30.1,79.2,0,0,0,snow,0,0.3,15.5,10.9,298.7,1008.5,34.8,12.8,24,2.1,2,10,2025-01-09T08:03:35,2025-01-09T16:12:18,0.34,Partially cloudy,Clearing in the afternoon.,partly-cloudy-day,"03769099999,D5621,03672099999,03781099999,03761099999,EGLC,03772099999,03770099999,03693099999"
London,2025-01-10,37.5,27.8,31.3,34.8,25.3,30.4,28.5,89.6,0,0,0,,0,0.2,8.2,5.2,353.9,1020.4,21.7,9,16.7,1.4,1,10,2025-01-10T08:03:01,2025-01-10T16:13:43,0.38,Partially cloudy,Partly cloudy throughout the day.,partly-cloudy-day,"D5621,03672099999,03781099999,03772099999,03770099999"
London,2025-01-11,39.3,26.3,31.5,38,26.3,31.5,29.2,91.5,0,0,0,,0,0,5.3,3.4,308.3,1030.5,24.4,5.1,24.8,2.2,2,10,2025-01-11T08:02:23,2025-01-11T16:15:09,0.41,Partially cloudy,Partly cloudy throughout the day.,partly-cloudy-day,"D5621,03672099999,03781099999,03772099999,03770099999"
London,2025-01-12,39.5,27.8,33.8,39.5,27.8,33.4,31.5,91.6,0,0,0,,0,0,5.8,4,140.3,1040,67.3,10.9,14.6,1.1,1,10,2025-01-12T08:01:42,2025-01-12T16:16:37,0.45,Partially cloudy,Partly cloudy throughout the day.,partly-cloudy-day,"D5621,03672099999,03781099999,03772099999,03770099999"
London,2025-01-13,43.8,38.6,40.6,38.4,32.4,35.8,33.7,76.4,0,0,0,,0,0,19.1,13,203.9,1039.3,63.9,21.2,21.8,1.8,1,10,2025-01-13T08:00:58,2025-01-13T16:18:07,0.5,Partially cloudy,Partly cloudy throughout the day.,partly-cloudy-day,"03680099999,D5621,03672099999,03781099999,03772099999,03770099999"
London,2025-01-14,49.2,37.7,43.9,47.3,31.6,40.5,40,86.2,0,0,0,,0,0,13.9,9.1,232.8,1035,84.8,8.7,22.1,1.9,2,10,2025-01-14T08:00:11,2025-01-14T16:19:38,0.52,Partially cloudy,Partly cloudy throughout the day.,partly-cloudy-day,"03680099999,D5621,03781099999,03672099999,03772099999,03770099999"
London,2025-01-15,49.4,46.6,47.7,49.4,44.6,46.4,46.7,96.4,0.016,100,8.33,rain,0,0,7.9,5.3,258,1034.2,92.6,3.3,7.7,0.6,0,10,2025-01-15T07:59:21,2025-01-15T16:21:11,0.55,"Rain, Overcast",Cloudy skies throughout the day with rain clearing later.,rain,"03769099999,03680099999,D5621,03781099999,03672099999,03772099999,03770099999"
London,2025-01-16,48.8,44.3,46.4,46.5,41.2,44,42.7,87,0.008,100,4.17,rain,0,0,13.3,8.5,203.4,1034.4,95.6,10.2,14.7,1.2,1,10,2025-01-16T07:58:29,2025-01-16T16:22:46,0.58,"Rain, Overcast",Cloudy skies throughout the day with morning rain.,rain,"03680099999,D5621,03781099999,03672099999,03772099999,03770099999"
London,2025-01-17,43.4,39.5,41.7,40.2,36.9,38.3,36.6,82.1,0,0,0,,0,0,13.5,8.7,206.4,1035.5,97.8,7.6,17.6,1.4,1,10,2025-01-17T07:57:33,2025-01-17T16:24:22,0.61,Overcast,Cloudy skies throughout the day.,cloudy,"03680099999,D5621,03781099999,03672099999,03772099999,03770099999"
London,2025-01-18,39.3,35.9,37.7,37.7,33.2,35.7,33.8,85.8,0,0,0,,0,0,11.2,5.7,128.6,1029.6,100,3.5,8.4,0.7,0,10,2025-01-18T07:56:35,2025-01-18T16:26:00,0.65,Overcast,Cloudy skies throughout the day.,cloudy,"03769099999,03680099999,D5621,03781099999,03672099999,03772099999,03770099999"
London,2025-01-19,38.6,36.6,37.8,37.5,30.9,33.9,32.1,80.1,0,0,0,,0,0,11.9,7.2,168.7,1021.2,99,6.2,6.3,0.5,0,10,2025-01-19T07:55:34,2025-01-19T16:27:39,0.68,Overcast,Cloudy skies throughout the day.,cloudy,"03769099999,03680099999,D5621,03781099999,03672099999,03772099999,03770099999"
London,2025-01-20,42.9,37.1,39.9,42.9,34.3,38.2,36.2,86.5,0.008,100,4.17,rain,0,0,10.5,7.4,218.7,1018.3,85.1,7,17.3,1.4,1,10,2025-01-20T07:54:30,2025-01-20T16:29:19,0.71,"Rain, Partially cloudy",Partly cloudy throughout the day with morning rain.,rain,"03769099999,03680099999,D5621,03781099999,03672099999,03772099999,03770099999"
London,2025-01-21,43.8,34.4,38.8,40.4,34.4,37,36.3,90.8,0,0,0,,0,0,11,6.9,156.4,1013.8,90.5,3.1,24.2,2.2,1,10,2025-01-21T07:53:24,2025-01-21T16:31:00,0.75,Overcast,Cloudy skies throughout the day.,cloudy,"03769099999,03680099999,D5621,03781099999,03672099999,03772099999,03770099999"
London,2025-01-22,41.3,37.7,39.1,39.5,34,36.7,35.6,87.4,0.008,100,4.17,rain,0,0,9.5,7.2,344.8,1004.6,90.9,3.2,11.3,1,1,10,2025-01-22T07:52:15,2025-01-22T16:32:42,0.77,"Rain, Overcast",Cloudy skies throughout the day with early morning rain.,rain,"03769099999,EGWU,03680099999,EGLL,D5621,03781099999,03672099999,03684099999,EGLC,03772099999,03770099999"
London,2025-01-23,47.6,36.2,41.5,41,31.4,36,37.9,87.3,0.196,100,12.5,rain,0,0,28.7,17.4,221.9,1002.6,67.9,9.7,11.4,1,0,10,2025-01-23T07:51:03,2025-01-23T16:34:25,0.81,"Rain, Partially cloudy",Partly cloudy throughout the day with rain.,rain,"03769099999,EGWU,03768399999,03781099999,03672099999,03684099999,03768099999,03772099999,03693099999,03680099999,D5621,03761099999,EGLC,03770099999"
London,2025-01-24,52.1,42.5,48.8,52.1,36.5,46.1,40.3,73.9,0.11,100,20.83,rain,0,0,39.6,24.7,213.7,996.2,93.1,8.4,23.7,2.2,1,10,2025-01-24T07:49:49,2025-01-24T16:36:09,0.84,"Rain, Overcast",Cloudy skies throughout the day with rain clearing later.,rain,"03769099999,03680099999,D5621,03781099999,03672099999,03772099999,03770099999"
London,2025-01-25,47.6,35.7,42.7,45.8,33.8,40,33.9,71.9,0.039,100,4.17,rain,0,0,16.5,10.7,258.5,1004.6,53.5,23,34.8,2.9,3,10,2025-01-25T07:48:33,2025-01-25T16:37:54,0.87,"Rain, Partially cloudy",Partly cloudy throughout the day with early morning rain.,rain,"03769099999,03680099999,D5621,03781099999,03672099999,03772099999,03770099999"
London,2025-01-26,50.3,34.8,42.1,50.3,29.1,36.3,37.1,82.4,0.205,100,20.83,rain,0,0,34.3,20.7,163.6,995,73.9,13.7,10,0.8,1,10,2025-01-26T07:47:14,2025-01-26T16:39:40,0.9,"Rain, Partially cloudy",Partly cloudy throughout the day with rain.,rain,"03769099999,03680099999,D5621,03781099999,03672099999,03772099999,03770099999"
London,2025-01-27,50.2,44,46.6,50.2,36.6,40.1,40.7,79.9,0.299,100,41.67,rain,0,0,44.7,25.2,202.2,981.1,75,16.1,32.3,2.9,3,10,2025-01-27T07:45:53,2025-01-27T16:41:26,0.94,"Rain, Partially cloudy",Partly cloudy throughout the day with a chance of rain throughout the day.,rain,"03769099999,03680099999,D5621,03781099999,03672099999,03772099999,03770099999"
London,2025-01-28,50.3,45.8,48.1,50.3,39.3,42.5,43.4,83.9,0.118,100,25,rain,0,0,30.5,18.3,227,983.8,97.5,19.6,20.5,1.7,1,10,2025-01-28T07:44:29,2025-01-28T16:43:13,0.97,"Rain, Overcast",Cloudy skies throughout the day with rain in the morning and afternoon.,rain,"03769099999,03680099999,D5621,03781099999,03672099999,03772099999,03770099999"
London,2025-01-29,47.9,39.5,44.3,47,35.8,40.8,39,81.7,0,0,0,,0,0,17.9,12.3,272.2,1003.1,49.5,21.7,29.3,2.4,2,10,2025-01-29T07:43:04,2025-01-29T16:45:01,0,Partially cloudy,Becoming cloudy in the afternoon.,partly-cloudy-day,"03769099999,03680099999,D5621,03781099999,03672099999,03772099999,03770099999"
London,2025-01-30,47.4,38,42.1,42.1,33.6,37.6,33.2,71.3,0,0,0,,0,0,17.8,12.1,323.5,1019.8,28.5,25.8,37.8,3.2,3,10,2025-01-30T07:41:36,2025-01-30T16:46:49,0.03,Partially cloudy,Partly cloudy throughout the day.,partly-cloudy-day,"03769099999,03680099999,D5621,03781099999,03672099999,03772099999,03770099999"
London,2025-01-31,46.7,38,42.7,44.9,34.5,39.6,40.3,91.1,0.189,100,37.5,rain,0,0,15.2,9.2,175.7,1024.8,98.2,10.4,9,0.7,0,10,2025-01-31T07:40:06,2025-01-31T16:48:37,0.07,"Rain, Overcast",Cloudy skies throughout the day with a chance of rain throughout the day.,rain,"03769099999,03680099999,D5621,03781099999,03672099999,03761099999,EGLC,03772099999,03770099999,03693099999"
London,2025-02-01,43.1,35.8,40.9,40,32.1,37.4,36.7,84.8,0,0,0,,0,0,11.8,7.1,141.8,1028.9,82,19.2,10.8,1,1,10,2025-02-01T07:38:34,2025-02-01T16:50:26,0.11,Partially cloudy,Partly cloudy throughout the day.,partly-cloudy-day,"03769099999,03680099999,D5621,03781099999,03672099999,03772099999,03770099999"
London,2025-02-02,46.7,32.1,38.4,43.2,27.7,34.7,33.9,85,0,0,0,,0,0,12.6,8.1,162,1023.2,9,11.3,37.3,3.3,3,10,2025-02-02T07:37:01,2025-02-02T16:52:15,0.14,Clear,Clear conditions throughout the day.,clear-day,"03769099999,03680099999,D5621,03781099999,03672099999,03772099999,03770099999"
London,2025-02-03,47,33.5,41.4,43.3,31,37.9,38.7,90.4,0.008,100,4.17,rain,0,0,15.9,9.7,194.6,1024.8,68.1,6.8,19,1.6,1,10,2025-02-03T07:35:25,2025-02-03T16:54:05,0.18,"Rain, Partially cloudy",Partly cloudy throughout the day with morning rain.,rain,"03769099999,03680099999,D5621,03781099999,03672099999,03772099999,03770099999"
London,2025-02-04,49.7,43.1,47,45.1,38.8,42.3,42.7,85.1,0,0,0,rain,0,0,24.3,15.3,206.4,1023.4,85.7,17.7,18.5,1.6,1,10,2025-02-04T07:33:47,2025-02-04T16:55:54,0.21,Partially cloudy,Partly cloudy throughout the day.,partly-cloudy-day,"03769099999,03680099999,D5621,03781099999,03672099999,03772099999,03770099999"
London,2025-02-05,49.7,37.6,44.3,47.9,35.1,42,37.8,78.5,0,0,0,,0,0,12.3,8.5,269.3,1037.7,15.6,14.5,43.6,3.7,3,10,2025-02-05T07:32:08,2025-02-05T16:57:44,0.25,Clear,Clear conditions throughout the day.,clear-day,"03769099999,03680099999,D5621,03781099999,03672099999,F6665,03772099999,03770099999"
London,2025-02-06,47,36.2,41.9,42.5,33.6,37.6,35.3,77.8,0,0,0,,0,0,20.1,12.3,49.6,1041.8,35.7,14.1,46.3,4,3,10,2025-02-06T07:30:26,2025-02-06T16:59:34,0.28,Partially cloudy,Becoming cloudy in the afternoon.,partly-cloudy-day,"03769099999,03680099999,D5621,03781099999,03672099999,03772099999,03770099999"
London,2025-02-07,40.7,38.3,39.6,34.1,31,32.4,35.1,84.1,0.202,100,37.5,rain,0,0,24.3,14.6,55.9,1025.2,91.7,9.8,7.5,0.7,0,10,2025-02-07T07:28:43,2025-02-07T17:01:24,0.32,"Rain, Overcast",Cloudy skies throughout the day with rain.,rain,"03769099999,03680099999,D5621,03781099999,03672099999,03768099999,EGLC,03772099999,03770099999,03693099999"
London,2025-02-08,43.4,38,41.1,39.8,32.9,37.1,38.9,91.6,0.071,100,25,rain,0,0,17.5,10.1,76.6,1018.3,95.6,4.3,6.3,0.6,0,10,2025-02-08T07:26:59,2025-02-08T17:03:14,0.35,"Rain, Overcast",Cloudy skies throughout the day with a chance of rain throughout the day.,rain,"03769099999,03680099999,D5621,03781099999,03672099999,03772099999,03770099999"
London,2025-02-09,43.4,35.7,40.2,39,33.1,35.9,37,88.3,0.094,100,25,rain,0,0,20.2,11.6,52.3,1027.6,84.2,6.7,21,1.9,1,10,2025-02-09T07:25:13,2025-02-09T17:05:05,0.39,"Rain, Partially cloudy",Partly cloudy throughout the day with rain.,rain,"03769099999,03680099999,D5621,03781099999,03672099999,03761099999,EGLC,03772099999,03770099999,03693099999"
London,2025-02-10,41.1,37,39.7,34.8,30.3,33,35.4,84.8,0.064,100,25,"rain,snow",0,0,21.8,12.5,37.1,1023.9,100,3.2,5.7,0.5,0,10,2025-02-10T07:23:25,2025-02-10T17:06:55,0.43,"Snow, Rain, Overcast",Cloudy skies throughout the day with rain or snow.,rain,"03769099999,03680099999,D5621,03781099999,03672099999,03761099999,EGLC,03772099999,03770099999,03693099999"
London,2025-02-11,41.1,38,39.5,40.7,32.9,36.4,35.7,86.3,0.008,100,4.17,rain,0,0,12.3,7.5,337.3,1018.6,99.8,4.4,8.6,0.8,1,10,2025-02-11T07:21:35,2025-02-11T17:08:45,0.46,"Rain, Overcast",Cloudy skies throughout the day with early morning rain.,rain,"03769099999,EGWU,EGLL,03768399999,03781099999,03672099999,03768099999,03772099999,03680099999,D5621,03761099999,EGLC,03770099999"
London,2025-02-12,42.5,39.8,41,39.8,36.4,38.4,36,82.5,0,0,0,,0,0,9.6,6.2,21,1019.6,100,7.2,18.4,1.6,1,10,2025-02-12T07:19:44,2025-02-12T17:10:35,0.5,Overcast,Cloudy skies throughout the day.,cloudy,"03769099999,03680099999,D5621,03781099999,03672099999,03772099999,03770099999"
London,2025-02-13,40.7,39.3,40.1,37.8,33.6,35.7,32,72.7,0,0,0,,0,0,14.4,8.5,48.2,1023.5,100,8.6,15.9,1.3,1,10,2025-02-13T07:17:52,2025-02-13T17:12:25,0.53,Overcast,Cloudy skies throughout the day.,cloudy,"03769099999,03680099999,D5621,03781099999,03672099999,03772099999,03770099999"
London,2025-02-14,43.1,36.2,39,37.6,29.7,33.3,28,64.8,0,0,0,,0,0,19.3,12.7,120.3,1024.9,76.5,11,51.5,4.4,4,10,2025-02-14T07:15:59,2025-02-14T17:14:15,0.56,Partially cloudy,Partly cloudy throughout the day.,partly-cloudy-day,"03769099999,03680099999,D5621,03781099999,03672099999,03772099999,03770099999"
London,2025-02-15,44.3,36.8,39.3,39.7,30.6,33.8,32.9,78,0.032,100,12.5,rain,0,0,15.8,10.4,133.1,1020.2,98.4,6.6,31.1,2.7,1,10,2025-02-15T07:14:04,2025-02-15T17:16:04,0.59,"Rain, Overcast",Cloudy skies throughout the day with late afternoon rain.,rain,"03769099999,03680099999,D5621,03781099999,03672099999,03772099999,03770099999"
London,2025-02-16,40.7,35.7,38.1,34.6,29.4,32,30.2,73.3,0,0,0,snow,0,0,18.7,12.4,89.4,1020.6,88.6,9.7,27.5,2.4,1,10,2025-02-16T07:12:07,2025-02-16T17:17:54,0.63,Partially cloudy,Partly cloudy throughout the day.,partly-cloudy-day,"03769099999,03680099999,D5621,03768399999,03781099999,03672099999,03684099999,03768099999,EGLC,03772099999,03770099999"
London,2025-02-17,42.2,33.9,37.1,36.2,28.4,31.7,27.7,68.8,0,0,0,,0,0,19.2,12.5,94.4,1022.2,2.6,11.7,79.6,6.9,4,10,2025-02-17T07:10:10,2025-02-17T17:19:43,0.66,Clear,Clear conditions throughout the day.,clear-day,"03769099999,03680099999,D5621,03781099999,03672099999,F6665,03772099999,03770099999"
London,2025-02-18,44.7,34.4,38.4,38.7,29,32.6,29.2,69.8,0,0,0,,0,0,19.7,12.9,94.9,1020.5,39.5,9.4,60.7,5.2,4,10,2025-02-18T07:08:11,2025-02-18T17:21:32,0.69,Partially cloudy,Partly cloudy throughout the day.,partly-cloudy-day,"03769099999,03680099999,D5621,03781099999,03672099999,03772099999,03770099999"
London,2025-02-19,47.9,35.9,42.1,45.1,29.9,37.4,34.9,75.6,0,0,0,rain,0,0,16.9,9,130,1016,57.7,6,39.7,3.4,2,10,2025-02-19T07:06:11,2025-02-19T17:23:21,0.72,Partially cloudy,Partly cloudy throughout the day.,partly-cloudy-day,"03769099999,03680099999,D5621,03781099999,03672099999,03772099999,03770099999"
London,2025-02-20,55.7,47.9,53,55.7,43.8,52.5,50.4,90.7,0.008,100,4.17,rain,0,0,30,17.6,197.5,1014.3,99.8,8,19.6,1.7,1,10,2025-02-20T07:04:10,2025-02-20T17:25:10,0.75,"Rain, Overcast",Cloudy skies throughout the day with afternoon rain.,rain,"03769099999,EGWU,EGLL,03781099999,03672099999,03684099999,03772099999,03693099999,03680099999,D5621,03761099999,EGLC,03770099999"
London,2025-02-21,60.1,52.8,55.6,60.1,52.8,55.6,51.4,86.4,0.118,100,25,rain,0,0,29.5,17.6,183.8,1010.1,95.4,9.3,44.3,3.9,2,10,2025-02-21T07:02:08,2025-02-21T17:26:58,0.79,"Rain, Overcast",Cloudy skies throughout the day with rain.,rain,"03769099999,03680099999,D5621,03781099999,03672099999,03772099999,03770099999"
London,2025-02-22,56.9,45.7,51.5,56.9,43,51,47.3,86.3,0.149,100,20.83,rain,0,0,17,11.1,229.2,1013.4,57.1,11.5,37.8,3.2,2,10,2025-02-22T07:00:05,2025-02-22T17:28:46,0.82,"Rain, Partially cloudy",Partly cloudy throughout the day with early morning rain.,rain,"03769099999,03680099999,D5621,03781099999,03672099999,03772099999,03770099999"
London,2025-02-23,52.4,44.7,49.9,52.4,39.8,48.5,45.2,84,0.008,100,4.17,rain,0,0,34.9,21.5,193.8,1019.9,85.7,11.7,34.3,2.8,2,10,2025-02-23T06:58:01,2025-02-23T17:30:34,0.85,"Rain, Partially cloudy",Partly cloudy throughout the day with late afternoon rain.,rain,"03769099999,03680099999,D5621,03781099999,03672099999,03772099999,03770099999"
London,2025-02-24,56.9,47,51.2,56.9,42.6,50,47.2,86.4,0.522,100,50,rain,0,0,25.8,17,220,1011.8,73.2,11.9,35.3,3.1,2,10,2025-02-24T06:55:56,2025-02-24T17:32:22,0.89,"Rain, Partially cloudy",Partly cloudy throughout the day with a chance of rain throughout the day.,rain,"03769099999,03680099999,D5621,03781099999,03672099999,03772099999,03770099999"
London,2025-02-25,52.9,43.4,48,52.9,38.9,45.9,40.4,76.2,0.047,100,8.33,rain,0,0,16.1,11.3,272.1,1013.9,66.8,21.2,50.3,4.3,2,10,2025-02-25T06:53:50,2025-02-25T17:34:09,0.92,"Rain, Partially cloudy",Partly cloudy throughout the day with early morning rain.,rain,"03769099999,03680099999,D5621,03781099999,03672099999,03772099999,03770099999"
London,2025-02-26,47.9,38.9,43.1,43.8,32.8,38.5,39.2,86.2,0.211,100,20.83,rain,0,0,23.1,13.4,221.8,1013.6,46.9,19.5,31.2,2.7,2,10,2025-02-26T06:51:43,2025-02-26T17:35:56,0.95,"Rain, Partially cloudy",Partly cloudy throughout the day with rain in the morning and afternoon.,rain,"03769099999,03680099999,D5621,03781099999,03672099999,03772099999,03770099999"
London,2025-02-27,51.1,39.5,44.9,51.1,33.8,41.3,35,69.5,0,0,0,rain,0,0,19.2,13.1,308.6,1019.8,60.9,29.2,46,3.8,2,10,2025-02-27T06:49:36,2025-02-27T17:37:43,0.98,Partially cloudy,Partly cloudy throughout the day.,partly-cloudy-day,"03769099999,03680099999,D5621,03781099999,03672099999,03772099999,03770099999"
London,2025-02-28,48.6,33.5,41.6,46.4,32.1,40.3,33.2,73.9,0,0,0,,0,0,12.5,7.3,16.6,1029.2,20.7,14.3,71.3,6.1,5,10,2025-02-28T06:47:27,2025-02-28T17:39:29,0,Partially cloudy,Partly cloudy throughout the day.,partly-cloudy-day,"03769099999,03680099999,D5621,03781099999,03672099999,03761099999,EGLC,03772099999,03770099999,03693099999"
London,2025-03-01,51.2,37.1,42,51.2,36.3,41.4,34.6,77.1,0,0,0,,0,0,11.3,7,46.8,1034.5,33.5,13.9,55.3,4.7,4,10,2025-03-01T06:45:18,2025-03-01T17:41:15,0.05,Partially cloudy,Clearing in the afternoon.,partly-cloudy-day,"03769099999,03680099999,D5621,03781099999,03672099999,03772099999,03770099999"
London,2025-03-02,52.1,34,41.5,52.1,34,41.1,34.1,77,0,0,0,,0,0,9.6,6.4,39.1,1034.4,4.1,14.8,71.3,6.1,5,10,2025-03-02T06:43:08,2025-03-02T17:43:01,0.09,Clear,Clear conditions throughout the day.,clear-day,"03769099999,EGWU,03680099999,D5621,03768399999,03781099999,03672099999,03761099999,EGLC,03772099999,03770099999"
London,2025-03-03,55.1,32.6,42.4,55.1,32.6,42.2,32.5,72,0,0,0,,0,0,6.9,3.6,276.9,1029.8,4,10.2,73.5,6.6,5,10,2025-03-03T06:40:58,2025-03-03T17:44:47,0.12,Clear,Clear conditions throughout the day.,clear-day,"03769099999,03680099999,D5621,03781099999,03672099999,03772099999,03770099999"
London,2025-03-04,56.9,32.3,43.6,56.9,32.3,42.9,32.5,69.8,0,0,0,,0,0,11.4,8.1,239.5,1026.3,1.4,11.5,74.9,6.7,5,10,2025-03-04T06:38:47,2025-03-04T17:46:32,0.16,Clear,Clear conditions throughout the day.,clear-day,"03769099999,03680099999,D5621,03781099999,03672099999,03772099999,03770099999"
London,2025-03-05,58.7,33.5,45,58.7,28.9,43.5,36.4,74.2,0.008,100,4.17,rain,0,0,13.7,9.2,215.5,1022.2,5.7,4.3,78.3,6.9,4,10,2025-03-05T06:36:35,2025-03-05T17:48:17,0.19,Rain,Clear conditions throughout the day with morning rain.,rain,"03769099999,03680099999,D5621,03781099999,03672099999,03684099999,03772099999,03770099999"
London,2025-03-06,63.8,37.1,49.7,63.8,35.4,49.2,37.9,67,0,0,0,rain,0,0,19.9,12.6,170.4,1014.3,12.1,13.7,77.5,6.9,5,10,2025-03-06T06:34:22,2025-03-06T17:50:02,0.25,Clear,Clear conditions throughout the day.,clear-day,"03769099999,03680099999,D5621,03781099999,03672099999,03772099999,03770099999"
London,2025-03-07,63.7,48.3,55.5,63.7,46.2,55.3,44.5,67,0,0,0,,0,0,18,11.7,152.8,1011.7,53.6,18,86.8,7.5,5,10,2025-03-07T06:32:09,2025-03-07T17:51:46,0.26,Partially cloudy,Partly cloudy throughout the day.,partly-cloudy-day,"03769099999,03680099999,D5621,03781099999,03672099999,03772099999,03770099999"
London,2025-03-08,62.3,45.8,54,62.3,43.2,53.4,41,62.5,0,0,0,,0,0,19.1,11.9,102.1,1008,13.3,16.8,80.3,6.9,5,10,2025-03-08T06:29:56,2025-03-08T17:53:31,0.3,Clear,Clear conditions throughout the day.,clear-day,"03769099999,03680099999,D5621,03781099999,03672099999,03772099999,03770099999"
London,2025-03-09,62.9,47.6,53.9,62.9,45.4,53.1,40.8,62.3,0,0,0,,0,0,18.1,12.5,87.1,1002.8,25.6,11.7,84.3,7.4,5,10,2025-03-09T06:27:42,2025-03-09T17:55:15,0.33,Partially cloudy,Partly cloudy throughout the day.,partly-cloudy-day,"03769099999,03680099999,D5621,03781099999,03672099999,03772099999,03770099999"
London,2025-03-10,54.6,46.1,50.4,54.6,40.7,49.2,41.5,71.4,0,0,0,rain,0,0,20.9,13,28.9,1003.6,88,3.1,55.3,4.7,3,10,2025-03-10T06:25:28,2025-03-10T17:56:58,0.37,Partially cloudy,Partly cloudy throughout the day.,partly-cloudy-day,"03769099999,03680099999,D5621,03781099999,03672099999,F6665,03772099999,03770099999"
London,2025-03-11,47.5,42.1,45.1,44.1,37.7,40.5,34.8,67.3,0,0,0,rain,0,0,20.1,12.9,24.4,1007.6,91.2,18.9,50.6,4.4,2,10,2025-03-11T06:23:13,2025-03-11T17:58:42,0.4,Overcast,Cloudy skies throughout the day.,cloudy,"03769099999,03680099999,D5621,03781099999,03672099999,03772099999,03770099999"
London,2025-03-12,47.4,39.5,42.8,43.3,34,39,33.4,69.9,0,0,0,rain,0,0,15.8,10.1,328.1,1003.5,84.9,26.2,62.5,5.5,3,10,2025-03-12T06:20:58,2025-03-12T18:00:25,0.44,Partially cloudy,Partly cloudy throughout the day.,partly-cloudy-day,"03769099999,03680099999,D5621,03781099999,03672099999,03761099999,EGLC,03772099999,03770099999,03693099999"
London,2025-03-13,46.1,38,40.6,42.1,31.5,36.5,34.7,79.3,0.039,100,4.17,"rain,snow",0.1,0,18.2,11.5,355.8,1004.2,72,20.6,52.9,4.5,3,10,2025-03-13T06:18:43,2025-03-13T18:02:08,0.47,"Snow, Rain, Partially cloudy",Partly cloudy throughout the day with afternoon rain or snow.,snow,"03769099999,03680099999,D5621,03781099999,03672099999,03772099999,03770099999"
London,2025-03-14,47.9,33.5,41.3,43.8,33.5,38.7,33.1,73.8,0,0,0,rain,0,0,17.7,10.8,29,1011.6,73.5,19,68.8,6,5,10,2025-03-14T06:16:27,2025-03-14T18:03:51,0.5,Partially cloudy,Partly cloudy throughout the day.,partly-cloudy-day,"03769099999,03680099999,D5621,03781099999,03672099999,03772099999,03770099999"
London,2025-03-15,47.9,35.7,41.4,42.6,29.3,36.1,29.1,63.5,0,0,0,snow,0,0,23.4,13.8,40.8,1021.8,35.6,28.7,91.9,8.2,4,10,2025-03-15T06:14:11,2025-03-15T18:05:33,0.54,Partially cloudy,Partly cloudy throughout the day.,partly-cloudy-day,"03769099999,03680099999,D5621,03781099999,03672099999,03684099999,03772099999,03770099999"
London,2025-03-16,47.6,33.5,41.5,42.8,27.7,36.4,31.3,68,0,0,0,,0,0,22.6,14.9,40.8,1025.3,52.8,32.9,136.5,11.8,7,10,2025-03-16T06:11:55,2025-03-16T18:07:16,0.57,Partially cloudy,Partly cloudy throughout the day.,partly-cloudy-day,"03769099999,03680099999,D5621,03781099999,03672099999,03684099999,03772099999,03770099999"
London,2025-03-17,46.7,40.7,43.9,42,36.4,38.9,34.9,71,0,0,0,,0,0,20.8,12.3,64.6,1028,85.6,19.8,48.7,4.2,2,10,2025-03-17T06:09:38,2025-03-17T18:08:58,0.61,Partially cloudy,Partly cloudy throughout the day.,partly-cloudy-day,"03769099999,03680099999,D5621,03781099999,03672099999,03772099999,03770099999"
London,2025-03-18,51.5,38.4,43.8,51.5,33.6,39.8,30.6,61.6,0,0,0,,0,0,23.2,15.3,81.4,1024,0.1,21.4,122,10.6,6,10,2025-03-18T06:07:22,2025-03-18T18:10:40,0.64,Clear,Clear conditions throughout the day.,clear-day,"03769099999,03680099999,D5621,03781099999,03672099999,03684099999,03772099999,03770099999"
London,2025-03-19,64.6,36.8,50.4,64.6,34.7,49.8,37.9,64,0,0,0,,0,0,14.1,8.6,140.4,1020.9,34.6,17.7,113.9,9.9,6,10,2025-03-19T06:05:05,2025-03-19T18:12:22,0.67,Partially cloudy,Becoming cloudy in the afternoon.,partly-cloudy-day,"03769099999,03680099999,D5621,03781099999,03672099999,03684099999,03772099999,03770099999"
London,2025-03-20,67.7,46.7,56.2,67.7,46.7,56.2,43.5,64.2,0,0,0,,0,0,12.7,8.1,115.3,1018.9,28.1,22.6,104.5,9.2,5,10,2025-03-20T06:02:48,2025-03-20T18:14:04,0.7,Partially cloudy,Partly cloudy throughout the day.,partly-cloudy-day,"03769099999,03680099999,D5621,03781099999,03672099999,03684099999,03768099999,03772099999,03770099999"
London,2025-03-21,61.1,49.4,55.9,61.1,46.7,55.7,45.1,67.5,0,0,0,rain,0,0,22.4,14.9,112.2,1006.9,47.1,13.5,69.9,6.1,3,10,2025-03-21T06:00:31,2025-03-21T18:15:45,0.74,Partially cloudy,Clearing in the afternoon.,partly-cloudy-day,"03769099999,03680099999,D5621,03781099999,03672099999,03772099999,03770099999"
London,2025-03-22,61.8,52.4,56.4,61.8,52.4,56.4,49.6,78.4,0,0,0,rain,0,0,14.7,8.9,117.6,1000,80.1,18.1,61.8,5.4,3,10,2025-03-22T05:58:14,2025-03-22T18:17:27,0.75,Partially cloudy,Partly cloudy throughout the day.,partly-cloudy-day,"03769099999,03680099999,D5621,03781099999,03672099999,03772099999,03770099999"
London,2025-03-23,56,47.6,52.7,56,43.5,52.1,47.8,83.4,0,0,0,rain,0,0,17.8,10.8,17.1,1003.8,92.1,3.4,40.9,3.7,2,10,2025-03-23T05:55:57,2025-03-23T18:19:08,0.8,Overcast,Cloudy skies throughout the day.,cloudy,"03769099999,03680099999,D5621,03781099999,03672099999,03772099999,03770099999"
London,2025-03-24,57.8,44,49,57.8,40.3,46.6,40.4,72.8,0,0,0,,0,0,17.4,11,9.9,1017.7,59,4.9,55.5,4.6,3,10,2025-03-24T05:53:40,2025-03-24T18:20:49,0.84,Partially cloudy,Partly cloudy throughout the day.,partly-cloudy-day,"03769099999,03680099999,D5621,03781099999,03672099999,03772099999,03770099999"
London,2025-03-25,58.4,41.6,50.4,58.4,37.5,49.3,44.8,81.6,0,0,0,rain,0,0,14.1,8.5,297.7,1022.4,71.1,9,71.4,6.1,3,10,2025-03-25T05:51:23,2025-03-25T18:22:30,0.87,Partially cloudy,Partly cloudy throughout the day.,partly-cloudy-day,"03769099999,03680099999,D5621,03781099999,03672099999,03772099999,03770099999"
London,2025-03-26,63.2,47.9,54.9,63.2,46.2,54.7,45.5,72.2,0,0,0,rain,0,0,9.8,6.2,283.1,1024.9,49.8,16,93.5,8,4,10,2025-03-26T05:49:06,2025-03-26T18:24:11,0.9,Partially cloudy,Partly cloudy throughout the day.,partly-cloudy-day,"03769099999,03680099999,D5621,03781099999,03672099999,03761099999,03684099999,EGLC,03772099999,03770099999,03693099999"
London,2025-03-27,58.7,43.7,50.5,58.7,42.2,49.5,43.7,78.1,0,0,0,,0,0,16.6,11.9,241.9,1020.5,48.5,12.4,123.5,10.6,6,10,2025-03-27T05:46:49,2025-03-27T18:25:52,0.94,Partially cloudy,Partly cloudy throughout the day.,partly-cloudy-day,"03769099999,EGWU,EGLL,03768399999,03781099999,03672099999,03684099999,03768099999,03772099999,03693099999,03680099999,D5621,03761099999,EGLC,03770099999"
London,2025-03-28,58.4,47.5,52.6,58.4,44.5,51.5,38.8,62.4,0.008,100,4.17,rain,0,0,26.6,15.9,269.4,1012.8,56,11.7,65.9,5.7,5,10,2025-03-28T05:44:33,2025-03-28T18:27:33,0.97,"Rain, Partially cloudy",Partly cloudy throughout the day with morning rain.,rain,"EGWU,03769099999,EGLL,03882099999,03768399999,03672099999,03768099999,03781099999,03772099999,03680099999,D5621,03761099999,EGLC,03770099999"
London,2025-03-29,58.2,40.2,49.4,58.2,37.3,48.2,36.4,62.5,0,0,0,,0,0,23.1,15.7,249.2,1020.6,27.9,14,126.5,10.8,6,10,2025-03-29T05:42:16,2025-03-29T18:29:14,0,Partially cloudy,Partly cloudy throughout the day.,partly-cloudy-day,"03769099999,03680099999,D5621,03781099999,03672099999,03684099999,03772099999,03770099999"
London,2025-03-30,64.1,49.4,56,64.1,45.9,55.8,41.2,60.7,0,0,0,,0,0,24.3,16.4,301.7,1020.8,30.1,12.4,141,11.7,6,10,2025-03-30T06:40:00,2025-03-30T19:30:55,0.04,Partially cloudy,Partly cloudy throughout the day.,partly-cloudy-day,"03769099999,03680099999,D5621,03781099999,03672099999,03684099999,03772099999,03770099999"
London,2025-03-31,62.3,42,52.1,62.3,42,51.8,39.2,62.9,0,0,0,,0,0,15,9.2,77.9,1028.2,3.3,13.9,136.3,11.8,7,10,2025-03-31T06:37:44,2025-03-31T19:32:35,0.07,Clear,Clear conditions throughout the day.,clear-day,"03769099999,03680099999,D5621,03781099999,03672099999,03684099999,03772099999,03770099999"
London,2025-04-01,58.2,44.3,50.3,58.2,40.7,48.2,38.9,67.1,0,0,0,,0,0,27.4,17.8,83.1,1025.7,16.7,9.7,126.8,10.9,7,10,2025-04-01T06:35:28,2025-04-01T19:34:16,0.1,Clear,Clear conditions throughout the day.,clear-day,"03769099999,03680099999,D5621,03781099999,03672099999,03684099999,03768099999,03772099999,03770099999"
London,2025-04-02,61.9,45.6,52.9,61.9,41.4,51.6,39.1,60.7,0,0,0,,0,0,30.2,20.6,68.5,1021.4,0.9,9.8,140.3,12.1,7,10,2025-04-02T06:33:12,2025-04-02T19:35:57,0.14,Clear,Clear conditions throughout the day.,clear-day,"03769099999,03680099999,D5621,03781099999,03672099999,03684099999,03772099999,03770099999"
London,2025-04-03,64.7,49.7,56.1,64.7,46.6,55.6,42.4,61.1,0,0,0,,0,0,21.1,15.3,78.7,1018.9,4.2,8.3,134.9,11.6,6,10,2025-04-03T06:30:57,2025-04-03T19:37:37,0.17,Clear,Clear conditions throughout the day.,clear-day,"03769099999,03680099999,D5621,03781099999,03672099999,03684099999,03772099999,03770099999"
London,2025-04-04,71.3,51.1,59.4,71.3,51.1,59.4,42.7,56.6,0,0,0,,0,0,22.8,15,68.2,1018.6,12.1,7.3,132.1,11.2,6,10,2025-04-04T06:28:42,2025-04-04T19:39:18,0.21,Clear,Clear conditions throughout the day.,clear-day,"03769099999,03680099999,D5621,03781099999,03672099999,03772099999,03770099999"
London,2025-04-05,65,43.1,53,65,37.9,50.8,35.9,55.4,0,0,0,,0,0,27.7,16.3,56.8,1019.9,0.6,11.3,147.4,12.9,7,10,2025-04-05T06:26:27,2025-04-05T19:40:58,0.25,Clear,Clear conditions throughout the day.,clear-day,"03769099999,EGWU,03680099999,EGLL,D5621,03781099999,03672099999,03684099999,03768099999,EGLC,03772099999,03770099999"
London,2025-04-06,57.8,42,49,57.8,37.9,46.9,34,59.1,0,0,0,,0,0,28.2,15.7,68.5,1023.2,2.8,6.2,160.1,14,7,10,2025-04-06T06:24:13,2025-04-06T19:42:39,0.27,Clear,Clear conditions throughout the day.,clear-day,"EGWU,EGLL,D5621,EGLC"
London,2025-04-07,57.1,38.7,48.3,57.1,36,46.5,33.7,60,0,0,0,,0,0,21,13.6,77.8,1025.8,0.2,6.2,155.3,13.5,7,10,2025-04-07T06:21:59,2025-04-07T19:44:19,0.31,Clear,Clear conditions throughout the day.,clear-day,"EGWU,EGLL,D5621,EGLC"
London,2025-04-08,59.3,38,48.6,59.3,35.6,47.4,35.3,63,0,0,0,,0,0,16.6,11.2,76.5,1026.9,32.3,6.2,143.3,12.5,6,10,2025-04-08T06:19:46,2025-04-08T19:46:00,0.34,Partially cloudy,Partly cloudy throughout the day.,partly-cloudy-day,"EGWU,EGLL,D5621,EGLC"
London,2025-04-09,54.9,39.1,46.6,54.9,34.2,43.7,37,70,0,0,0,,0,0,21.3,11.8,52.6,1028.8,34.5,6.2,72.3,6.3,3,10,2025-04-09T06:17:33,2025-04-09T19:47:40,0.38,Partially cloudy,Partly cloudy throughout the day.,partly-cloudy-day,"EGWU,EGLL,D5621,EGLC"
London,2025-04-10,59.7,40.9,49.8,59.7,38,48.1,37.8,64.4,0,0,0,,0,0,14.8,8.3,60.3,1030.5,51.1,6.2,89,7.7,6,10,2025-04-10T06:15:20,2025-04-10T19:49:20,0.41,Partially cloudy,Partly cloudy throughout the day.,partly-cloudy-day,"EGWU,EGLL,D5621,EGLC"
London,2025-04-11,71.5,42.3,56.5,71.5,39.9,55.7,39.8,58.5,0,0,0,,0,0,11.6,9.6,208.2,1021.7,4.6,6.2,155.4,13.4,7,10,2025-04-11T06:13:09,2025-04-11T19:51:01,0.45,Clear,Clear conditions throughout the day.,clear-day,"EGWU,EGLL,D5621,EGLC"
London,2025-04-12,69.7,44.8,57.6,69.7,42.1,57,42.7,60.7,0,0,0,,0,0,21.9,12.3,101.8,1007.1,58.3,5.5,152.2,13.3,6,10,2025-04-12T06:10:58,2025-04-12T19:52:41,0.48,Partially cloudy,Partly cloudy throughout the day.,partly-cloudy-day,"EGWU,EGLL,D5621,EGLC"
London,2025-04-13,60,50.6,55.7,60,50.6,55.7,44.4,66.3,0.028,100,20.83,rain,0,0,27.7,15.4,242.8,1002.8,72.9,6.2,131.9,11.5,7,10,2025-04-13T06:08:47,2025-04-13T19:54:22,0.5,"Rain, Partially cloudy",Partly cloudy throughout the day with a chance of rain throughout the day.,rain,"EGWU,EGLL,D5621,EGLC"
London,2025-04-14,59.7,42.7,51.4,59.7,40.2,50.6,42,71.7,0,61.3,0,rain,0,0,26.4,11.9,187.8,1004.7,60.3,9.1,149.3,12.9,6,10,2025-04-14T06:06:37,2025-04-14T19:56:02,0.55,"Rain, Partially cloudy",Becoming cloudy in the afternoon with a chance of rain.,rain,"EGWU,EGLL,D5621,EGLC"
 LAGOS,2025-01-01,95,77,83.9,107.4,77,90.7,76.1,79.1,0,0,0,,0,0,20.8,17.2,237.4,1010.4,32.8,3.8,227.6,19.8,8,30,2025-01-01T06:57:32,2025-01-01T18:42:51,0.05,Partially cloudy,Partly cloudy throughout the day.,partly-cloudy-day,"DNMM,remote,65201099999,VRJT5"
 LAGOS,2025-01-02,95,77,84.4,109.3,77,92,76.5,78.7,0,0,0,,0,0,19,12.8,224.6,1010.3,38.2,4,232.2,20,9,60,2025-01-02T06:57:57,2025-01-02T18:43:22,0.09,Partially cloudy,Partly cloudy throughout the day.,partly-cloudy-day,"DNMM,65201099999,VRJT5"
 LAGOS,2025-01-03,93.2,77,84.2,105,77,92,76.9,80.4,0,0,0,,0,0,18.1,11.8,218.9,1011.3,48.1,4.5,206.4,17.8,8,60,2025-01-03T06:58:22,2025-01-03T18:43:52,0.13,Partially cloudy,Partly cloudy throughout the day.,partly-cloudy-day,"DNMM,65201099999,VRJT5"
 LAGOS,2025-01-04,93.3,77,84.5,107.5,77,93.5,77.7,81.6,0,0,0,rain,0,0,18.1,11.4,199.9,1011.5,45.5,4.8,209,18.1,7,60,2025-01-04T06:58:46,2025-01-04T18:44:23,0.16,Partially cloudy,Partly cloudy throughout the day.,partly-cloudy-day,"DNMM,65201099999,VRJT5"
 LAGOS,2025-01-05,96.8,78.8,85.2,109.1,78.8,94.7,77.8,80.6,0,0,0,,0,0,21,12.8,208,1010.5,36.9,4.1,222.8,19.4,8,60,2025-01-05T06:59:09,2025-01-05T18:44:53,0.2,Partially cloudy,Partly cloudy throughout the day.,partly-cloudy-day,"DNMM,65201099999,VRJT5"
 LAGOS,2025-01-06,95,80.2,85.3,107.5,86.9,95.8,78,80.3,0,0,0,,0,0,19.9,11.4,208,1010.8,42.9,5,223.4,19.2,8,60,2025-01-06T06:59:32,2025-01-06T18:45:23,0.23,Partially cloudy,Partly cloudy throughout the day.,partly-cloudy-day,"DNMM,remote,65201099999,VRJT5"
 LAGOS,2025-01-07,95,79.8,85.1,110,79.8,95.5,78,80.7,0,0,0,,0,0,17.7,9.2,217,1011.1,41,3.5,228.9,19.6,8,75,2025-01-07T06:59:54,2025-01-07T18:45:53,0.25,Partially cloudy,Partly cloudy throughout the day.,partly-cloudy-day,"DNMM,65201099999"
 LAGOS,2025-01-08,95,78.4,84.6,107.5,78.4,93.4,77.3,80.3,0,0,0,,0,0,16.6,8.1,218.5,1011.3,37.8,3.6,224.9,19.5,8,60,2025-01-08T07:00:16,2025-01-08T18:46:22,0.3,Partially cloudy,Partly cloudy throughout the day.,partly-cloudy-day,"DNMM,65201099999"
 LAGOS,2025-01-09,95,78.6,84.7,100.9,78.6,91,74.8,74.9,0,0,0,,0,0,17.9,10.3,244.3,1011,40.3,4.1,240.1,20.8,9,60,2025-01-09T07:00:36,2025-01-09T18:46:52,0.34,Partially cloudy,Partly cloudy throughout the day.,partly-cloudy-day,"DNMM,remote,65201099999"
 LAGOS,2025-01-10,95.3,77,84.7,98.5,77,89.4,73.1,72.1,0,0,0,,0,0,16.6,8.1,351.2,1010.7,27,3.6,255.3,22,9,30,2025-01-10T07:00:56,2025-01-10T18:47:20,0.38,Partially cloudy,Partly cloudy throughout the day.,partly-cloudy-day,"DNMM,remote,65201099999"
 LAGOS,2025-01-11,93.5,73.4,82.1,92.7,73.4,81.5,62,56.8,0,0,0,,0,0,21.9,17.2,94.1,1011.2,29.1,2.9,264.8,22.9,9,10,2025-01-11T07:01:15,2025-01-11T18:47:49,0.41,Partially cloudy,Partly cloudy throughout the day.,partly-cloudy-day,"DNMM,65201099999"
 LAGOS,2025-01-12,95,71.2,81.3,92.3,71.2,80.9,61.6,55.3,0,0,0,,0,0,18.8,13.9,263.6,1011.8,28.3,1.7,262.4,22.6,9,10,2025-01-12T07:01:33,2025-01-12T18:48:17,0.45,Partially cloudy,Partly cloudy throughout the day.,partly-cloudy-day,"DNMM,65201099999"
 LAGOS,2025-01-13,95,73.2,82.6,99.2,73.2,86.4,71.4,70.8,0,0,0,,0,0,22.4,12.8,204.3,1010.5,30,1.9,257.7,22.2,9,10,2025-01-13T07:01:51,2025-01-13T18:48:45,0.5,Partially cloudy,Partly cloudy throughout the day.,partly-cloudy-day,"DNMM,65201099999,VRJT5"
 LAGOS,2025-01-14,93.2,77,82.8,102.8,77,88.3,75.7,80.9,0,0,0,,0,0,18.6,12.8,199.1,1009.7,47.5,2.1,246.2,21.1,9,30,2025-01-14T07:02:08,2025-01-14T18:49:12,0.52,Partially cloudy,Partly cloudy throughout the day.,partly-cloudy-day,"DNMM,65201099999,VRJT5"
 LAGOS,2025-01-15,93.2,77,83.7,107.5,77,91,77,81.7,0,0,0,,0,0,18.6,12.8,184.3,1009.5,47.6,2.8,234.3,20.2,8,60,2025-01-15T07:02:23,2025-01-15T18:49:39,0.55,Partially cloudy,Partly cloudy throughout the day.,partly-cloudy-day,"DNMM,65201099999,VRJT5"
 LAGOS,2025-01-16,95,77.4,84.3,108.3,77.4,92.4,77.2,80.7,0,0,0,,0,0,17.4,8.1,229,1009.7,42.5,3.3,219.6,18.9,8,75,2025-01-16T07:02:38,2025-01-16T18:50:05,0.58,Partially cloudy,Partly cloudy throughout the day.,partly-cloudy-day,"DNMM,65201099999,VRJT5"
 LAGOS,2025-01-17,95,80.4,85.1,107.4,87.7,95.5,77.8,80.2,0,0,0,,0,0,22.4,12.8,213.4,1010.3,41.4,4.1,231,19.8,9,75,2025-01-17T07:02:52,2025-01-17T18:50:31,0.61,Partially cloudy,Partly cloudy throughout the day.,partly-cloudy-day,"DNMM,remote,65201099999"
 LAGOS,2025-01-18,91.4,80.6,84.4,99.9,88.1,93.4,76.5,78.6,0.008,100,4.17,rain,0,0,24.4,10.3,247.9,1011.7,39.5,4.4,175,15.1,7,100,2025-01-18T07:03:06,2025-01-18T18:50:56,0.65,"Rain, Partially cloudy",Partly cloudy throughout the day with morning rain.,rain,"DNMM,remote,65201099999,VRJT5"
 LAGOS,2025-01-19,93.2,78.4,83.3,102.8,78.4,88.3,74.9,77.3,0,0,0,rain,0,0,24.4,15,188.2,1012.5,38.6,4.9,227.3,19.7,8,75,2025-01-19T07:03:18,2025-01-19T18:51:21,0.68,Partially cloudy,Partly cloudy throughout the day.,partly-cloudy-day,"DNMM,65201099999,VRJT5"
 LAGOS,2025-01-20,93.2,76.6,83.4,102.8,76.6,88.9,74.7,76.9,0,0,0,,0,0,18.6,12.8,190.7,1012.7,42.8,5.3,223.4,19.4,8,60,2025-01-20T07:03:29,2025-01-20T18:51:45,0.71,Partially cloudy,Partly cloudy throughout the day.,partly-cloudy-day,"DNMM,65201099999,VRJT5"
 LAGOS,2025-01-21,93.2,77.3,83.7,102.8,77.3,90.1,76.3,80.3,0,0,0,,0,0,19.5,13.9,211.2,1012.4,51.5,5.8,218.6,19,8,75,2025-01-21T07:03:40,2025-01-21T18:52:08,0.75,Partially cloudy,Partly cloudy throughout the day.,partly-cloudy-day,"DNMM,65201099999,VRJT5"
 LAGOS,2025-01-22,93.2,78.6,84.2,107.5,78.6,92.5,77.2,80.8,0,0,0,,0,0,20.8,12.8,220.3,1011.9,50.8,5,230.8,20,9,75,2025-01-22T07:03:49,2025-01-22T18:52:31,0.77,Partially cloudy,Partly cloudy throughout the day.,partly-cloudy-day,"DNMM,remote,65201099999,VRJT5"
 LAGOS,2025-01-23,89.5,78.8,82.5,100,78.8,90.9,77.7,86,0.039,100,4.17,rain,0,0,21.3,9.2,220.3,1011.7,43.6,4.6,170.2,14.8,6,75,2025-01-23T07:03:58,2025-01-23T18:52:54,0.81,"Rain, Partially cloudy",Partly cloudy throughout the day with afternoon rain.,rain,"DNMM,remote,65201099999,VRJT5"
 LAGOS,2025-01-24,93.2,76.9,82.1,105,76.9,87.7,76.5,84.3,0,0,0,,0,0,19.2,17.2,205.9,1011.4,40.7,8.4,218.7,19,8,60,2025-01-24T07:04:06,2025-01-24T18:53:16,0.84,Partially cloudy,Partly cloudy throughout the day.,partly-cloudy-day,"DNMM,remote,65201099999,VRJT5"
 LAGOS,2025-01-25,93.2,78.4,83.8,105.1,78.4,91.5,77.2,81.8,0.004,100,4.17,rain,0,0,17.9,11.4,210.6,1012,48.3,5.5,220.7,19,8,60,2025-01-25T07:04:12,2025-01-25T18:53:37,0.87,"Rain, Partially cloudy",Partly cloudy throughout the day with afternoon rain.,rain,"DNMM,remote,65201099999,VRJT5"
 LAGOS,2025-01-26,95,78.8,83.6,107.4,78.8,92.1,77.9,84.4,0.276,100,4.17,rain,0,0,18.1,12.8,205,1012.3,56.1,5.3,199.8,17.2,7,60,2025-01-26T07:04:18,2025-01-26T18:53:57,0.9,"Rain, Partially cloudy",Partly cloudy throughout the day with late afternoon rain.,rain,"DNMM,65201099999,VRJT5"
 LAGOS,2025-01-27,93.2,77.3,83.5,107.5,77.3,90.8,77.1,82.2,0.008,100,4.17,rain,0,0,19.5,13.9,226.5,1011.9,48.7,8.2,234.3,20.4,8,60,2025-01-27T07:04:23,2025-01-27T18:54:17,0.93,"Rain, Partially cloudy",Partly cloudy throughout the day with early morning rain.,rain,"DNMM,remote,65201099999,VRJT5"
 LAGOS,2025-01-28,95,73.3,83.7,104.6,73.3,90.6,75.7,78.7,0,0,0,,0,0,18.1,24.2,225.1,1011.9,51.7,5,212.1,18.5,8,60,2025-01-28T07:04:27,2025-01-28T18:54:36,0.97,Partially cloudy,Partly cloudy throughout the day.,partly-cloudy-day,"65213099999,DNMM,65201099999,VRJT5"
 LAGOS,2025-01-29,89.6,78.8,83.4,102.6,78.8,90.8,76,79.4,0,0,0,,0,0,17.9,11.4,180.2,1012.1,46.5,5.5,200.7,17.3,8,60,2025-01-29T07:04:30,2025-01-29T18:54:54,0,Partially cloudy,Partly cloudy throughout the day.,partly-cloudy-day,"DNMM,remote,65201099999,VRJT5"
 LAGOS,2025-01-30,93.2,77,83.9,102.8,77,91.6,76.4,79.4,0,0,0,,0,0,16.1,13.9,196.2,1011.5,52.6,7.9,219,18.9,7,60,2025-01-30T07:04:32,2025-01-30T18:55:12,0.03,Partially cloudy,Partly cloudy throughout the day.,partly-cloudy-day,"DNMM,remote,65201099999"
 LAGOS,2025-01-31,93.2,78.2,84.5,105,78.2,93.5,77,79.2,0,0,0,,0,0,18.3,16.1,201.7,1010,46.2,10.2,217.1,18.7,8,60,2025-01-31T07:04:33,2025-01-31T18:55:29,0.07,Partially cloudy,Partly cloudy throughout the day.,partly-cloudy-day,"DNMM,remote,65201099999"
 LAGOS,2025-02-01,89.6,78.8,83.3,100.2,78.8,91.4,77.1,82.1,0.512,100,4.17,rain,0,0,20.8,11.4,194.6,1010.5,56.9,6,235.9,20.4,9,60,2025-02-01T07:04:33,2025-02-01T18:55:45,0.1,"Rain, Partially cloudy",Partly cloudy throughout the day with afternoon rain.,rain,"DNMM,remote,65201099999"
 LAGOS,2025-02-02,87.8,77,82.4,99.9,77,90.5,77.5,85.5,0.079,100,4.17,rain,0,0,18.1,10.1,218,1010,54,9.2,225.3,19.4,8,60,2025-02-02T07:04:32,2025-02-02T18:56:01,0.14,"Rain, Partially cloudy",Partly cloudy throughout the day with morning rain.,rain,"DNMM,remote,65201099999"
 LAGOS,2025-02-03,93.2,77,83.8,105.6,77,91.2,76.5,80.1,0.276,100,4.17,rain,0,0,16.1,10.3,234.5,1008.7,41.5,6.8,225.9,19.5,8,75,2025-02-03T07:04:30,2025-02-03T18:56:16,0.18,"Rain, Partially cloudy",Partly cloudy throughout the day with early morning rain.,rain,"DNMM,remote,65201099999"
 LAGOS,2025-02-04,91.4,78.8,84.1,102.7,78.8,93.1,77.3,81.1,0,0,0,,0,0,23.9,11.4,219.8,1009,43.5,5,240.2,20.7,9,75,2025-02-04T07:04:27,2025-02-04T18:56:30,0.21,Partially cloudy,Partly cloudy throughout the day.,partly-cloudy-day,"DNMM,remote,65201099999"
 LAGOS,2025-02-05,93.2,78.4,84.1,107.5,78.4,93.3,78.1,83.4,0.004,100,4.17,rain,0,0,21.5,13.9,201.2,1009.5,39.1,6.2,222.7,19.2,9,75,2025-02-05T07:04:23,2025-02-05T18:56:44,0.25,"Rain, Partially cloudy",Partly cloudy throughout the day with afternoon rain.,rain,"DNMM,remote,65201099999"
 LAGOS,2025-02-06,93.2,80.2,85,102.8,87.1,94.3,76.8,78,0,0,0,rain,0,0,21,12.8,193.4,1008.6,50.8,4,224.7,19.5,8,60,2025-02-06T07:04:19,2025-02-06T18:56:56,0.28,Partially cloudy,Partly cloudy throughout the day.,partly-cloudy-day,"DNMM,65201099999"
 LAGOS,2025-02-07,91.4,80.6,85,105.1,87.1,95.4,77.5,79.2,0,0,0,rain,0,0,21.5,11.4,196.4,1008.8,50.7,4.7,230.7,20,8,60,2025-02-07T07:04:13,2025-02-07T18:57:09,0.32,Partially cloudy,Partly cloudy throughout the day.,partly-cloudy-day,"DNMM,65201099999"
 LAGOS,2025-02-08,87.8,80.6,83.4,105.1,87.1,93.8,78.5,85.6,0.118,100,8.33,rain,0,0,20.1,11.4,203.5,1009.9,50.8,4,194.9,16.8,7,60,2025-02-08T07:04:07,2025-02-08T18:57:20,0.35,"Rain, Partially cloudy",Partly cloudy throughout the day with rain.,rain,"DNMM,65201099999"
 LAGOS,2025-02-09,93.2,78.6,84.4,107.5,78.6,93.1,77.6,81.4,0,0,0,rain,0,0,17,11.4,209.5,1009.9,49,5,204.6,17.6,8,75,2025-02-09T07:04:00,2025-02-09T18:57:31,0.39,Partially cloudy,Partly cloudy throughout the day.,partly-cloudy-day,"DNMM,65201099999,VRJT5"
 LAGOS,2025-02-10,92.8,79.2,84.7,109.6,79.2,96.5,79.3,84.6,0,0,0,rain,0,0,21.5,13.9,209.1,1007.7,52.1,7.3,223.4,19.2,8,75,2025-02-10T07:03:51,2025-02-10T18:57:41,0.42,Partially cloudy,Partly cloudy throughout the day.,partly-cloudy-day,"DNMM,remote,65201099999"
 LAGOS,2025-02-11,93.3,78.8,84.9,110.4,78.8,95.8,78.7,82.7,0,0,0,,0,0,22.8,13.9,199.5,1007.9,49.4,5.9,213.5,18.5,7,75,2025-02-11T07:03:42,2025-02-11T18:57:50,0.46,Partially cloudy,Partly cloudy throughout the day.,partly-cloudy-day,"DNMM,remote,65201099999,VRJT5"
 LAGOS,2025-02-12,95,80.6,85.6,112.9,88.1,97.7,78.6,80.6,0.02,100,8.33,rain,0,0,19.7,11.4,205.1,1009,59.7,7.8,210.4,18,8,100,2025-02-12T07:03:32,2025-02-12T18:57:59,0.5,"Rain, Partially cloudy",Partly cloudy throughout the day with morning rain.,rain,"DNMM,remote,65201099999"
 LAGOS,2025-02-13,95,80.6,85.8,110,88.1,97.4,78.4,80.1,0,0,0,,0,0,20.6,13.2,217.5,1010.2,55.4,6.1,242.7,21.1,9,75,2025-02-13T07:03:22,2025-02-13T18:58:07,0.53,Partially cloudy,Partly cloudy throughout the day.,partly-cloudy-day,"DNMM,remote,65201099999,VRJT5"
 LAGOS,2025-02-14,93.2,79.2,85.1,107.5,79.2,95.6,78,80.7,0,0,0,rain,0,0,17.4,10.3,207,1010.5,58.9,6.5,237.4,20.7,8,75,2025-02-14T07:03:10,2025-02-14T18:58:14,0.56,Partially cloudy,Partly cloudy throughout the day.,partly-cloudy-day,"DNMM,remote,65201099999"
 LAGOS,2025-02-15,95,80.2,85.6,110,86.9,96.5,78,79.3,0,0,0,rain,0,0,18.6,13.9,192.1,1010.2,51.9,5.2,227.9,19.6,8,75,2025-02-15T07:02:57,2025-02-15T18:58:20,0.59,Partially cloudy,Partly cloudy throughout the day.,partly-cloudy-day,"DNMM,65201099999"
 LAGOS,2025-02-16,95,78.8,84.9,107.1,78.8,94.2,77.7,80.7,0.008,100,8.33,rain,0,0,20.4,86.3,161,1009.2,49.8,5.3,222,19.3,8,75,2025-02-16T07:02:44,2025-02-16T18:58:26,0.63,"Rain, Partially cloudy",Partly cloudy throughout the day with rain in the morning and afternoon.,rain,"DNMM,remote,65201099999"
 LAGOS,2025-02-17,95,80.6,85.8,110,88.1,96.8,77.9,78.7,0,0,0,rain,0,0,21.3,11.4,206.4,1009.2,52.8,4.3,226.1,19.7,8,75,2025-02-17T07:02:30,2025-02-17T18:58:32,0.66,Partially cloudy,Partly cloudy throughout the day.,partly-cloudy-day,"DNMM,65201099999"
 LAGOS,2025-02-18,91.4,80.6,85,105.1,88.1,96.9,78.9,82.9,0.008,100,8.33,rain,0,0,19.9,11.4,206.3,1009.7,56.6,6,224.4,19.4,8,100,2025-02-18T07:02:15,2025-02-18T18:58:36,0.69,"Rain, Partially cloudy",Partly cloudy throughout the day with afternoon rain.,rain,"DNMM,remote,65201099999"
 LAGOS,2025-02-19,94.6,80.6,86,109.5,88.1,98.2,78.7,80.3,0,0,0,rain,0,0,19,13.9,193.3,1010.7,51.8,5.5,201.9,17.4,8,100,2025-02-19T07:02:00,2025-02-19T18:58:41,0.72,Partially cloudy,Partly cloudy throughout the day.,partly-cloudy-day,"DNMM,65201099999,VRJT5"
 LAGOS,2025-02-20,95,80.6,86.3,110,88.1,98.4,78.4,78.7,0,0,0,rain,0,0,21.9,17.2,199.4,1010.6,58,6.3,226.9,19.6,8,75,2025-02-20T07:01:44,2025-02-20T18:58:44,0.75,Partially cloudy,Partly cloudy throughout the day.,partly-cloudy-day,"DNMM,remote,65201099999,VRJT5"
 LAGOS,2025-02-21,95,81.6,86.3,110,90.8,97.6,77.7,76.9,0,0,0,rain,0,0,23.5,12.8,204,1010.2,60.1,6,220,18.9,8,75,2025-02-21T07:01:27,2025-02-21T18:58:47,0.79,Partially cloudy,Partly cloudy throughout the day.,partly-cloudy-day,"DNMM,65201099999,VRJT5"
 LAGOS,2025-02-22,94.6,77,84.3,108.7,77,93.5,77.4,81,0.039,100,4.17,rain,0,0,22.8,15,214.2,1010.1,63.9,6.3,231.7,20.2,9,75,2025-02-22T07:01:09,2025-02-22T18:58:49,0.82,"Rain, Partially cloudy",Partly cloudy throughout the day with late afternoon rain.,rain,"DNMM,remote,65201099999"
 LAGOS,2025-02-23,89.6,77,81.8,102.6,77,88.1,76.5,84.6,0.197,100,4.17,rain,0,0,20.4,10.3,244.6,1010.7,41.8,4.4,184.2,15.9,7,30,2025-02-23T07:00:51,2025-02-23T18:58:51,0.85,"Rain, Partially cloudy",Partly cloudy throughout the day with morning rain.,rain,"DNMM,65201099999"
 LAGOS,2025-02-24,93.2,79.1,84.9,107.9,79.1,95.2,78.2,81.7,0,0,0,,0,0,21.7,16.1,194.2,1010.8,47.7,5.7,247.3,21.5,8,60,2025-02-24T07:00:32,2025-02-24T18:58:52,0.88,Partially cloudy,Partly cloudy throughout the day.,partly-cloudy-day,"DNMM,65201099999,VRJT5"
 LAGOS,2025-02-25,93.2,78.8,83.3,107.8,78.8,92.5,78.1,85.2,2.638,100,4.17,rain,0,0,34.4,23,192.9,1011.4,48.1,6.3,234.9,20.3,8,75,2025-02-25T07:00:12,2025-02-25T18:58:53,0.92,"Rain, Partially cloudy",Partly cloudy throughout the day with late afternoon rain.,rain,"DNMM,remote,65201099999,VRJT5"
 LAGOS,2025-02-26,87.8,75.1,81.9,97.2,75.1,88.4,76.4,84.3,0.008,100,4.17,rain,0,0,20.6,15,173.5,1012.1,54.2,4.5,227.3,19.8,8,75,2025-02-26T06:59:52,2025-02-26T18:58:53,0.95,"Rain, Partially cloudy",Partly cloudy throughout the day with morning rain.,rain,"DNMM,65201099999,VRJT5"
 LAGOS,2025-02-27,93.2,77,83.9,105,77,91.4,76.8,80.6,0,0,0,,0,0,20.4,9.2,185.3,1011.4,49.6,4.9,229.6,19.7,8,75,2025-02-27T06:59:31,2025-02-27T18:58:52,0.98,Partially cloudy,Partly cloudy throughout the day.,partly-cloudy-day,"DNMM,65201099999"
 LAGOS,2025-02-28,89.6,80.4,84,105.2,87.1,94.8,78.4,83.7,0.118,100,8.33,rain,0,0,18.1,11.4,204.4,1010.6,49.4,4.8,226.4,19.7,8,75,2025-02-28T06:59:09,2025-02-28T18:58:51,0,"Rain, Partially cloudy",Partly cloudy throughout the day with afternoon rain.,rain,"DNMM,65201099999,VRJT5"
 LAGOS,2025-03-01,93.3,79.1,85.1,110.4,79.1,96.6,78.6,81.8,0,0,0,rain,0,0,20.4,15,194.7,1009.9,52.8,4.8,239.9,20.8,8,75,2025-03-01T06:58:47,2025-03-01T18:58:50,0.05,Partially cloudy,Partly cloudy throughout the day.,partly-cloudy-day,"65210099999,DNMM,65201099999"
 LAGOS,2025-03-02,93.2,80.6,85.5,107.5,87.9,97.4,78.5,80.4,0,0,0,rain,0,0,20.8,15,194.5,1009.3,50.5,5.5,246.7,21.3,9,75,2025-03-02T06:58:25,2025-03-02T18:58:48,0.09,Partially cloudy,Partly cloudy throughout the day.,partly-cloudy-day,"DNMM,65201099999"
 LAGOS,2025-03-03,95,80.6,86.1,110,88.1,98.5,78.6,79.5,0.035,100,4.17,rain,0,0,22.8,15,200.3,1008.9,56.3,4.8,232.2,20,8,100,2025-03-03T06:58:02,2025-03-03T18:58:46,0.12,"Rain, Partially cloudy",Partly cloudy throughout the day with late afternoon rain.,rain,"DNMM,65201099999,VRJT5"
 LAGOS,2025-03-04,91.4,82.4,85.5,107.8,92.1,98.1,78.8,80.9,0,0,0,rain,0,0,23.7,20.8,197.7,1008.2,59.1,5.6,235.1,20.4,8,100,2025-03-04T06:57:38,2025-03-04T18:58:43,0.16,Partially cloudy,Partly cloudy throughout the day.,partly-cloudy-day,"DNMM,65201099999,VRJT5"
 LAGOS,2025-03-05,93.2,81.7,85.6,110.4,90.1,97.5,78.2,79.2,0.004,100,4.17,rain,0,0,19,13.9,204.2,1008.3,49.6,6,223.5,19.2,8,75,2025-03-05T06:57:14,2025-03-05T18:58:40,0.19,"Rain, Partially cloudy",Partly cloudy throughout the day with morning rain.,rain,"DNMM,remote,65201099999,VRJT5"
 LAGOS,2025-03-06,93.5,79.7,85.2,107,79.7,95.2,77.1,77.8,0,0,0,rain,0,0,21,15,193,1010.3,51.6,6,234.9,20.3,8,75,2025-03-06T06:56:50,2025-03-06T18:58:37,0.25,Partially cloudy,Partly cloudy throughout the day.,partly-cloudy-day,"DNMM,65201099999,VRJT5"
 LAGOS,2025-03-07,93.2,79.5,85.8,109.5,79.5,97.3,78.2,79.2,0,0,0,rain,0,0,23,17.2,204.4,1010.5,56.7,6.4,223.2,19.2,7,100,2025-03-07T06:56:25,2025-03-07T18:58:33,0.26,Partially cloudy,Partly cloudy throughout the day.,partly-cloudy-day,"DNMM,65201099999,VRJT5"
 LAGOS,2025-03-08,95,82.2,86.7,110,90.7,99,78.1,76.6,0,0,0,rain,0,0,20.1,11.4,191.8,1009.5,52.6,6,226,19.5,8,100,2025-03-08T06:55:59,2025-03-08T18:58:29,0.3,Partially cloudy,Partly cloudy throughout the day.,partly-cloudy-day,"DNMM,65201099999,VRJT5"
 LAGOS,2025-03-09,95,82.2,86.8,110,92.2,99.7,78.7,78,0,0,0,rain,0,0,21.9,13.9,185.4,1009.1,55.4,6.1,237,20.5,8,100,2025-03-09T06:55:34,2025-03-09T18:58:24,0.33,Partially cloudy,Partly cloudy throughout the day.,partly-cloudy-day,"DNMM,65201099999"
 LAGOS,2025-03-10,95,80.8,87.1,110,87.3,100.1,78.6,77.3,0,0,0,rain,0,0,21.9,15,195.5,1010.1,55.9,6.2,228.8,19.8,8,100,2025-03-10T06:55:08,2025-03-10T18:58:19,0.37,Partially cloudy,Partly cloudy throughout the day.,partly-cloudy-day,"DNMM,65201099999,VRJT5"
 LAGOS,2025-03-11,93.2,71.6,83.2,113.5,71.6,94,77.5,84,0,0,0,rain,0,0,51.9,29.3,191.6,1010.9,64.7,5.9,209,18.1,8,75,2025-03-11T06:54:41,2025-03-11T18:58:14,0.4,Partially cloudy,Partly cloudy throughout the day.,partly-cloudy-day,"DNMM,65201099999,VRJT5"
 LAGOS,2025-03-12,93.2,80.5,85.5,110.9,87.9,97.9,78.9,81.6,0,0,0,,0,0,24.2,15,210.9,1010,43.8,6.4,230.3,19.9,9,100,2025-03-12T06:54:15,2025-03-12T18:58:09,0.44,Partially cloudy,Partly cloudy throughout the day.,partly-cloudy-day,"DNMM,remote,65201099999"
 LAGOS,2025-03-13,93.2,76.9,84,110.4,76.9,92.9,77.2,81.2,0,0,0,rain,0,0,24.4,13.9,195.5,1009.5,59.8,6,222.8,19.2,9,100,2025-03-13T06:53:48,2025-03-13T18:58:03,0.47,Partially cloudy,Partly cloudy throughout the day.,partly-cloudy-day,"DNMM,65201099999,VRJT5"
 LAGOS,2025-03-14,93.2,80.4,85.7,110.9,86.5,97.2,77.8,78,0,0,0,rain,0,0,22.1,12.8,185.3,1010.4,57,6.3,243.1,20.9,9,75,2025-03-14T06:53:20,2025-03-14T18:57:57,0.5,Partially cloudy,Partly cloudy throughout the day.,partly-cloudy-day,"DNMM,65201099999,VRJT5"
 LAGOS,2025-03-15,95,80.6,86.5,110,88,98.6,78.2,77.6,0,0,0,rain,0,0,19,11.4,192.4,1011.6,57.8,6.2,237.6,20.6,9,75,2025-03-15T06:52:53,2025-03-15T18:57:51,0.54,Partially cloudy,Partly cloudy throughout the day.,partly-cloudy-day,"DNMM,65201099999"
 LAGOS,2025-03-16,93.2,82,86.3,110.4,91.7,99.1,78.6,78.5,0,0,0,rain,0,0,21.9,17.2,197.4,1011.8,60.7,5.9,233.9,20.1,9,75,2025-03-16T06:52:25,2025-03-16T18:57:44,0.57,Partially cloudy,Partly cloudy throughout the day.,partly-cloudy-day,"DNMM,65201099999"
 LAGOS,2025-03-17,93.2,80.6,86.3,110.4,87.1,98.2,77.9,76.8,0,0,0,rain,0,0,24.4,17.2,191.5,1010.9,55.7,6.2,249.1,21.6,9,100,2025-03-17T06:51:57,2025-03-17T18:57:38,0.6,Partially cloudy,Partly cloudy throughout the day.,partly-cloudy-day,"DNMM,65201099999"
 LAGOS,2025-03-18,93.2,81,86.4,107.5,89,98.5,78,76.9,0,0,0,rain,0,0,22.6,18.3,201.7,1010,54.9,5.8,197.9,16.8,8,75,2025-03-18T06:51:29,2025-03-18T18:57:31,0.64,Partially cloudy,Partly cloudy throughout the day.,partly-cloudy-day,"DNMM,65201099999"
 LAGOS,2025-03-19,91.5,80.6,85.1,107.7,87.1,97.1,78.5,80.8,0.787,100,4.17,rain,0,0,20.4,13.9,192.2,1011,57.8,5.8,209.1,18.1,8,75,2025-03-19T06:51:01,2025-03-19T18:57:24,0.67,"Rain, Partially cloudy",Partly cloudy throughout the day with afternoon rain.,rain,"DNMM,65201099999,VRJT5"
 LAGOS,2025-03-20,91.7,80.6,85.4,107.8,87.1,97,78.2,79.7,0,0,0,rain,0,0,19.7,12.8,203.6,1012.7,59.2,6.2,226.9,19.7,9,75,2025-03-20T06:50:32,2025-03-20T18:57:17,0.7,Partially cloudy,Partly cloudy throughout the day.,partly-cloudy-day,"DNMM,65201099999,VRJT5"
 LAGOS,2025-03-21,91.7,73.4,85,107.8,73.4,95.5,77.4,79.1,0,0,0,rain,0,0,34.4,20.8,190.8,1012.8,61.2,7,218.7,18.8,8,75,2025-03-21T06:50:03,2025-03-21T18:57:10,0.74,Partially cloudy,Partly cloudy throughout the day.,partly-cloudy-day,"DNMM,remote,65201099999,VRJT5"
 LAGOS,2025-03-22,93.3,71.6,81.6,107,71.6,88,75.3,82.4,0,0,0,rain,0,0,51.9,13.9,204.7,1011.7,57.4,5.4,214.9,18.4,8,60,2025-03-22T06:49:35,2025-03-22T18:57:03,0.75,Partially cloudy,Partly cloudy throughout the day.,partly-cloudy-day,"DNMM,65201099999"
 LAGOS,2025-03-23,91.4,73.4,81.8,106.6,73.4,88.5,75.2,81.3,0.197,100,4.17,rain,0,0,19.7,10.3,177.5,1011.2,58.4,5.2,235.2,20.3,8,75,2025-03-23T06:49:06,2025-03-23T18:56:56,0.8,"Rain, Partially cloudy",Partly cloudy throughout the day with morning rain.,rain,"DNMM,65201099999"
 LAGOS,2025-03-24,93.2,77,83.2,105.2,77,90.1,77.1,83.3,0.827,100,4.17,rain,0,0,20.6,16.1,224.5,1011.8,62.6,6.2,251.5,21.8,8,60,2025-03-24T06:48:37,2025-03-24T18:56:48,0.84,"Rain, Partially cloudy",Partly cloudy throughout the day with late afternoon rain.,rain,"DNMM,remote,65201099999"
 LAGOS,2025-03-25,91.4,77,84.1,105.2,77,92.3,77.8,82.6,0,0,0,rain,0,0,21.3,15,213.9,1011.6,54,4.8,233.8,20.4,8,75,2025-03-25T06:48:08,2025-03-25T18:56:41,0.87,Partially cloudy,Partly cloudy throughout the day.,partly-cloudy-day,"DNMM,65201099999"
 LAGOS,2025-03-26,91.4,82.3,85.3,107.8,90.9,97.1,78.3,80.3,0.016,100,4.17,rain,0,0,23.7,16.1,207.5,1010.3,57.2,6.9,205.3,17.6,8,75,2025-03-26T06:47:40,2025-03-26T18:56:34,0.9,"Rain, Partially cloudy",Partly cloudy throughout the day with early morning rain.,rain,"DNMM,remote,65201099999"
 LAGOS,2025-03-27,95,76.8,84,112.9,76.8,92.1,76.2,78.3,0,0,0,,0,0,21.9,13.9,188.2,1009.5,51.3,6,231.6,19.9,9,30,2025-03-27T06:47:11,2025-03-27T18:56:26,0.93,Partially cloudy,Partly cloudy throughout the day.,partly-cloudy-day,"DNMM,65201099999"
 LAGOS,2025-03-28,93.2,77.4,84.7,107.5,77.4,94.3,77.2,78.8,0.008,100,8.33,rain,0,0,20.1,13.9,190.9,1009.8,54.6,6.5,247.1,21.3,8,60,2025-03-28T06:46:42,2025-03-28T18:56:19,0.97,"Rain, Partially cloudy",Partly cloudy throughout the day with afternoon rain.,rain,"DNMM,VRJT5,65201099999"
 LAGOS,2025-03-29,93.2,80.4,86,107.5,86.8,96.3,76.8,75,0,0,0,rain,0,0,23.3,12.8,189.3,1009.3,50.8,6.1,247,21.4,9,75,2025-03-29T06:46:13,2025-03-29T18:56:12,0,Partially cloudy,Partly cloudy throughout the day.,partly-cloudy-day,"DNMM,65201099999"
 LAGOS,2025-03-30,93,80.6,85.8,107.7,88.1,97.3,77.9,78,0,0,0,rain,0,0,24.6,16.1,205.2,1009.3,52.1,6.2,219.2,19,7,75,2025-03-30T06:45:45,2025-03-30T18:56:04,0.03,Partially cloudy,Partly cloudy throughout the day.,partly-cloudy-day,"DNMM,65201099999"
 LAGOS,2025-03-31,95,78.8,85.6,112.9,78.8,97.1,78.3,79.6,0.032,100,20.83,rain,0,0,25.3,16.1,213.6,1009.2,62.8,8.4,208.3,18,8,75,2025-03-31T06:45:16,2025-03-31T18:55:57,0.07,"Rain, Partially cloudy",Partly cloudy throughout the day with rain.,rain,"DNMM,remote,65201099999"
 LAGOS,2025-04-01,93.2,81,85.2,107.5,89.3,97.5,78.7,81.4,0.044,100,20.83,rain,0,0,21.3,13.9,204.5,1009,68.2,8.2,211,18.2,8,75,2025-04-01T06:44:48,2025-04-01T18:55:50,0.1,"Rain, Partially cloudy",Partly cloudy throughout the day with rain.,rain,"DNMM,remote,65201099999"
 LAGOS,2025-04-02,86,75.2,82.4,101.9,75.2,92.9,78.8,88.9,0.315,100,4.17,rain,0,0,28.9,16.1,197.5,1009.5,59.3,4.9,178.8,15.4,7,75,2025-04-02T06:44:19,2025-04-02T18:55:43,0.14,"Rain, Partially cloudy",Partly cloudy throughout the day with late afternoon rain.,rain,"DNMM,65201099999"
 LAGOS,2025-04-03,91.4,73.4,82,107.8,73.4,89,76.3,84,1.22,100,8.33,rain,0,0,15,13.9,170.6,1010.5,47.4,5.2,184.5,16,7,30,2025-04-03T06:43:51,2025-04-03T18:55:36,0.17,"Rain, Partially cloudy",Partly cloudy throughout the day with rain clearing later.,rain,"DNMM,remote,65201099999"
 LAGOS,2025-04-04,93.2,78.8,85.1,109.5,78.8,94.8,77.9,80.3,1.22,100,4.17,rain,0,0,18.1,13.9,199.7,1011.1,49.8,6.3,248.6,21.6,8,60,2025-04-04T06:43:23,2025-04-04T18:55:29,0.21,"Rain, Partially cloudy",Partly cloudy throughout the day with early morning rain.,rain,"DNMM,remote,65201099999"
 LAGOS,2025-04-05,93.2,80.6,86.2,107.5,87.9,97.6,77.8,77.3,0,0,0,rain,0,0,24.6,17.2,207.3,1010.8,51.3,7.5,256.8,22.2,9,75,2025-04-05T06:42:56,2025-04-05T18:55:23,0.25,Partially cloudy,Partly cloudy throughout the day.,partly-cloudy-day,"DNMM,remote,65201099999"
 LAGOS,2025-04-06,93.1,80.5,86.2,110.1,86.9,97.6,77.7,77,0.143,100,54.17,rain,0,0,21.3,15,194.4,1010.3,47,6.2,232.9,20.1,9,75,2025-04-06T06:42:28,2025-04-06T18:55:16,0.27,"Rain, Partially cloudy",Partly cloudy throughout the day with a chance of rain throughout the day.,rain,DNMM
 LAGOS,2025-04-07,93.1,80.5,85.7,110.1,87.9,97.8,78.6,80.1,0.044,100,33.33,rain,0,0,20.6,12.8,186.7,1010.3,46.4,6.4,208.9,17.8,7,75,2025-04-07T06:42:01,2025-04-07T18:55:10,0.31,"Rain, Partially cloudy",Partly cloudy throughout the day with rain in the morning and afternoon.,rain,"DNMM,remote"
 LAGOS,2025-04-08,94.9,80.5,86.2,109.7,87.9,98,78.2,78.4,0.028,100,20.83,rain,0,0,19.9,13.9,192.3,1012,49.8,6.3,286.5,24.7,10,75,2025-04-08T06:41:34,2025-04-08T18:55:04,0.34,"Rain, Partially cloudy",Partly cloudy throughout the day with rain clearing later.,rain,"DNMM,remote"
 LAGOS,2025-04-09,91.3,76.9,84.2,100.3,76.9,92.5,76,77.6,0.02,100,16.67,rain,0,,18.8,16.1,222,1012.9,45.4,5.8,276.4,23.9,10,75,2025-04-09T06:41:07,2025-04-09T18:54:58,0.38,"Rain, Partially cloudy",Partly cloudy throughout the day with early morning rain.,rain,DNMM
 LAGOS,2025-04-10,91.3,73.3,83.4,104.8,73.3,91.3,76.6,81.1,0.252,100,25,rain,0,,18.3,16.1,186.9,1011.1,50.5,6.1,268.8,23.3,9,60,2025-04-10T06:40:41,2025-04-10T18:54:53,0.41,"Rain, Partially cloudy",Partly cloudy throughout the day with a chance of rain throughout the day.,rain,"DNMM,remote"
 LAGOS,2025-04-11,89.5,73.3,80.4,104.9,73.3,86.7,75.6,86.4,0.055,100,16.67,rain,0,,14.5,13.9,179.6,1010.1,47.5,5.2,172.9,14.9,8,60,2025-04-11T06:40:14,2025-04-11T18:54:47,0.45,"Rain, Partially cloudy",Partly cloudy throughout the day with rain.,rain,DNMM
 LAGOS,2025-04-12,91.3,75.1,83.9,104.8,75.1,92.2,76.8,80.4,0,0,0,,0,,13.2,13.9,203.7,1010.7,49.1,5.7,285.8,24.6,10,60,2025-04-12T06:39:49,2025-04-12T18:54:42,0.48,Partially cloudy,Partly cloudy throughout the day.,partly-cloudy-day,DNMM
 LAGOS,2025-04-13,93.1,80.5,85.4,110.1,87.9,97,78.4,80.6,0.008,100,8.33,rain,0,,15.9,10.3,191.3,1010.9,46.5,6.1,296.8,25.7,9,60,2025-04-13T06:39:23,2025-04-13T18:54:37,0.5,"Rain, Partially cloudy",Partly cloudy throughout the day with afternoon rain.,rain,DNMM
 LAGOS,2025-04-14,91.3,80.5,84.1,107.5,87.9,95.2,78.3,83.1,0.012,100,12.5,rain,0,,16.6,15,205.6,1010.4,67.1,9.9,273.4,23.6,8,100,2025-04-14T06:38:58,2025-04-14T18:54:33,0.55,"Rain, Partially cloudy",Partly cloudy throughout the day with strong storms possible.,rain,"DNMM,remote"
