city,datetime,tempmax,tempmin,temp,feelslikemax,feelslikemin,feelslike,dew,humidity,precip,precipprob,precipcover,preciptype,snow,snowdepth,windgust,windspeed,winddir,sealevelpressure,cloudcover,visibility,solarradiation,solarenergy,uvindex,severerisk,sunrise,sunset,moonphase,conditions,description,icon,stations,city.1
Tokyo,2023-10-01,83.8,74.4,78.5,90.1,74.4,79.4,71.5,79.5,0.004,100.0,12.5,rain,0.0,0.0,14.3,11.7,306.9,1006.1,78.5,9.3,112.0,9.7,5,10.0,2023-10-01T05:35:04,2023-10-01T17:25:47,0.56,"Rain, Partially cloudy",Partly cloudy throughout the day with rain.,rain,"47662099999,47670099999,47642043313,47626099999,47682099999,RJTT",
Tokyo,2023-10-02,79.2,68.8,74.2,79.2,68.8,74.2,58.0,58.4,0.001,100.0,4.17,rain,0.0,0.0,15.0,10.5,335.8,1011.8,72.7,11.1,168.0,14.6,6,10.0,2023-10-02T05:35:51,2023-10-02T17:24:20,0.59,"Rain, Partially cloudy",Partly cloudy throughout the day with morning rain.,rain,"47662099999,47670099999,47642043313,47680099999,47626099999,47682099999,RJTT",
Tokyo,2023-10-03,79.7,65.2,72.8,79.7,65.2,72.8,53.9,52.4,0.0,0.0,0.0,rain,0.0,0.0,11.4,11.2,279.4,1017.4,45.3,11.4,210.5,18.2,8,10.0,2023-10-03T05:36:39,2023-10-03T17:22:54,0.62,Partially cloudy,Becoming cloudy in the afternoon.,partly-cloudy-day,"47662099999,47670099999,47642043313,47626099999,47682099999,RJTT",
Tokyo,2023-10-04,72.8,63.8,66.3,72.8,63.8,66.3,63.8,92.1,0.583,100.0,33.33,rain,0.0,0.0,17.7,13.5,340.3,1014.1,92.4,7.1,50.3,4.3,2,10.0,2023-10-04T05:37:27,2023-10-04T17:21:29,0.65,"Rain, Overcast",Cloudy skies throughout the day with a chance of rain throughout the day.,rain,"47662099999,47727099999,47671099999,47643099999,47670099999,47642043313,47680099999,RJTY,47626099999,47682099999,47679043319,RJTT",
Tokyo,2023-10-05,77.1,63.1,68.2,77.1,63.1,68.2,59.8,77.7,0.038,100.0,4.17,rain,0.0,0.0,40.3,11.9,311.8,1001.8,62.4,8.7,116.6,9.9,6,10.0,2023-10-05T05:38:15,2023-10-05T17:20:04,0.69,"Rain, Partially cloudy",Partly cloudy throughout the day with early morning rain.,rain,"47662099999,47727099999,47670099999,47642043313,47680099999,RJTY,47626099999,47682099999,RJTT,47672099999",
Tokyo,2023-10-06,77.3,61.3,69.2,77.3,61.3,69.2,42.5,38.8,0.0,0.0,0.0,,0.0,0.0,40.3,13.1,320.1,1008.0,12.7,11.4,222.7,19.3,8,10.0,2023-10-06T05:39:04,2023-10-06T17:18:39,0.75,Clear,Clear conditions throughout the day.,clear-day,"47662099999,47671099999,47727099999,47643099999,47670099999,47641099999,47642043313,RJTY,47626099999,47682099999,RJTT,47674099999",
Tokyo,2023-10-07,75.8,63.9,69.0,75.8,63.9,69.0,43.6,40.5,0.0,0.0,0.0,,0.0,0.0,30.0,11.9,333.0,1016.7,45.7,11.8,207.5,18.0,8,10.0,2023-10-07T05:39:52,2023-10-07T17:17:15,0.75,Partially cloudy,Partly cloudy throughout the day.,partly-cloudy-day,"47662099999,47670099999,47642043313,47626099999,47682099999,RJTT",
Tokyo,2023-10-08,69.9,60.6,64.8,69.9,60.6,64.8,50.2,60.0,0.0,0.0,0.0,rain,0.0,0.0,15.7,11.4,345.8,1025.1,73.9,11.5,133.6,11.5,6,10.0,2023-10-08T05:40:42,2023-10-08T17:15:51,0.78,Partially cloudy,Partly cloudy throughout the day.,partly-cloudy-day,"47662099999,47727099999,47670099999,47642043313,47626099999,47682099999,RJTT",
Tokyo,2023-10-09,62.1,57.1,59.7,62.1,57.1,59.7,59.3,98.6,1.332,100.0,29.17,rain,0.0,0.0,24.6,9.1,325.7,1020.1,90.6,5.0,17.1,1.6,1,10.0,2023-10-09T05:41:31,2023-10-09T17:14:27,0.82,"Rain, Overcast",Cloudy skies throughout the day with a chance of rain throughout the day.,rain,"47662099999,47670099999,47642043313,47626099999,47682099999,RJTT",
Tokyo,2023-10-10,79.2,62.0,68.2,79.2,62.0,68.2,62.3,83.0,0.735,100.0,16.67,rain,0.0,0.0,21.5,8.0,331.0,1009.4,71.9,9.0,140.6,12.0,7,10.0,2023-10-10T05:42:21,2023-10-10T17:13:05,0.85,"Rain, Partially cloudy",Partly cloudy throughout the day with rain.,rain,"47662099999,47727099999,47670099999,47642043313,47626099999,47682099999,RJTT",
Tokyo,2023-10-11,75.2,62.1,67.8,75.2,62.1,67.8,52.4,58.6,0.0,0.0,0.0,rain,0.0,0.0,20.8,9.4,32.0,1018.4,47.5,11.3,184.6,15.9,7,10.0,2023-10-11T05:43:11,2023-10-11T17:11:43,0.88,Partially cloudy,Partly cloudy throughout the day.,partly-cloudy-day,"47662099999,47670099999,47641099999,47642043313,47680099999,47626099999,47682099999,RJTT",
Tokyo,2023-10-12,73.6,60.7,67.0,73.6,60.7,67.0,53.0,61.3,0.0,0.0,0.0,rain,0.0,0.0,15.0,10.3,34.5,1021.3,42.8,10.1,159.7,13.8,6,10.0,2023-10-12T05:44:01,2023-10-12T17:10:21,0.91,Partially cloudy,Clearing in the afternoon.,partly-cloudy-day,"47662099999,47727099999,47671099999,47643099999,47670099999,47642043313,47680099999,47626099999,47682099999,47679043319,RJTT",
Tokyo,2023-10-13,73.0,59.3,65.7,73.0,59.3,65.7,48.1,55.3,0.0,0.0,0.0,rain,0.0,0.0,16.8,10.9,12.6,1016.8,33.5,10.7,205.0,17.8,7,10.0,2023-10-13T05:44:52,2023-10-13T17:09:00,0.95,Partially cloudy,Partly cloudy throughout the day.,partly-cloudy-day,"47662099999,47727099999,47643099999,47670099999,47641099999,47642043313,RJTY,47626099999,47682099999,RJTT",
Tokyo,2023-10-14,72.4,55.9,64.7,72.4,55.9,64.7,52.0,64.0,0.0,0.0,0.0,,0.0,0.0,18.6,9.1,248.8,1011.7,53.7,10.3,191.2,16.5,7,10.0,2023-10-14T05:45:43,2023-10-14T17:07:40,0.98,Partially cloudy,Partly cloudy throughout the day.,partly-cloudy-day,"47662099999,47727099999,47670099999,47642043313,47626099999,47682099999,RJTT",
Tokyo,2023-10-15,62.7,57.7,59.3,62.7,57.7,59.3,58.6,97.6,0.865,100.0,29.17,rain,0.0,0.0,31.1,10.1,315.2,1005.1,75.2,7.1,49.7,4.2,4,10.0,2023-10-15T05:46:34,2023-10-15T17:06:21,0.0,"Rain, Partially cloudy",Partly cloudy throughout the day with a chance of rain throughout the day.,rain,"47662099999,47727099999,47670099999,47642043313,47626099999,47682099999,RJTT",
Tokyo,2023-10-16,78.0,54.5,66.0,78.0,54.5,66.0,56.1,74.1,0.0,0.0,0.0,,0.0,0.0,8.9,8.1,226.6,1008.4,18.1,12.2,184.8,15.9,7,10.0,2023-10-16T05:47:26,2023-10-16T17:05:02,0.05,Clear,Clear conditions throughout the day.,clear-day,"47662099999,47727099999,47670099999,47642043313,47680099999,47626099999,47682099999,RJTT",
Tokyo,2023-10-17,76.2,60.0,67.4,76.2,60.0,67.4,50.5,56.8,0.0,0.0,0.0,,0.0,0.0,12.3,9.0,322.9,1013.9,20.6,11.4,193.3,16.8,7,10.0,2023-10-17T05:48:18,2023-10-17T17:03:44,0.08,Partially cloudy,Partly cloudy throughout the day.,partly-cloudy-day,"47662099999,47727099999,47670099999,47642043313,47680099999,47626099999,47682099999,RJTT",
Tokyo,2023-10-18,74.2,57.3,66.2,74.2,57.3,66.2,53.5,64.5,0.0,0.0,0.0,rain,0.0,0.0,10.5,9.9,71.5,1020.5,40.6,10.7,164.1,14.2,7,10.0,2023-10-18T05:49:10,2023-10-18T17:02:27,0.12,Partially cloudy,Partly cloudy throughout the day.,partly-cloudy-day,"47662099999,47727099999,47643099999,47670099999,47641099999,47642043313,RJTY,47626099999,47682099999,47679043319,RJTT",
Tokyo,2023-10-19,76.7,59.3,68.5,76.7,59.3,68.5,57.8,70.9,0.0,0.0,0.0,,0.0,0.0,15.0,11.4,219.1,1017.2,30.1,10.0,190.2,16.4,7,10.0,2023-10-19T05:50:03,2023-10-19T17:01:11,0.16,Partially cloudy,Partly cloudy throughout the day.,partly-cloudy-day,"47662099999,47670099999,47642043313,47680099999,47626099999,47682099999,RJTT",
Tokyo,2023-10-20,79.8,61.9,71.4,79.8,61.9,71.4,59.3,66.9,0.0,0.0,0.0,,0.0,0.0,42.5,20.6,202.8,1007.0,41.7,10.1,179.1,15.5,7,10.0,2023-10-20T05:50:56,2023-10-20T16:59:56,0.19,Partially cloudy,Partly cloudy throughout the day.,partly-cloudy-day,"47662099999,47670099999,47642043313,47680099999,47626099999,47682099999,RJTT",
Tokyo,2023-10-21,71.1,59.6,66.7,71.1,59.6,66.7,46.4,48.6,0.003,100.0,4.17,rain,0.0,0.0,20.6,12.2,331.4,1008.0,71.6,11.8,84.0,7.2,3,10.0,2023-10-21T05:51:50,2023-10-21T16:58:42,0.23,"Rain, Partially cloudy",Partly cloudy throughout the day with late afternoon rain.,rain,"47662099999,47727099999,47670099999,47642043313,47626099999,47682099999,RJTT",
Tokyo,2023-10-22,67.0,54.6,60.7,67.0,54.6,60.7,41.6,50.1,0.0,0.0,0.0,,0.0,0.0,19.7,12.9,171.9,1020.3,24.2,12.5,166.1,14.3,6,10.0,2023-10-22T05:52:44,2023-10-22T16:57:28,0.25,Partially cloudy,Partly cloudy throughout the day.,partly-cloudy-day,"47662099999,47670099999,47642043313,47626099999,47682099999,RJTT",
Tokyo,2023-10-23,71.7,53.6,62.1,71.7,53.6,62.1,47.3,59.9,0.0,0.0,0.0,,0.0,0.0,9.8,7.8,345.4,1022.0,31.4,11.5,179.4,15.7,6,10.0,2023-10-23T05:53:38,2023-10-23T16:56:16,0.3,Partially cloudy,Partly cloudy throughout the day.,partly-cloudy-day,"47662099999,47670099999,47642043313,47680099999,47626099999,47682099999,RJTT",
Tokyo,2023-10-24,73.6,56.3,64.1,73.6,56.3,64.1,53.3,69.2,0.0,0.0,0.0,rain,0.0,0.0,14.1,6.8,22.4,1020.6,25.5,10.5,163.6,14.1,6,10.0,2023-10-24T05:54:33,2023-10-24T16:55:04,0.33,Partially cloudy,Partly cloudy throughout the day.,partly-cloudy-day,"47662099999,47670099999,47642043313,47626099999,47682099999,RJTT",
Tokyo,2023-10-25,70.1,56.1,64.2,70.1,56.1,64.2,55.3,74.0,0.0,0.0,0.0,rain,0.0,0.0,11.2,7.0,339.7,1015.5,53.0,9.1,142.7,12.4,5,10.0,2023-10-25T05:55:28,2023-10-25T16:53:54,0.37,Partially cloudy,Partly cloudy throughout the day.,partly-cloudy-day,"47662099999,47727099999,47670099999,47642043313,47626099999,47682099999,RJTT",
Tokyo,2023-10-26,73.1,53.4,62.5,73.1,53.4,62.5,50.9,69.3,1.168,100.0,4.17,rain,0.0,0.0,14.3,7.0,313.5,1013.0,17.1,10.9,189.2,16.1,7,10.0,2023-10-26T05:56:23,2023-10-26T16:52:45,0.4,Rain,Clear conditions throughout the day with early morning rain.,rain,"47662099999,47727099999,47670099999,47642043313,47626099999,47682099999,RJTT",
Tokyo,2023-10-27,73.6,57.1,64.2,73.6,57.1,64.2,53.4,68.9,0.0,0.0,0.0,,0.0,0.0,13.0,8.2,267.0,1010.3,27.9,10.2,166.1,14.4,6,10.0,2023-10-27T05:57:19,2023-10-27T16:51:37,0.44,Partially cloudy,Partly cloudy throughout the day.,partly-cloudy-day,"47662099999,47670099999,47642043313,47680099999,47626099999,47682099999,RJTT",
Tokyo,2023-10-28,69.5,58.0,63.5,69.5,58.0,63.5,54.2,72.1,0.001,100.0,4.17,rain,0.0,0.0,15.9,8.8,334.0,1009.7,46.0,9.5,153.1,13.0,6,10.0,2023-10-28T05:58:15,2023-10-28T16:50:30,0.47,"Rain, Partially cloudy",Clearing in the afternoon with morning rain.,rain,"47662099999,47670099999,47642043313,47626099999,47682099999,RJTT",
Tokyo,2023-10-29,67.7,55.1,61.8,67.7,55.1,61.8,48.1,62.1,0.189,100.0,4.17,rain,0.0,0.0,22.8,12.8,330.4,1013.5,55.3,11.2,155.2,13.3,6,10.0,2023-10-29T05:59:11,2023-10-29T16:49:24,0.5,"Rain, Partially cloudy",Partly cloudy throughout the day with morning rain.,rain,"47662099999,47670099999,47642043313,47626099999,47682099999,RJTT",
Tokyo,2023-10-30,70.3,54.0,62.4,70.3,54.0,62.4,48.7,61.5,0.0,0.0,0.0,,0.0,0.0,15.0,8.1,45.3,1020.2,22.7,11.7,169.1,14.6,7,10.0,2023-10-30T06:00:08,2023-10-30T16:48:19,0.54,Partially cloudy,Partly cloudy throughout the day.,partly-cloudy-day,"47662099999,47670099999,47642043313,47680099999,47626099999,47682099999,RJTT",
Tokyo,2023-10-31,68.6,56.8,63.2,68.6,56.8,63.2,53.6,71.1,0.0,0.0,0.0,,0.0,0.0,12.3,5.9,2.5,1022.7,70.5,10.4,92.4,7.9,4,10.0,2023-10-31T06:01:05,2023-10-31T16:47:16,0.57,Partially cloudy,Partly cloudy throughout the day.,partly-cloudy-day,"47662099999,47670099999,47642043313,47626099999,47682099999,RJTT",
Tokyo,2023-11-01,72.2,56.3,64.4,72.2,56.3,64.4,55.1,72.8,0.0,0.0,0.0,rain,0.0,0.0,12.1,9.2,209.2,1019.8,13.0,9.6,156.0,13.4,6,10.0,2023-11-01T06:02:03,2023-11-01T16:46:14,0.61,Clear,Clear conditions throughout the day.,clear-day,"47662099999,47670099999,47642043313,47680099999,47626099999,47682099999,RJTT",
Tokyo,2023-11-02,75.3,55.9,64.9,75.3,55.9,64.9,53.1,67.6,0.0,0.0,0.0,,0.0,0.0,8.1,7.7,1.8,1017.9,7.4,9.5,161.1,13.8,6,10.0,2023-11-02T06:03:00,2023-11-02T16:45:13,0.64,Clear,Clear conditions throughout the day.,clear-day,"47662099999,47670099999,47642043313,47680099999,47626099999,47682099999,RJTT",
Tokyo,2023-11-03,74.8,58.0,65.9,74.8,58.0,65.9,57.1,74.2,0.0,0.0,0.0,,0.0,0.0,13.4,9.2,166.5,1019.1,15.5,7.2,155.8,13.3,6,10.0,2023-11-03T06:03:58,2023-11-03T16:44:14,0.67,Clear,Clear conditions throughout the day.,clear-day,"47662099999,47670099999,47642043313,47626099999,47682099999,RJTT",
Tokyo,2023-11-04,78.5,58.6,67.5,78.5,58.6,67.5,59.9,78.0,0.0,0.0,0.0,,0.0,0.0,9.8,8.3,195.3,1021.3,26.0,8.0,148.9,12.9,6,10.0,2023-11-04T06:04:57,2023-11-04T16:43:16,0.7,Partially cloudy,Partly cloudy throughout the day.,partly-cloudy-day,"47662099999,47670099999,47642043313,47626099999,47682099999,RJTT",
Tokyo,2023-11-05,73.0,64.0,68.1,73.0,64.0,68.1,61.9,81.2,0.0,0.0,0.0,rain,0.0,0.0,13.2,6.1,23.1,1026.4,60.8,7.5,100.5,8.8,4,10.0,2023-11-05T06:05:55,2023-11-05T16:42:19,0.75,Partially cloudy,Partly cloudy throughout the day.,partly-cloudy-day,"47662099999,47670099999,47642043313,47626099999,47682099999,RJTT",
Tokyo,2023-11-06,75.5,64.8,70.3,75.5,64.8,70.3,66.0,86.9,0.021,100.0,12.5,rain,0.0,0.0,35.3,13.9,176.0,1020.1,77.7,8.3,115.5,10.1,4,10.0,2023-11-06T06:06:54,2023-11-06T16:41:24,0.77,"Rain, Partially cloudy",Partly cloudy throughout the day with a chance of rain throughout the day.,rain,"47662099999,47670099999,47642043313,47680099999,47626099999,47682099999,RJTT",
Tokyo,2023-11-07,79.8,63.3,72.7,79.8,63.3,72.7,65.6,79.1,0.225,100.0,25.0,rain,0.0,0.0,52.8,30.0,193.9,1008.9,67.3,9.0,104.3,8.9,5,30.0,2023-11-07T06:07:53,2023-11-07T16:40:30,0.8,"Rain, Partially cloudy",Partly cloudy throughout the day with a chance of rain throughout the day.,rain,"47662099999,47670099999,47642043313,47680099999,RJTY,47626099999,47682099999,RJTT",
Tokyo,2023-11-08,69.4,59.8,64.1,69.4,59.8,64.1,46.7,53.7,0.0,0.0,0.0,,0.0,0.0,11.0,10.0,31.7,1020.5,16.7,10.8,144.0,12.6,6,10.0,2023-11-08T06:08:53,2023-11-08T16:39:38,0.83,Clear,Clear conditions throughout the day.,clear-day,"47662099999,47670099999,47642043313,47680099999,47626099999,47682099999,RJTT",
Tokyo,2023-11-09,69.0,56.7,62.8,69.0,56.7,62.8,51.8,68.2,0.0,0.0,0.0,,0.0,0.0,10.5,5.8,99.5,1025.4,57.5,10.6,128.7,11.3,5,10.0,2023-11-09T06:09:52,2023-11-09T16:38:48,0.86,Partially cloudy,Partly cloudy throughout the day.,partly-cloudy-day,"47662099999,47670099999,47642043313,47680099999,47626099999,47682099999,RJTT",
Tokyo,2023-11-10,63.4,57.2,60.4,63.4,57.2,60.4,55.7,85.0,0.116,100.0,8.33,rain,0.0,0.0,10.7,7.4,303.9,1017.4,79.4,6.7,41.7,3.6,3,10.0,2023-11-10T06:10:52,2023-11-10T16:37:58,0.89,"Rain, Partially cloudy",Partly cloudy throughout the day with rain.,rain,"47662099999,47671099999,47670099999,47642043313,RJTI,47626099999,47682099999,RJTT",
Tokyo,2023-11-11,59.8,53.4,56.9,59.8,53.4,56.9,41.0,56.7,0.0,0.0,0.0,,0.0,0.0,41.4,16.7,349.2,1017.7,74.9,12.3,75.9,6.6,3,10.0,2023-11-11T06:11:52,2023-11-11T16:37:11,0.93,Partially cloudy,Partly cloudy throughout the day.,partly-cloudy-day,"47662099999,47670099999,47642043313,47680099999,47626099999,47682099999,RJTT",
Tokyo,2023-11-12,52.9,46.9,50.3,52.9,45.5,49.8,42.3,75.1,0.021,100.0,4.17,rain,0.0,0.0,14.8,6.2,346.3,1017.4,90.1,9.0,54.0,4.6,3,10.0,2023-11-12T06:12:51,2023-11-12T16:36:25,0.96,"Rain, Overcast",Cloudy skies throughout the day with afternoon rain.,rain,"47662099999,47670099999,47642043313,47626099999,47682099999,RJTT",
Tokyo,2023-11-13,58.9,46.7,51.9,58.9,42.7,50.8,35.2,56.7,0.0,0.0,0.0,rain,0.0,0.0,31.1,13.1,336.0,1013.4,55.8,10.8,127.7,11.2,5,10.0,2023-11-13T06:13:51,2023-11-13T16:35:41,0.0,Partially cloudy,Partly cloudy throughout the day.,partly-cloudy-day,"47662099999,47670099999,47642043313,47626099999,47682099999,RJTT",
Tokyo,2023-11-14,63.7,42.9,53.9,63.7,40.3,53.1,33.2,47.6,0.0,0.0,0.0,rain,0.0,0.0,13.6,7.9,285.1,1020.8,24.3,11.7,146.9,12.6,6,10.0,2023-11-14T06:14:52,2023-11-14T16:34:58,0.03,Partially cloudy,Partly cloudy throughout the day.,partly-cloudy-day,"47662099999,47670099999,47642043313,47680099999,47626099999,47682099999,RJTT",
Tokyo,2023-11-15,57.3,50.3,53.4,57.3,50.3,53.4,43.1,68.1,0.0,0.0,0.0,rain,0.0,0.0,16.8,11.1,337.2,1024.7,74.4,11.7,73.5,6.3,3,10.0,2023-11-15T06:15:52,2023-11-15T16:34:17,0.06,Partially cloudy,Partly cloudy throughout the day.,partly-cloudy-day,"47662099999,47727099999,47670099999,47642043313,47680099999,RJTY,47626099999,47682099999,RJTT",
Tokyo,2023-11-16,63.2,47.0,55.0,63.2,43.7,54.4,45.4,71.1,0.0,0.0,0.0,,0.0,0.0,15.0,7.9,346.4,1025.3,24.4,12.4,136.7,12.0,6,10.0,2023-11-16T06:16:52,2023-11-16T16:33:38,0.1,Partially cloudy,Becoming cloudy in the afternoon.,partly-cloudy-day,"47662099999,47670099999,47642043313,47680099999,47626099999,47682099999,RJTT",
Tokyo,2023-11-17,56.0,50.1,52.8,56.0,50.1,52.8,51.4,95.2,0.793,100.0,50.0,rain,0.0,0.0,40.7,11.8,299.0,1007.6,62.7,7.8,24.7,2.1,1,10.0,2023-11-17T06:17:52,2023-11-17T16:33:01,0.13,"Rain, Partially cloudy",Partly cloudy throughout the day with a chance of rain throughout the day.,rain,"47662099999,47670099999,47642043313,47680099999,47626099999,47682099999",
Tokyo,2023-11-18,61.9,46.8,54.5,61.9,44.5,54.0,33.1,45.8,0.0,0.0,0.0,,0.0,0.0,22.4,11.6,231.0,1001.5,22.5,13.5,115.7,10.0,6,10.0,2023-11-18T06:18:52,2023-11-18T16:32:25,0.17,Partially cloudy,Partly cloudy throughout the day.,partly-cloudy-day,"47662099999,47670099999,47642043313,47680099999,47626099999,47682099999",
Tokyo,2023-11-19,65.4,43.6,53.8,65.4,40.2,52.9,38.6,59.3,0.0,0.0,0.0,,0.0,0.0,19.5,9.6,204.0,1009.2,5.3,13.7,147.4,12.8,6,10.0,2023-11-19T06:19:52,2023-11-19T16:31:51,0.2,Clear,Clear conditions throughout the day.,clear-day,"47662099999,47670099999,47642043313,47680099999,47626099999,47682099999",
Tokyo,2023-11-20,63.8,46.0,54.3,63.8,43.0,53.8,38.4,57.4,0.0,0.0,0.0,,0.0,0.0,28.0,13.6,317.7,1012.0,6.2,13.8,143.0,12.4,6,10.0,2023-11-20T06:20:51,2023-11-20T16:31:19,0.25,Clear,Clear conditions throughout the day.,clear-day,"47662099999,47670099999,47642043313,47680099999,47626099999,47682099999",
Tokyo,2023-11-21,62.8,44.8,53.5,62.8,44.3,53.0,39.3,59.4,0.0,0.0,0.0,,0.0,0.0,13.9,6.9,345.4,1022.2,6.0,12.3,112.8,9.6,5,10.0,2023-11-21T06:21:51,2023-11-21T16:30:49,0.28,Clear,Clear conditions throughout the day.,clear-day,"47662099999,47670099999,47642043313,47680099999,47626099999,47682099999",
Tokyo,2023-11-22,65.9,45.8,55.9,65.9,44.6,55.8,44.8,67.3,0.0,0.0,0.0,,0.0,0.0,8.7,5.8,332.6,1019.2,7.2,11.0,135.6,11.6,6,10.0,2023-11-22T06:22:50,2023-11-22T16:30:20,0.31,Clear,Clear conditions throughout the day.,clear-day,"47662099999,47670099999,47642043313,47680099999,47626099999,47682099999",
Tokyo,2023-11-23,68.0,49.9,58.7,68.0,49.9,58.7,49.0,71.1,0.003,100.0,8.33,rain,0.0,0.0,16.1,11.3,229.8,1012.6,35.2,10.4,104.4,8.8,5,10.0,2023-11-23T06:23:49,2023-11-23T16:29:54,0.35,"Rain, Partially cloudy",Partly cloudy throughout the day with rain clearing later.,rain,"47662099999,47670099999,47642043313,47680099999,47626099999,47682099999",
Tokyo,2023-11-24,74.8,52.4,62.2,74.8,52.4,62.2,45.5,57.6,0.0,0.0,0.0,,0.0,0.0,28.9,12.8,237.3,1007.1,0.8,11.7,138.0,11.6,6,10.0,2023-11-24T06:24:48,2023-11-24T16:29:29,0.38,Clear,Clear conditions throughout the day.,clear-day,"47662099999,47670099999,47642043313,47680099999,47626099999,47682099999",
Tokyo,2023-11-25,55.1,47.9,51.1,55.1,44.7,49.9,29.2,42.9,0.0,0.0,0.0,,0.0,0.0,29.5,9.3,336.7,1022.4,33.3,14.5,98.5,8.3,4,10.0,2023-11-25T06:25:46,2023-11-25T16:29:06,0.42,Partially cloudy,Partly cloudy throughout the day.,partly-cloudy-day,"47662099999,47670099999,47642043313,47680099999,47626099999,47682099999",
Tokyo,2023-11-26,49.1,42.2,46.0,47.0,37.3,44.0,38.3,76.6,0.001,100.0,4.17,rain,0.0,0.0,15.7,9.0,331.7,1024.0,93.2,10.5,42.9,3.6,2,10.0,2023-11-26T06:26:44,2023-11-26T16:28:46,0.45,"Rain, Overcast",Cloudy skies throughout the day with afternoon rain.,rain,"47662099999,47670099999,47642043313,47680099999,47626099999,47682099999",
Tokyo,2023-11-27,58.8,45.2,51.7,58.8,43.8,51.3,44.8,78.0,0.0,0.0,0.0,,0.0,0.0,13.4,5.8,277.5,1016.2,31.6,9.9,118.8,10.2,5,10.0,2023-11-27T06:27:42,2023-11-27T16:28:27,0.5,Partially cloudy,Clearing in the afternoon.,partly-cloudy-day,"47662099999,47670099999,47642043313,47680099999,47626099999,47682099999",
Tokyo,2023-11-28,71.7,48.7,57.2,71.7,46.7,57.0,42.2,60.7,0.0,0.0,0.0,,0.0,0.0,23.5,11.8,283.4,1007.5,10.9,12.3,134.0,11.4,5,10.0,2023-11-28T06:28:39,2023-11-28T16:28:10,0.52,Clear,Clear conditions throughout the day.,clear-day,"47662099999,47670099999,47642043313,47680099999,47626099999,47682099999",
Tokyo,2023-11-29,62.3,44.8,52.7,62.3,44.8,52.3,34.9,51.0,0.0,0.0,0.0,,0.0,0.0,19.5,9.2,153.5,1014.2,4.1,12.6,135.5,11.6,5,10.0,2023-11-29T06:29:35,2023-11-29T16:27:55,0.56,Clear,Clear conditions throughout the day.,clear-day,"47662099999,47670099999,47642043313,47680099999,47626099999,47682099999",
Tokyo,2023-11-30,61.0,47.3,52.5,61.0,44.9,51.7,31.9,46.5,0.0,0.0,0.0,,0.0,0.0,20.4,12.7,339.6,1012.9,30.4,13.4,128.7,10.9,5,10.0,2023-11-30T06:30:31,2023-11-30T16:27:42,0.59,Partially cloudy,Clearing in the afternoon.,partly-cloudy-day,"47662099999,47670099999,47642043313,47680099999,47626099999,47682099999",
Tokyo,2023-12-01,53.8,44.8,47.7,53.8,41.6,46.2,31.1,52.9,0.0,0.0,0.0,rain,0.0,0.0,14.5,6.8,13.7,1015.3,42.1,14.9,57.9,4.9,2,10.0,2023-12-01T06:31:27,2023-12-01T16:27:31,0.62,Partially cloudy,Partly cloudy throughout the day.,partly-cloudy-day,"47662099999,47670099999,47642043313,47680099999,47626099999,47682099999",
Tokyo,2023-12-02,54.8,40.4,46.8,54.8,37.5,45.7,33.0,59.6,0.0,0.0,0.0,,0.0,0.0,13.9,5.8,359.2,1018.3,10.6,13.6,125.5,11.0,5,10.0,2023-12-02T06:32:21,2023-12-02T16:27:22,0.65,Clear,Clear conditions throughout the day.,clear-day,"47662099999,47670099999,47642043313,47680099999,47626099999,47682099999",
Tokyo,2023-12-03,58.4,40.2,48.3,58.4,38.0,47.1,33.8,58.2,0.0,0.0,0.0,,0.0,0.0,21.9,12.6,299.0,1018.5,6.1,13.5,123.2,10.5,5,10.0,2023-12-03T06:33:15,2023-12-03T16:27:15,0.68,Clear,Clear conditions throughout the day.,clear-day,"47662099999,47670099999,47642043313,47680099999,47626099999,47682099999,RJTT",
Tokyo,2023-12-04,56.1,41.7,47.9,56.1,39.3,46.4,30.9,52.8,0.0,0.0,0.0,,0.0,0.0,21.0,8.2,321.7,1021.0,4.8,13.8,132.4,11.4,5,10.0,2023-12-04T06:34:08,2023-12-04T16:27:10,0.72,Clear,Clear conditions throughout the day.,clear-day,"47662099999,47727099999,47670099999,47642043313,47680099999,47626099999,47682099999,RJTT",
Tokyo,2023-12-05,49.8,42.9,46.4,49.8,40.7,44.9,34.3,62.9,0.0,0.0,0.0,,0.0,0.0,12.1,8.0,326.8,1019.6,72.3,10.9,62.1,5.4,2,10.0,2023-12-05T06:35:01,2023-12-05T16:27:07,0.75,Partially cloudy,Partly cloudy throughout the day.,partly-cloudy-day,"47662099999,47727099999,47670099999,47642043313,47680099999,47626099999,47682099999,RJTT",
Tokyo,2023-12-06,60.6,45.7,52.4,60.6,41.4,51.6,44.8,76.7,0.019,100.0,4.17,rain,0.0,0.0,17.7,9.1,33.6,1012.0,36.9,12.0,119.0,10.3,5,10.0,2023-12-06T06:35:52,2023-12-06T16:27:06,0.78,"Rain, Partially cloudy",Clearing in the afternoon with early morning rain.,rain,"47662099999,47727099999,47670099999,47642043313,47680099999,47626099999,47682099999,RJTT",
Tokyo,2023-12-07,67.1,45.2,55.4,67.1,43.3,55.1,40.7,62.1,0.0,0.0,0.0,,0.0,0.0,27.3,15.2,266.1,1006.7,10.5,12.6,130.3,11.3,5,10.0,2023-12-07T06:36:42,2023-12-07T16:27:07,0.81,Clear,Clear conditions throughout the day.,clear-day,"47662099999,47670099999,47642043313,47680099999,47626099999,47682099999",
Tokyo,2023-12-08,62.9,43.2,54.0,62.9,43.2,53.5,34.7,48.4,0.0,0.0,0.0,,0.0,0.0,15.9,8.2,218.3,1019.0,8.4,13.6,127.2,11.1,5,10.0,2023-12-08T06:37:32,2023-12-08T16:27:09,0.84,Clear,Clear conditions throughout the day.,clear-day,"47662099999,47670099999,47642043313,47680099999,47626099999,47682099999,RJTT",
Tokyo,2023-12-09,62.4,44.1,53.7,62.4,43.4,53.4,42.1,65.3,0.0,0.0,0.0,,0.0,0.0,10.3,6.8,324.6,1019.9,13.6,11.8,127.7,11.0,5,10.0,2023-12-09T06:38:20,2023-12-09T16:27:14,0.88,Clear,Clear conditions throughout the day.,clear-day,"47662099999,47670099999,47642043313,47680099999,47626099999,47682099999,RJTT",
Tokyo,2023-12-10,66.4,45.9,55.3,66.4,44.7,55.1,43.1,64.5,0.0,0.0,0.0,,0.0,0.0,8.1,7.8,337.5,1021.3,11.5,11.0,123.4,10.6,5,10.0,2023-12-10T06:39:08,2023-12-10T16:27:21,0.91,Clear,Clear conditions throughout the day.,clear-day,"47662099999,47670099999,47642043313,47680099999,47626099999,47682099999",
Tokyo,2023-12-11,59.6,54.2,56.3,59.6,54.2,56.3,47.4,72.4,0.0,0.0,0.0,rain,0.0,0.0,20.1,7.9,6.0,1022.7,79.2,10.4,33.5,2.9,1,10.0,2023-12-11T06:39:54,2023-12-11T16:27:30,0.94,Partially cloudy,Partly cloudy throughout the day.,partly-cloudy-day,"47662099999,47727099999,47671099999,47670099999,47642043313,47680099999,47626099999,47682099999,RJTT",
Tokyo,2023-12-12,58.8,49.8,53.8,58.8,49.8,53.8,51.0,90.5,0.435,100.0,45.83,rain,0.0,0.0,25.5,9.6,5.1,1010.3,90.8,6.0,76.3,6.7,4,10.0,2023-12-12T06:40:39,2023-12-12T16:27:41,0.97,"Rain, Overcast",Cloudy skies throughout the day with a chance of rain throughout the day.,rain,"47727099999,47670099999,47642043313,47680099999,RJTI,47679043319,47662099999,47687099999,47671099999,47643099999,47641099999,47626099999,47682099999,RJTT",
Tokyo,2023-12-13,59.0,47.1,51.9,59.0,44.3,51.3,34.0,52.3,0.022,100.0,4.17,rain,0.0,0.0,16.3,12.0,336.5,1023.5,16.0,14.1,118.8,10.1,5,10.0,2023-12-13T06:41:23,2023-12-13T16:27:53,0.0,Rain,Clear conditions throughout the day with early morning rain.,rain,"47727099999,47670099999,47642043313,47680099999,RJTI,47662099999,47687099999,47671099999,47643099999,RJTY,47626099999,47682099999,RJTT",
Tokyo,2023-12-14,56.6,44.3,50.2,56.6,41.7,49.6,37.1,61.2,0.0,0.0,0.0,,0.0,0.0,12.1,5.8,352.4,1027.4,47.1,12.7,113.2,9.6,5,10.0,2023-12-14T06:42:06,2023-12-14T16:28:08,0.04,Partially cloudy,Partly cloudy throughout the day.,partly-cloudy-day,"47662099999,47670099999,47642043313,47680099999,47626099999,47682099999,RJTT",
Tokyo,2023-12-15,67.6,45.4,51.2,67.6,42.4,50.9,45.5,81.1,0.038,100.0,4.17,rain,0.0,0.0,19.0,15.2,305.8,1015.7,77.6,9.6,40.3,3.4,2,10.0,2023-12-15T06:42:47,2023-12-15T16:28:24,0.08,"Rain, Partially cloudy",Partly cloudy throughout the day with morning rain.,rain,"47662099999,47670099999,47642043313,47680099999,47626099999,47682099999",
Tokyo,2023-12-16,69.1,52.5,63.2,69.1,52.5,63.2,53.6,71.6,0.0,0.0,0.0,,0.0,0.0,28.2,17.4,209.8,1004.2,47.1,9.4,87.3,7.4,4,10.0,2023-12-16T06:43:27,2023-12-16T16:28:43,0.11,Partially cloudy,Partly cloudy throughout the day.,partly-cloudy-day,"47662099999,47671099999,47670099999,47642043313,47680099999,RJTI,RJTY,47626099999,47682099999,RJTT",
Tokyo,2023-12-17,62.3,44.2,53.0,62.3,40.3,52.2,26.8,37.5,0.0,0.0,0.0,,0.0,0.0,25.5,15.1,303.5,1009.7,8.2,14.3,117.4,10.3,5,10.0,2023-12-17T06:44:05,2023-12-17T16:29:03,0.15,Clear,Clear conditions throughout the day.,clear-day,"47662099999,47670099999,47642043313,47680099999,47626099999,47682099999",
Tokyo,2023-12-18,52.1,39.3,44.7,52.1,34.2,42.1,18.5,35.4,0.0,0.0,0.0,,0.0,0.0,18.8,9.2,321.5,1023.3,24.2,14.7,121.7,10.4,5,10.0,2023-12-18T06:44:43,2023-12-18T16:29:25,0.18,Partially cloudy,Partly cloudy throughout the day.,partly-cloudy-day,"47662099999,47670099999,47642043313,47680099999,47626099999,47682099999",
Tokyo,2023-12-19,49.8,38.9,44.5,48.6,35.5,42.9,28.1,52.9,0.0,0.0,0.0,,0.0,0.0,11.9,6.4,3.5,1023.5,77.2,13.0,75.1,6.5,3,10.0,2023-12-19T06:45:18,2023-12-19T16:29:49,0.22,Partially cloudy,Partly cloudy throughout the day.,partly-cloudy-day,"47662099999,47727099999,47671099999,47643099999,47670099999,47642043313,47680099999,RJTI,RJTY,47626099999,47682099999,RJTT",
Tokyo,2023-12-20,54.2,40.4,47.3,54.2,38.4,46.1,33.1,58.4,0.0,0.0,0.0,,0.0,0.0,11.9,6.8,271.0,1012.0,43.3,12.2,120.0,10.2,5,10.0,2023-12-20T06:45:52,2023-12-20T16:30:15,0.25,Partially cloudy,Partly cloudy throughout the day.,partly-cloudy-day,"47662099999,47670099999,47642043313,47680099999,47626099999,47682099999",
Tokyo,2023-12-21,53.8,39.0,46.1,53.8,37.3,43.8,23.0,42.8,0.0,0.0,0.0,,0.0,0.0,22.6,11.7,240.1,1011.0,3.9,13.8,129.0,11.0,5,10.0,2023-12-21T06:46:25,2023-12-21T16:30:42,0.29,Clear,Clear conditions throughout the day.,clear-day,"47662099999,47670099999,47642043313,47680099999,47626099999,47682099999",
Tokyo,2023-12-22,49.7,35.9,41.7,46.7,32.0,38.3,17.2,37.2,0.0,0.0,0.0,,0.0,0.2,20.4,11.4,282.3,1017.7,7.2,14.5,123.3,10.7,5,10.0,2023-12-22T06:46:56,2023-12-22T16:31:11,0.33,Clear,Clear conditions throughout the day.,clear-day,"47662099999,47670099999,47642043313,47680099999,47626099999,47682099999",
Tokyo,2023-12-23,49.2,33.2,41.0,47.5,29.6,38.9,21.2,46.7,0.0,0.0,0.0,,0.0,0.2,16.6,8.0,298.2,1026.6,3.5,14.6,129.9,11.2,5,10.0,2023-12-23T06:47:25,2023-12-23T16:31:42,0.36,Clear,Clear conditions throughout the day.,clear-day,"47662099999,47670099999,47642043313,47680099999,47626099999,47682099999",
Tokyo,2023-12-24,47.1,36.6,40.8,46.0,33.3,38.9,25.4,54.3,0.0,0.0,0.0,,0.0,0.0,11.0,5.8,341.4,1027.2,26.3,13.4,100.8,8.7,4,10.0,2023-12-24T06:47:53,2023-12-24T16:32:15,0.4,Partially cloudy,Partly cloudy throughout the day.,partly-cloudy-day,"47662099999,47670099999,47642043313,47680099999,47626099999,47682099999",
Tokyo,2023-12-25,52.5,34.5,43.2,52.5,32.8,41.7,28.1,56.4,0.0,0.0,0.0,,0.0,0.0,16.1,6.9,332.0,1021.2,2.7,12.7,120.6,10.4,5,10.0,2023-12-25T06:48:19,2023-12-25T16:32:49,0.43,Clear,Clear conditions throughout the day.,clear-day,"47662099999,47670099999,47642043313,47680099999,47626099999,47682099999",
Tokyo,2023-12-26,55.1,38.4,45.8,55.1,33.6,44.0,31.2,57.6,0.0,0.0,0.0,,0.0,0.0,17.0,11.2,257.4,1022.2,1.6,14.6,115.3,9.9,5,10.0,2023-12-26T06:48:43,2023-12-26T16:33:25,0.47,Clear,Clear conditions throughout the day.,clear-day,"47662099999,47670099999,47642043313,47680099999,47626099999,47682099999",
Tokyo,2023-12-27,53.9,40.8,47.0,53.9,38.3,44.9,29.2,50.7,0.0,0.0,0.0,,0.0,0.0,13.0,10.2,319.2,1025.2,40.2,14.5,117.1,10.1,5,10.0,2023-12-27T06:49:06,2023-12-27T16:34:02,0.5,Partially cloudy,Partly cloudy throughout the day.,partly-cloudy-day,"47662099999,47670099999,47642043313,47680099999,47626099999,47682099999",
Tokyo,2023-12-28,50.2,42.1,44.8,50.2,39.1,43.1,29.1,54.8,0.0,0.0,0.0,,0.0,0.0,12.5,5.8,352.5,1025.8,39.2,13.4,63.2,5.6,3,10.0,2023-12-28T06:49:26,2023-12-28T16:34:41,0.54,Partially cloudy,Clearing in the afternoon.,partly-cloudy-day,"47662099999,47670099999,47642043313,47680099999,47626099999,47682099999",
Tokyo,2023-12-29,56.4,36.8,45.8,56.4,34.3,44.6,32.6,61.3,0.0,0.0,0.0,,0.0,0.0,10.1,5.7,305.9,1021.2,0.0,12.0,124.8,10.6,5,10.0,2023-12-29T06:49:45,2023-12-29T16:35:21,0.57,Clear,Clear conditions throughout the day.,clear-day,"47662099999,47670099999,47642043313,47680099999,47626099999,47682099999",
Tokyo,2023-12-30,57.4,41.3,48.1,57.4,39.3,47.2,35.4,62.4,0.0,0.0,0.0,,0.0,0.0,12.3,10.0,330.5,1020.5,26.8,12.5,115.1,9.9,5,10.0,2023-12-30T06:50:02,2023-12-30T16:36:03,0.6,Partially cloudy,Partly cloudy throughout the day.,partly-cloudy-day,"47662099999,47670099999,47642043313,47680099999,47626099999,47682099999",
Tokyo,2023-12-31,54.2,43.0,48.6,54.2,39.7,47.8,41.9,78.2,0.004,100.0,8.33,rain,0.0,0.0,15.0,6.8,318.6,1007.4,37.5,9.1,67.0,5.6,4,10.0,2023-12-31T06:50:17,2023-12-31T16:36:46,0.63,"Rain, Partially cloudy",Partly cloudy throughout the day with rain in the morning and afternoon.,rain,"47662099999,47670099999,47642043313,47680099999,47626099999,47682099999",
Tokyo,2024-01-01,53.7,41.6,48.9,53.7,37.8,47.1,29.7,48.9,0.0,0.0,0.0,,0.0,0.0,29.8,18.3,327.8,1017.9,9.7,14.6,118.0,10.2,5,10.0,2024-01-01T06:50:31,2024-01-01T16:37:31,0.66,Clear,Clear conditions throughout the day.,clear-day,"47662099999,47670099999,47642043313,47680099999,47626099999,47682099999",
Tokyo,2024-01-02,47.5,37.7,42.9,46.7,32.3,40.6,31.2,63.7,0.0,0.0,0.0,rain,0.0,0.0,10.3,9.0,319.3,1020.8,41.9,13.3,61.3,5.3,3,10.0,2024-01-02T06:50:42,2024-01-02T16:38:16,0.7,Partially cloudy,Partly cloudy throughout the day.,partly-cloudy-day,"47662099999,47670099999,47642043313,47680099999,47626099999,47682099999",
Tokyo,2024-01-03,51.6,37.2,45.1,51.6,33.5,44.1,36.3,72.1,0.0,0.0,0.0,,0.0,0.0,10.7,5.7,318.6,1013.8,49.2,12.6,68.4,5.7,3,10.0,2024-01-03T06:50:52,2024-01-03T16:39:03,0.73,Partially cloudy,Partly cloudy throughout the day.,partly-cloudy-day,"47662099999,47670099999,47642043313,47680099999,47626099999,47682099999",
Tokyo,2024-01-04,58.4,44.0,49.5,58.4,41.3,48.3,34.4,59.8,0.0,0.0,0.0,rain,0.0,0.0,32.9,16.2,325.3,1012.4,34.6,13.2,118.5,10.3,5,10.0,2024-01-04T06:51:00,2024-01-04T16:39:52,0.75,Partially cloudy,Clearing in the afternoon.,partly-cloudy-day,"47662099999,47670099999,47642043313,47680099999,47626099999,47682099999",
Tokyo,2024-01-05,55.7,38.1,45.5,55.7,33.6,44.0,30.7,56.5,0.0,0.0,0.0,,0.0,0.0,10.3,5.9,323.3,1019.2,6.0,13.6,117.3,10.2,5,10.0,2024-01-05T06:51:05,2024-01-05T16:40:41,0.79,Clear,Clear conditions throughout the day.,clear-day,"47662099999,47670099999,47642043313,47680099999,47626099999,47682099999",
Tokyo,2024-01-06,59.3,38.1,48.4,59.3,37.7,47.9,34.9,60.8,0.0,0.0,0.0,,0.0,0.0,11.6,8.1,293.0,1012.6,1.6,12.4,130.1,11.2,5,10.0,2024-01-06T06:51:09,2024-01-06T16:41:32,0.83,Clear,Clear conditions throughout the day.,clear-day,"47662099999,47670099999,47642043313,47680099999,47626099999,47682099999",
Tokyo,2024-01-07,52.9,43.0,47.2,52.9,38.8,45.6,30.2,53.4,0.0,0.0,0.0,rain,0.0,0.0,23.3,10.2,24.9,1008.1,28.8,13.7,108.7,9.4,5,10.0,2024-01-07T06:51:11,2024-01-07T16:42:23,0.86,Partially cloudy,Partly cloudy throughout the day.,partly-cloudy-day,"47662099999,47670099999,47642043313,47680099999,47626099999,47682099999",
Tokyo,2024-01-08,49.4,37.1,42.0,44.3,31.7,37.6,19.4,42.6,0.0,0.0,0.0,,0.0,0.0,23.0,15.8,322.3,1017.2,6.9,14.9,136.1,11.8,5,10.0,2024-01-08T06:51:11,2024-01-08T16:43:16,0.89,Clear,Clear conditions throughout the day.,clear-day,"47662099999,47670099999,47642043313,47680099999,47626099999,47682099999",
Tokyo,2024-01-09,50.3,35.3,41.7,50.3,31.4,39.5,23.5,48.5,0.0,0.0,0.0,,0.0,0.0,12.5,6.7,331.3,1017.6,12.2,14.4,135.3,11.7,6,10.0,2024-01-09T06:51:09,2024-01-09T16:44:09,0.92,Clear,Clear conditions throughout the day.,clear-day,"47662099999,47670099999,47642043313,47680099999,47626099999,47682099999",
Tokyo,2024-01-10,53.0,36.3,44.8,53.0,34.3,43.6,28.0,52.6,0.0,0.0,0.0,,0.0,0.0,16.3,7.1,345.0,1012.6,30.1,12.3,118.5,10.3,5,10.0,2024-01-10T06:51:05,2024-01-10T16:45:04,0.96,Partially cloudy,Becoming cloudy in the afternoon.,partly-cloudy-day,"47662099999,47670099999,47642043313,47680099999,47626099999,47682099999",
Tokyo,2024-01-11,44.4,37.6,40.9,42.4,33.2,37.1,23.4,49.9,0.0,0.0,0.0,,0.0,0.0,24.2,9.4,336.6,1013.8,61.8,13.0,86.6,7.4,4,10.0,2024-01-11T06:50:59,2024-01-11T16:45:59,0.0,Partially cloudy,Partly cloudy throughout the day.,partly-cloudy-day,"47662099999,47670099999,47642043313,47680099999,47626099999,47682099999",
Tokyo,2024-01-12,56.5,33.5,44.5,56.5,30.4,43.3,27.8,52.6,0.0,0.0,0.0,,0.0,0.0,15.2,5.8,325.4,1009.2,1.6,13.3,138.3,11.9,6,10.0,2024-01-12T06:50:51,2024-01-12T16:46:55,0.02,Clear,Clear conditions throughout the day.,clear-day,"47662099999,47670099999,47642043313,47680099999,47626099999,47682099999",
Tokyo,2024-01-13,51.5,34.5,42.9,51.5,27.7,39.6,29.0,59.6,0.082,100.0,8.33,"rain,snow",0.1,0.0,30.6,10.4,349.9,1011.1,27.2,12.7,95.6,8.1,4,10.0,2024-01-13T06:50:41,2024-01-13T16:47:52,0.06,"Snow, Rain, Partially cloudy",Partly cloudy throughout the day with rain or snow.,snow,"47662099999,47670099999,47642043313,47680099999,47626099999,47682099999",
Tokyo,2024-01-14,51.0,34.0,43.1,51.0,28.1,38.7,25.2,49.2,0.0,0.0,0.0,,0.0,0.0,30.6,15.1,206.8,1019.9,1.6,14.2,144.5,12.6,6,10.0,2024-01-14T06:50:30,2024-01-14T16:48:49,0.09,Clear,Clear conditions throughout the day.,clear-day,"47662099999,47670099999,47642043313,47680099999,47626099999,47682099999",
Tokyo,2024-01-15,52.1,37.4,43.9,52.1,31.7,40.1,22.9,44.5,0.0,0.0,0.0,,0.0,0.0,37.8,13.8,324.0,1010.3,9.1,14.6,125.6,11.0,6,10.0,2024-01-15T06:50:16,2024-01-15T16:49:48,0.13,Clear,Clear conditions throughout the day.,clear-day,"47662099999,47670099999,47642043313,47680099999,47626099999,47682099999",
Tokyo,2024-01-16,44.0,33.2,38.8,38.7,26.9,32.8,17.4,42.5,0.0,0.0,0.0,,0.0,0.0,46.5,21.8,326.8,1019.3,8.3,14.1,139.1,12.0,5,10.0,2024-01-16T06:50:00,2024-01-16T16:50:47,0.16,Clear,Clear conditions throughout the day.,clear-day,"47662099999,47670099999,47642043313,47680099999,47626099999,47682099999",
Tokyo,2024-01-17,53.3,34.5,43.0,53.3,30.8,41.6,23.9,47.7,0.0,0.0,0.0,,0.0,0.0,13.4,5.8,330.2,1026.0,7.9,15.0,146.0,12.7,6,10.0,2024-01-17T06:49:43,2024-01-17T16:51:46,0.2,Clear,Clear conditions throughout the day.,clear-day,"47662099999,47670099999,47642043313,47680099999,47626099999,47682099999",
Tokyo,2024-01-18,54.2,36.8,47.1,54.2,34.0,46.3,28.9,49.3,0.0,0.0,0.0,,0.0,0.0,11.6,5.8,328.0,1019.8,43.5,13.0,114.4,9.9,5,10.0,2024-01-18T06:49:23,2024-01-18T16:52:46,0.25,Partially cloudy,Partly cloudy throughout the day.,partly-cloudy-day,"47662099999,47670099999,47642043313,47680099999,47626099999,47682099999",
Tokyo,2024-01-19,57.8,46.6,50.5,57.8,43.7,49.6,36.1,57.9,0.0,0.0,0.0,,0.0,0.0,15.9,10.3,43.5,1023.5,60.0,12.4,107.6,9.3,5,10.0,2024-01-19T06:49:02,2024-01-19T16:53:46,0.27,Partially cloudy,Partly cloudy throughout the day.,partly-cloudy-day,"47662099999,47670099999,47642043313,47680099999,47626099999,47682099999",
Tokyo,2024-01-20,45.8,40.8,43.5,42.1,37.1,39.9,33.0,67.2,0.003,100.0,12.5,rain,0.0,0.0,16.1,8.1,357.2,1028.6,94.2,10.2,42.4,3.6,2,10.0,2024-01-20T06:48:39,2024-01-20T16:54:47,0.3,"Rain, Overcast",Cloudy skies throughout the day with late afternoon rain.,rain,"47662099999,47670099999,47642043313,47680099999,47626099999,47682099999",
Tokyo,2024-01-21,52.9,40.4,46.3,52.9,35.4,43.7,43.5,91.0,1.435,100.0,54.17,rain,0.0,0.0,36.5,11.9,324.1,1014.3,70.7,7.1,20.4,1.6,1,10.0,2024-01-21T06:48:14,2024-01-21T16:55:48,0.34,"Rain, Partially cloudy",Partly cloudy throughout the day with a chance of rain throughout the day.,rain,"47662099999,47671099999,47727099999,47670099999,47642043313,47680099999,47626099999,47682099999,RJTT",
Tokyo,2024-01-22,56.9,44.3,51.2,56.9,41.7,50.4,43.2,74.7,0.0,0.0,0.0,rain,0.0,0.0,17.4,7.9,77.8,1014.7,43.3,13.9,103.1,8.9,4,10.0,2024-01-22T06:47:47,2024-01-22T16:56:50,0.37,Partially cloudy,Partly cloudy throughout the day.,partly-cloudy-day,"47662099999,47670099999,47642043313,47680099999,47626099999,47682099999",
Tokyo,2024-01-23,55.1,43.0,48.6,55.1,42.1,47.8,36.9,67.2,0.0,0.0,0.0,"rain,snow",0.0,0.0,18.1,9.1,333.1,1003.8,40.6,12.3,111.1,9.7,5,10.0,2024-01-23T06:47:18,2024-01-23T16:57:52,0.41,Partially cloudy,Partly cloudy throughout the day.,partly-cloudy-day,"47662099999,47671099999,47727099999,47670099999,47642043313,47680099999,47626099999,47682099999,RJTT",
Tokyo,2024-01-24,44.7,36.2,40.5,42.0,30.2,34.6,12.3,31.9,0.0,0.0,0.0,,0.0,0.0,31.3,14.9,303.9,1004.3,14.8,14.8,146.9,12.9,6,10.0,2024-01-24T06:46:47,2024-01-24T16:58:54,0.44,Clear,Clear conditions throughout the day.,clear-day,"47662099999,47671099999,47670099999,47642043313,47680099999,47626099999,47682099999",
Tokyo,2024-01-25,47.9,30.7,39.4,43.5,28.1,35.1,9.7,29.6,0.0,0.0,0.0,,0.0,0.0,31.8,15.9,304.8,1010.2,1.6,14.5,158.5,13.5,6,10.0,2024-01-25T06:46:15,2024-01-25T16:59:56,0.48,Clear,Clear conditions throughout the day.,clear-day,"47662099999,47670099999,47642043313,47680099999,47626099999,47682099999",
Tokyo,2024-01-26,52.4,36.2,43.2,52.4,30.1,38.7,16.2,33.8,0.0,0.0,0.0,,0.0,0.0,24.4,17.1,310.4,1013.9,1.6,14.4,146.1,12.6,5,10.0,2024-01-26T06:45:41,2024-01-26T17:00:59,0.5,Clear,Clear conditions throughout the day.,clear-day,"47662099999,47670099999,47642043313,47680099999,47626099999,47682099999",
Tokyo,2024-01-27,53.3,38.6,44.9,53.3,31.8,41.3,20.6,38.4,0.0,0.0,0.0,,0.0,0.0,19.9,13.7,316.0,1018.4,6.0,14.8,148.3,12.7,6,10.0,2024-01-27T06:45:05,2024-01-27T17:02:02,0.55,Clear,Clear conditions throughout the day.,clear-day,"47662099999,47670099999,47642043313,47680099999,47626099999,47682099999",
Tokyo,2024-01-28,48.8,37.7,42.8,48.8,34.4,41.2,24.8,49.2,0.0,0.0,0.0,,0.0,0.0,10.7,5.9,354.1,1020.8,40.4,13.7,95.2,8.1,4,10.0,2024-01-28T06:44:27,2024-01-28T17:03:04,0.58,Partially cloudy,Partly cloudy throughout the day.,partly-cloudy-day,"47662099999,47670099999,47642043313,47680099999,47626099999,47682099999",
Tokyo,2024-01-29,52.3,37.6,44.2,52.3,33.9,42.3,26.2,50.3,0.0,0.0,0.0,,0.0,0.0,11.4,6.9,50.4,1027.0,10.3,14.4,160.4,13.7,6,10.0,2024-01-29T06:43:48,2024-01-29T17:04:07,0.61,Clear,Clear conditions throughout the day.,clear-day,"47662099999,47670099999,47642043313,47680099999,47626099999,47682099999",
Tokyo,2024-01-30,53.7,39.4,45.8,53.7,36.8,44.3,28.3,51.9,0.0,0.0,0.0,,0.0,0.0,12.5,8.9,359.5,1028.9,15.4,12.9,159.9,13.9,6,10.0,2024-01-30T06:43:07,2024-01-30T17:05:10,0.64,Clear,Clear conditions throughout the day.,clear-day,"47662099999,47670099999,47642043313,47680099999,47626099999,47682099999",
Tokyo,2024-01-31,56.1,38.4,48.6,56.1,36.1,47.8,35.9,62.9,0.0,0.0,0.0,,0.0,0.0,17.0,8.3,250.9,1024.0,9.3,12.6,158.2,13.6,6,10.0,2024-01-31T06:42:24,2024-01-31T17:06:13,0.68,Clear,Clear conditions throughout the day.,clear-day,"47662099999,47670099999,47642043313,47680099999,47626099999,47682099999",
Tokyo,2024-02-01,60.4,41.3,50.0,60.4,34.7,48.0,31.5,50.1,0.0,0.0,0.0,rain,0.0,0.0,29.3,12.8,328.4,1014.1,35.0,12.2,105.8,9.0,5,10.0,2024-02-01T06:41:40,2024-02-01T17:07:16,0.71,Partially cloudy,Partly cloudy throughout the day.,partly-cloudy-day,"47662099999,47670099999,47642043313,47680099999,47626099999,47682099999",
Tokyo,2024-02-02,43.0,38.6,41.0,42.8,33.5,37.3,20.1,42.9,0.0,0.0,0.0,,0.0,0.0,18.6,11.3,346.2,1022.4,74.4,13.3,74.8,6.5,3,10.0,2024-02-02T06:40:54,2024-02-02T17:08:19,0.74,Partially cloudy,Partly cloudy throughout the day.,partly-cloudy-day,"47662099999,47671099999,47727099999,47670099999,47642043313,47680099999,47626099999,47682099999,RJTT",
Tokyo,2024-02-03,51.9,38.8,44.2,51.9,33.1,41.5,23.3,44.0,0.0,0.0,0.0,,0.0,0.0,15.2,9.1,321.5,1025.4,21.5,13.8,149.6,12.9,6,10.0,2024-02-03T06:40:07,2024-02-03T17:09:21,0.75,Partially cloudy,Partly cloudy throughout the day.,partly-cloudy-day,"47662099999,47671099999,47727099999,47670099999,47642043313,47680099999,47626099999,47682099999,RJTT",
Tokyo,2024-02-04,44.0,36.8,40.9,43.1,35.4,38.9,33.4,76.2,0.196,100.0,8.33,rain,0.0,0.0,10.5,7.9,337.6,1024.1,52.0,10.4,87.5,7.6,4,10.0,2024-02-04T06:39:18,2024-02-04T17:10:24,0.81,"Rain, Partially cloudy",Partly cloudy throughout the day with rain in the morning and afternoon.,rain,"47662099999,47670099999,47642043313,47680099999,47626099999,47682099999",
Tokyo,2024-02-05,42.8,32.7,37.7,42.8,22.9,33.1,28.8,73.4,0.969,100.0,20.83,"rain,snow",2.7,0.8,29.3,13.9,341.9,1019.6,90.6,7.6,26.1,2.1,1,10.0,2024-02-05T06:38:27,2024-02-05T17:11:26,0.84,"Snow, Rain, Overcast",Cloudy skies throughout the day with rain or snow.,snow,"47662099999,47671099999,47670099999,47642043313,47680099999,47626099999,47682099999",
Tokyo,2024-02-06,41.7,33.6,38.0,38.4,27.3,33.8,36.0,92.5,0.507,100.0,37.5,"rain,snow",2.3,1.0,26.6,10.3,344.7,1016.1,86.2,10.4,59.1,5.0,3,10.0,2024-02-06T06:37:35,2024-02-06T17:12:29,0.87,"Snow, Rain, Partially cloudy",Partly cloudy throughout the day with a chance of rain or snow throughout the day.,snow,"47662099999,47671099999,47727099999,47670099999,47642043313,47680099999,47626099999,47682099999,RJTT",
Tokyo,2024-02-07,48.3,32.5,40.5,47.9,30.5,38.7,30.4,69.3,0.0,0.0,0.0,,0.0,0.1,11.0,5.7,0.9,1016.2,18.4,13.5,136.3,11.8,5,10.0,2024-02-07T06:36:42,2024-02-07T17:13:31,0.91,Clear,Clear conditions throughout the day.,clear-day,"47662099999,47671099999,47670099999,47642043313,47680099999,47626099999,47682099999",
Tokyo,2024-02-08,50.6,35.4,42.1,50.6,31.3,39.6,28.5,60.3,0.0,0.0,0.0,,0.0,0.0,12.3,9.0,336.3,1016.2,23.7,13.1,97.9,8.5,4,10.0,2024-02-08T06:35:47,2024-02-08T17:14:33,0.94,Partially cloudy,Clearing in the afternoon.,partly-cloudy-day,"47662099999,47670099999,47642043313,47680099999,47626099999,47682099999",
Tokyo,2024-02-09,51.1,38.0,44.3,51.1,33.5,42.0,29.1,55.8,0.0,0.0,0.0,rain,0.0,0.0,13.0,6.7,12.2,1018.1,33.0,13.5,136.4,11.7,5,10.0,2024-02-09T06:34:51,2024-02-09T17:15:35,0.97,Partially cloudy,Partly cloudy throughout the day.,partly-cloudy-day,"47662099999,47670099999,47642043313,47680099999,47626099999,47682099999",
Tokyo,2024-02-10,53.0,35.9,44.8,53.0,31.9,42.7,31.8,61.2,0.0,0.0,0.0,rain,0.0,0.0,18.3,8.0,336.3,1016.1,23.9,12.6,158.8,13.6,6,10.0,2024-02-10T06:33:53,2024-02-10T17:16:36,0.0,Partially cloudy,Partly cloudy throughout the day.,partly-cloudy-day,"47662099999,47670099999,47642043313,47680099999,47626099999,47682099999",
Tokyo,2024-02-11,52.9,40.4,46.6,52.9,36.3,44.1,26.9,47.5,0.0,0.0,0.0,rain,0.0,0.0,19.9,10.2,320.7,1016.9,32.2,13.7,153.0,13.3,5,10.0,2024-02-11T06:32:54,2024-02-11T17:17:37,0.04,Partially cloudy,Becoming cloudy in the afternoon.,partly-cloudy-day,"47662099999,47670099999,47642043313,47680099999,47626099999,47682099999",
Tokyo,2024-02-12,53.3,38.9,45.2,53.3,35.6,43.1,26.2,50.2,0.0,0.0,0.0,"rain,snow",0.0,0.0,20.6,10.3,342.6,1023.8,28.3,13.7,182.8,15.9,7,10.0,2024-02-12T06:31:54,2024-02-12T17:18:38,0.07,Partially cloudy,Clearing in the afternoon.,partly-cloudy-day,"47662099999,47670099999,47642043313,47680099999,47626099999,47682099999",
Tokyo,2024-02-13,61.4,35.9,49.0,61.4,33.8,48.5,31.8,51.9,0.0,0.0,0.0,,0.0,0.0,21.7,12.8,196.7,1027.4,3.3,13.1,187.9,16.2,7,10.0,2024-02-13T06:30:52,2024-02-13T17:19:39,0.11,Clear,Clear conditions throughout the day.,clear-day,"47662099999,47671099999,47670099999,47642043313,47680099999,47626099999,47682099999",
Tokyo,2024-02-14,63.5,40.7,51.6,63.5,40.3,51.3,29.8,45.4,0.0,0.0,0.0,,0.0,0.0,12.3,5.7,315.0,1023.8,15.7,12.1,179.2,15.5,7,10.0,2024-02-14T06:29:50,2024-02-14T17:20:39,0.14,Clear,Clear conditions throughout the day.,clear-day,"47662099999,47670099999,47642043313,47680099999,47626099999,47682099999",
Tokyo,2024-02-15,69.0,44.4,57.4,69.0,44.4,57.2,44.3,62.0,0.0,0.0,0.0,,0.0,0.0,37.8,17.2,205.8,1015.8,29.1,11.7,176.5,15.3,7,10.0,2024-02-15T06:28:46,2024-02-15T17:21:39,0.18,Partially cloudy,Partly cloudy throughout the day.,partly-cloudy-day,"47662099999,47670099999,47642043313,47680099999,47626099999,47682099999",
Tokyo,2024-02-16,62.5,44.7,52.3,62.5,40.4,50.6,31.3,46.9,0.0,0.0,0.0,rain,0.0,0.0,44.2,30.8,349.7,1014.4,58.1,12.0,164.7,14.3,6,10.0,2024-02-16T06:27:41,2024-02-16T17:22:39,0.21,Partially cloudy,Clearing in the afternoon.,wind,"47662099999,47671099999,47727099999,47643099999,47670099999,47680099999,47642043313,RJTY,47626099999,47682099999,RJTT",
Tokyo,2024-02-17,55.1,40.4,48.0,55.1,36.1,46.2,33.5,57.6,0.0,0.0,0.0,,0.0,0.0,16.6,8.0,359.5,1025.0,75.7,13.0,150.4,12.8,6,10.0,2024-02-17T06:26:34,2024-02-17T17:23:39,0.25,Partially cloudy,Partly cloudy throughout the day.,partly-cloudy-day,"47662099999,47671099999,47670099999,47642043313,47680099999,47626099999,47682099999",
Tokyo,2024-02-18,64.4,49.3,55.9,64.4,47.7,55.8,45.4,68.7,0.0,0.0,0.0,,0.0,0.0,17.0,9.1,182.6,1028.5,50.6,12.2,138.0,11.9,5,10.0,2024-02-18T06:25:27,2024-02-18T17:24:38,0.28,Partially cloudy,Partly cloudy throughout the day.,partly-cloudy-day,"47662099999,47671099999,47670099999,47642043313,47680099999,47626099999,47682099999,RJTT",
Tokyo,2024-02-19,61.5,55.7,58.8,61.5,55.7,58.8,53.9,84.2,0.079,100.0,12.5,rain,0.0,0.0,39.8,17.2,176.3,1022.8,77.0,10.8,83.2,7.1,4,10.0,2024-02-19T06:24:18,2024-02-19T17:25:37,0.31,"Rain, Partially cloudy",Partly cloudy throughout the day with rain.,rain,"47662099999,47670099999,47642043313,47680099999,47626099999,47682099999",
Tokyo,2024-02-20,72.7,58.1,64.8,72.7,58.1,64.8,57.8,78.6,0.077,100.0,4.17,rain,0.0,0.0,41.4,16.1,153.2,1015.9,70.7,10.4,138.1,11.8,5,10.0,2024-02-20T06:23:09,2024-02-20T17:26:35,0.35,"Rain, Partially cloudy",Partly cloudy throughout the day with early morning rain.,rain,"47662099999,47670099999,47642043313,47680099999,47626099999,47682099999",
Tokyo,2024-02-21,55.5,45.8,48.1,55.5,40.9,46.2,45.2,90.1,0.119,100.0,8.33,rain,0.0,0.0,19.7,10.6,26.8,1020.1,98.3,5.6,19.9,1.8,1,10.0,2024-02-21T06:21:58,2024-02-21T17:27:33,0.38,"Rain, Overcast",Cloudy skies throughout the day with rain.,rain,"47662099999,47671099999,47670099999,47642043313,47680099999,47626099999,47682099999",
Tokyo,2024-02-22,46.2,39.3,42.2,42.6,34.9,38.3,41.0,95.3,0.353,100.0,20.83,rain,0.0,0.0,20.4,9.1,33.5,1019.5,99.1,5.6,22.5,1.8,1,10.0,2024-02-22T06:20:47,2024-02-22T17:28:31,0.42,"Rain, Overcast",Cloudy skies throughout the day with a chance of rain throughout the day.,rain,"47662099999,47671099999,47670099999,47642043313,47680099999,47626099999,47682099999",
Tokyo,2024-02-23,38.6,35.4,37.1,36.3,27.5,32.1,35.3,93.2,0.251,100.0,16.67,"rain,snow",0.0,0.0,17.2,15.5,25.3,1022.5,97.6,7.4,38.0,3.4,2,10.0,2024-02-23T06:19:34,2024-02-23T17:29:28,0.45,"Snow, Rain, Overcast",Cloudy skies throughout the day with a chance of rain or snow throughout the day.,rain,"47662099999,47671099999,47727099999,47643099999,47670099999,47642043313,47680099999,47626099999,47682099999,47679043319,RJTT",
Tokyo,2024-02-24,48.8,35.0,41.4,48.5,29.9,38.3,28.0,60.3,0.0,0.0,0.0,,0.0,0.0,16.6,7.9,52.4,1026.3,35.4,13.2,197.0,16.9,7,10.0,2024-02-24T06:18:21,2024-02-24T17:30:25,0.5,Partially cloudy,Partly cloudy throughout the day.,partly-cloudy-day,"47662099999,47670099999,47642043313,47680099999,47626099999,47682099999",
Tokyo,2024-02-25,40.8,38.7,39.9,40.8,32.9,35.6,34.9,83.3,0.276,100.0,25.0,rain,0.0,0.0,24.6,9.3,333.7,1021.5,92.8,9.1,39.7,3.4,1,10.0,2024-02-25T06:17:07,2024-02-25T17:31:22,0.52,"Rain, Overcast",Cloudy skies throughout the day with rain.,rain,"47662099999,47670099999,47642043313,47680099999,47626099999,47682099999",
Tokyo,2024-02-26,54.7,40.8,46.2,54.7,34.8,42.4,30.8,58.6,0.116,100.0,4.17,rain,0.0,0.0,35.1,20.8,320.6,1013.2,29.6,13.4,210.7,18.3,8,10.0,2024-02-26T06:15:52,2024-02-26T17:32:19,0.55,"Rain, Partially cloudy",Clearing in the afternoon with early morning rain.,rain,"47662099999,47670099999,47642043313,47680099999,47626099999,47682099999",
Tokyo,2024-02-27,51.5,40.3,44.5,51.5,31.1,38.1,20.8,39.0,0.0,0.0,0.0,,0.0,0.0,42.1,27.4,307.2,1015.9,5.0,14.0,210.8,18.3,7,10.0,2024-02-27T06:14:36,2024-02-27T17:33:15,0.59,Clear,Clear conditions throughout the day.,clear-day,"47662099999,47671099999,47670099999,47642043313,47680099999,47626099999,47682099999",
Tokyo,2024-02-28,56.6,39.9,46.9,56.6,33.1,43.6,23.4,40.2,0.0,0.0,0.0,,0.0,0.0,25.7,14.7,324.0,1023.5,9.7,15.3,220.6,19.1,8,10.0,2024-02-28T06:13:19,2024-02-28T17:34:10,0.62,Clear,Clear conditions throughout the day.,clear-day,"47662099999,47670099999,47642043313,47680099999,47626099999,47682099999",
Tokyo,2024-02-29,53.2,38.9,45.7,53.2,36.0,43.9,31.5,59.4,0.022,100.0,12.5,rain,0.0,0.0,15.9,9.6,30.8,1023.8,68.8,11.9,128.4,11.0,5,10.0,2024-02-29T06:12:02,2024-02-29T17:35:06,0.65,"Rain, Partially cloudy",Partly cloudy throughout the day with late afternoon rain.,rain,"47662099999,47670099999,47642043313,47680099999,RJTY,47626099999,47682099999,RJTT",
Tokyo,2024-03-01,60.8,39.0,49.5,60.8,31.3,47.3,38.6,70.2,0.748,100.0,33.33,rain,0.0,0.0,33.3,12.7,332.4,1004.0,69.3,10.7,145.8,12.5,6,10.0,2024-03-01T06:10:44,2024-03-01T17:36:01,0.69,"Rain, Partially cloudy",Partly cloudy throughout the day with rain.,rain,"47662099999,47670099999,47642043313,47680099999,47626099999,47682099999",
Tokyo,2024-03-02,50.3,39.5,43.9,50.3,30.9,39.5,19.7,38.0,0.0,0.0,0.0,,0.0,0.0,31.3,20.6,325.6,1010.3,44.5,14.0,130.3,11.5,4,10.0,2024-03-02T06:09:25,2024-03-02T17:36:56,0.72,Partially cloudy,Partly cloudy throughout the day.,partly-cloudy-day,"47662099999,47671099999,47670099999,47642043313,47680099999,RJTY,47626099999,47682099999,RJTT",
Tokyo,2024-03-03,54.5,34.9,45.4,54.5,29.8,43.5,22.5,40.5,0.0,0.0,0.0,,0.0,0.0,21.7,11.2,254.3,1014.3,7.8,13.9,214.4,18.4,7,10.0,2024-03-03T06:08:05,2024-03-03T17:37:50,0.76,Clear,Clear conditions throughout the day.,clear-day,"47662099999,47670099999,47642043313,47680099999,47626099999,47682099999",
Tokyo,2024-03-04,59.5,38.5,48.9,59.5,36.4,48.3,25.8,42.0,0.0,0.0,0.0,,0.0,0.0,19.0,8.0,338.6,1017.1,6.0,12.8,218.4,18.9,8,10.0,2024-03-04T06:06:45,2024-03-04T17:38:44,0.75,Clear,Clear conditions throughout the day.,clear-day,"47662099999,47670099999,47642043313,47680099999,47626099999,47682099999",
Tokyo,2024-03-05,47.4,37.6,44.0,46.6,31.6,41.9,33.3,68.9,0.434,100.0,33.33,rain,0.0,0.0,18.6,8.2,8.4,1020.2,81.6,9.2,61.8,5.2,3,10.0,2024-03-05T06:05:24,2024-03-05T17:39:38,0.82,"Rain, Partially cloudy",Partly cloudy throughout the day with rain.,rain,"47662099999,47670099999,47642043313,47680099999,47626099999,47682099999",
Tokyo,2024-03-06,49.3,35.7,41.9,46.4,28.9,36.9,37.0,84.0,0.685,100.0,20.83,rain,0.2,0.1,29.1,11.4,340.0,1008.2,93.5,8.9,74.1,6.3,4,10.0,2024-03-06T06:04:03,2024-03-06T17:40:32,0.86,"Rain, Overcast",Cloudy skies throughout the day with rain or snow.,snow,"47662099999,47671099999,47670099999,47642043313,47680099999,47626099999,47682099999",
Tokyo,2024-03-07,50.2,41.1,44.6,50.2,37.8,41.6,29.2,54.7,0.0,0.0,0.0,rain,0.0,0.0,20.1,10.2,51.2,1013.7,84.4,13.2,204.5,17.8,7,10.0,2024-03-07T06:02:41,2024-03-07T17:41:25,0.89,Partially cloudy,Partly cloudy throughout the day.,partly-cloudy-day,"47662099999,47671099999,47670099999,47642043313,47680099999,47626099999,47682099999,RJTT",
Tokyo,2024-03-08,47.9,33.1,40.2,47.0,27.8,37.7,36.6,87.5,0.352,100.0,33.33,"rain,snow",0.9,0.2,21.0,7.9,4.0,1007.7,72.6,8.4,120.4,10.5,6,10.0,2024-03-08T06:01:19,2024-03-08T17:42:18,0.92,"Snow, Rain, Partially cloudy",Partly cloudy throughout the day with a chance of rain or snow throughout the day.,snow,"47662099999,47670099999,47642043313,47680099999,RJTY,47626099999,47682099999,RJTT",
Tokyo,2024-03-09,50.3,36.8,43.1,50.3,33.3,39.6,24.6,55.3,0.0,0.0,0.0,,0.0,0.0,32.4,16.2,325.6,1010.0,17.5,11.7,234.5,20.3,8,10.0,2024-03-09T05:59:56,2024-03-09T17:43:11,0.96,Clear,Clear conditions throughout the day.,clear-day,"47662099999,47670099999,47642043313,47680099999,47626099999,47682099999",
Tokyo,2024-03-10,54.5,34.0,43.9,54.5,31.1,41.4,20.2,39.7,0.0,0.0,0.0,,0.0,0.0,24.6,10.2,322.3,1022.6,7.9,14.6,231.7,20.0,8,10.0,2024-03-10T05:58:33,2024-03-10T17:44:03,0.0,Clear,Clear conditions throughout the day.,clear-day,"47662099999,47670099999,47642043313,47680099999,47626099999,47682099999",
Tokyo,2024-03-11,55.4,36.2,46.4,55.4,32.0,44.9,27.9,48.9,0.0,0.0,0.0,,0.0,0.0,19.0,9.1,190.4,1024.5,22.1,13.8,233.5,20.2,8,10.0,2024-03-11T05:57:10,2024-03-11T17:44:55,0.03,Partially cloudy,Partly cloudy throughout the day.,partly-cloudy-day,"47662099999,47671099999,47670099999,47642043313,47680099999,47626099999,47682099999",
Tokyo,2024-03-12,49.2,43.5,46.2,48.3,37.0,43.7,39.4,78.7,1.436,100.0,33.33,rain,0.0,0.0,36.9,15.1,331.0,1008.4,88.2,8.7,48.5,4.2,2,10.0,2024-03-12T05:55:46,2024-03-12T17:45:47,0.06,"Rain, Partially cloudy",Partly cloudy throughout the day with rain.,rain,"47662099999,47670099999,47642043313,47680099999,47626099999,47682099999",
Tokyo,2024-03-13,55.7,44.3,49.4,55.7,40.9,47.0,29.3,46.6,0.001,100.0,4.17,rain,0.0,0.0,36.7,21.1,318.8,1008.2,26.3,13.4,239.5,20.7,8,10.0,2024-03-13T05:54:21,2024-03-13T17:46:39,0.09,"Rain, Partially cloudy",Partly cloudy throughout the day with early morning rain.,rain,"47662099999,47671099999,47670099999,47642043313,47680099999,RJTY,47626099999,47682099999,RJTT",
Tokyo,2024-03-14,57.8,37.7,48.9,57.8,37.7,48.4,31.1,50.9,0.0,0.0,0.0,,0.0,0.0,21.3,11.4,150.8,1016.8,8.7,13.9,231.4,19.9,8,10.0,2024-03-14T05:52:57,2024-03-14T17:47:30,0.13,Clear,Clear conditions throughout the day.,clear-day,"47662099999,47670099999,47642043313,47680099999,47626099999,47682099999",
Tokyo,2024-03-15,62.2,43.8,53.1,62.2,41.1,52.5,34.4,49.9,0.0,0.0,0.0,,0.0,0.0,24.2,12.7,201.7,1016.9,0.0,12.1,248.5,21.4,8,10.0,2024-03-15T05:51:32,2024-03-15T17:48:22,0.16,Clear,Clear conditions throughout the day.,clear-day,"47662099999,47671099999,47670099999,47642043313,47680099999,47626099999,47682099999,RJTT",
Tokyo,2024-03-16,69.9,51.5,58.5,69.9,51.5,58.5,35.6,45.1,0.0,0.0,0.0,,0.0,0.0,19.0,13.8,158.0,1017.9,2.5,10.5,245.5,21.3,9,10.0,2024-03-16T05:50:07,2024-03-16T17:49:13,0.19,Clear,Clear conditions throughout the day.,clear-day,"47662099999,47670099999,47642043313,47680099999,47626099999,47682099999",
Tokyo,2024-03-17,70.3,50.3,60.6,70.3,50.3,60.6,45.1,58.0,0.0,0.0,0.0,rain,0.0,0.0,34.7,18.2,214.3,1009.3,29.7,11.3,220.7,19.0,8,10.0,2024-03-17T05:48:42,2024-03-17T17:50:04,0.25,Partially cloudy,Partly cloudy throughout the day.,partly-cloudy-day,"47662099999,47670099999,47642043313,47680099999,47626099999,47682099999",
Tokyo,2024-03-18,58.3,41.7,50.0,58.3,36.6,46.9,19.1,30.2,0.0,0.0,0.0,,0.0,0.0,43.4,22.0,324.3,1009.7,12.2,12.6,208.9,18.2,8,10.0,2024-03-18T05:47:16,2024-03-18T17:50:55,0.26,Clear,Clear conditions throughout the day.,clear-day,"47662099999,47670099999,47642043313,47680099999,47626099999,47682099999",
Tokyo,2024-03-19,53.0,39.9,46.8,53.0,34.6,43.2,22.8,40.1,0.0,0.0,0.0,,0.0,0.0,22.1,14.8,256.2,1015.8,33.6,13.6,204.8,17.8,7,10.0,2024-03-19T05:45:50,2024-03-19T17:51:45,0.29,Partially cloudy,Partly cloudy throughout the day.,partly-cloudy-day,"47662099999,47670099999,47642043313,47680099999,47626099999,47682099999",
Tokyo,2024-03-20,59.4,41.2,48.1,59.4,34.7,45.1,32.0,54.1,0.039,100.0,4.17,rain,0.0,0.0,49.4,23.8,308.4,1000.3,29.3,12.5,214.3,18.6,8,10.0,2024-03-20T05:44:25,2024-03-20T17:52:36,0.33,"Rain, Partially cloudy",Becoming cloudy in the afternoon with late afternoon rain.,rain,"47662099999,47671099999,47670099999,47642043313,47680099999,47626099999,47682099999,RJTT",
Tokyo,2024-03-21,51.1,38.6,43.9,51.1,29.1,38.2,16.3,33.5,0.0,0.0,0.0,,0.0,0.0,36.9,20.7,310.9,1009.6,6.4,14.4,246.1,21.3,8,10.0,2024-03-21T05:42:59,2024-03-21T17:53:26,0.36,Clear,Clear conditions throughout the day.,clear-day,"47662099999,47671099999,47670099999,47642043313,47680099999,47626099999,47682099999",
Tokyo,2024-03-22,55.6,35.4,44.8,55.6,31.2,42.0,17.2,34.3,0.0,0.0,0.0,,0.0,0.0,27.7,13.7,321.3,1019.3,2.0,14.5,263.2,22.8,8,10.0,2024-03-22T05:41:33,2024-03-22T17:54:16,0.39,Clear,Clear conditions throughout the day.,clear-day,"47662099999,47670099999,47642043313,47680099999,47626099999,47682099999",
Tokyo,2024-03-23,47.0,37.8,42.4,45.5,34.2,40.3,29.6,61.7,0.02,100.0,4.17,rain,0.0,0.0,25.3,6.9,345.0,1019.4,39.7,11.5,99.6,8.6,5,10.0,2024-03-23T05:40:07,2024-03-23T17:55:06,0.43,"Rain, Partially cloudy",Partly cloudy throughout the day with afternoon rain.,rain,"47662099999,47671099999,47670099999,47642043313,47680099999,47626099999,47682099999",
Tokyo,2024-03-24,59.0,39.9,49.9,59.0,38.5,49.7,44.4,82.3,0.041,100.0,4.17,rain,0.0,0.0,13.2,9.0,130.7,1020.1,58.9,7.5,122.1,10.6,5,10.0,2024-03-24T05:38:41,2024-03-24T17:55:56,0.46,"Rain, Partially cloudy",Partly cloudy throughout the day with late afternoon rain.,rain,"47662099999,47670099999,47642043313,47680099999,47626099999,47682099999",
Tokyo,2024-03-25,53.9,51.5,52.4,53.9,51.5,52.4,51.9,98.1,0.349,100.0,12.5,rain,0.0,0.0,10.1,6.9,329.3,1016.0,99.4,4.6,21.1,1.7,1,10.0,2024-03-25T05:37:15,2024-03-25T17:56:46,0.5,"Rain, Overcast",Cloudy skies throughout the day with a chance of rain throughout the day.,rain,"47662099999,47670099999,47642043313,47680099999,47626099999,47682099999",
Tokyo,2024-03-26,53.0,43.1,49.5,53.0,36.8,47.2,47.5,93.0,1.351,100.0,54.17,rain,0.0,0.0,36.9,24.1,343.7,1009.2,98.3,5.3,24.3,2.2,1,10.0,2024-03-26T05:35:49,2024-03-26T17:57:36,0.53,"Rain, Overcast",Cloudy skies throughout the day with rain.,rain,"47662099999,47670099999,47641099999,47642043313,47680099999,RJTY,47626099999,47682099999,RJTT,47674099999",
Tokyo,2024-03-27,60.2,45.4,51.9,60.2,37.5,49.7,34.0,52.6,0.001,100.0,4.17,rain,0.0,0.0,27.7,24.8,346.0,1019.4,21.5,11.2,260.7,22.4,9,10.0,2024-03-27T05:34:23,2024-03-27T17:58:26,0.56,"Rain, Partially cloudy",Partly cloudy throughout the day with early morning rain.,rain,"47727099999,47670099999,47642043313,47680099999,RJTI,47679043319,47662099999,47671099999,47643099999,RJTY,47626099999,47682099999,RJTT",
Tokyo,2024-03-28,55.9,46.1,51.9,55.9,43.4,50.9,39.9,64.0,0.079,100.0,16.67,rain,0.0,0.0,23.7,19.5,97.1,1023.3,77.5,7.0,98.7,8.3,4,10.0,2024-03-28T05:32:57,2024-03-28T17:59:15,0.6,"Rain, Partially cloudy",Partly cloudy throughout the day with late afternoon rain.,rain,"47662099999,47670099999,47642043313,47680099999,RJTY,RJTI,47626099999,47682099999,RJTT",
Tokyo,2024-03-29,68.2,54.4,61.1,68.2,54.4,61.1,56.1,84.2,0.675,100.0,58.33,rain,0.0,0.0,47.4,30.9,180.2,1006.7,66.3,5.5,98.0,8.5,5,10.0,2024-03-29T05:31:32,2024-03-29T18:00:05,0.63,"Rain, Partially cloudy",Partly cloudy throughout the day with a chance of rain throughout the day.,rain,"RJTY,RJTI,RJTT",
Tokyo,2024-03-30,71.0,54.4,63.2,71.0,54.4,63.2,49.8,64.9,0.0,0.0,0.0,,0.0,0.0,18.3,22.2,195.4,1007.8,15.9,6.4,263.9,22.9,9,10.0,2024-03-30T05:30:06,2024-03-30T18:00:55,0.67,Clear,Clear conditions throughout the day.,clear-day,"RJTY,RJTI,RJTT",
Tokyo,2024-03-31,79.0,60.7,67.8,79.0,60.7,67.8,49.4,53.7,0.0,0.0,0.0,,0.0,0.0,32.2,19.1,208.2,1006.0,27.7,6.6,266.4,23.0,9,10.0,2024-03-31T05:28:41,2024-03-31T18:01:44,0.7,Partially cloudy,Becoming cloudy in the afternoon.,partly-cloudy-day,"RJTY,RJTI,RJTT",
Lagos,2023-10-01,87.8,77.0,81.5,101.8,77.0,87.3,76.4,84.8,0.0,0.0,0.0,rain,0.0,0.0,22.1,15.0,217.4,1012.3,56.9,6.0,242.1,20.7,8,10.0,2023-10-01T06:34:18,2023-10-01T18:38:07,0.57,Partially cloudy,Partly cloudy throughout the day.,partly-cloudy-day,"VRJU8,DNMM,65201099999",
Lagos,2023-10-02,87.8,76.7,81.5,102.4,76.7,87.3,76.5,85.3,0.433,100.0,8.33,rain,0.0,0.0,16.8,16.1,222.7,1012.1,59.0,5.7,210.7,18.3,8,30.0,2023-10-02T06:34:09,2023-10-02T18:37:38,0.6,"Rain, Partially cloudy",Partly cloudy throughout the day with rain in the morning and afternoon.,rain,"VRJU8,DNMM,65201099999",
Lagos,2023-10-03,87.8,77.0,81.5,97.8,77.0,87.2,76.1,84.0,0.016,100.0,12.5,rain,0.0,0.0,17.2,15.0,218.5,1011.8,55.5,7.2,212.9,18.4,8,30.0,2023-10-03T06:34:00,2023-10-03T18:37:08,0.63,"Rain, Partially cloudy",Partly cloudy throughout the day with rain in the morning and afternoon.,rain,"VRJU8,DNMM,remote,65201099999",
Lagos,2023-10-04,87.6,77.0,81.6,101.8,77.0,87.6,77.0,86.3,0.008,100.0,8.33,rain,0.0,0.0,16.1,13.9,244.6,1012.0,50.0,6.5,151.1,13.1,6,30.0,2023-10-04T06:33:52,2023-10-04T18:36:39,0.66,"Rain, Partially cloudy",Partly cloudy throughout the day with afternoon rain.,rain,"VRJU8,DNMM,remote,65201099999",
Lagos,2023-10-05,91.4,75.5,81.2,102.7,75.5,86.7,76.0,84.7,0.064,100.0,29.17,rain,0.0,0.0,20.1,19.3,239.6,1012.0,67.3,9.0,122.1,10.5,5,30.0,2023-10-05T06:33:44,2023-10-05T18:36:10,0.7,"Rain, Partially cloudy",Partly cloudy throughout the day with a chance of rain throughout the day.,rain,"VRJU8,DNMM,remote,65201099999",
Lagos,2023-10-06,84.1,60.7,79.3,94.1,60.7,83.7,75.0,87.1,0.076,100.0,45.83,rain,0.0,0.0,14.1,16.1,203.1,1012.3,68.5,11.2,147.1,12.5,5,30.0,2023-10-06T06:33:36,2023-10-06T18:35:42,0.75,"Rain, Partially cloudy",Partly cloudy throughout the day with a chance of rain throughout the day.,rain,"VRJU8,DNMM,remote,65201099999",
Lagos,2023-10-07,83.2,77.0,79.8,91.5,77.0,83.5,76.0,88.1,0.119,100.0,50.0,rain,0.0,0.0,13.6,7.6,219.6,1011.7,84.3,11.1,158.3,13.6,8,10.0,2023-10-07T06:33:29,2023-10-07T18:35:14,0.76,"Rain, Partially cloudy",Partly cloudy throughout the day with a chance of rain throughout the day.,rain,"VRJU8,DNMM,remote,65201099999",
Lagos,2023-10-08,87.8,77.0,80.5,102.4,77.0,84.9,76.6,88.1,0.296,100.0,37.5,rain,0.0,0.0,16.6,8.1,237.8,1012.6,62.4,9.7,207.5,17.9,8,30.0,2023-10-08T06:33:22,2023-10-08T18:34:46,0.79,"Rain, Partially cloudy",Partly cloudy throughout the day with a chance of rain throughout the day.,rain,"DNMM,remote,65201099999",
Lagos,2023-10-09,87.8,57.1,80.1,99.9,57.1,84.3,75.1,85.1,0.158,100.0,29.17,rain,0.0,0.0,18.3,21.9,255.0,1013.8,69.5,9.1,186.6,15.9,7,30.0,2023-10-09T06:33:15,2023-10-09T18:34:19,0.83,"Rain, Partially cloudy",Partly cloudy throughout the day with rain clearing later.,rain,"VRJU8,DNMM,remote,65201099999",
Lagos,2023-10-10,91.4,75.3,82.0,107.8,75.3,88.4,76.4,83.8,0.0,0.0,0.0,,0.0,0.0,14.8,11.4,217.4,1013.5,58.7,5.5,209.0,17.9,8,30.0,2023-10-10T06:33:09,2023-10-10T18:33:52,0.86,Partially cloudy,Partly cloudy throughout the day.,partly-cloudy-day,"VRJU8,DNMM,65201099999",
Lagos,2023-10-11,86.3,73.4,81.0,99.4,73.4,86.7,75.5,83.8,0.591,100.0,4.17,rain,0.0,0.0,40.3,56.9,181.0,1013.0,57.0,5.5,192.1,16.6,8,30.0,2023-10-11T06:33:04,2023-10-11T18:33:26,0.89,"Rain, Partially cloudy",Partly cloudy throughout the day with morning rain.,rain,"VRJU8,DNMM,65201099999",
Lagos,2023-10-12,87.8,73.4,81.9,104.0,73.4,88.6,76.6,84.8,0.0,0.0,0.0,rain,0.0,0.0,15.7,34.4,209.7,1012.9,52.9,5.8,175.2,14.9,7,30.0,2023-10-12T06:32:58,2023-10-12T18:33:00,0.93,Partially cloudy,Partly cloudy throughout the day.,wind,"DNMM,65201099999",
Lagos,2023-10-13,91.4,73.4,81.2,107.1,73.4,88.2,76.1,85.9,0.59,100.0,8.33,rain,0.0,0.0,14.8,9.2,81.2,1012.9,52.6,5.9,153.4,13.2,6,30.0,2023-10-13T06:32:54,2023-10-13T18:32:35,0.96,"Rain, Partially cloudy",Partly cloudy throughout the day with rain clearing later.,rain,"DNMM,remote,65201099999",
Lagos,2023-10-14,86.0,77.3,81.2,95.2,77.3,87.1,76.6,86.3,0.048,100.0,8.33,rain,0.0,0.0,18.3,16.1,172.5,1013.1,60.2,5.4,179.7,15.5,7,30.0,2023-10-14T06:32:49,2023-10-14T18:32:11,0.0,"Rain, Partially cloudy",Partly cloudy throughout the day with rain in the morning and afternoon.,rain,"DNMM,remote,65201099999",
Lagos,2023-10-15,87.9,76.2,81.4,100.9,76.2,87.3,76.4,85.1,0.225,100.0,25.0,rain,0.0,0.0,17.2,11.4,206.8,1011.9,70.2,9.5,166.7,14.2,6,30.0,2023-10-15T06:32:45,2023-10-15T18:31:47,0.03,"Rain, Partially cloudy",Partly cloudy throughout the day with a chance of rain throughout the day.,rain,"DNMM,remote,65201099999",
Lagos,2023-10-16,89.6,77.0,81.3,102.6,77.0,86.8,76.2,84.8,0.319,100.0,45.83,rain,0.0,0.0,17.2,15.0,226.9,1012.0,66.5,11.9,181.6,15.4,6,30.0,2023-10-16T06:32:42,2023-10-16T18:31:23,0.06,"Rain, Partially cloudy",Partly cloudy throughout the day with a chance of rain throughout the day.,rain,"VRJU8,DNMM,remote,65201099999",
Lagos,2023-10-17,81.2,66.1,76.7,88.0,66.1,77.7,74.2,92.3,0.394,100.0,4.17,rain,0.0,0.0,13.4,34.4,36.8,1013.4,73.3,9.0,111.7,9.7,4,30.0,2023-10-17T06:32:39,2023-10-17T18:31:00,0.1,"Rain, Partially cloudy",Partly cloudy throughout the day with morning rain.,rain,"VRJU8,DNMM,remote,65201099999",
Lagos,2023-10-18,91.4,66.1,80.9,107.8,66.1,86.5,75.3,83.8,0.0,0.0,0.0,rain,0.0,0.0,17.7,36.9,235.9,1013.5,58.7,8.7,240.9,20.8,9,30.0,2023-10-18T06:32:37,2023-10-18T18:30:38,0.13,Partially cloudy,Partly cloudy throughout the day.,wind,"VRJU8,DNMM,remote,65201099999",
Lagos,2023-10-19,86.3,73.3,81.8,98.4,73.3,88.1,76.4,84.0,0.02,100.0,20.83,rain,0.0,0.0,16.6,8.1,211.7,1013.3,57.6,13.7,218.3,18.9,8,60.0,2023-10-19T06:32:36,2023-10-19T18:30:17,0.17,"Rain, Partially cloudy",Clearing in the afternoon with rain in the morning and afternoon.,rain,"VRJU8,DNMM,remote,65201099999",
Lagos,2023-10-20,87.8,77.0,81.8,102.4,77.0,89.1,77.4,86.8,0.012,100.0,8.33,rain,0.0,0.0,17.0,8.7,212.6,1012.7,58.1,8.7,245.8,21.2,8,30.0,2023-10-20T06:32:35,2023-10-20T18:29:56,0.2,"Rain, Partially cloudy",Partly cloudy throughout the day with rain in the morning and afternoon.,rain,"VRJU8,DNMM,remote,65201099999",
Lagos,2023-10-21,86.0,76.9,81.0,99.4,76.9,86.3,76.6,86.8,0.154,100.0,29.17,rain,0.0,0.0,15.2,11.4,235.0,1012.4,68.4,10.9,224.2,19.2,8,30.0,2023-10-21T06:32:34,2023-10-21T18:29:36,0.24,"Rain, Partially cloudy",Partly cloudy throughout the day with rain in the morning and afternoon.,rain,"VRJU8,DNMM,remote,65201099999",
Lagos,2023-10-22,88.1,78.2,81.9,102.5,78.2,89.1,77.8,87.9,0.055,100.0,29.17,rain,0.0,0.0,17.0,24.2,188.8,1011.9,53.5,10.5,223.6,19.2,8,30.0,2023-10-22T06:32:34,2023-10-22T18:29:17,0.25,"Rain, Partially cloudy",Partly cloudy throughout the day with rain.,rain,"VRJU8,DNMM,remote,65201099999",
Lagos,2023-10-23,87.8,77.0,82.3,102.4,77.0,88.9,76.4,83.0,0.138,100.0,29.17,rain,0.0,0.0,15.7,16.1,167.3,1011.4,71.2,10.7,197.6,17.0,7,30.0,2023-10-23T06:32:35,2023-10-23T18:28:58,0.31,"Rain, Partially cloudy",Partly cloudy throughout the day with rain.,rain,"VRJU8,DNMM,remote,65201099999",
Lagos,2023-10-24,89.6,79.8,83.4,119.8,79.8,92.8,77.5,82.8,0.154,100.0,29.17,rain,0.0,0.0,15.9,11.4,214.8,1011.3,63.8,10.4,183.5,15.8,7,30.0,2023-10-24T06:32:36,2023-10-24T18:28:40,0.34,"Rain, Partially cloudy",Partly cloudy throughout the day with a chance of rain throughout the day.,rain,"VRJU8,DNMM,remote,65201099999",
Lagos,2023-10-25,89.6,78.6,83.0,108.1,78.6,91.8,77.8,84.7,0.004,100.0,4.17,rain,0.0,0.0,21.0,22.1,240.4,1011.6,58.2,6.2,224.3,19.2,9,60.0,2023-10-25T06:32:38,2023-10-25T18:28:23,0.38,"Rain, Partially cloudy",Partly cloudy throughout the day with afternoon rain.,rain,"VRJU8,DNMM,remote,65201099999",
Lagos,2023-10-26,91.4,75.2,82.4,108.2,75.2,89.6,76.2,82.1,0.079,100.0,4.17,rain,0.0,0.0,16.6,12.8,222.3,1012.1,47.8,5.4,218.6,18.8,8,60.0,2023-10-26T06:32:41,2023-10-26T18:28:07,0.42,"Rain, Partially cloudy",Partly cloudy throughout the day with morning rain.,rain,"DNMM,65201099999",
Lagos,2023-10-27,91.2,77.0,83.3,104.8,77.0,90.1,76.7,81.7,0.0,0.0,0.0,rain,0.0,0.0,16.8,12.8,208.4,1012.4,53.4,5.9,227.3,19.6,8,30.0,2023-10-27T06:32:45,2023-10-27T18:27:52,0.45,Partially cloudy,Partly cloudy throughout the day.,partly-cloudy-day,"VRJU8,DNMM,65201099999",
Lagos,2023-10-28,89.6,77.1,83.3,105.2,77.1,92.0,77.6,83.6,0.0,0.0,0.0,rain,0.0,0.0,14.3,9.2,240.4,1010.9,60.3,5.8,204.0,17.7,8,30.0,2023-10-28T06:32:49,2023-10-28T18:27:37,0.5,Partially cloudy,Partly cloudy throughout the day.,partly-cloudy-day,"DNMM,65201099999",
Lagos,2023-10-29,93.2,73.4,82.1,107.5,73.4,88.6,75.8,82.3,1.024,100.0,4.17,rain,0.0,0.0,13.6,9.2,210.2,1009.4,43.4,5.3,187.2,16.1,6,30.0,2023-10-29T06:32:53,2023-10-29T18:27:23,0.52,"Rain, Partially cloudy",Partly cloudy throughout the day with early morning rain.,rain,"DNMM,65201099999",
Lagos,2023-10-30,91.4,76.3,83.6,108.0,76.3,92.6,77.5,82.5,0.0,0.0,0.0,,0.0,0.0,15.0,17.2,201.4,1008.9,61.8,5.7,203.9,17.5,7,60.0,2023-10-30T06:32:59,2023-10-30T18:27:10,0.55,Partially cloudy,Partly cloudy throughout the day.,partly-cloudy-day,"VRJU8,DNMM,65201099999",
Lagos,2023-10-31,86.0,75.0,79.7,95.2,75.0,84.0,74.9,85.8,1.732,100.0,8.33,rain,0.0,0.0,19.7,17.2,132.7,1010.1,48.2,5.8,111.3,9.6,6,60.0,2023-10-31T06:33:05,2023-10-31T18:26:58,0.58,"Rain, Partially cloudy",Partly cloudy throughout the day with rain clearing later.,rain,"VRJU8,DNMM,65201099999",
Lagos,2023-11-01,87.8,76.6,81.6,103.1,76.6,88.3,77.3,87.3,0.111,100.0,12.5,rain,0.0,0.0,15.2,16.1,43.8,1012.1,60.9,7.8,194.5,16.8,7,60.0,2023-11-01T06:33:12,2023-11-01T18:26:47,0.62,"Rain, Partially cloudy",Partly cloudy throughout the day with afternoon rain.,rain,"VRJU8,DNMM,remote,65201099999",
Lagos,2023-11-02,91.4,78.8,83.8,107.5,78.8,92.9,77.6,82.4,0.008,100.0,8.33,rain,0.0,0.0,19.5,15.0,229.6,1011.7,69.6,8.9,220.8,18.9,8,60.0,2023-11-02T06:33:20,2023-11-02T18:26:37,0.65,"Rain, Partially cloudy",Partly cloudy throughout the day with rain in the morning and afternoon.,rain,"VRJU8,DNMM,remote,65201099999",
Lagos,2023-11-03,89.6,78.6,82.8,102.6,78.6,91.5,78.2,86.5,0.197,100.0,4.17,rain,0.0,0.0,18.8,13.9,228.6,1011.4,59.3,5.6,218.5,18.9,8,60.0,2023-11-03T06:33:28,2023-11-03T18:26:28,0.68,"Rain, Partially cloudy",Partly cloudy throughout the day with late afternoon rain.,rain,"VRJU8,DNMM,65201099999",
Lagos,2023-11-04,89.6,78.8,83.1,102.6,78.8,91.6,77.5,84.0,0.394,100.0,4.17,rain,0.0,0.0,25.3,23.0,225.4,1011.4,58.7,5.8,176.2,15.2,7,60.0,2023-11-04T06:33:37,2023-11-04T18:26:19,0.71,"Rain, Partially cloudy",Partly cloudy throughout the day with late afternoon rain.,rain,"DNMM,65201099999",
Lagos,2023-11-05,89.6,78.6,82.6,105.2,78.6,90.9,77.6,85.0,0.118,100.0,4.17,rain,0.0,0.0,15.7,11.4,222.0,1011.4,52.5,5.3,126.6,11.0,6,60.0,2023-11-05T06:33:47,2023-11-05T18:26:12,0.75,"Rain, Partially cloudy",Partly cloudy throughout the day with morning rain.,rain,"DNMM,65201099999",
Lagos,2023-11-06,93.2,73.3,80.6,113.5,73.3,85.9,76.3,87.6,0.0,0.0,0.0,,0.0,0.0,15.7,11.4,305.3,1012.0,61.7,5.5,98.8,8.5,4,30.0,2023-11-06T06:33:57,2023-11-06T18:26:05,0.78,Partially cloudy,Partly cloudy throughout the day.,partly-cloudy-day,"DNMM,remote,65201099999",
Lagos,2023-11-07,89.6,73.4,80.1,108.1,73.4,86.5,76.1,88.3,2.087,100.0,4.17,rain,0.0,0.0,15.2,8.1,197.9,1011.7,53.0,4.5,159.4,13.8,7,30.0,2023-11-07T06:34:09,2023-11-07T18:26:00,0.81,"Rain, Partially cloudy",Partly cloudy throughout the day with early morning rain.,rain,"DNMM,65201099999",
Lagos,2023-11-08,87.8,76.6,81.8,102.4,76.6,88.7,77.4,86.9,0.0,0.0,0.0,rain,0.0,0.0,15.7,11.6,230.2,1011.3,53.5,5.4,214.0,18.5,8,30.0,2023-11-08T06:34:21,2023-11-08T18:25:55,0.84,Partially cloudy,Partly cloudy throughout the day.,partly-cloudy-day,"VRJU8,DNMM,65201099999",
Lagos,2023-11-09,89.6,78.4,82.7,103.1,78.4,90.9,77.3,84.3,0.028,100.0,20.83,rain,0.0,0.0,16.8,13.9,231.6,1011.2,62.9,9.9,209.4,18.2,8,30.0,2023-11-09T06:34:33,2023-11-09T18:25:51,0.87,"Rain, Partially cloudy",Partly cloudy throughout the day with rain in the morning and afternoon.,rain,"VRJU8,DNMM,remote,65201099999",
Lagos,2023-11-10,89.6,77.0,83.4,106.6,77.0,93.1,78.1,84.7,0.024,100.0,16.67,rain,0.0,0.0,17.4,10.3,231.1,1011.7,63.4,10.8,232.2,20.0,8,60.0,2023-11-10T06:34:47,2023-11-10T18:25:49,0.91,"Rain, Partially cloudy",Partly cloudy throughout the day with rain in the morning and afternoon.,rain,"VRJU8,DNMM,remote,65201099999",
Lagos,2023-11-11,86.6,77.0,82.4,102.4,77.0,91.5,78.3,87.4,0.048,100.0,25.0,rain,0.0,0.0,17.2,15.0,220.3,1012.2,62.6,12.6,210.2,18.2,8,60.0,2023-11-11T06:35:01,2023-11-11T18:25:47,0.94,"Rain, Partially cloudy",Partly cloudy throughout the day with rain.,rain,"VRJU8,DNMM,remote,65201099999",
Lagos,2023-11-12,89.6,80.5,84.1,105.2,86.9,94.7,78.0,82.5,0.099,100.0,29.17,rain,0.0,0.0,15.0,12.8,204.5,1012.1,51.6,12.6,197.9,17.1,8,60.0,2023-11-12T06:35:16,2023-11-12T18:25:46,0.97,"Rain, Partially cloudy",Partly cloudy throughout the day with rain in the morning and afternoon.,rain,"VRJU8,DNMM,remote,65201099999",
Lagos,2023-11-13,91.4,80.0,83.9,107.8,80.0,93.8,77.8,82.5,0.028,100.0,20.83,rain,0.0,0.0,17.2,11.4,202.7,1011.9,48.1,10.8,202.1,17.5,8,60.0,2023-11-13T06:35:32,2023-11-13T18:25:47,0.0,"Rain, Partially cloudy",Partly cloudy throughout the day with rain in the morning and afternoon.,rain,"VRJU8,DNMM,remote,65201099999",
Lagos,2023-11-14,86.4,77.0,81.6,100.0,77.0,88.7,77.2,86.7,0.056,100.0,41.67,rain,0.0,0.0,16.8,6.3,236.6,1010.5,35.0,9.3,213.5,18.4,8,60.0,2023-11-14T06:35:49,2023-11-14T18:25:48,0.04,"Rain, Partially cloudy",Partly cloudy throughout the day with rain.,rain,"DNMM,remote,65201099999",
Lagos,2023-11-15,81.9,75.2,79.0,89.4,75.2,82.3,75.4,89.0,0.118,100.0,4.17,rain,0.0,0.0,19.2,13.9,95.9,1011.0,75.3,9.7,104.8,9.0,3,60.0,2023-11-15T06:36:06,2023-11-15T18:25:50,0.07,"Rain, Partially cloudy",Partly cloudy throughout the day with afternoon rain.,rain,"DNMM,remote,65201099999",
Lagos,2023-11-16,91.7,74.8,81.7,104.0,74.8,87.8,75.7,83.3,0.0,0.0,0.0,,0.0,0.0,13.6,10.3,243.7,1011.2,45.7,4.6,241.1,20.6,9,30.0,2023-11-16T06:36:24,2023-11-16T18:25:53,0.11,Partially cloudy,Partly cloudy throughout the day.,partly-cloudy-day,"DNMM,65201099999",
Lagos,2023-11-17,91.7,77.3,83.7,110.7,77.3,93.0,77.4,82.0,0.0,0.0,0.0,,0.0,0.0,17.2,15.0,226.9,1011.1,52.3,4.1,223.9,19.3,8,60.0,2023-11-17T06:36:42,2023-11-17T18:25:58,0.15,Partially cloudy,Partly cloudy throughout the day.,partly-cloudy-day,"DNMM,65201099999",
Lagos,2023-11-18,91.0,78.8,84.0,107.6,78.8,93.2,77.7,82.1,0.0,0.0,0.0,rain,0.0,0.0,18.3,13.6,237.7,1011.7,57.9,4.7,188.7,16.2,7,60.0,2023-11-18T06:37:02,2023-11-18T18:26:03,0.18,Partially cloudy,Partly cloudy throughout the day.,partly-cloudy-day,"VRJU8,DNMM,65201099999",
Lagos,2023-11-19,93.2,78.8,84.8,107.5,78.8,94.8,77.8,80.4,0.0,0.0,0.0,rain,0.0,0.0,31.3,13.9,235.7,1011.8,51.7,5.2,193.3,16.6,7,75.0,2023-11-19T06:37:22,2023-11-19T18:26:09,0.22,Partially cloudy,Partly cloudy throughout the day.,partly-cloudy-day,"VRJU8,DNMM,remote,65201099999",
Lagos,2023-11-20,91.4,79.4,84.6,105.5,79.4,95.4,78.5,82.6,0.0,0.0,0.0,rain,0.0,0.0,15.9,10.3,245.2,1011.6,50.7,4.6,213.8,18.4,7,60.0,2023-11-20T06:37:42,2023-11-20T18:26:16,0.25,Partially cloudy,Partly cloudy throughout the day.,partly-cloudy-day,"VRJU8,DNMM,65201099999",
Lagos,2023-11-21,93.2,78.8,83.9,107.5,78.8,92.9,77.7,82.4,0.0,0.0,0.0,,0.0,0.0,17.0,10.5,255.8,1010.7,58.7,7.6,222.1,19.3,8,75.0,2023-11-21T06:38:04,2023-11-21T18:26:25,0.29,Partially cloudy,Partly cloudy throughout the day.,partly-cloudy-day,"VRJU8,DNMM,remote,65201099999",
Lagos,2023-11-22,89.6,79.8,84.1,102.6,79.8,94.3,78.1,82.8,0.02,100.0,20.83,rain,0.0,0.0,20.6,38.8,220.6,1010.7,72.2,9.0,216.0,18.7,8,60.0,2023-11-22T06:38:25,2023-11-22T18:26:34,0.32,"Rain, Partially cloudy",Partly cloudy throughout the day with a chance of rain throughout the day.,rain,"VRJU8,DNMM,remote,65201099999",
Lagos,2023-11-23,86.0,77.0,81.8,99.2,77.0,89.1,77.6,87.4,0.315,100.0,4.17,rain,0.0,0.0,23.0,21.9,192.9,1011.8,59.3,7.4,210.0,18.0,8,60.0,2023-11-23T06:38:48,2023-11-23T18:26:44,0.36,"Rain, Partially cloudy",Partly cloudy throughout the day with late afternoon rain.,rain,"VRJU8,DNMM,remote,65201099999",
Lagos,2023-11-24,86.0,78.8,81.7,99.4,78.8,88.5,77.7,88.0,0.039,100.0,4.17,rain,0.0,0.0,13.6,19.7,197.0,1011.1,61.2,8.6,161.2,13.8,6,60.0,2023-11-24T06:39:11,2023-11-24T18:26:55,0.4,"Rain, Partially cloudy",Partly cloudy throughout the day with afternoon rain.,rain,"VRJU8,DNMM,remote,65201099999",
Lagos,2023-11-25,87.8,76.9,81.0,99.9,76.9,85.8,76.3,86.2,0.252,100.0,33.33,rain,0.0,0.0,15.2,11.0,217.9,1010.3,63.8,10.2,142.9,12.2,5,60.0,2023-11-25T06:39:35,2023-11-25T18:27:07,0.43,"Rain, Partially cloudy",Partly cloudy throughout the day with rain in the morning and afternoon.,rain,"DNMM,remote,65201099999",
Lagos,2023-11-26,80.7,77.0,78.4,87.2,77.0,79.2,76.0,92.6,1.889,100.0,12.5,rain,0.0,0.0,14.3,10.3,34.6,1012.9,58.8,5.5,92.1,7.9,4,60.0,2023-11-26T06:39:59,2023-11-26T18:27:20,0.47,"Rain, Partially cloudy",Partly cloudy throughout the day with rain.,rain,"VRJU8,DNMM,remote,65201099999",
Lagos,2023-11-27,91.4,75.2,81.8,104.2,75.2,87.3,75.6,82.5,0.0,0.0,0.0,,0.0,0.0,13.4,10.0,241.3,1012.5,37.4,6.0,252.8,22.0,9,30.0,2023-11-27T06:40:24,2023-11-27T18:27:34,0.5,Partially cloudy,Partly cloudy throughout the day.,partly-cloudy-day,"VRJU8,DNMM,remote,65201099999",
Lagos,2023-11-28,89.9,77.0,83.2,103.1,77.0,90.8,76.7,81.3,0.0,0.0,0.0,rain,0.0,0.0,15.4,12.8,227.5,1011.6,54.9,5.4,197.2,17.0,7,60.0,2023-11-28T06:40:50,2023-11-28T18:27:49,0.53,Partially cloudy,Partly cloudy throughout the day.,partly-cloudy-day,"DNMM,65201099999",
Lagos,2023-11-29,91.4,77.0,83.3,107.8,77.0,92.0,77.8,84.1,0.004,100.0,4.17,rain,0.0,0.0,15.7,12.8,236.5,1011.2,52.8,6.6,149.9,12.8,6,60.0,2023-11-29T06:41:16,2023-11-29T18:28:04,0.57,"Rain, Partially cloudy",Partly cloudy throughout the day with afternoon rain.,rain,"DNMM,remote,65201099999",
Lagos,2023-11-30,89.6,77.0,81.9,105.2,77.0,88.6,77.0,85.5,0.079,100.0,4.17,rain,0.0,0.0,15.4,11.4,229.5,1011.9,47.3,5.4,205.3,17.6,8,75.0,2023-11-30T06:41:42,2023-11-30T18:28:21,0.6,"Rain, Partially cloudy",Partly cloudy throughout the day with late afternoon rain.,rain,"VRJU8,DNMM,65201099999",
Lagos,2023-12-01,91.4,75.2,82.5,108.0,75.2,89.7,77.6,86.3,0.0,0.0,0.0,rain,0.0,0.0,17.0,12.8,242.7,1012.3,52.9,5.6,215.2,18.5,8,60.0,2023-12-01T06:42:09,2023-12-01T18:28:38,0.63,Partially cloudy,Partly cloudy throughout the day.,partly-cloudy-day,"VRJU8,DNMM,65201099999",
Lagos,2023-12-02,91.7,73.4,81.9,105.8,73.4,88.5,75.7,82.8,0.197,100.0,4.17,rain,0.0,0.0,16.6,9.2,214.6,1012.2,50.3,6.0,190.7,16.6,7,75.0,2023-12-02T06:42:37,2023-12-02T18:28:56,0.66,"Rain, Partially cloudy",Partly cloudy throughout the day with early morning rain.,rain,"VRJU8,DNMM,remote,65201099999",
Lagos,2023-12-03,93.2,77.0,84.2,110.4,77.0,93.3,77.3,80.7,0.0,0.0,0.0,,0.0,0.0,16.3,16.1,217.3,1011.7,47.9,5.2,225.5,19.5,8,60.0,2023-12-03T06:43:04,2023-12-03T18:29:15,0.69,Partially cloudy,Partly cloudy throughout the day.,partly-cloudy-day,"VRJU8,DNMM,65201099999",
Lagos,2023-12-04,93.2,77.6,84.4,107.5,77.6,93.4,77.5,80.7,0.0,0.0,0.0,,0.0,0.0,15.0,12.8,220.3,1012.1,57.5,5.7,209.5,18.1,8,60.0,2023-12-04T06:43:32,2023-12-04T18:29:35,0.73,Partially cloudy,Partly cloudy throughout the day.,partly-cloudy-day,"VRJU8,DNMM,65201099999",
Lagos,2023-12-05,91.4,77.0,83.9,108.0,77.0,92.5,77.1,80.8,0.197,100.0,4.17,rain,0.0,0.0,14.1,10.3,233.8,1011.9,49.8,5.4,211.7,18.1,8,60.0,2023-12-05T06:44:01,2023-12-05T18:29:56,0.75,"Rain, Partially cloudy",Partly cloudy throughout the day with morning rain.,rain,"DNMM,65201099999",
Lagos,2023-12-06,89.6,76.8,81.9,105.2,76.8,88.0,75.7,81.8,0.118,100.0,4.17,rain,0.0,0.0,15.0,15.7,224.1,1012.2,53.2,6.1,165.7,14.4,6,60.0,2023-12-06T06:44:30,2023-12-06T18:30:17,0.79,"Rain, Partially cloudy",Partly cloudy throughout the day with late afternoon rain.,rain,"VRJU8,DNMM,remote,65201099999",
Lagos,2023-12-07,91.4,75.2,82.8,107.8,75.2,90.9,76.7,82.7,0.0,0.0,0.0,rain,0.0,0.0,16.3,10.3,240.9,1012.8,49.2,5.2,188.5,16.3,7,60.0,2023-12-07T06:44:59,2023-12-07T18:30:39,0.82,Partially cloudy,Partly cloudy throughout the day.,partly-cloudy-day,"VRJU8,DNMM,65201099999",
Lagos,2023-12-08,92.8,78.8,84.2,109.9,78.8,93.9,78.2,83.0,0.0,0.0,0.0,,0.0,0.0,14.1,9.8,243.3,1012.7,44.3,5.0,198.3,16.9,7,60.0,2023-12-08T06:45:28,2023-12-08T18:31:02,0.85,Partially cloudy,Partly cloudy throughout the day.,partly-cloudy-day,"VRJU8,DNMM,65201099999",
Lagos,2023-12-09,91.4,78.4,84.0,107.8,78.4,93.6,77.8,82.1,0.0,0.0,0.0,rain,0.0,0.0,16.1,13.1,222.1,1010.6,53.7,5.8,213.0,18.4,8,60.0,2023-12-09T06:45:58,2023-12-09T18:31:26,0.89,Partially cloudy,Partly cloudy throughout the day.,partly-cloudy-day,"VRJU8,DNMM,remote,65201099999",
Lagos,2023-12-10,93.2,77.0,84.0,110.4,77.0,92.8,77.6,82.2,0.0,0.0,0.0,,0.0,0.0,13.9,11.6,226.7,1011.3,45.9,5.6,210.8,18.3,8,60.0,2023-12-10T06:46:28,2023-12-10T18:31:50,0.92,Partially cloudy,Partly cloudy throughout the day.,partly-cloudy-day,"VRJU8,DNMM,65201099999",
Lagos,2023-12-11,93.2,78.4,84.3,105.8,78.4,93.7,77.8,82.0,0.0,0.0,0.0,,0.0,0.0,15.9,9.2,262.4,1011.4,51.4,5.0,224.7,19.3,8,60.0,2023-12-11T06:46:58,2023-12-11T18:32:15,0.95,Partially cloudy,Partly cloudy throughout the day.,partly-cloudy-day,"VRJU8,DNMM,65201099999",
Lagos,2023-12-12,89.6,76.9,80.9,92.7,76.9,83.3,72.9,78.7,0.008,100.0,8.33,rain,0.0,0.0,34.4,13.9,7.2,1012.1,43.0,3.7,227.9,19.6,8,30.0,2023-12-12T06:47:28,2023-12-12T18:32:40,0.98,"Rain, Partially cloudy",Partly cloudy throughout the day with morning rain.,rain,"DNMM,remote,65201099999",
Lagos,2023-12-13,93.2,73.0,81.5,94.2,73.0,82.4,66.1,62.3,0.0,0.0,0.0,,0.0,0.0,15.0,10.3,66.0,1011.4,32.6,3.2,254.4,22.0,9,10.0,2023-12-13T06:47:58,2023-12-13T18:33:06,0.0,Partially cloudy,Partly cloudy throughout the day.,partly-cloudy-day,"DNMM,remote,65201099999",
Lagos,2023-12-14,93.2,71.6,81.6,105.5,71.6,84.8,69.7,69.4,0.0,0.0,0.0,,0.0,0.0,12.3,9.2,75.0,1010.9,30.0,2.7,252.6,21.9,9,10.0,2023-12-14T06:48:29,2023-12-14T18:33:33,0.05,Partially cloudy,Partly cloudy throughout the day.,partly-cloudy-day,"DNMM,remote,65201099999",
Lagos,2023-12-15,95.0,73.0,82.5,96.7,73.0,84.1,67.6,63.7,0.0,0.0,0.0,,0.0,0.0,12.8,10.3,20.6,1010.6,29.2,1.5,251.5,21.8,9,10.0,2023-12-15T06:48:59,2023-12-15T18:34:00,0.09,Partially cloudy,Partly cloudy throughout the day.,partly-cloudy-day,"DNMM,65201099999",
Lagos,2023-12-16,95.0,75.0,82.9,101.4,75.0,86.5,72.1,72.1,0.0,0.0,0.0,,0.0,0.0,13.4,9.2,222.4,1009.5,40.5,2.8,250.5,21.7,9,10.0,2023-12-16T06:49:30,2023-12-16T18:34:27,0.12,Partially cloudy,Partly cloudy throughout the day.,partly-cloudy-day,"VRJU8,DNMM,remote,65201099999",
Lagos,2023-12-17,93.2,76.6,83.0,102.8,76.6,87.0,72.1,70.8,0.0,0.0,0.0,,0.0,0.0,15.7,10.3,294.0,1009.8,45.6,1.7,248.0,21.4,9,10.0,2023-12-17T06:50:00,2023-12-17T18:34:55,0.16,Partially cloudy,Partly cloudy throughout the day.,partly-cloudy-day,"VRJU8,DNMM,65201099999",
Lagos,2023-12-18,96.8,77.0,84.5,103.6,77.0,88.2,71.3,68.3,0.0,0.0,0.0,,0.0,0.0,17.0,10.3,261.6,1009.9,25.9,2.4,251.9,21.8,9,30.0,2023-12-18T06:50:31,2023-12-18T18:35:23,0.2,Partially cloudy,Partly cloudy throughout the day.,partly-cloudy-day,"DNMM,65201099999",
Lagos,2023-12-19,91.4,76.7,83.4,105.2,76.7,90.0,76.1,79.9,0.0,0.0,0.0,,0.0,0.0,16.3,8.1,236.6,1010.8,42.1,3.0,220.5,19.2,8,30.0,2023-12-19T06:51:01,2023-12-19T18:35:52,0.25,Partially cloudy,Partly cloudy throughout the day.,partly-cloudy-day,"VRJU8,DNMM,remote,65201099999",
Lagos,2023-12-20,95.3,77.0,84.4,102.7,77.0,89.6,73.9,74.5,0.0,0.0,0.0,,0.0,0.0,19.5,11.4,314.6,1012.2,33.1,3.0,241.1,21.0,9,60.0,2023-12-20T06:51:31,2023-12-20T18:36:21,0.27,Partially cloudy,Partly cloudy throughout the day.,partly-cloudy-day,"DNMM,65201099999",
Lagos,2023-12-21,95.0,71.6,82.6,93.8,71.6,84.1,67.2,64.8,0.0,0.0,0.0,,0.0,0.0,17.9,13.9,296.7,1011.0,34.7,6.8,253.4,21.9,9,30.0,2023-12-21T06:52:01,2023-12-21T18:36:51,0.3,Partially cloudy,Partly cloudy throughout the day.,partly-cloudy-day,"DNMM,remote,65201099999",
Lagos,2023-12-22,98.6,69.8,84.8,101.6,69.8,87.3,69.4,63.5,0.0,0.0,0.0,,0.0,0.0,17.0,23.0,274.1,1011.7,43.0,6.1,246.7,21.4,9,10.0,2023-12-22T06:52:31,2023-12-22T18:37:21,0.34,Partially cloudy,Partly cloudy throughout the day.,partly-cloudy-day,"VRJU8,DNMM,remote,65201099999",
Lagos,2023-12-23,95.1,76.8,84.4,101.6,76.8,89.3,73.6,72.4,0.0,0.0,0.0,,0.0,0.0,17.0,10.3,63.9,1011.9,28.1,3.4,239.6,20.8,8,30.0,2023-12-23T06:53:01,2023-12-23T18:37:51,0.37,Partially cloudy,Partly cloudy throughout the day.,partly-cloudy-day,"VRJU8,DNMM,remote,65201099999",
Lagos,2023-12-24,96.8,77.0,84.9,103.6,77.0,89.7,72.4,68.1,0.0,0.0,0.0,,0.0,0.0,18.8,9.2,122.7,1012.4,28.7,3.1,247.5,21.4,9,10.0,2023-12-24T06:53:30,2023-12-24T18:38:21,0.41,Partially cloudy,Partly cloudy throughout the day.,partly-cloudy-day,"DNMM,remote,65201099999",
Lagos,2023-12-25,96.9,73.5,83.9,100.4,73.5,87.7,71.6,69.3,0.0,0.0,0.0,,0.0,0.0,18.8,9.2,277.4,1011.7,31.7,2.6,231.4,20.2,9,10.0,2023-12-25T06:53:59,2023-12-25T18:38:51,0.44,Partially cloudy,Partly cloudy throughout the day.,partly-cloudy-day,"VRJU8,DNMM,65201099999",
Lagos,2023-12-26,95.0,75.2,82.9,105.5,75.2,89.5,75.9,81.1,0.0,0.0,0.0,,0.0,0.0,15.7,10.3,257.8,1011.8,41.6,3.0,230.9,19.8,8,30.0,2023-12-26T06:54:28,2023-12-26T18:39:22,0.48,Partially cloudy,Partly cloudy throughout the day.,partly-cloudy-day,"VRJU8,DNMM,65201099999",
Lagos,2023-12-27,95.0,76.8,83.8,108.3,76.8,91.1,76.4,79.8,0.0,0.0,0.0,,0.0,0.0,17.0,8.1,167.5,1012.1,57.5,3.0,238.4,20.6,9,30.0,2023-12-27T06:54:56,2023-12-27T18:39:53,0.5,Partially cloudy,Partly cloudy throughout the day.,partly-cloudy-day,"DNMM,remote,65201099999",
Lagos,2023-12-28,94.6,75.3,83.8,106.9,75.3,90.4,75.2,76.9,0.0,0.0,0.0,,0.0,0.0,16.8,12.8,105.8,1013.1,28.8,2.6,250.1,21.8,9,10.0,2023-12-28T06:55:24,2023-12-28T18:40:24,0.55,Partially cloudy,Partly cloudy throughout the day.,partly-cloudy-day,"DNMM,remote,65201099999",
Lagos,2023-12-29,95.0,75.2,84.3,103.2,75.2,90.0,74.2,73.8,0.0,0.0,0.0,,0.0,0.0,19.0,8.1,250.6,1012.3,29.2,2.3,248.2,21.4,9,10.0,2023-12-29T06:55:52,2023-12-29T18:40:55,0.58,Partially cloudy,Partly cloudy throughout the day.,partly-cloudy-day,"DNMM,65201099999",
Lagos,2023-12-30,95.1,77.0,83.8,107.5,77.0,91.6,76.8,80.8,0.0,0.0,0.0,rain,0.0,0.0,18.1,10.3,257.2,1012.2,40.3,2.2,229.4,19.7,8,60.0,2023-12-30T06:56:19,2023-12-30T18:41:25,0.61,Partially cloudy,Partly cloudy throughout the day.,partly-cloudy-day,"VRJU8,DNMM,65201099999",
Lagos,2023-12-31,96.4,78.5,85.1,107.5,78.5,94.6,77.5,79.7,0.0,0.0,0.0,,0.0,0.0,19.2,9.2,234.1,1012.0,41.3,2.7,227.8,19.7,8,60.0,2023-12-31T06:56:46,2023-12-31T18:41:56,0.64,Partially cloudy,Partly cloudy throughout the day.,partly-cloudy-day,"VRJU8,DNMM,65201099999",
Lagos,2024-01-01,95.0,77.0,84.7,110.5,77.0,94.3,77.8,81.3,0.004,100.0,4.17,rain,0.0,0.0,17.9,11.4,244.8,1012.4,43.0,3.3,219.5,19.0,8,60.0,2024-01-01T06:57:12,2024-01-01T18:42:27,0.68,"Rain, Partially cloudy",Partly cloudy throughout the day with morning rain.,rain,"DNMM,remote,65201099999",
Lagos,2024-01-02,95.0,77.1,83.9,113.3,77.1,93.6,78.3,84.4,0.0,0.0,0.0,,0.0,0.0,17.9,13.9,217.9,1013.3,42.0,3.6,217.9,18.7,8,75.0,2024-01-02T06:57:38,2024-01-02T18:42:58,0.71,Partially cloudy,Partly cloudy throughout the day.,partly-cloudy-day,"VRJU8,DNMM,65201099999",
Lagos,2024-01-03,94.6,77.0,84.6,110.2,77.0,93.9,77.6,80.6,0.0,0.0,0.0,,0.0,0.0,18.6,11.8,219.5,1013.2,51.2,3.7,197.4,17.1,7,75.0,2024-01-03T06:58:03,2024-01-03T18:43:29,0.74,Partially cloudy,Partly cloudy throughout the day.,partly-cloudy-day,"VRJU8,DNMM,65201099999",
Lagos,2024-01-04,95.0,78.7,84.3,110.0,78.7,92.3,76.6,78.8,0.0,0.0,0.0,,0.0,0.0,17.7,17.2,228.4,1013.1,50.0,5.0,208.9,17.9,7,60.0,2024-01-04T06:58:27,2024-01-04T18:43:59,0.75,Partially cloudy,Partly cloudy throughout the day.,partly-cloudy-day,"VRJU8,DNMM,65201099999",
Lagos,2024-01-05,93.2,78.7,83.6,107.8,78.7,92.6,77.6,83.1,0.008,100.0,4.17,rain,0.0,0.0,17.4,11.4,248.6,1012.5,56.5,6.8,206.7,17.8,7,60.0,2024-01-05T06:58:51,2024-01-05T18:44:30,0.8,"Rain, Partially cloudy",Partly cloudy throughout the day with afternoon rain.,rain,"VRJU8,DNMM,remote,65201099999",
Lagos,2024-01-06,93.2,78.8,84.8,107.5,78.8,94.3,77.6,80.3,0.044,100.0,16.67,rain,0.0,0.0,15.4,10.9,218.2,1012.4,56.9,8.8,216.0,18.6,8,60.0,2024-01-06T06:59:14,2024-01-06T18:45:00,0.84,"Rain, Partially cloudy",Partly cloudy throughout the day with rain clearing later.,rain,"VRJU8,DNMM,remote,65201099999",
Lagos,2024-01-07,95.0,79.1,85.2,110.4,79.1,96.9,78.9,82.6,0.0,0.0,0.0,rain,0.0,0.0,16.8,10.8,222.1,1011.8,60.4,4.8,210.2,18.1,7,75.0,2024-01-07T06:59:37,2024-01-07T18:45:30,0.87,Partially cloudy,Partly cloudy throughout the day.,partly-cloudy-day,"VRJU8,DNMM,65201099999",
Lagos,2024-01-08,93.2,78.4,84.9,110.4,78.4,95.6,78.4,82.0,0.0,0.0,0.0,rain,0.0,0.0,16.8,13.9,207.2,1011.3,53.7,5.5,215.3,18.6,7,60.0,2024-01-08T06:59:59,2024-01-08T18:46:00,0.9,Partially cloudy,Partly cloudy throughout the day.,partly-cloudy-day,"VRJU8,DNMM,remote,65201099999",
Lagos,2024-01-09,92.3,78.8,84.3,106.8,78.8,94.4,78.2,82.9,0.008,100.0,8.33,rain,0.0,0.0,20.1,13.9,214.3,1011.3,44.5,6.8,216.0,18.6,8,60.0,2024-01-09T07:00:20,2024-01-09T18:46:29,0.93,"Rain, Partially cloudy",Partly cloudy throughout the day with rain.,rain,"VRJU8,DNMM,remote,65201099999",
Lagos,2024-01-10,91.8,78.6,84.2,108.6,78.6,94.6,78.6,84.0,0.236,100.0,4.17,rain,0.0,0.0,17.2,16.1,245.6,1012.3,59.4,5.1,198.4,17.1,7,75.0,2024-01-10T07:00:41,2024-01-10T18:46:58,0.97,"Rain, Partially cloudy",Partly cloudy throughout the day with late afternoon rain.,rain,"DNMM,65201099999",
Lagos,2024-01-11,96.8,78.8,84.8,105.4,78.8,94.8,77.8,81.4,0.0,0.0,0.0,,0.0,0.0,16.3,10.3,226.7,1011.1,39.7,8.8,240.3,20.6,9,75.0,2024-01-11T07:01:00,2024-01-11T18:47:27,0.0,Partially cloudy,Partly cloudy throughout the day.,partly-cloudy-day,"DNMM,remote,65201099999",
Lagos,2024-01-12,90.5,80.5,84.5,108.0,87.3,97.1,79.3,84.8,0.072,100.0,45.83,rain,0.0,0.0,17.9,9.7,233.1,1010.4,41.2,11.4,204.2,17.6,7,75.0,2024-01-12T07:01:19,2024-01-12T18:47:55,0.03,"Rain, Partially cloudy",Partly cloudy throughout the day with a chance of rain throughout the day.,rain,"DNMM,remote,65201099999",
Lagos,2024-01-13,95.1,78.4,85.6,109.4,78.4,95.6,77.7,79.1,0.0,0.0,0.0,,0.0,0.0,19.0,12.8,229.3,1011.8,45.9,4.7,235.2,20.3,8,60.0,2024-01-13T07:01:37,2024-01-13T18:48:23,0.07,Partially cloudy,Partly cloudy throughout the day.,partly-cloudy-day,"DNMM,65201099999",
Lagos,2024-01-14,93.2,78.8,84.8,105.1,78.8,94.7,78.0,81.3,0.008,100.0,4.17,rain,0.0,0.0,17.9,11.4,258.3,1012.5,43.5,5.1,217.1,18.7,8,30.0,2024-01-14T07:01:55,2024-01-14T18:48:51,0.1,"Rain, Partially cloudy",Partly cloudy throughout the day with morning rain.,rain,"VRJU8,DNMM,remote,65201099999",
Lagos,2024-01-15,95.0,78.8,85.1,106.5,78.8,94.3,77.3,79.3,0.0,0.0,0.0,,0.0,0.0,18.8,11.4,255.9,1013.7,42.2,4.1,232.3,19.9,8,30.0,2024-01-15T07:02:11,2024-01-15T18:49:18,0.14,Partially cloudy,Partly cloudy throughout the day.,partly-cloudy-day,"VRJU8,DNMM,65201099999",
Lagos,2024-01-16,95.6,78.8,85.0,105.0,78.8,92.8,76.1,76.7,0.0,0.0,0.0,,0.0,0.0,16.3,12.8,276.9,1013.9,31.2,4.6,244.8,21.1,9,30.0,2024-01-16T07:02:27,2024-01-16T18:49:45,0.17,Partially cloudy,Partly cloudy throughout the day.,partly-cloudy-day,"VRJU8,DNMM,remote,65201099999",
Lagos,2024-01-17,95.0,78.9,84.8,100.6,78.9,90.6,74.3,73.2,0.004,100.0,4.17,rain,0.0,0.0,17.9,17.2,24.5,1013.6,33.0,8.5,253.8,21.8,9,30.0,2024-01-17T07:02:41,2024-01-17T18:50:11,0.21,"Rain, Partially cloudy",Partly cloudy throughout the day with morning rain.,rain,"VRJU8,DNMM,remote,65201099999",
Lagos,2024-01-18,93.2,75.5,82.6,102.8,75.5,88.5,75.1,79.2,0.0,0.0,0.0,,0.0,0.0,15.9,10.3,186.5,1013.0,30.5,4.7,243.2,20.9,9,30.0,2024-01-18T07:02:55,2024-01-18T18:50:36,0.25,Partially cloudy,Partly cloudy throughout the day.,partly-cloudy-day,"VRJU8,DNMM,remote,65201099999",
Lagos,2024-01-19,93.2,77.0,83.1,107.5,77.0,88.9,75.2,78.1,0.0,0.0,0.0,,0.0,0.0,17.9,9.6,187.0,1012.7,21.3,7.5,248.2,21.4,9,10.0,2024-01-19T07:03:08,2024-01-19T18:51:02,0.28,Partially cloudy,Partly cloudy throughout the day.,partly-cloudy-day,"DNMM,remote,65201099999",
Lagos,2024-01-20,95.1,77.0,84.3,107.8,77.0,92.1,75.9,77.5,0.0,0.0,0.0,,0.0,0.0,19.7,11.4,238.9,1012.9,11.6,9.6,252.3,21.7,9,60.0,2024-01-20T07:03:20,2024-01-20T18:51:26,0.31,Clear,Clear conditions throughout the day.,clear-day,"VRJU8,DNMM,remote,65201099999",
Lagos,2024-01-21,95.4,76.9,85.0,108.1,76.9,93.8,77.0,79.0,0.0,0.0,0.0,,0.0,0.0,19.9,10.3,239.3,1013.1,25.3,7.6,249.4,21.5,9,60.0,2024-01-21T07:03:31,2024-01-21T18:51:50,0.35,Partially cloudy,Partly cloudy throughout the day.,partly-cloudy-day,"VRJU8,DNMM,remote,65201099999",
Lagos,2024-01-22,95.1,75.1,84.4,107.5,75.1,92.6,77.0,80.0,0.0,0.0,0.0,,0.0,0.0,19.0,15.0,240.0,1013.6,32.5,4.8,245.1,21.3,9,75.0,2024-01-22T07:03:42,2024-01-22T18:52:14,0.38,Partially cloudy,Partly cloudy throughout the day.,partly-cloudy-day,"VRJU8,DNMM,remote,65201099999",
Lagos,2024-01-23,93.2,77.3,84.8,104.7,77.3,91.9,75.9,76.7,0.0,0.0,0.0,rain,0.0,0.0,17.4,13.9,217.5,1013.9,43.5,4.8,226.0,19.5,8,60.0,2024-01-23T07:03:51,2024-01-23T18:52:36,0.42,Partially cloudy,Partly cloudy throughout the day.,partly-cloudy-day,"VRJU8,DNMM,remote,65201099999",
Lagos,2024-01-24,95.0,78.8,85.9,111.3,78.8,96.0,77.5,77.2,0.0,0.0,0.0,rain,0.0,0.0,13.9,10.3,201.5,1013.6,43.5,4.3,150.9,13.1,7,60.0,2024-01-24T07:03:59,2024-01-24T18:52:59,0.45,Partially cloudy,Partly cloudy throughout the day.,partly-cloudy-day,"DNMM,65201099999",
Lagos,2024-01-25,95.0,78.4,85.3,97.3,78.4,88.2,69.0,62.6,0.0,0.0,0.0,,0.0,0.0,16.6,17.2,69.4,1013.4,25.5,3.4,244.8,21.2,9,60.0,2024-01-25T07:04:07,2024-01-25T18:53:20,0.5,Partially cloudy,Partly cloudy throughout the day.,partly-cloudy-day,"DNMM,remote,65201099999",
Lagos,2024-01-26,95.0,75.3,84.0,95.8,75.3,85.0,65.7,57.1,0.0,0.0,0.0,,0.0,0.0,16.1,13.9,97.6,1013.4,30.8,1.3,266.3,23.1,9,30.0,2024-01-26T07:04:13,2024-01-26T18:53:41,0.52,Partially cloudy,Partly cloudy throughout the day.,partly-cloudy-day,"DNMM,65201099999",
Lagos,2024-01-27,95.4,72.5,82.6,94.9,72.5,83.5,64.9,58.0,0.0,0.0,0.0,,0.0,0.0,15.0,9.2,86.1,1012.6,30.6,1.5,268.3,23.3,9,10.0,2024-01-27T07:04:19,2024-01-27T18:54:01,0.56,Partially cloudy,Partly cloudy throughout the day.,partly-cloudy-day,"VRJU8,DNMM,remote,65201099999,VRJT5",
Lagos,2024-01-28,95.0,73.7,83.2,93.2,73.7,83.5,63.7,55.9,0.0,0.0,0.0,,0.0,0.0,17.4,15.0,56.1,1012.4,25.4,1.0,270.6,23.3,9,10.0,2024-01-28T07:04:23,2024-01-28T18:54:21,0.59,Partially cloudy,Partly cloudy throughout the day.,partly-cloudy-day,"VRJU8,DNMM,65201099999,VRJT5",
Lagos,2024-01-29,96.8,75.2,83.6,95.2,75.2,85.4,67.2,61.7,0.0,0.0,0.0,,0.0,0.0,21.0,9.4,195.1,1012.5,30.4,3.0,266.7,23.2,9,10.0,2024-01-29T07:04:27,2024-01-29T18:54:40,0.62,Partially cloudy,Partly cloudy throughout the day.,partly-cloudy-day,"VRJU8,DNMM,remote,65201099999,VRJT5",
Lagos,2024-01-30,96.9,77.0,84.5,103.6,77.0,88.9,72.9,70.9,0.0,0.0,0.0,,0.0,0.0,17.9,11.4,252.0,1012.1,41.4,1.8,255.8,22.0,9,10.0,2024-01-30T07:04:30,2024-01-30T18:54:58,0.65,Partially cloudy,Partly cloudy throughout the day.,partly-cloudy-day,"DNMM,remote,65201099999",
Lagos,2024-01-31,95.1,76.9,84.7,107.4,76.9,92.0,75.8,76.5,0.0,0.0,0.0,,0.0,0.0,19.5,12.8,236.9,1013.1,45.2,1.5,246.0,21.3,9,60.0,2024-01-31T07:04:31,2024-01-31T18:55:16,0.69,Partially cloudy,Partly cloudy throughout the day.,partly-cloudy-day,"VRJU8,DNMM,65201099999",
Lagos,2024-02-01,96.4,76.6,84.9,111.4,76.6,93.5,76.7,77.7,0.0,0.0,0.0,,0.0,0.0,18.8,12.8,221.8,1013.9,46.2,2.3,227.3,19.6,8,75.0,2024-02-01T07:04:32,2024-02-01T18:55:33,0.72,Partially cloudy,Partly cloudy throughout the day.,partly-cloudy-day,"VRJU8,DNMM,65201099999",
Lagos,2024-02-02,93.2,78.8,85.0,105.0,78.8,94.0,77.1,78.9,0.0,0.0,0.0,rain,0.0,0.0,21.0,10.7,279.9,1012.5,44.1,2.2,252.6,21.9,9,75.0,2024-02-02T07:04:32,2024-02-02T18:55:49,0.75,Partially cloudy,Partly cloudy throughout the day.,partly-cloudy-day,"VRJU8,DNMM,65201099999",
Lagos,2024-02-03,95.0,74.8,84.3,93.3,74.8,85.6,65.7,59.8,0.0,0.0,0.0,,0.0,0.0,19.7,10.3,110.4,1011.5,45.3,2.2,269.7,23.3,9,30.0,2024-02-03T07:04:31,2024-02-03T18:56:04,0.75,Partially cloudy,Partly cloudy throughout the day.,partly-cloudy-day,"DNMM,remote,65201099999",
Lagos,2024-02-04,95.4,75.0,83.7,93.8,75.0,83.4,61.9,52.1,0.0,0.0,0.0,,0.0,0.0,19.5,11.4,91.1,1012.1,29.7,1.9,274.1,23.8,9,10.0,2024-02-04T07:04:29,2024-02-04T18:56:19,0.82,Partially cloudy,Partly cloudy throughout the day.,partly-cloudy-day,"DNMM,remote,65201099999",
Lagos,2024-02-05,98.2,73.4,84.0,96.2,73.4,83.4,59.7,48.4,0.0,0.0,0.0,,0.0,0.0,18.3,12.8,75.3,1013.9,45.0,1.3,270.7,23.4,9,10.0,2024-02-05T07:04:26,2024-02-05T18:56:33,0.85,Partially cloudy,Partly cloudy throughout the day.,partly-cloudy-day,"DNMM,remote,65201099999",
Lagos,2024-02-06,96.4,73.4,83.4,96.2,73.4,83.6,60.1,47.3,0.0,0.0,0.0,,0.0,0.0,19.7,17.2,87.7,1013.9,47.9,0.6,271.5,23.3,9,10.0,2024-02-06T07:04:22,2024-02-06T18:56:46,0.88,Partially cloudy,Partly cloudy throughout the day.,fog,"DNMM,65201099999",
Lagos,2024-02-07,95.0,73.2,83.7,92.7,73.2,82.9,59.0,47.0,0.0,0.0,0.0,,0.0,0.0,17.2,13.9,114.8,1013.3,33.6,0.7,279.1,24.1,9,10.0,2024-02-07T07:04:17,2024-02-07T18:56:59,0.92,Partially cloudy,Partly cloudy throughout the day.,fog,"DNMM,65201099999,VRJT5",
Lagos,2024-02-08,98.6,71.6,84.3,100.9,71.6,86.1,64.6,53.9,0.0,0.0,0.0,,0.0,0.0,19.2,9.2,253.2,1012.8,30.0,0.8,275.9,23.8,9,10.0,2024-02-08T07:04:11,2024-02-08T18:57:11,0.95,Partially cloudy,Partly cloudy throughout the day.,fog,"DNMM,65201099999",
Lagos,2024-02-09,95.0,77.0,83.4,107.4,77.0,89.1,74.0,74.6,0.0,0.0,0.0,,0.0,0.0,17.0,9.2,215.4,1012.6,32.1,3.2,263.3,22.7,9,10.0,2024-02-09T07:04:05,2024-02-09T18:57:22,0.0,Partially cloudy,Partly cloudy throughout the day.,partly-cloudy-day,"DNMM,remote,65201099999",
Lagos,2024-02-10,95.0,78.8,85.8,112.9,78.8,97.4,78.0,78.8,0.0,0.0,0.0,,0.0,0.0,18.8,16.1,214.8,1011.9,39.4,2.4,231.5,20.1,8,60.0,2024-02-10T07:03:57,2024-02-10T18:57:33,0.02,Partially cloudy,Partly cloudy throughout the day.,partly-cloudy-day,"DNMM,remote,65201099999,VRJT5",
Lagos,2024-02-11,95.0,81.4,85.9,112.9,89.6,100.0,79.9,83.1,0.0,0.0,0.0,rain,0.0,0.0,19.7,13.9,217.4,1011.2,42.0,5.4,258.4,22.3,9,75.0,2024-02-11T07:03:49,2024-02-11T18:57:42,0.05,Partially cloudy,Partly cloudy throughout the day.,partly-cloudy-day,"DNMM,remote,65201099999,VRJT5",
Lagos,2024-02-12,93.7,80.0,85.9,113.5,80.0,99.2,79.6,82.4,0.0,0.0,0.0,,0.0,0.0,18.6,14.4,224.0,1010.7,42.5,4.6,231.1,19.9,9,75.0,2024-02-12T07:03:39,2024-02-12T18:57:52,0.09,Partially cloudy,Partly cloudy throughout the day.,partly-cloudy-day,"DNMM,remote,65201099999,VRJT5",
Lagos,2024-02-13,96.8,82.1,87.5,115.3,93.0,102.7,80.2,80.5,0.0,0.0,0.0,rain,0.0,0.0,22.8,16.1,222.0,1011.3,54.6,4.5,212.4,18.4,8,75.0,2024-02-13T07:03:29,2024-02-13T18:58:00,0.12,Partially cloudy,Partly cloudy throughout the day.,partly-cloudy-day,"DNMM,65201099999,VRJT5",
Lagos,2024-02-14,96.8,82.4,88.0,118.6,94.1,104.0,80.2,78.9,0.0,0.0,0.0,rain,0.0,0.0,21.9,17.2,216.1,1011.7,49.8,4.6,217.3,18.8,8,75.0,2024-02-14T07:03:18,2024-02-14T18:58:08,0.15,Partially cloudy,Partly cloudy throughout the day.,partly-cloudy-day,"DNMM,65201099999,VRJT5",
Lagos,2024-02-15,96.4,80.6,85.7,115.3,88.1,100.5,80.4,84.9,0.004,100.0,4.17,rain,0.0,0.0,24.4,17.2,225.6,1011.4,47.6,5.1,226.7,19.7,9,100.0,2024-02-15T07:03:06,2024-02-15T18:58:15,0.19,"Rain, Partially cloudy",Partly cloudy throughout the day with afternoon rain.,rain,"DNMM,remote,65201099999,VRJT5",
Lagos,2024-02-16,96.8,80.6,86.5,111.7,87.1,98.8,78.4,78.2,0.079,100.0,4.17,rain,0.0,0.0,21.0,13.9,228.3,1011.3,46.0,5.7,240.4,20.8,9,75.0,2024-02-16T07:02:54,2024-02-16T18:58:21,0.25,"Rain, Partially cloudy",Partly cloudy throughout the day with early morning rain.,rain,"DNMM,remote,65201099999,VRJT5",
Lagos,2024-02-17,96.8,80.2,86.3,112.4,86.3,98.0,78.0,77.7,0.0,0.0,0.0,rain,0.0,0.0,20.4,13.9,227.5,1011.7,52.9,5.3,243.9,21.1,8,100.0,2024-02-17T07:02:40,2024-02-17T18:58:27,0.26,Partially cloudy,Partly cloudy throughout the day.,partly-cloudy-day,"DNMM,remote,65201099999",
Lagos,2024-02-18,95.4,80.6,86.3,115.5,88.5,99.2,78.9,79.9,0.02,100.0,4.17,rain,0.0,0.0,19.0,11.4,228.6,1011.2,53.8,5.7,231.7,20.1,8,75.0,2024-02-18T07:02:26,2024-02-18T18:58:32,0.29,"Rain, Partially cloudy",Partly cloudy throughout the day with early morning rain.,rain,"DNMM,remote,65201099999,VRJT5",
Lagos,2024-02-19,95.0,81.0,86.2,112.8,89.4,99.9,79.4,81.2,0.0,0.0,0.0,,0.0,0.0,19.7,17.2,228.5,1010.6,54.8,6.3,226.4,19.6,8,100.0,2024-02-19T07:02:11,2024-02-19T18:58:37,0.33,Partially cloudy,Partly cloudy throughout the day.,partly-cloudy-day,"DNMM,remote,65201099999,VRJT5",
Lagos,2024-02-20,92.8,73.4,83.3,102.7,73.4,91.9,76.8,82.0,1.575,100.0,4.17,rain,0.0,0.0,17.2,13.9,196.4,1009.5,53.4,5.1,206.9,18.1,8,75.0,2024-02-20T07:01:55,2024-02-20T18:58:41,0.36,"Rain, Partially cloudy",Partly cloudy throughout the day with afternoon rain.,rain,"DNMM,remote,65201099999,VRJT5",
Lagos,2024-02-21,95.0,80.2,85.0,116.1,87.2,98.1,79.6,84.5,0.016,100.0,12.5,rain,0.0,0.0,18.3,11.4,224.4,1008.2,56.9,7.2,224.2,19.5,8,75.0,2024-02-21T07:01:39,2024-02-21T18:58:44,0.39,"Rain, Partially cloudy",Partly cloudy throughout the day with a chance of rain throughout the day.,rain,"DNMM,remote,65201099999,VRJT5",
Lagos,2024-02-22,88.1,73.4,81.3,99.9,73.4,88.2,76.3,85.3,1.575,100.0,4.17,rain,0.0,0.0,40.3,16.1,131.1,1008.9,57.2,5.0,228.5,19.7,9,75.0,2024-02-22T07:01:22,2024-02-22T18:58:47,0.43,"Rain, Partially cloudy",Partly cloudy throughout the day with afternoon rain.,rain,"DNMM,65201099999,VRJT5",
Lagos,2024-02-23,91.0,79.6,84.1,104.7,79.6,94.3,78.2,83.1,0.181,100.0,4.17,rain,0.0,0.0,14.5,8.1,172.9,1009.9,52.8,5.6,185.1,16.0,7,60.0,2024-02-23T07:01:04,2024-02-23T18:58:49,0.46,"Rain, Partially cloudy",Partly cloudy throughout the day with morning rain.,rain,"DNMM,remote,65201099999",
Lagos,2024-02-24,92.8,77.0,83.3,105.1,77.0,89.8,76.2,80.6,0.945,100.0,4.17,rain,0.0,0.0,21.9,15.0,135.1,1011.8,40.6,4.3,64.3,5.5,2,30.0,2024-02-24T07:00:46,2024-02-24T18:58:51,0.5,"Rain, Partially cloudy",Partly cloudy throughout the day with morning rain.,rain,"DNMM,65201099999",
Lagos,2024-02-25,95.0,77.0,85.1,110.0,77.0,94.6,77.0,77.8,0.866,100.0,4.17,rain,0.0,0.0,16.3,11.4,210.1,1012.3,40.0,5.4,211.8,18.1,8,75.0,2024-02-25T07:00:26,2024-02-25T18:58:52,0.53,"Rain, Partially cloudy",Partly cloudy throughout the day with early morning rain.,rain,"DNMM,remote,65201099999",
Lagos,2024-02-26,94.6,80.9,86.1,113.5,89.0,100.2,79.9,82.8,0.0,0.0,0.0,rain,0.0,0.0,15.4,13.9,206.0,1011.2,52.6,6.4,220.3,19.1,9,75.0,2024-02-26T07:00:07,2024-02-26T18:58:52,0.57,Partially cloudy,Partly cloudy throughout the day.,partly-cloudy-day,"DNMM,remote,65201099999",
Lagos,2024-02-27,93.3,79.1,85.7,110.4,79.1,97.7,78.9,81.3,0.0,0.0,0.0,,0.0,0.0,20.1,12.8,213.5,1010.3,49.5,6.4,234.5,20.3,8,75.0,2024-02-27T06:59:46,2024-02-27T18:58:52,0.6,Partially cloudy,Partly cloudy throughout the day.,partly-cloudy-day,"DNMM,remote,65201099999",
Lagos,2024-02-28,94.6,80.6,85.7,113.5,88.1,99.1,79.6,82.8,0.004,100.0,4.17,rain,0.0,0.0,21.5,16.1,225.7,1009.6,56.1,8.2,237.7,20.4,8,100.0,2024-02-28T06:59:25,2024-02-28T18:58:52,0.63,"Rain, Partially cloudy",Partly cloudy throughout the day with afternoon rain.,rain,"DNMM,remote,65201099999",
Lagos,2024-02-29,95.0,80.6,86.4,113.5,88.1,99.9,79.3,80.6,0.0,0.0,0.0,rain,0.0,0.0,26.4,19.7,230.9,1008.9,55.9,7.3,227.9,19.7,9,100.0,2024-02-29T06:59:04,2024-02-29T18:58:51,0.67,Partially cloudy,Partly cloudy throughout the day.,partly-cloudy-day,"DNMM,remote,65201099999,VRJT5",
Lagos,2024-03-01,91.8,80.4,85.2,110.9,87.3,97.9,79.1,82.7,0.024,100.0,8.33,rain,0.0,0.0,20.4,15.0,222.4,1009.5,59.9,7.5,133.9,11.5,4,100.0,2024-03-01T06:58:41,2024-03-01T18:58:49,0.7,"Rain, Partially cloudy",Partly cloudy throughout the day with rain in the morning and afternoon.,rain,"DNMM,remote,65201099999,VRJT5",
Lagos,2024-03-02,95.0,80.6,86.0,116.1,88.1,99.9,79.7,82.5,0.0,0.0,0.0,,0.0,0.0,22.8,15.0,215.4,1010.7,55.1,6.6,237.2,20.5,9,100.0,2024-03-02T06:58:19,2024-03-02T18:58:47,0.73,Partially cloudy,Partly cloudy throughout the day.,partly-cloudy-day,"DNMM,remote,65201099999",
Lagos,2024-03-03,95.0,78.4,84.9,110.0,78.4,94.9,77.7,80.1,0.008,100.0,8.33,rain,0.0,0.0,19.5,12.8,217.6,1011.3,71.3,8.7,219.8,19.0,8,75.0,2024-03-03T06:57:56,2024-03-03T18:58:45,0.75,"Rain, Partially cloudy",Partly cloudy throughout the day with rain clearing later.,rain,"DNMM,remote,65201099999",
Lagos,2024-03-04,95.0,78.8,85.3,108.1,78.8,93.9,76.4,76.5,0.0,0.0,0.0,,0.0,0.0,20.1,12.8,223.6,1010.7,40.1,6.1,261.6,22.5,9,10.0,2024-03-04T06:57:32,2024-03-04T18:58:42,0.8,Partially cloudy,Partly cloudy throughout the day.,partly-cloudy-day,"DNMM,65201099999",
Lagos,2024-03-05,95.0,80.4,85.3,112.9,87.1,96.5,78.0,79.8,0.0,0.0,0.0,,0.0,0.0,21.7,15.0,229.5,1010.6,54.7,8.0,258.1,22.5,9,75.0,2024-03-05T06:57:08,2024-03-05T18:58:39,0.83,Partially cloudy,Partly cloudy throughout the day.,partly-cloudy-day,"DNMM,remote,65201099999",
Lagos,2024-03-06,95.0,80.6,86.1,112.9,88.1,99.8,79.4,81.3,0.0,0.0,0.0,rain,0.0,0.0,23.3,16.1,227.3,1011.0,58.7,7.3,238.2,20.6,9,100.0,2024-03-06T06:56:43,2024-03-06T18:58:35,0.87,Partially cloudy,Partly cloudy throughout the day.,partly-cloudy-day,"DNMM,remote,65201099999",
Lagos,2024-03-07,95.0,77.0,84.1,112.9,77.0,93.4,77.7,82.5,0.008,100.0,8.33,rain,0.0,0.0,20.8,17.2,233.4,1012.1,52.7,6.7,236.7,20.5,8,100.0,2024-03-07T06:56:18,2024-03-07T18:58:31,0.9,"Rain, Partially cloudy",Partly cloudy throughout the day with morning rain.,rain,"DNMM,remote,65201099999",
Lagos,2024-03-08,92.8,78.6,84.4,109.2,78.6,94.7,78.2,82.5,0.866,100.0,4.17,rain,0.0,0.0,24.6,17.2,234.5,1011.8,52.4,7.3,218.2,19.1,8,60.0,2024-03-08T06:55:53,2024-03-08T18:58:27,0.94,"Rain, Partially cloudy",Partly cloudy throughout the day with early morning rain.,rain,"DNMM,remote,65201099999",
Lagos,2024-03-09,93.2,69.8,80.2,107.8,69.8,86.9,75.4,86.5,1.024,100.0,8.33,rain,0.0,0.0,25.3,15.2,193.9,1011.7,54.8,5.1,147.3,12.9,5,75.0,2024-03-09T06:55:27,2024-03-09T18:58:22,0.97,"Rain, Partially cloudy",Partly cloudy throughout the day with rain clearing later.,rain,"DNMM,remote,65201099999",
Lagos,2024-03-10,95.0,77.4,84.9,110.0,77.4,93.0,77.0,78.8,0.0,0.0,0.0,,0.0,0.0,18.8,12.8,199.3,1010.6,41.2,5.3,255.5,22.1,8,75.0,2024-03-10T06:55:01,2024-03-10T18:58:17,0.0,Partially cloudy,Partly cloudy throughout the day.,partly-cloudy-day,"DNMM,65201099999",
Lagos,2024-03-11,93.3,78.8,85.3,110.4,78.8,96.4,78.4,80.9,0.004,100.0,4.17,rain,0.0,0.0,21.5,15.0,219.3,1011.5,58.4,8.4,201.5,17.3,7,60.0,2024-03-11T06:54:34,2024-03-11T18:58:12,0.04,"Rain, Partially cloudy",Partly cloudy throughout the day with afternoon rain.,rain,"DNMM,remote,65201099999",
Lagos,2024-03-12,93.2,82.4,85.4,110.4,93.8,98.7,79.5,83.3,0.028,100.0,20.83,rain,0.0,0.0,22.8,13.9,226.9,1011.6,59.1,11.0,218.5,18.8,7,75.0,2024-03-12T06:54:07,2024-03-12T18:58:07,0.07,"Rain, Partially cloudy",Partly cloudy throughout the day with rain in the morning and afternoon.,rain,"DNMM,remote,65201099999",
Lagos,2024-03-13,91.4,80.6,85.3,107.5,88.1,97.9,79.0,81.9,0.012,100.0,8.33,rain,0.0,0.0,22.6,12.8,220.0,1011.5,69.8,10.6,197.6,17.0,7,75.0,2024-03-13T06:53:40,2024-03-13T18:58:01,0.1,"Rain, Partially cloudy",Partly cloudy throughout the day with afternoon rain.,rain,"DNMM,remote,65201099999",
Lagos,2024-03-14,88.1,81.6,84.5,104.0,89.6,96.5,78.8,83.2,0.076,100.0,37.5,rain,0.0,0.0,25.5,11.4,221.9,1011.6,55.8,12.9,227.5,19.6,9,75.0,2024-03-14T06:53:13,2024-03-14T18:57:55,0.14,"Rain, Partially cloudy",Becoming cloudy in the afternoon with rain.,rain,"DNMM,remote,65201099999",
Lagos,2024-03-15,100.4,78.8,85.6,120.2,78.8,96.2,78.0,79.4,0.008,100.0,8.33,rain,0.0,0.0,18.3,16.1,227.9,1010.4,54.2,11.0,284.9,24.5,10,60.0,2024-03-15T06:52:45,2024-03-15T18:57:49,0.17,"Rain, Partially cloudy",Clearing in the afternoon with early morning rain.,rain,"DNMM,remote,65201099999",
Lagos,2024-03-16,94.6,82.4,85.9,115.5,92.4,99.4,79.3,81.4,0.012,100.0,4.17,rain,0.0,0.0,21.3,16.1,209.9,1009.8,51.3,11.0,234.3,20.3,8,75.0,2024-03-16T06:52:18,2024-03-16T18:57:42,0.2,"Rain, Partially cloudy",Partly cloudy throughout the day with afternoon rain.,rain,"DNMM,remote,65201099999",
Lagos,2024-03-17,95.0,82.3,86.3,115.4,91.8,100.2,79.5,80.9,0.02,100.0,20.83,rain,0.0,0.0,18.1,13.9,201.4,1009.2,44.9,9.5,219.6,18.9,8,75.0,2024-03-17T06:51:50,2024-03-17T18:57:36,0.25,"Rain, Partially cloudy",Partly cloudy throughout the day with rain in the morning and afternoon.,rain,"DNMM,remote,65201099999",
Lagos,2024-03-18,95.0,78.8,86.3,113.5,78.8,100.1,79.7,81.8,0.0,0.0,0.0,rain,0.0,0.0,20.6,17.2,207.3,1008.4,52.4,6.5,245.0,21.2,9,75.0,2024-03-18T06:51:21,2024-03-18T18:57:29,0.27,Partially cloudy,Partly cloudy throughout the day.,partly-cloudy-day,"DNMM,remote,65201099999",
Lagos,2024-03-19,91.4,77.0,83.7,107.8,77.0,93.2,77.6,82.4,0.024,100.0,12.5,rain,0.0,0.0,19.5,11.6,213.7,1007.9,57.2,8.6,244.0,21.1,8,75.0,2024-03-19T06:50:53,2024-03-19T18:57:22,0.3,"Rain, Partially cloudy",Partly cloudy throughout the day with rain.,rain,"DNMM,remote,65201099999",
Lagos,2024-03-20,93.2,80.8,85.8,110.4,89.7,100.2,80.1,83.8,0.024,100.0,16.67,rain,0.0,0.0,20.8,15.0,220.8,1007.6,73.8,11.6,223.3,19.3,8,75.0,2024-03-20T06:50:25,2024-03-20T18:57:15,0.34,"Rain, Partially cloudy",Partly cloudy throughout the day with rain in the morning and afternoon.,rain,"65213099999,DNMM,remote,65201099999",
Lagos,2024-03-21,93.2,82.3,85.5,113.5,91.5,99.9,80.0,83.9,0.02,100.0,8.33,rain,0.0,0.0,21.0,13.9,225.7,1008.8,64.4,11.7,206.1,17.8,8,75.0,2024-03-21T06:49:56,2024-03-21T18:57:08,0.37,"Rain, Partially cloudy",Partly cloudy throughout the day with rain.,rain,"DNMM,remote,VRJT5,65201099999",
Lagos,2024-03-22,94.0,77.0,84.5,111.3,77.0,94.5,77.8,81.6,0.0,0.0,0.0,rain,0.0,0.0,38.0,38.0,228.9,1008.7,47.0,6.9,247.5,21.3,9,75.0,2024-03-22T06:49:27,2024-03-22T18:57:01,0.41,Partially cloudy,Partly cloudy throughout the day.,wind,"DNMM,remote,65201099999,VRJT5",
Lagos,2024-03-23,93.2,76.8,84.2,102.8,76.8,93.7,77.6,81.8,0.142,100.0,8.33,rain,0.0,0.0,21.0,11.4,188.4,1009.0,51.1,6.7,212.2,18.2,8,75.0,2024-03-23T06:48:59,2024-03-23T18:56:53,0.44,"Rain, Partially cloudy",Partly cloudy throughout the day with afternoon rain.,rain,"DNMM,remote,65201099999,VRJT5",
Lagos,2024-03-24,95.0,80.6,86.3,110.0,88.1,98.5,78.4,78.5,0.0,0.0,0.0,,0.0,0.0,20.1,11.4,218.6,1009.4,52.7,7.2,241.5,20.7,9,60.0,2024-03-24T06:48:30,2024-03-24T18:56:46,0.47,Partially cloudy,Partly cloudy throughout the day.,partly-cloudy-day,"DNMM,remote,65201099999",
Lagos,2024-03-25,95.0,77.0,86.0,116.1,77.0,98.6,78.6,79.4,0.0,0.0,0.0,rain,0.0,0.0,21.0,17.2,220.0,1010.5,54.4,6.2,223.3,19.2,8,75.0,2024-03-25T06:48:01,2024-03-25T18:56:39,0.5,Partially cloudy,Partly cloudy throughout the day.,partly-cloudy-day,"DNMM,remote,65201099999,VRJT5",
Lagos,2024-03-26,93.1,77.0,84.3,110.1,77.0,92.9,77.1,80.3,0.079,100.0,4.17,rain,0.0,0.0,19.2,12.8,195.0,1010.6,44.7,7.1,214.8,18.7,7,60.0,2024-03-26T06:47:32,2024-03-26T18:56:31,0.54,"Rain, Partially cloudy",Partly cloudy throughout the day with morning rain.,rain,"DNMM,remote,65201099999,VRJT5",
Lagos,2024-03-27,96.8,80.6,87.1,118.6,88.1,101.8,79.6,79.4,0.0,0.0,0.0,,0.0,0.0,21.0,15.0,216.1,1009.8,43.9,7.3,258.1,22.3,9,60.0,2024-03-27T06:47:03,2024-03-27T18:56:24,0.57,Partially cloudy,Partly cloudy throughout the day.,partly-cloudy-day,"DNMM,remote,65201099999,VRJT5",
Lagos,2024-03-28,94.9,80.5,87.5,113.2,87.9,103.0,80.0,79.4,0.02,100.0,20.83,rain,0.0,0.0,21.7,16.1,214.9,1010.3,44.0,7.3,247.4,21.3,8,100.0,2024-03-28T06:46:34,2024-03-28T18:56:17,0.61,"Rain, Partially cloudy",Partly cloudy throughout the day with rain in the morning and afternoon.,rain,"DNMM,remote,VRJT5",
Lagos,2024-03-29,94.9,82.3,87.6,119.4,93.8,104.7,80.8,80.9,0.179,100.0,50.0,rain,0.0,0.0,23.5,15.0,223.3,1009.8,47.6,7.3,222.4,19.2,8,100.0,2024-03-29T06:46:06,2024-03-29T18:56:09,0.64,"Rain, Partially cloudy",Partly cloudy throughout the day with a chance of rain throughout the day.,rain,"DNMM,remote",
Lagos,2024-03-30,94.9,82.3,87.7,113.2,92.1,102.0,79.0,76.7,0.06,100.0,41.67,rain,0.0,0.0,21.9,18.3,220.1,1010.0,51.8,8.0,235.6,20.3,8,100.0,2024-03-30T06:45:37,2024-03-30T18:56:02,0.68,"Rain, Partially cloudy",Partly cloudy throughout the day with a chance of rain throughout the day.,rain,"DNMM,remote",
Lagos,2024-03-31,96.7,80.5,87.6,112.6,87.9,101.5,78.9,76.8,0.02,100.0,20.83,rain,0.0,0.0,19.7,15.0,207.2,1010.6,44.9,6.2,242.2,20.9,8,75.0,2024-03-31T06:45:09,2024-03-31T18:55:55,0.71,"Rain, Partially cloudy",Partly cloudy throughout the day with rain in the morning and afternoon.,rain,DNMM,
New York,2023-10-01,76.9,59.6,67.9,76.9,59.6,67.9,56.6,69.2,0.0,0.0,0.0,,0.0,0.0,25.3,10.4,4.4,1021.4,11.5,9.7,206.2,17.8,8,10.0,2023-10-01T06:52:19,2023-10-01T18:38:34,0.57,Clear,Clear conditions throughout the day.,clear-day,"72505394728,KEWR,KLGA,72502014734,F1417,KNYC,72503014732",
New York,2023-10-02,77.3,63.8,69.7,77.3,63.8,69.7,58.1,67.4,0.0,0.0,0.0,,0.0,0.0,19.7,7.5,25.5,1021.8,20.2,9.9,211.0,18.2,8,10.0,2023-10-02T06:53:20,2023-10-02T18:36:54,0.61,Partially cloudy,Partly cloudy throughout the day.,partly-cloudy-day,"72505394728,KEWR,KLGA,72502014734,F1417,KNYC,72503014732",
New York,2023-10-03,81.0,61.5,70.4,81.4,61.5,70.5,58.5,67.4,0.0,0.0,0.0,,0.0,0.0,8.9,4.2,10.3,1021.2,7.8,9.6,206.2,17.8,7,10.0,2023-10-03T06:54:21,2023-10-03T18:35:15,0.64,Clear,Clear conditions throughout the day.,clear-day,"72505394728,KEWR,KLGA,72502014734,F1417,KNYC,72503014732",
New York,2023-10-04,82.2,65.8,72.7,83.5,65.8,73.0,62.0,70.1,0.0,0.0,0.0,,0.0,0.0,9.2,7.9,119.4,1021.9,9.6,9.5,204.3,17.7,7,10.0,2023-10-04T06:55:22,2023-10-04T18:33:37,0.67,Clear,Clear conditions throughout the day.,clear-day,"72505394728,KEWR,KLGA,72502014734,F1417,KNYC,72503014732",
New York,2023-10-05,76.6,62.9,68.9,76.6,62.9,68.9,59.6,73.0,0.0,0.0,0.0,,0.0,0.0,18.3,8.1,125.0,1022.8,17.5,9.6,201.0,17.3,7,10.0,2023-10-05T06:56:24,2023-10-05T18:31:58,0.7,Clear,Clear conditions throughout the day.,clear-day,"72505394728,KEWR,KLGA,72502014734,F1417,KNYC,72503014732",
New York,2023-10-06,71.0,66.9,69.2,71.0,66.9,69.2,66.3,90.4,0.116,100.0,25.0,rain,0.0,0.0,18.3,6.1,72.5,1016.5,99.6,4.1,41.4,3.6,3,10.0,2023-10-06T06:57:26,2023-10-06T18:30:21,0.75,"Rain, Overcast",Cloudy skies throughout the day with rain.,rain,"72505394728,KEWR,KLGA,72502014734,F1417,KNYC,72503014732",
New York,2023-10-07,70.1,54.6,64.5,70.1,54.6,64.5,59.5,84.1,0.368,100.0,58.33,rain,0.0,0.0,26.4,14.3,331.5,1006.3,92.7,6.4,56.9,5.0,3,10.0,2023-10-07T06:58:28,2023-10-07T18:28:43,0.77,"Rain, Overcast",Cloudy skies throughout the day with a chance of rain throughout the day.,rain,"72505394728,KEWR,KLGA,72502014734,F1417,KNYC,72503014732",
New York,2023-10-08,59.2,50.7,55.4,59.2,50.7,55.4,42.1,61.5,0.0,0.0,0.0,,0.0,0.0,27.3,18.1,253.8,1004.4,41.4,9.9,135.8,11.6,8,10.0,2023-10-08T06:59:31,2023-10-08T18:27:07,0.8,Partially cloudy,Partly cloudy throughout the day.,partly-cloudy-day,"72505394728,KEWR,KLGA,72502014734,F1417,KNYC,72503014732",
New York,2023-10-09,60.1,48.9,54.8,60.1,44.6,54.5,38.4,54.2,0.0,0.0,0.0,,0.0,0.0,26.4,12.9,236.6,1008.2,47.5,9.9,160.4,13.8,9,10.0,2023-10-09T07:00:34,2023-10-09T18:25:31,0.83,Partially cloudy,Partly cloudy throughout the day.,partly-cloudy-day,"72505394728,KEWR,KLGA,72502014734,F1417,KNYC,72503014732",
New York,2023-10-10,63.2,53.4,58.0,63.2,53.4,58.0,45.8,64.5,0.02,100.0,8.33,rain,0.0,0.0,23.0,10.3,232.0,1009.5,68.8,9.9,147.8,12.7,7,10.0,2023-10-10T07:01:37,2023-10-10T18:23:55,0.87,"Rain, Partially cloudy",Partly cloudy throughout the day with early morning rain.,rain,"72505394728,KEWR,KLGA,72502014734,F8726,F1417,KNYC,72503014732",
New York,2023-10-11,69.7,55.3,61.9,69.7,55.3,61.9,46.6,59.5,0.0,0.0,0.0,,0.0,0.0,18.3,10.8,250.9,1010.8,43.6,9.9,192.0,16.6,7,10.0,2023-10-11T07:02:40,2023-10-11T18:22:20,0.9,Partially cloudy,Partly cloudy throughout the day.,partly-cloudy-day,"72505394728,KEWR,KLGA,72502014734,F8726,KNYC,F1417,72503014732",
New York,2023-10-12,69.6,54.1,62.2,69.6,54.1,62.2,46.8,60.7,0.0,0.0,0.0,,0.0,0.0,12.1,8.3,315.8,1011.8,21.6,9.7,153.5,13.1,7,10.0,2023-10-12T07:03:44,2023-10-12T18:20:46,0.93,Partially cloudy,Becoming cloudy in the afternoon.,partly-cloudy-day,"72505394728,KEWR,KLGA,72502014734,F1417,KNYC,72503014732",
New York,2023-10-13,62.9,52.2,58.1,62.9,52.2,58.1,41.3,54.5,0.0,0.0,0.0,,0.0,0.0,24.2,9.1,341.5,1014.3,17.2,9.9,193.6,16.6,7,10.0,2023-10-13T07:04:48,2023-10-13T18:19:12,0.96,Clear,Clear conditions throughout the day.,clear-day,"72505394728,KEWR,KLGA,72502014734,F1417,KNYC,72503014732",
New York,2023-10-14,56.8,49.5,53.0,56.8,45.7,52.6,45.4,76.5,0.717,100.0,54.17,rain,0.0,0.0,17.4,10.2,28.6,1009.4,94.0,7.8,12.4,1.1,0,10.0,2023-10-14T07:05:53,2023-10-14T18:17:40,0.0,"Rain, Overcast",Cloudy skies throughout the day with rain.,rain,"72505394728,KEWR,KLGA,72502014734,F1417,KNYC,72503014732",
New York,2023-10-15,59.9,50.6,54.8,59.9,50.6,54.8,42.5,64.8,0.018,100.0,12.5,rain,0.0,0.0,26.4,13.6,332.4,999.9,78.4,9.9,154.9,13.5,9,10.0,2023-10-15T07:06:57,2023-10-15T18:16:08,0.03,"Rain, Partially cloudy",Partly cloudy throughout the day with early morning rain.,rain,"72505394728,KEWR,KLGA,72502014734,F1417,KNYC,72503014732",
New York,2023-10-16,63.2,48.2,55.1,63.2,45.4,54.3,43.8,66.5,0.0,0.0,0.0,,0.0,0.0,20.8,8.8,311.6,1003.3,46.3,9.9,116.7,10.0,8,10.0,2023-10-16T07:08:02,2023-10-16T18:14:36,0.07,Partially cloudy,Partly cloudy throughout the day.,partly-cloudy-day,"72505394728,KEWR,KLGA,72502014734,F1417,KNYC,72503014732",
New York,2023-10-17,62.2,52.1,56.9,62.2,52.1,56.9,45.1,65.4,0.0,0.0,0.0,,0.0,0.0,14.5,8.0,354.1,1012.5,52.8,9.9,91.3,8.0,6,10.0,2023-10-17T07:09:08,2023-10-17T18:13:06,0.1,Partially cloudy,Partly cloudy throughout the day.,partly-cloudy-day,"72505394728,KEWR,KLGA,72502014734,F1417,KNYC,72503014732",
New York,2023-10-18,62.5,53.7,58.1,62.5,53.7,58.1,48.5,70.6,0.0,0.0,0.0,,0.0,0.0,9.2,5.0,80.7,1020.0,85.8,9.9,76.8,6.8,4,10.0,2023-10-18T07:10:14,2023-10-18T18:11:36,0.14,Partially cloudy,Partly cloudy throughout the day.,partly-cloudy-day,"72505394728,KEWR,KLGA,72502014734,F1417,KNYC,72503014732",
New York,2023-10-19,65.0,51.5,58.5,65.0,51.5,58.5,47.9,69.1,0.0,0.0,0.0,,0.0,0.0,17.2,10.8,194.5,1019.6,29.9,9.9,146.2,12.6,7,10.0,2023-10-19T07:11:20,2023-10-19T18:10:08,0.17,Partially cloudy,Becoming cloudy in the afternoon.,partly-cloudy-day,"72505394728,KEWR,KLGA,72502014734,F1417,KNYC,72503014732",
New York,2023-10-20,63.6,59.5,61.6,63.6,59.5,61.6,58.2,88.6,0.847,100.0,79.17,rain,0.0,0.0,27.5,11.6,139.5,1007.0,94.4,6.1,26.8,2.3,2,10.0,2023-10-20T07:12:26,2023-10-20T18:08:40,0.21,"Rain, Overcast",Cloudy skies throughout the day with a chance of rain throughout the day.,rain,"72505394728,KEWR,KLGA,72502014734,F1417,KNYC,72503014732",
New York,2023-10-21,63.3,57.7,60.2,63.3,57.7,60.2,52.9,78.3,0.448,100.0,45.83,rain,0.0,0.0,31.8,15.5,286.8,993.2,88.6,7.1,51.7,4.6,3,10.0,2023-10-21T07:13:33,2023-10-21T18:07:13,0.25,"Rain, Partially cloudy",Partly cloudy throughout the day with a chance of rain throughout the day.,rain,"72505394728,KEWR,KLGA,72502014734,F1417,KNYC,72503014732",
New York,2023-10-22,57.1,49.5,54.3,57.1,44.6,54.1,38.6,55.9,0.0,0.0,0.0,,0.0,0.0,33.4,17.1,281.8,1003.6,85.9,9.9,119.2,10.2,9,10.0,2023-10-22T07:14:40,2023-10-22T18:05:48,0.28,Partially cloudy,Partly cloudy throughout the day.,partly-cloudy-day,"72505394728,KEWR,KLGA,72502014734,F1417,KNYC,72503014732",
New York,2023-10-23,60.5,47.7,53.1,60.5,42.5,51.2,37.6,55.9,0.0,0.0,0.0,,0.0,0.0,25.9,14.6,313.1,1019.2,18.2,9.9,166.8,14.4,7,10.0,2023-10-23T07:15:47,2023-10-23T18:04:23,0.32,Clear,Clear conditions throughout the day.,clear-day,"72505394728,KEWR,KLGA,72502014734,F1417,KNYC,72503014732",
New York,2023-10-24,64.9,47.9,55.9,64.9,46.7,55.6,42.9,62.8,0.0,0.0,0.0,,0.0,0.0,13.2,8.1,110.1,1027.2,17.1,9.9,136.1,11.8,6,10.0,2023-10-24T07:16:55,2023-10-24T18:03:00,0.35,Clear,Clear conditions throughout the day.,clear-day,"72505394728,KEWR,KLGA,72502014734,F1417,KNYC,72503014732",
New York,2023-10-25,72.2,53.2,62.4,72.2,53.2,62.4,45.4,54.9,0.0,0.0,0.0,,0.0,0.0,21.9,11.4,223.2,1025.1,23.1,9.9,156.9,13.7,6,10.0,2023-10-25T07:18:03,2023-10-25T18:01:37,0.39,Partially cloudy,Partly cloudy throughout the day.,partly-cloudy-day,"72505394728,KEWR,KLGA,72502014734,F1417,KNYC,72503014732",
New York,2023-10-26,78.5,58.2,67.9,78.5,58.2,67.9,49.2,51.9,0.0,0.0,0.0,,0.0,0.0,11.9,7.5,240.1,1022.7,26.0,9.9,164.5,14.3,6,10.0,2023-10-26T07:19:11,2023-10-26T18:00:16,0.42,Partially cloudy,Partly cloudy throughout the day.,partly-cloudy-day,"72505394728,KEWR,KLGA,72502014734,F1417,KNYC,72503014732",
New York,2023-10-27,74.2,62.9,68.0,74.2,62.9,68.0,53.0,59.0,0.0,0.0,0.0,,0.0,0.0,19.7,9.9,235.7,1019.1,29.3,9.9,73.6,6.5,3,10.0,2023-10-27T07:20:20,2023-10-27T17:58:56,0.46,Partially cloudy,Partly cloudy throughout the day.,partly-cloudy-day,"72505394728,KEWR,KLGA,72502014734,F1417,KNYC,72503014732",
New York,2023-10-28,80.3,65.4,71.9,81.1,65.4,72.0,57.3,60.8,0.0,0.0,0.0,,0.0,0.0,23.0,9.9,263.5,1016.1,32.5,9.9,159.7,13.7,6,10.0,2023-10-28T07:21:29,2023-10-28T17:57:37,0.5,Partially cloudy,Becoming cloudy in the afternoon.,partly-cloudy-day,"72505394728,KEWR,KLGA,72502014734,F1417,KNYC,72503014732",
New York,2023-10-29,66.1,51.5,55.8,66.1,51.5,55.8,48.3,77.5,0.447,100.0,62.5,rain,0.0,0.0,22.1,13.4,39.9,1018.7,94.3,7.7,15.3,1.2,1,10.0,2023-10-29T07:22:38,2023-10-29T17:56:19,0.53,"Rain, Overcast",Cloudy skies throughout the day with a chance of rain throughout the day.,rain,"72505394728,KEWR,KLGA,72502014734,F1417,KNYC,72503014732",
New York,2023-10-30,60.5,50.8,55.4,60.5,50.8,55.4,50.5,84.3,0.474,100.0,25.0,rain,0.0,0.0,25.6,15.5,334.6,1010.0,97.9,6.1,41.5,3.7,3,10.0,2023-10-30T07:23:47,2023-10-30T17:55:03,0.56,"Rain, Overcast",Cloudy skies throughout the day with rain clearing later.,rain,"72505394728,KEWR,KLGA,72502014734,F1417,KNYC,72503014732",
New York,2023-10-31,51.3,45.9,49.2,51.3,42.4,47.6,33.8,55.6,0.0,0.0,0.0,,0.0,0.0,21.9,11.6,13.7,1017.5,69.0,9.9,110.4,9.5,6,10.0,2023-10-31T07:24:57,2023-10-31T17:53:48,0.59,Partially cloudy,Partly cloudy throughout the day.,partly-cloudy-day,"72505394728,KEWR,KLGA,72502014734,F1417,KNYC,72503014732",
New York,2023-11-01,48.8,40.7,45.5,48.0,35.3,41.1,30.4,56.7,0.007,100.0,8.33,rain,0.0,0.0,28.4,17.6,333.4,1017.5,70.9,9.9,67.9,6.0,3,10.0,2023-11-01T07:26:07,2023-11-01T17:52:35,0.62,"Rain, Partially cloudy",Partly cloudy throughout the day with morning rain.,rain,"72505394728,KEWR,KLGA,72502014734,F1417,KNYC,72503014732",
New York,2023-11-02,49.1,36.1,42.7,47.0,30.4,38.9,25.4,52.0,0.0,0.0,0.0,,0.0,0.0,17.7,9.4,282.3,1030.5,7.3,9.9,154.5,13.2,6,10.0,2023-11-02T07:27:17,2023-11-02T17:51:22,0.65,Clear,Clear conditions throughout the day.,clear-day,"72505394728,KEWR,KLGA,72502014734,F1417,KNYC,72503014732",
New York,2023-11-03,55.9,41.7,48.3,55.9,38.2,46.7,30.8,51.1,0.0,0.0,0.0,,0.0,0.0,23.0,10.0,203.6,1030.5,13.2,9.9,148.6,12.7,6,10.0,2023-11-03T07:28:28,2023-11-03T17:50:12,0.69,Clear,Clear conditions throughout the day.,clear-day,"72505394728,KEWR,KLGA,72502014734,F1417,KNYC,72503014732",
New York,2023-11-04,60.9,47.0,53.2,60.9,43.6,52.1,36.3,53.4,0.0,0.0,0.0,,0.0,0.0,14.5,8.4,229.6,1022.9,49.5,9.9,89.1,7.7,4,10.0,2023-11-04T07:29:38,2023-11-04T17:49:03,0.72,Partially cloudy,Partly cloudy throughout the day.,partly-cloudy-day,"72505394728,KEWR,KLGA,72502014734,F1417,KNYC,72503014732",
New York,2023-11-05,64.4,50.0,56.3,64.4,50.0,56.3,38.3,51.7,0.0,0.0,0.0,,0.0,0.0,16.8,8.6,339.3,1017.2,54.7,9.7,100.8,9.2,5,10.0,2023-11-05T06:30:49,2023-11-05T16:47:55,0.75,Partially cloudy,Partly cloudy throughout the day.,partly-cloudy-day,"72505394728,KEWR,KLGA,72502014734,F1417,KNYC,72503014732",
New York,2023-11-06,55.6,45.2,50.7,55.6,40.6,49.4,37.1,59.9,0.0,0.0,0.0,,0.0,0.0,15.4,8.9,49.9,1019.5,35.1,9.9,107.2,9.2,6,10.0,2023-11-06T06:32:00,2023-11-06T16:46:49,0.78,Partially cloudy,Becoming cloudy in the afternoon.,partly-cloudy-day,"72505394728,KEWR,KLGA,72502014734,F1417,KNYC,72503014732",
New York,2023-11-07,64.1,54.4,58.6,64.1,54.4,58.6,48.0,68.9,0.049,100.0,12.5,rain,0.0,0.0,30.3,13.0,244.7,1009.1,50.0,9.3,55.2,4.7,2,10.0,2023-11-07T06:33:11,2023-11-07T16:45:44,0.82,"Rain, Partially cloudy",Clearing in the afternoon with rain clearing later.,rain,"72505394728,KEWR,KLGA,72502014734,F1417,KNYC,72503014732",
New York,2023-11-08,54.4,43.4,47.8,54.4,37.2,45.1,26.1,43.4,0.0,0.0,0.0,,0.0,0.0,25.3,13.4,331.9,1017.3,29.7,9.9,140.6,12.3,6,10.0,2023-11-08T06:34:22,2023-11-08T16:44:41,0.85,Partially cloudy,Partly cloudy throughout the day.,partly-cloudy-day,"72505394728,KEWR,KLGA,72502014734,F1417,KNYC,72503014732",
New York,2023-11-09,57.6,43.2,50.8,57.6,38.6,49.7,37.7,60.8,0.0,0.0,0.0,,0.0,0.0,13.2,9.2,41.2,1013.0,65.1,9.9,43.8,3.9,2,10.0,2023-11-09T06:35:33,2023-11-09T16:43:40,0.88,Partially cloudy,Partly cloudy throughout the day.,partly-cloudy-day,"72505394728,KEWR,KLGA,72502014734,F1417,KNYC,72503014732",
New York,2023-11-10,53.1,46.2,50.8,53.1,43.2,50.1,33.9,53.2,0.0,0.0,0.0,,0.0,0.0,19.7,10.6,257.7,1019.0,55.9,9.9,24.8,2.2,1,10.0,2023-11-10T06:36:44,2023-11-10T16:42:41,0.91,Partially cloudy,Partly cloudy throughout the day.,partly-cloudy-day,"72505394728,KEWR,KLGA,72502014734,F1417,KNYC,72503014732",
New York,2023-11-11,54.6,43.5,48.1,54.6,41.2,46.2,31.9,54.8,0.0,0.0,0.0,,0.0,0.0,23.0,12.2,315.4,1026.1,29.0,9.9,118.4,10.2,6,10.0,2023-11-11T06:37:56,2023-11-11T16:41:43,0.95,Partially cloudy,Becoming cloudy in the afternoon.,partly-cloudy-day,"72505394728,KEWR,KLGA,72502014734,F1417,KNYC,72503014732",
New York,2023-11-12,44.9,36.8,40.8,43.9,29.9,36.6,25.3,54.1,0.0,0.0,0.0,,0.0,0.0,15.4,9.7,21.7,1031.5,19.6,9.9,106.5,9.3,6,10.0,2023-11-12T06:39:07,2023-11-12T16:40:47,0.98,Clear,Clear conditions throughout the day.,clear-day,"72505394728,KEWR,KLGA,72502014734,F1417,KNYC,72503014732",
New York,2023-11-13,48.4,35.6,42.7,47.8,32.1,40.1,26.6,53.0,0.0,0.0,0.0,,0.0,0.0,18.3,8.1,285.2,1025.8,29.7,9.9,124.0,10.7,6,10.0,2023-11-13T06:40:18,2023-11-13T16:39:52,0.0,Partially cloudy,Becoming cloudy in the afternoon.,partly-cloudy-day,"72505394728,KEWR,KLGA,72502014734,F1417,KNYC,72503014732",
New York,2023-11-14,53.2,43.4,47.5,53.2,40.2,45.2,30.7,52.6,0.0,0.0,0.0,,0.0,0.0,31.7,14.9,310.3,1024.8,23.7,9.9,135.4,11.7,6,10.0,2023-11-14T06:41:29,2023-11-14T16:39:00,0.05,Partially cloudy,Partly cloudy throughout the day.,partly-cloudy-day,"72505394728,KEWR,KLGA,72502014734,F1417,KNYC,72503014732",
New York,2023-11-15,53.0,39.7,46.7,53.0,38.5,45.8,32.4,58.0,0.0,0.0,0.0,,0.0,0.0,21.9,10.8,230.5,1028.6,19.7,9.9,106.8,9.1,5,10.0,2023-11-15T06:42:40,2023-11-15T16:38:10,0.08,Clear,Clear conditions throughout the day.,clear-day,"72505394728,KEWR,KLGA,72502014734,F1417,KNYC,72503014732",
New York,2023-11-16,64.9,45.3,54.6,64.9,43.0,53.8,36.6,52.6,0.0,0.0,0.0,,0.0,0.0,17.2,8.0,237.8,1023.3,17.7,9.9,122.1,10.5,5,10.0,2023-11-16T06:43:50,2023-11-16T16:37:21,0.12,Clear,Clear conditions throughout the day.,clear-day,"72505394728,KEWR,KLGA,72502014734,F1417,KNYC,72503014732",
New York,2023-11-17,66.8,51.4,59.4,66.8,51.4,59.4,47.0,64.2,0.0,0.0,0.0,,0.0,0.0,20.8,12.2,199.2,1015.8,28.0,9.9,101.3,8.8,5,10.0,2023-11-17T06:45:01,2023-11-17T16:36:34,0.15,Partially cloudy,Partly cloudy throughout the day.,partly-cloudy-day,"72505394728,KEWR,KLGA,72502014734,F1417,KNYC,72503014732",
New York,2023-11-18,61.8,42.4,53.0,61.8,38.4,51.7,37.5,58.1,0.0,0.0,0.0,,0.0,0.0,27.7,16.4,311.3,1007.8,56.6,9.9,71.2,6.1,5,10.0,2023-11-18T06:46:11,2023-11-18T16:35:49,0.19,Partially cloudy,Partly cloudy throughout the day.,partly-cloudy-day,"72505394728,KEWR,KLGA,72502014734,F1417,KNYC,72503014732",
New York,2023-11-19,55.6,40.3,47.4,55.6,36.5,45.6,27.5,46.5,0.0,0.0,0.0,,0.0,0.0,26.4,16.5,271.8,1013.5,8.9,9.9,115.3,10.0,5,10.0,2023-11-19T06:47:21,2023-11-19T16:35:07,0.23,Clear,Clear conditions throughout the day.,clear-day,"72505394728,KEWR,KLGA,72502014734,F1417,KNYC,72503014732",
New York,2023-11-20,45.4,37.5,41.0,42.5,32.4,36.5,19.0,42.2,0.0,0.0,0.0,,0.0,0.0,23.0,10.3,3.9,1027.4,17.5,9.9,113.3,9.7,5,10.0,2023-11-20T06:48:30,2023-11-20T16:34:26,0.25,Clear,Clear conditions throughout the day.,clear-day,"72505394728,KEWR,KLGA,72502014734,F1417,KNYC,72503014732",
New York,2023-11-21,47.5,34.2,41.4,42.8,26.3,35.5,29.7,64.0,0.424,100.0,37.5,rain,0.0,0.0,29.6,17.9,84.0,1029.3,63.1,9.0,37.0,3.4,2,10.0,2023-11-21T06:49:39,2023-11-21T16:33:47,0.3,"Rain, Partially cloudy",Partly cloudy throughout the day with rain.,rain,"72505394728,KEWR,KLGA,72502014734,F1417,KNYC,72503014732",
New York,2023-11-22,54.3,47.9,51.7,54.3,41.4,51.2,46.0,81.2,1.892,100.0,37.5,rain,0.0,0.0,35.2,22.4,354.4,1006.5,95.6,7.2,82.9,7.1,6,10.0,2023-11-22T06:50:48,2023-11-22T16:33:11,0.33,"Rain, Overcast",Cloudy skies throughout the day with rain clearing later.,rain,"72505394728,KEWR,KLGA,72502014734,F1417,KNYC,72503014732",
New York,2023-11-23,52.8,44.9,49.0,52.8,39.4,46.4,33.7,56.1,0.0,0.0,0.0,,0.0,0.0,28.9,14.7,299.6,1010.8,39.7,9.9,115.7,10.1,5,10.0,2023-11-23T06:51:56,2023-11-23T16:32:36,0.37,Partially cloudy,Clearing in the afternoon.,partly-cloudy-day,"72505394728,KEWR,KLGA,72502014734,F1417,KNYC,72503014732",
New York,2023-11-24,51.0,33.7,45.3,51.0,25.4,40.8,25.5,46.1,0.0,0.0,0.0,,0.0,0.0,37.1,14.8,312.7,1020.4,54.2,9.9,114.1,9.8,5,10.0,2023-11-24T06:53:03,2023-11-24T16:32:04,0.4,Partially cloudy,Clearing in the afternoon.,partly-cloudy-day,"72505394728,KEWR,KLGA,72502014734,F1417,KNYC,72503014732",
New York,2023-11-25,39.9,31.3,35.8,39.9,25.3,33.4,17.8,47.9,0.0,0.0,0.0,,0.0,0.0,15.9,8.5,355.5,1028.8,21.4,9.9,93.1,8.1,5,10.0,2023-11-25T06:54:10,2023-11-25T16:31:34,0.44,Partially cloudy,Partly cloudy throughout the day.,partly-cloudy-day,"72505394728,KEWR,KLGA,72502014734,F1417,KNYC,72503014732",
New York,2023-11-26,53.5,35.5,44.0,53.5,32.4,42.2,34.9,70.7,0.238,100.0,33.33,rain,0.0,0.0,31.4,11.8,83.5,1019.7,72.9,8.8,44.8,3.7,3,10.0,2023-11-26T06:55:16,2023-11-26T16:31:05,0.48,"Rain, Partially cloudy",Partly cloudy throughout the day with rain.,rain,"72505394728,KEWR,KLGA,72502014734,F1417,KNYC,72503014732",
New York,2023-11-27,55.1,37.7,46.6,55.1,30.6,42.8,34.8,65.1,0.111,100.0,8.33,rain,0.0,0.0,31.0,16.1,266.1,1006.3,52.2,9.4,68.7,5.9,5,10.0,2023-11-27T06:56:22,2023-11-27T16:30:40,0.5,"Rain, Partially cloudy",Becoming cloudy in the afternoon with early morning rain.,rain,"72505394728,KEWR,KLGA,72502014734,F1417,KNYC,72503014732",
New York,2023-11-28,40.2,33.0,35.4,32.2,23.6,27.0,14.8,42.5,0.0,0.0,0.0,,0.0,0.0,33.6,17.1,278.4,1011.5,25.3,9.9,71.9,6.1,5,10.0,2023-11-28T06:57:27,2023-11-28T16:30:16,0.54,Partially cloudy,Becoming cloudy in the afternoon.,partly-cloudy-day,"72505394728,KEWR,KLGA,72502014734,F1417,KNYC,72503014732",
New York,2023-11-29,37.3,27.2,32.7,32.0,16.5,25.4,12.7,43.9,0.0,0.0,0.0,,0.0,0.0,23.0,15.0,251.9,1018.6,33.8,9.9,112.0,9.6,5,10.0,2023-11-29T06:58:31,2023-11-29T16:29:54,0.57,Partially cloudy,Becoming cloudy in the afternoon.,partly-cloudy-day,"72505394728,KEWR,KLGA,72502014734,F1417,KNYC,72503014732",
New York,2023-11-30,50.7,34.0,43.0,50.7,27.6,39.0,21.5,42.4,0.0,0.0,0.0,,0.0,0.0,21.5,9.6,230.3,1019.9,30.4,9.9,102.2,8.9,5,10.0,2023-11-30T06:59:34,2023-11-30T16:29:35,0.61,Partially cloudy,Partly cloudy throughout the day.,partly-cloudy-day,"72505394728,KEWR,KLGA,72502014734,F1417,KNYC,72503014732",
New York,2023-12-01,49.1,42.1,45.5,49.1,38.2,43.4,36.1,70.3,0.405,100.0,33.33,rain,0.0,0.0,15.2,9.0,214.2,1020.0,58.6,8.2,32.5,2.7,2,10.0,2023-12-01T07:00:36,2023-12-01T16:29:18,0.64,"Rain, Partially cloudy",Becoming cloudy in the afternoon with rain.,rain,"72505394728,KEWR,KLGA,72502014734,F1417,KNYC,72503014732",
New York,2023-12-02,58.5,46.9,51.2,58.5,43.8,50.2,45.9,82.5,0.0,0.0,0.0,,0.0,0.0,19.7,8.0,263.8,1016.0,68.6,6.3,77.5,6.8,5,10.0,2023-12-02T07:01:37,2023-12-02T16:29:04,0.67,Partially cloudy,Clearing in the afternoon.,partly-cloudy-day,"72505394728,KEWR,KLGA,72502014734,F1417,KNYC,72503014732",
New York,2023-12-03,52.5,48.8,50.4,52.5,44.1,48.9,46.9,87.7,0.606,100.0,70.83,rain,0.0,0.0,23.0,15.0,61.8,1009.3,98.2,3.6,10.4,1.0,1,10.0,2023-12-03T07:02:37,2023-12-03T16:28:51,0.7,"Rain, Overcast",Cloudy skies throughout the day with a chance of rain throughout the day.,rain,"72505394728,KEWR,KLGA,72502014734,F1417,KNYC,72503014732",
New York,2023-12-04,52.4,43.3,48.3,52.4,38.2,45.6,36.2,63.8,0.0,0.0,0.0,,0.0,0.0,26.4,13.4,266.6,1008.0,34.9,9.5,85.6,7.4,5,10.0,2023-12-04T07:03:36,2023-12-04T16:28:41,0.73,Partially cloudy,Becoming cloudy in the afternoon.,partly-cloudy-day,"72505394728,KEWR,KLGA,72502014734,F1417,KNYC,72503014732",
New York,2023-12-05,43.2,38.7,41.3,41.8,33.3,37.6,25.5,53.7,0.0,0.0,0.0,,0.0,0.0,21.9,8.9,325.8,1015.7,42.3,9.9,63.0,5.5,3,10.0,2023-12-05T07:04:34,2023-12-05T16:28:33,0.75,Partially cloudy,Partly cloudy throughout the day.,partly-cloudy-day,"72505394728,KEWR,KLGA,72502014734,F1417,KNYC,72503014732",
New York,2023-12-06,41.3,35.3,38.1,36.8,27.6,32.2,22.5,53.6,0.0,0.0,0.0,,0.0,0.0,26.9,18.2,340.1,1015.5,77.3,9.9,67.3,5.7,5,10.0,2023-12-06T07:05:30,2023-12-06T16:28:28,0.8,Partially cloudy,Partly cloudy throughout the day.,partly-cloudy-day,"72505394728,KEWR,KLGA,72502014734,F1417,KNYC,72503014732",
New York,2023-12-07,39.1,32.3,36.0,35.7,26.5,30.3,23.2,59.9,0.0,0.0,0.0,,0.0,0.0,20.8,11.2,266.3,1016.7,69.7,9.7,33.8,3.1,2,10.0,2023-12-07T07:06:25,2023-12-07T16:28:25,0.83,Partially cloudy,Partly cloudy throughout the day.,partly-cloudy-day,"72505394728,KEWR,KLGA,72502014734,F1417,KNYC,72503014732",
New York,2023-12-08,50.3,38.6,44.4,50.3,33.9,42.8,31.4,60.6,0.0,0.0,0.0,,0.0,0.0,11.4,10.9,204.3,1021.1,49.7,9.8,87.4,7.5,5,10.0,2023-12-08T07:07:19,2023-12-08T16:28:24,0.86,Partially cloudy,Partly cloudy throughout the day.,partly-cloudy-day,"72505394728,KEWR,KLGA,72502014734,F1417,KNYC,72503014732",
New York,2023-12-09,57.6,42.5,49.7,57.6,39.5,49.1,42.2,75.5,0.0,0.0,0.0,,0.0,0.0,10.5,4.9,53.0,1021.9,39.3,8.8,80.0,7.0,4,10.0,2023-12-09T07:08:12,2023-12-09T16:28:25,0.9,Partially cloudy,Partly cloudy throughout the day.,partly-cloudy-day,"72505394728,KEWR,KLGA,72502014734,F1417,KNYC,72503014732",
New York,2023-12-10,61.1,49.4,56.1,61.1,49.4,56.1,51.9,86.0,0.895,100.0,50.0,rain,0.0,0.0,48.1,11.2,167.8,1011.7,94.1,7.0,18.2,1.6,2,10.0,2023-12-10T07:09:03,2023-12-10T16:28:29,0.93,"Rain, Overcast",Cloudy skies throughout the day with rain.,rain,"72505394728,KEWR,KLGA,72502014734,F1417,KNYC,72503014732",
New York,2023-12-11,50.0,38.5,42.5,44.7,31.7,35.9,31.8,67.4,0.588,100.0,41.67,rain,0.0,0.0,37.9,29.5,305.5,1010.1,84.5,8.8,40.4,3.4,2,10.0,2023-12-11T07:09:53,2023-12-11T16:28:35,0.96,"Rain, Partially cloudy",Partly cloudy throughout the day with rain clearing later.,rain,"72505394728,KEWR,KLGA,72502014734,F1417,KNYC,72503014732",
New York,2023-12-12,44.2,35.6,40.2,41.4,29.8,35.0,22.0,48.1,0.0,0.0,0.0,,0.0,0.0,25.3,12.8,250.5,1027.7,28.8,9.9,105.3,9.3,5,10.0,2023-12-12T07:10:41,2023-12-12T16:28:43,0.0,Partially cloudy,Partly cloudy throughout the day.,partly-cloudy-day,"72505394728,KEWR,KLGA,72502014734,F1417,KNYC,72503014732",
New York,2023-12-13,47.3,37.3,41.6,42.9,30.4,36.4,21.6,45.8,0.0,0.0,0.0,,0.0,0.0,27.8,14.6,281.7,1031.1,12.5,9.9,101.3,8.7,5,10.0,2023-12-13T07:11:27,2023-12-13T16:28:54,0.03,Clear,Clear conditions throughout the day.,clear-day,"72505394728,KEWR,KLGA,72502014734,F1417,KNYC,72503014732",
New York,2023-12-14,40.6,33.5,37.3,38.5,25.6,31.5,17.2,44.1,0.0,0.0,0.0,,0.0,0.0,19.7,12.4,284.7,1036.0,18.0,9.9,114.5,10.0,6,10.0,2023-12-14T07:12:12,2023-12-14T16:29:07,0.06,Clear,Clear conditions throughout the day.,clear-day,"72505394728,KEWR,KLGA,72502014734,F1417,KNYC,72503014732",
New York,2023-12-15,58.3,37.5,46.8,58.3,31.0,44.0,24.0,41.3,0.0,0.0,0.0,,0.0,0.0,20.8,10.0,249.6,1027.9,11.0,9.9,102.3,8.8,5,10.0,2023-12-15T07:12:55,2023-12-15T16:29:22,0.1,Clear,Clear conditions throughout the day.,clear-day,"72505394728,KEWR,KLGA,72502014734,F1417,KNYC,72503014732",
New York,2023-12-16,53.9,47.4,49.6,53.9,43.8,47.8,32.4,52.1,0.0,0.0,0.0,,0.0,0.0,16.1,10.3,44.4,1031.0,29.3,9.9,96.0,8.4,4,10.0,2023-12-16T07:13:37,2023-12-16T16:29:39,0.13,Partially cloudy,Partly cloudy throughout the day.,partly-cloudy-day,"72505394728,KEWR,KLGA,72502014734,F1417,KNYC,72503014732",
New York,2023-12-17,57.8,47.3,50.9,57.8,43.2,49.2,46.1,83.8,0.141,100.0,29.17,rain,0.0,0.0,27.9,10.6,67.8,1022.1,100.0,8.1,24.2,2.1,1,10.0,2023-12-17T07:14:16,2023-12-17T16:29:59,0.17,"Rain, Overcast",Cloudy skies throughout the day with rain.,rain,"72505394728,KEWR,KLGA,72502014734,F1417,KNYC,72503014732",
New York,2023-12-18,62.4,43.3,54.3,62.4,38.1,53.0,47.1,77.5,2.116,100.0,58.33,rain,0.0,0.0,39.3,22.3,209.9,992.2,72.6,6.3,35.6,3.1,4,10.0,2023-12-18T07:14:54,2023-12-18T16:30:20,0.2,"Rain, Partially cloudy",Partly cloudy throughout the day with a chance of rain throughout the day.,rain,"72505394728,KEWR,KLGA,72502014734,F1417,KNYC,72503014732",
New York,2023-12-19,43.4,33.4,38.9,39.9,25.8,32.3,24.0,55.1,0.0,0.0,0.0,,0.0,0.0,26.3,16.0,286.3,1014.3,51.2,9.9,120.0,10.4,6,10.0,2023-12-19T07:15:30,2023-12-19T16:30:44,0.25,Partially cloudy,Partly cloudy throughout the day.,partly-cloudy-day,"72505394728,KEWR,KLGA,72502014734,F1417,KNYC,72503014732",
New York,2023-12-20,45.2,30.7,36.9,44.0,21.5,31.0,19.7,50.2,0.0,0.0,0.0,,0.0,0.0,23.0,13.9,317.6,1027.4,32.4,9.9,96.5,8.4,5,10.0,2023-12-20T07:16:04,2023-12-20T16:31:10,0.28,Partially cloudy,Becoming cloudy in the afternoon.,partly-cloudy-day,"72505394728,KEWR,KLGA,72502014734,F1417,KNYC,72503014732",
New York,2023-12-21,42.2,30.7,37.2,36.7,21.7,31.0,19.3,49.5,0.0,0.0,0.0,,0.0,0.0,23.0,11.5,1.3,1029.5,12.2,9.9,98.8,8.5,5,10.0,2023-12-21T07:16:36,2023-12-21T16:31:39,0.31,Clear,Clear conditions throughout the day.,clear-day,"72505394728,KEWR,KLGA,72502014734,F1417,KNYC,72503014732",
New York,2023-12-22,37.5,25.5,32.0,37.5,18.1,28.1,11.7,43.3,0.0,0.0,0.0,,0.0,0.0,13.0,9.1,13.7,1031.5,25.9,9.9,89.3,7.6,5,10.0,2023-12-22T07:17:06,2023-12-22T16:32:09,0.35,Partially cloudy,Partly cloudy throughout the day.,partly-cloudy-day,"72505394728,KEWR,KLGA,72502014734,F1417,KNYC,72503014732",
New York,2023-12-23,43.4,33.2,38.4,39.9,29.8,35.4,23.8,56.4,0.0,0.0,0.0,,0.0,0.0,8.9,6.7,57.7,1031.7,79.6,9.9,37.5,3.1,2,10.0,2023-12-23T07:17:34,2023-12-23T16:32:41,0.38,Partially cloudy,Partly cloudy throughout the day.,partly-cloudy-day,"72505394728,KEWR,KLGA,72502014734,F1417,KNYC,72503014732",
New York,2023-12-24,47.9,40.4,44.4,47.9,38.5,43.7,37.7,77.4,0.019,100.0,16.67,rain,0.0,0.0,8.5,4.4,6.2,1029.5,97.1,9.3,34.3,3.0,2,10.0,2023-12-24T07:18:00,2023-12-24T16:33:16,0.42,"Rain, Overcast",Cloudy skies throughout the day with rain clearing later.,rain,"72505394728,KEWR,KLGA,72502014734,F1417,KNYC,72503014732",
New York,2023-12-25,48.6,43.0,46.0,48.3,40.1,44.6,41.7,85.0,0.0,0.0,0.0,,0.0,0.0,8.7,6.3,45.8,1029.9,96.2,6.2,34.3,3.0,2,10.0,2023-12-25T07:18:24,2023-12-25T16:33:52,0.45,Overcast,Cloudy skies throughout the day.,cloudy,"72505394728,KEWR,KLGA,72502014734,F1417,KNYC,72503014732",
New York,2023-12-26,49.9,44.0,46.3,49.2,41.5,45.6,42.3,85.7,0.0,0.0,0.0,,0.0,0.0,6.3,4.7,45.7,1025.9,94.3,3.7,37.0,3.2,2,10.0,2023-12-26T07:18:46,2023-12-26T16:34:30,0.5,Overcast,Cloudy skies throughout the day.,cloudy,"72505394728,KEWR,KLGA,72502014734,F1417,KNYC,72503014732",
New York,2023-12-27,48.6,44.5,46.3,46.7,41.3,43.8,43.0,88.3,0.205,100.0,25.0,rain,0.0,0.0,18.6,11.3,48.1,1017.9,99.9,5.0,28.5,2.5,2,10.0,2023-12-27T07:19:05,2023-12-27T16:35:10,0.52,"Rain, Overcast",Cloudy skies throughout the day with rain.,rain,"72505394728,KEWR,KLGA,72502014734,F1417,KNYC,72503014732",
New York,2023-12-28,54.4,48.8,50.8,54.4,43.6,49.1,48.3,90.8,1.37,100.0,70.83,rain,0.0,0.0,33.3,16.7,48.8,1005.5,99.9,5.1,15.4,1.3,1,10.0,2023-12-28T07:19:23,2023-12-28T16:35:52,0.55,"Rain, Overcast",Cloudy skies throughout the day with a chance of rain throughout the day.,rain,"72505394728,KEWR,KLGA,72502014734,F1417,KNYC,72503014732",
New York,2023-12-29,55.3,47.2,49.9,55.3,43.6,48.9,43.0,78.1,0.037,100.0,16.67,rain,0.0,0.0,21.9,14.5,271.9,1004.4,85.5,7.3,87.7,7.4,5,10.0,2023-12-29T07:19:38,2023-12-29T16:36:36,0.59,"Rain, Partially cloudy",Partly cloudy throughout the day with rain.,rain,"72505394728,KEWR,KLGA,72502014734,F1417,KNYC,72503014732",
New York,2023-12-30,46.9,39.3,43.3,44.2,33.1,38.3,30.9,61.5,0.0,0.0,0.0,,0.0,0.0,29.9,12.3,273.8,1004.3,71.1,9.9,43.4,3.8,3,10.0,2023-12-30T07:19:51,2023-12-30T16:37:22,0.62,Partially cloudy,Partly cloudy throughout the day.,partly-cloudy-day,"72505394728,KEWR,KLGA,72502014734,F1417,KNYC,72503014732",
New York,2023-12-31,43.3,39.5,41.9,43.1,33.6,37.5,25.0,50.8,0.0,0.0,0.0,,0.0,0.0,23.0,10.0,295.2,1014.1,95.6,9.9,31.9,2.6,2,10.0,2023-12-31T07:20:02,2023-12-31T16:38:09,0.65,Overcast,Cloudy skies throughout the day.,cloudy,"72505394728,KEWR,KLGA,72502014734,F1417,KNYC,72503014732",
New York,2024-01-01,46.2,37.3,42.2,45.3,31.0,39.6,29.8,61.6,0.02,100.0,12.5,rain,0.0,0.0,20.8,8.7,319.7,1016.6,73.5,9.8,71.5,6.1,5,10.0,2024-01-01T07:20:10,2024-01-01T16:38:58,0.68,"Rain, Partially cloudy",Partly cloudy throughout the day with morning rain.,rain,"72505394728,KEWR,KLGA,72502014734,F1417,KNYC,72503014732",
New York,2024-01-02,42.8,29.5,36.4,41.4,21.8,31.7,21.1,54.4,0.0,0.0,0.0,,0.0,0.0,19.7,8.4,321.6,1017.8,3.8,9.9,106.7,9.2,5,10.0,2024-01-02T07:20:17,2024-01-02T16:39:49,0.72,Clear,Clear conditions throughout the day.,clear-day,"72505394728,KEWR,KLGA,72502014734,F1417,KNYC,72503014732",
New York,2024-01-03,43.4,34.2,38.7,39.0,27.7,33.8,24.7,57.1,0.0,0.0,0.0,,0.0,0.0,14.1,9.1,296.1,1016.1,53.2,9.9,71.1,6.1,5,10.0,2024-01-03T07:20:21,2024-01-03T16:40:41,0.75,Partially cloudy,Becoming cloudy in the afternoon.,partly-cloudy-day,"72505394728,KEWR,KLGA,72502014734,F1417,KNYC,72503014732",
New York,2024-01-04,44.5,29.4,38.8,39.5,18.4,32.9,22.0,51.1,0.0,0.0,0.0,,0.0,0.0,31.6,23.6,306.0,1015.8,64.7,9.9,54.7,4.7,4,10.0,2024-01-04T07:20:23,2024-01-04T16:41:35,0.78,Partially cloudy,Partly cloudy throughout the day.,partly-cloudy-day,"72505394728,KEWR,KLGA,72502014734,F1417,KNYC,72503014732",
New York,2024-01-05,37.8,26.7,32.0,32.5,14.4,24.2,14.2,47.7,0.0,0.0,0.0,,0.0,0.0,30.3,15.9,288.2,1024.3,15.5,9.9,107.7,9.4,5,10.0,2024-01-05T07:20:22,2024-01-05T16:42:30,0.81,Clear,Clear conditions throughout the day.,clear-day,"72505394728,KEWR,KLGA,72502014734,F1417,KNYC,72503014732",
New York,2024-01-06,37.4,31.5,34.3,34.4,24.9,29.2,24.2,67.3,0.39,100.0,37.5,"rain,snow",1.0,0.2,34.8,20.0,56.3,1017.7,62.1,7.6,23.5,2.1,1,10.0,2024-01-06T07:20:19,2024-01-06T16:43:26,0.85,"Snow, Rain, Partially cloudy",Becoming cloudy in the afternoon with rain or snow.,snow,"72505394728,KEWR,KLGA,72502014734,F1417,KNYC,72503014732",
New York,2024-01-07,38.1,35.0,36.8,33.5,26.3,29.4,31.8,82.5,0.215,100.0,54.17,"rain,snow",1.2,0.1,33.8,17.1,358.4,1005.1,91.6,7.0,27.0,2.2,3,10.0,2024-01-07T07:20:14,2024-01-07T16:44:24,0.88,"Snow, Rain, Overcast",Cloudy skies throughout the day with a chance of rain or snow throughout the day.,snow,"72505394728,KEWR,KLGA,72502014734,F1417,KNYC,72503014732",
New York,2024-01-08,44.7,36.4,39.9,41.9,28.9,35.0,23.8,52.8,0.0,0.0,0.0,,0.0,0.0,31.6,13.8,320.0,1025.7,35.9,9.9,114.3,9.9,5,10.0,2024-01-08T07:20:07,2024-01-08T16:45:24,0.91,Partially cloudy,Partly cloudy throughout the day.,partly-cloudy-day,"72505394728,KEWR,KLGA,72502014734,F1417,KNYC,72503014732",
New York,2024-01-09,56.5,36.4,43.7,56.5,33.2,40.8,35.9,74.2,1.409,100.0,50.0,rain,0.0,0.0,47.4,31.9,119.8,1017.6,72.8,7.1,12.3,1.1,1,10.0,2024-01-09T07:19:58,2024-01-09T16:46:24,0.94,"Rain, Partially cloudy",Partly cloudy throughout the day with rain.,rain,"72505394728,KEWR,KLGA,72502014734,F1417,KNYC,72503014732",
New York,2024-01-10,57.1,45.2,50.3,57.1,38.6,46.4,35.4,58.6,0.547,100.0,16.67,rain,0.0,0.0,39.6,27.0,247.5,992.3,93.0,9.3,38.6,3.3,3,10.0,2024-01-10T07:19:46,2024-01-10T16:47:26,0.97,"Rain, Overcast",Cloudy skies throughout the day with early morning rain.,rain,"72505394728,KEWR,KLGA,72502014734,F1417,KNYC,72503014732",
New York,2024-01-11,46.4,41.4,44.3,42.5,36.2,39.3,25.9,48.1,0.0,0.0,0.0,,0.0,0.0,28.8,14.1,245.9,1010.2,70.1,9.9,82.4,7.1,6,10.0,2024-01-11T07:19:32,2024-01-11T16:48:29,0.0,Partially cloudy,Partly cloudy throughout the day.,partly-cloudy-day,"72505394728,KEWR,KLGA,72502014734,F1417,KNYC,72503014732",
New York,2024-01-12,49.7,40.5,44.7,47.4,35.4,40.5,30.2,57.2,0.009,100.0,4.17,rain,0.0,0.0,32.2,13.5,103.1,1018.1,34.3,9.9,93.7,8.1,5,10.0,2024-01-12T07:19:16,2024-01-12T16:49:32,0.04,"Rain, Partially cloudy",Partly cloudy throughout the day with late afternoon rain.,rain,"72505394728,KEWR,KLGA,72502014734,F1417,KNYC,72503014732",
New York,2024-01-13,60.0,37.1,49.3,60.0,27.9,45.3,37.3,66.2,0.951,100.0,37.5,rain,0.0,0.0,40.4,25.5,234.7,995.4,87.9,8.0,39.4,3.4,2,10.0,2024-01-13T07:18:57,2024-01-13T16:50:37,0.08,"Rain, Partially cloudy",Partly cloudy throughout the day with rain clearing later.,rain,"72505394728,KEWR,KLGA,72502014734,F1417,KNYC,72503014732",
New York,2024-01-14,43.2,28.1,35.0,36.0,18.2,26.7,13.3,41.6,0.0,0.0,0.0,,0.0,0.0,40.9,24.2,259.8,1012.0,30.7,9.9,72.2,6.3,4,10.0,2024-01-14T07:18:37,2024-01-14T16:51:43,0.11,Partially cloudy,Partly cloudy throughout the day.,partly-cloudy-day,"72505394728,KEWR,KLGA,72502014734,F1417,KNYC,72503014732",
New York,2024-01-15,29.2,24.2,26.8,28.5,15.0,20.1,5.9,41.7,0.02,100.0,8.33,snow,0.1,0.0,21.9,9.4,267.7,1023.0,76.7,9.1,45.0,3.9,3,10.0,2024-01-15T07:18:14,2024-01-15T16:52:50,0.15,"Snow, Partially cloudy",Partly cloudy throughout the day with late afternoon snow.,snow,"72505394728,KEWR,KLGA,72502014734,F1417,KNYC,72503014732",
New York,2024-01-16,30.8,23.3,27.6,25.1,12.6,18.8,21.7,78.9,0.294,100.0,70.83,"rain,snow",5.3,2.0,35.6,14.6,344.2,1011.7,83.1,4.7,12.8,1.2,1,10.0,2024-01-16T07:17:49,2024-01-16T16:53:57,0.18,"Snow, Rain, Partially cloudy",Partly cloudy throughout the day with a chance of rain or snow throughout the day.,snow,"72505394728,KEWR,KLGA,72502014734,F1417,KNYC,72503014732",
New York,2024-01-17,24.5,17.5,21.6,13.9,4.0,10.4,3.6,46.5,0.0,0.0,0.0,,0.0,2.0,29.8,16.3,276.5,1015.2,4.6,9.9,126.8,10.9,5,10.0,2024-01-17T07:17:22,2024-01-17T16:55:06,0.25,Clear,Clear conditions throughout the day.,clear-day,"72505394728,KEWR,KLGA,72502014734,F1417,KNYC,72503014732",
New York,2024-01-18,33.2,21.6,27.8,30.1,9.6,20.1,7.7,42.3,0.0,0.0,0.0,,0.0,1.4,25.1,13.1,244.0,1020.0,64.0,9.7,44.0,3.7,2,10.0,2024-01-18T07:16:52,2024-01-18T16:56:15,0.25,Partially cloudy,Partly cloudy throughout the day.,partly-cloudy-day,"72505394728,KEWR,KLGA,72502014734,F1417,KNYC,72503014732",
New York,2024-01-19,32.3,26.6,29.6,29.1,17.6,21.7,18.5,63.8,0.038,100.0,20.83,"rain,snow",1.4,1.5,34.4,12.9,15.3,1010.8,86.6,7.2,26.0,2.2,2,10.0,2024-01-19T07:16:21,2024-01-19T16:57:25,0.29,"Snow, Rain, Partially cloudy",Partly cloudy throughout the day with rain or snow in the morning and afternoon.,snow,"72505394728,KEWR,KLGA,72502014734,F1417,KNYC,72503014732",
New York,2024-01-20,26.4,18.2,21.7,15.3,6.2,9.3,5.8,50.0,0.0,0.0,0.0,,0.0,1.4,32.7,17.1,306.0,1014.7,53.5,9.9,119.0,10.2,6,10.0,2024-01-20T07:15:47,2024-01-20T16:58:35,0.32,Partially cloudy,Becoming cloudy in the afternoon.,partly-cloudy-day,"72505394728,KEWR,KLGA,72502014734,F1417,KNYC,72503014732",
New York,2024-01-21,31.2,20.6,25.2,21.1,7.4,13.9,7.3,46.6,0.0,0.0,0.0,,0.0,0.7,32.3,17.5,309.8,1026.2,22.7,9.9,124.3,10.7,5,10.0,2024-01-21T07:15:12,2024-01-21T16:59:46,0.36,Partially cloudy,Partly cloudy throughout the day.,partly-cloudy-day,"72505394728,KEWR,KLGA,72502014734,F1417,KNYC,72503014732",
New York,2024-01-22,37.3,24.8,30.8,30.8,16.5,23.6,12.7,47.4,0.0,0.0,0.0,,0.0,0.1,22.3,12.8,261.9,1033.0,27.9,9.9,112.5,9.7,5,10.0,2024-01-22T07:14:34,2024-01-22T17:00:58,0.39,Partially cloudy,Partly cloudy throughout the day.,partly-cloudy-day,"72505394728,KEWR,KLGA,72502014734,F1417,KNYC,72503014732",
New York,2024-01-23,39.8,34.4,37.6,39.1,27.2,33.1,23.9,58.6,0.036,100.0,12.5,rain,0.0,0.0,21.0,10.4,269.9,1032.0,93.4,9.5,31.1,2.8,1,10.0,2024-01-23T07:13:54,2024-01-23T17:02:10,0.43,"Rain, Overcast",Cloudy skies throughout the day with rain in the morning and afternoon.,rain,"72505394728,KEWR,KLGA,72502014734,F1417,KNYC,72503014732",
New York,2024-01-24,46.0,38.1,41.7,44.4,33.8,38.5,36.9,83.1,0.062,100.0,33.33,rain,0.0,0.0,11.0,8.4,66.6,1030.8,100.0,5.2,22.2,2.1,1,10.0,2024-01-24T07:13:12,2024-01-24T17:03:22,0.46,"Rain, Overcast",Cloudy skies throughout the day with rain.,rain,"72505394728,KEWR,KLGA,72502014734,F1417,KNYC,72503014732",
New York,2024-01-25,57.4,45.1,52.5,57.4,45.1,52.1,48.6,86.7,0.244,100.0,54.17,rain,0.0,0.0,21.9,7.9,283.0,1020.6,99.9,6.1,34.3,2.9,2,10.0,2024-01-25T07:12:29,2024-01-25T17:04:35,0.5,"Rain, Overcast",Cloudy skies throughout the day with rain.,rain,"72505394728,KEWR,KLGA,72502014734,F1417,KNYC,72503014732",
New York,2024-01-26,45.7,41.8,43.4,44.5,36.4,39.7,40.4,88.9,0.2,100.0,45.83,rain,0.0,0.0,39.1,11.4,49.1,1018.1,98.7,4.6,32.9,2.9,2,10.0,2024-01-26T07:11:43,2024-01-26T17:05:48,0.53,"Rain, Overcast",Cloudy skies throughout the day with rain clearing later.,rain,"72505394728,KEWR,KLGA,72502014734,F1417,KNYC,72503014732",
New York,2024-01-27,47.3,43.2,44.8,47.2,38.9,42.3,38.1,77.7,0.0,0.0,0.0,,0.0,0.0,36.7,9.0,30.6,1021.8,95.5,8.3,39.9,3.5,3,10.0,2024-01-27T07:10:56,2024-01-27T17:07:02,0.56,Overcast,Cloudy skies throughout the day.,cloudy,"72505394728,KEWR,KLGA,72502014734,F1417,KNYC,72503014732",
New York,2024-01-28,43.2,37.5,39.7,39.8,28.6,33.2,36.1,86.9,0.753,100.0,75.0,rain,0.0,0.0,42.6,22.9,49.0,1010.2,100.0,5.5,17.1,1.4,1,10.0,2024-01-28T07:10:06,2024-01-28T17:08:15,0.6,"Rain, Overcast",Cloudy skies throughout the day with a chance of rain throughout the day.,rain,"72505394728,KEWR,KLGA,72502014734,F1417,KNYC,72503014732",
New York,2024-01-29,39.8,36.2,37.9,33.6,28.9,30.8,30.1,73.6,0.067,100.0,25.0,rain,0.0,0.0,31.4,17.2,357.7,1010.4,99.6,9.3,25.4,2.2,1,10.0,2024-01-29T07:09:15,2024-01-29T17:09:29,0.63,"Rain, Overcast",Cloudy skies throughout the day with early morning rain.,rain,"72505394728,KEWR,KLGA,72502014734,F1417,KNYC,72503014732",
New York,2024-01-30,37.7,35.1,36.3,35.1,27.9,31.5,25.0,63.7,0.002,100.0,8.33,"rain,snow",0.0,0.0,23.0,10.0,60.1,1021.9,100.0,9.6,22.0,1.9,1,10.0,2024-01-30T07:08:22,2024-01-30T17:10:43,0.66,"Snow, Rain, Overcast",Cloudy skies throughout the day with late afternoon rain or snow.,rain,"72505394728,KEWR,KLGA,72502014734,F1417,KNYC,72503014732",
New York,2024-01-31,39.1,34.4,37.3,39.1,28.0,33.8,28.9,71.8,0.0,0.0,0.0,,0.0,0.0,17.2,9.1,124.8,1019.9,99.7,9.6,28.7,2.6,1,10.0,2024-01-31T07:07:27,2024-01-31T17:11:57,0.7,Overcast,Cloudy skies throughout the day.,cloudy,"72505394728,KEWR,KLGA,72502014734,F1417,KNYC,72503014732",
New York,2024-02-01,46.1,36.3,41.9,46.1,32.2,38.9,31.4,66.7,0.0,0.0,0.0,,0.0,0.0,17.2,9.9,232.7,1015.3,86.6,9.4,49.8,4.4,3,10.0,2024-02-01T07:06:30,2024-02-01T17:13:12,0.73,Partially cloudy,Partly cloudy throughout the day.,partly-cloudy-day,"72505394728,KEWR,KLGA,72502014734,F1417,KNYC,72503014732",
New York,2024-02-02,45.9,39.1,42.2,45.0,32.0,38.4,34.7,74.9,0.255,100.0,33.33,rain,0.0,0.0,24.5,12.2,359.9,1012.0,89.5,7.9,20.0,1.6,1,10.0,2024-02-02T07:05:32,2024-02-02T17:14:26,0.75,"Rain, Partially cloudy",Partly cloudy throughout the day with a chance of rain throughout the day.,rain,"72505394728,KEWR,KLGA,72502014734,F1417,KNYC,72503014732",
New York,2024-02-03,43.4,32.7,37.7,37.9,24.4,30.9,21.1,51.8,0.0,0.0,0.0,,0.0,0.0,26.4,14.0,7.5,1017.0,35.0,9.9,137.4,11.9,6,10.0,2024-02-03T07:04:32,2024-02-03T17:15:40,0.79,Partially cloudy,Clearing in the afternoon.,partly-cloudy-day,"72505394728,KEWR,KLGA,72502014734,F1417,KNYC,72503014732",
New York,2024-02-04,46.2,30.7,37.8,43.9,23.7,33.0,19.5,48.3,0.0,0.0,0.0,,0.0,0.0,20.8,11.3,3.6,1015.3,5.7,9.9,146.4,12.6,6,10.0,2024-02-04T07:03:30,2024-02-04T17:16:55,0.83,Clear,Clear conditions throughout the day.,clear-day,"72505394728,KEWR,KLGA,72502014734,F1417,KNYC,72503014732",
New York,2024-02-05,44.7,31.9,37.3,39.6,25.5,31.0,15.0,40.9,0.0,0.0,0.0,,0.0,0.0,30.8,17.0,9.6,1014.0,4.4,9.9,145.5,12.5,6,10.0,2024-02-05T07:02:27,2024-02-05T17:18:09,0.86,Clear,Clear conditions throughout the day.,clear-day,"72505394728,KEWR,KLGA,72502014734,F1417,KNYC,72503014732",
New York,2024-02-06,41.8,28.7,35.0,38.1,20.8,28.7,14.8,43.4,0.0,0.0,0.0,,0.0,0.0,17.2,12.3,24.6,1021.3,1.7,9.9,149.5,12.9,6,10.0,2024-02-06T07:01:22,2024-02-06T17:19:23,0.89,Clear,Clear conditions throughout the day.,clear-day,"72505394728,KEWR,KLGA,72502014734,F1417,KNYC,72503014732",
New York,2024-02-07,47.7,32.8,40.0,47.3,27.2,36.4,20.9,47.0,0.0,0.0,0.0,,0.0,0.0,17.2,8.6,25.7,1025.2,13.6,9.9,152.8,13.2,6,10.0,2024-02-07T07:00:16,2024-02-07T17:20:38,0.93,Clear,Clear conditions throughout the day.,clear-day,"72505394728,KEWR,KLGA,72502014734,F1417,KNYC,72503014732",
New York,2024-02-08,52.0,36.2,43.9,52.0,34.5,42.6,25.4,49.4,0.0,0.0,0.0,,0.0,0.0,10.1,6.8,102.5,1025.3,25.1,9.9,132.2,11.4,6,10.0,2024-02-08T06:59:08,2024-02-08T17:21:52,0.96,Partially cloudy,Partly cloudy throughout the day.,partly-cloudy-day,"72505394728,KEWR,KLGA,72502014734,F1417,KNYC,72503014732",
New York,2024-02-09,53.3,42.7,46.6,53.3,39.3,45.0,35.8,66.3,0.0,0.0,0.0,,0.0,0.0,23.0,9.5,156.4,1019.0,36.5,9.9,120.3,10.4,6,10.0,2024-02-09T06:57:59,2024-02-09T17:23:06,0.0,Partially cloudy,Becoming cloudy in the afternoon.,partly-cloudy-day,"72505394728,KEWR,KLGA,72502014734,F1417,KNYC,72503014732",
New York,2024-02-10,59.2,44.9,52.5,59.2,42.4,52.1,39.9,62.5,0.0,0.0,0.0,,0.0,0.0,14.1,10.0,239.0,1010.8,49.2,9.7,64.4,5.5,3,10.0,2024-02-10T06:56:48,2024-02-10T17:24:19,0.03,Partially cloudy,Partly cloudy throughout the day.,partly-cloudy-day,"72505394728,KEWR,72502014734,KLGA,F1417,KNYC,72503014732",
New York,2024-02-11,55.1,44.0,47.6,55.1,40.1,44.6,32.5,56.0,0.0,0.0,0.0,,0.0,0.0,24.2,11.2,313.4,1012.5,49.6,9.9,56.3,4.7,2,10.0,2024-02-11T06:55:36,2024-02-11T17:25:33,0.06,Partially cloudy,Becoming cloudy in the afternoon.,partly-cloudy-day,"72505394728,KEWR,KLGA,72502014734,F1417,KNYC,72503014732",
New York,2024-02-12,47.0,37.3,42.2,46.7,33.6,39.4,28.2,57.8,0.0,0.0,0.0,,0.0,0.0,10.3,8.8,6.7,1011.9,59.1,9.9,114.4,10.0,6,10.0,2024-02-12T06:54:22,2024-02-12T17:26:46,0.09,Partially cloudy,Clearing in the afternoon.,partly-cloudy-day,"72505394728,KEWR,KLGA,72502014734,F1417,KNYC,72503014732",
New York,2024-02-13,40.3,33.2,36.8,34.8,23.4,29.1,27.9,71.6,0.689,100.0,50.0,"rain,snow",4.2,2.2,30.1,17.4,351.2,1003.1,84.8,6.2,36.3,3.1,2,10.0,2024-02-13T06:53:07,2024-02-13T17:28:00,0.13,"Snow, Rain, Partially cloudy",Partly cloudy throughout the day with a chance of rain or snow throughout the day.,snow,"72505394728,KEWR,KLGA,72502014734,F1417,KNYC,72503014732",
New York,2024-02-14,38.2,29.5,33.4,32.3,16.7,23.6,12.3,41.6,0.0,0.0,0.0,,0.0,3.2,36.0,21.9,298.5,1015.7,19.4,9.9,169.8,14.6,7,10.0,2024-02-14T06:51:51,2024-02-14T17:29:13,0.16,Clear,Clear conditions throughout the day.,clear-day,"72505394728,KEWR,KLGA,72502014734,F1417,KNYC,72503014732",
New York,2024-02-15,38.6,27.2,33.1,33.9,19.1,26.6,15.5,48.5,0.0,0.0,0.0,,0.0,1.8,26.7,12.9,252.7,1017.8,33.1,9.9,135.7,11.7,6,10.0,2024-02-15T06:50:34,2024-02-15T17:30:25,0.2,Partially cloudy,Partly cloudy throughout the day.,partly-cloudy-day,"72505394728,KEWR,KLGA,72502014734,F1417,KNYC,72503014732",
New York,2024-02-16,42.6,36.2,38.9,39.1,26.2,32.1,15.4,39.3,0.0,0.0,0.0,,0.0,0.1,36.2,18.9,291.9,1010.9,30.0,9.9,169.9,14.7,7,10.0,2024-02-16T06:49:15,2024-02-16T17:31:38,0.25,Partially cloudy,Partly cloudy throughout the day.,partly-cloudy-day,"72505394728,KEWR,KLGA,72502014734,F1417,KNYC,72503014732",
New York,2024-02-17,36.4,28.3,32.3,36.4,19.2,25.5,21.0,65.4,0.214,100.0,33.33,"rain,snow",3.3,2.3,29.3,17.6,313.3,1009.3,81.3,6.5,64.3,5.6,6,10.0,2024-02-17T06:47:55,2024-02-17T17:32:50,0.27,"Snow, Rain, Partially cloudy",Partly cloudy throughout the day with rain or snow clearing later.,snow,"72505394728,KEWR,KLGA,72502014734,F1417,KNYC,72503014732",
New York,2024-02-18,40.3,25.6,33.0,38.7,15.2,25.7,12.6,43.5,0.0,0.0,0.0,,0.0,0.2,33.3,17.0,242.1,1011.4,11.5,9.9,177.1,15.2,7,10.0,2024-02-18T06:46:34,2024-02-18T17:34:02,0.3,Clear,Clear conditions throughout the day.,clear-day,"72505394728,KEWR,KLGA,72502014734,F1417,KNYC,72503014732",
New York,2024-02-19,40.2,32.3,36.4,35.9,24.8,30.3,11.9,36.6,0.0,0.0,0.0,,0.0,0.0,29.6,20.1,302.4,1020.4,3.3,9.9,175.7,15.3,7,10.0,2024-02-19T06:45:12,2024-02-19T17:35:14,0.33,Clear,Clear conditions throughout the day.,clear-day,"72505394728,KEWR,KLGA,72502014734,F1417,KNYC,72503014732",
New York,2024-02-20,38.4,25.9,32.2,35.3,17.1,26.5,9.5,38.7,0.0,0.0,0.0,,0.0,0.0,23.0,9.3,51.7,1031.4,8.5,9.9,179.8,15.5,7,10.0,2024-02-20T06:43:49,2024-02-20T17:36:25,0.37,Clear,Clear conditions throughout the day.,clear-day,"72505394728,KEWR,KLGA,72502014734,F1417,KNYC,72503014732",
New York,2024-02-21,41.4,30.1,35.3,36.3,24.2,31.1,21.9,58.3,0.0,0.0,0.0,,0.0,0.0,17.2,8.6,82.1,1030.0,75.2,9.9,75.0,6.5,3,10.0,2024-02-21T06:42:25,2024-02-21T17:37:36,0.4,Partially cloudy,Partly cloudy throughout the day.,partly-cloudy-day,"72505394728,KEWR,KLGA,72502014734,F1417,KNYC,72503014732",
New York,2024-02-22,44.3,34.9,39.4,40.4,31.0,35.9,29.3,67.2,0.023,100.0,16.67,rain,0.0,0.0,21.9,12.5,159.5,1015.6,73.3,9.8,107.4,9.2,5,10.0,2024-02-22T06:41:00,2024-02-22T17:38:47,0.44,"Rain, Partially cloudy",Partly cloudy throughout the day with late afternoon rain.,rain,"72505394728,KEWR,KLGA,72502014734,F1417,KNYC,72503014732",
New York,2024-02-23,47.0,41.6,44.5,47.0,38.8,42.6,38.3,79.0,0.065,100.0,25.0,rain,0.0,0.0,11.6,6.2,358.1,999.4,81.0,7.7,45.6,4.0,2,10.0,2024-02-23T06:39:33,2024-02-23T17:39:57,0.47,"Rain, Partially cloudy",Partly cloudy throughout the day with early morning rain.,rain,"72505394728,KEWR,KLGA,72502014734,F1417,KNYC,72503014732",
New York,2024-02-24,44.1,30.3,40.0,40.8,22.8,34.2,19.0,46.5,0.0,0.0,0.0,,0.0,0.0,30.6,14.9,323.0,1005.2,40.8,9.9,145.6,12.6,7,10.0,2024-02-24T06:38:06,2024-02-24T17:41:07,0.5,Partially cloudy,Partly cloudy throughout the day.,partly-cloudy-day,"72505394728,KEWR,KLGA,72502014734,F1417,KNYC,72503014732",
New York,2024-02-25,39.6,23.3,31.6,36.9,16.2,26.0,9.9,40.9,0.0,0.0,0.0,,0.0,0.0,25.3,13.2,351.6,1019.5,6.5,9.9,187.8,16.3,7,10.0,2024-02-25T06:36:38,2024-02-25T17:42:17,0.54,Clear,Clear conditions throughout the day.,clear-day,"72505394728,KEWR,KLGA,72502014734,F1417,KNYC,72503014732",
New York,2024-02-26,54.0,35.3,43.3,54.0,28.1,40.3,28.8,57.0,0.01,100.0,4.17,rain,0.0,0.0,21.9,9.4,209.7,1017.2,52.7,9.9,114.9,10.1,6,10.0,2024-02-26T06:35:10,2024-02-26T17:43:27,0.57,"Rain, Partially cloudy",Partly cloudy throughout the day with morning rain.,rain,"72505394728,KEWR,KLGA,72502014734,F1417,KNYC,72503014732",
New York,2024-02-27,53.8,39.8,47.3,53.8,36.7,45.8,40.4,77.7,0.438,100.0,20.83,rain,0.0,0.0,33.8,10.4,94.9,1015.0,63.4,7.3,110.0,9.5,6,10.0,2024-02-27T06:33:40,2024-02-27T17:44:36,0.61,"Rain, Partially cloudy",Clearing in the afternoon with late afternoon rain.,rain,"72505394728,KEWR,KLGA,72502014734,F1417,KNYC,72503014732",
New York,2024-02-28,60.5,47.6,54.3,60.5,39.1,54.0,49.1,82.8,0.211,100.0,66.67,rain,0.0,0.0,50.2,27.5,194.3,1005.0,99.1,6.8,27.6,2.4,2,10.0,2024-02-28T06:32:09,2024-02-28T17:45:45,0.64,"Rain, Overcast",Cloudy skies throughout the day with a chance of rain throughout the day.,rain,"72505394728,KEWR,KLGA,72502014734,F1417,KNYC,72503014732",
New York,2024-02-29,44.4,32.0,37.1,36.2,20.9,28.8,12.2,35.8,0.0,0.0,0.0,,0.0,0.0,43.7,22.2,296.3,1022.9,33.7,9.9,150.6,12.9,7,10.0,2024-02-29T06:30:38,2024-02-29T17:46:53,0.67,Partially cloudy,Partly cloudy throughout the day.,partly-cloudy-day,"72505394728,KEWR,KLGA,72502014734,F1417,KNYC,72503014732",
New York,2024-03-01,46.1,30.1,37.7,44.4,22.0,33.3,18.2,45.9,0.0,0.0,0.0,,0.0,0.0,23.0,16.0,201.9,1035.0,21.9,9.9,195.0,16.9,7,10.0,2024-03-01T06:29:06,2024-03-01T17:48:02,0.71,Partially cloudy,Partly cloudy throughout the day.,partly-cloudy-day,"72505394728,KEWR,KLGA,72502014734,F1417,KNYC,72503014732",
New York,2024-03-02,54.5,42.2,46.7,54.5,39.2,44.8,41.6,82.8,1.247,100.0,62.5,rain,0.0,0.0,28.3,12.2,80.3,1025.5,99.7,5.3,16.3,1.4,1,10.0,2024-03-02T06:27:34,2024-03-02T17:49:10,0.74,"Rain, Overcast",Cloudy skies throughout the day with rain.,rain,"72505394728,KEWR,KLGA,72502014734,F1417,KNYC,72503014732",
New York,2024-03-03,66.4,47.9,56.5,66.4,44.5,55.6,41.4,57.5,0.003,100.0,4.17,rain,0.0,0.0,21.9,8.9,324.7,1021.0,58.1,9.5,206.1,18.0,7,10.0,2024-03-03T06:26:01,2024-03-03T17:50:17,0.75,"Rain, Partially cloudy",Partly cloudy throughout the day with early morning rain.,rain,"72505394728,KEWR,KLGA,72502014734,F1417,KNYC,72503014732",
New York,2024-03-04,57.5,45.9,51.5,57.5,41.7,50.2,42.6,72.0,0.0,0.0,0.0,,0.0,0.0,21.1,10.8,86.1,1027.5,84.1,9.8,99.4,8.5,8,10.0,2024-03-04T06:24:27,2024-03-04T17:51:25,0.81,Partially cloudy,Partly cloudy throughout the day.,partly-cloudy-day,"72505394728,KEWR,KLGA,72502014734,F1417,KNYC,72503014732",
New York,2024-03-05,48.1,42.5,44.6,46.1,33.7,39.7,41.2,87.7,0.407,100.0,54.17,rain,0.0,0.0,32.5,20.5,56.7,1020.9,100.0,4.9,34.7,3.0,2,10.0,2024-03-05T06:22:52,2024-03-05T17:52:32,0.84,"Rain, Overcast",Cloudy skies throughout the day with rain.,rain,"72505394728,KEWR,KLGA,72502014734,F1417,KNYC,72503014732",
New York,2024-03-06,51.7,46.5,48.7,51.7,40.4,46.6,44.8,86.5,1.121,100.0,41.67,rain,0.0,0.0,32.2,15.2,52.1,1015.1,99.7,5.1,31.7,2.7,1,10.0,2024-03-06T06:21:17,2024-03-06T17:53:39,0.88,"Rain, Overcast",Cloudy skies throughout the day with rain.,rain,"72505394728,KEWR,KLGA,72502014734,F1417,KNYC,72503014732",
New York,2024-03-07,54.1,45.9,50.5,54.1,41.7,49.1,42.2,73.8,0.135,100.0,29.17,rain,0.0,0.0,30.8,15.5,1.5,1011.8,94.2,9.0,70.9,6.1,3,10.0,2024-03-07T06:19:42,2024-03-07T17:54:45,0.91,"Rain, Overcast",Cloudy skies throughout the day with rain clearing later.,rain,"72505394728,KEWR,KLGA,72502014734,F1417,KNYC,72503014732",
New York,2024-03-08,55.4,40.3,46.5,55.4,35.2,43.5,28.7,52.4,0.0,0.0,0.0,,0.0,0.0,21.9,11.7,54.6,1024.8,26.4,9.9,210.5,18.1,7,10.0,2024-03-08T06:18:06,2024-03-08T17:55:52,0.94,Partially cloudy,Partly cloudy throughout the day.,partly-cloudy-day,"72505394728,KEWR,KLGA,72502014734,F1417,KNYC,72503014732",
New York,2024-03-09,47.7,41.9,43.7,45.1,35.4,38.3,37.0,77.5,1.392,100.0,45.83,rain,0.0,0.0,39.1,19.4,109.6,1017.1,97.1,7.1,25.6,2.0,1,10.0,2024-03-09T06:16:29,2024-03-09T17:56:58,0.98,"Rain, Overcast",Cloudy skies throughout the day with rain.,rain,"72505394728,KEWR,KLGA,72502014734,F1417,KNYC,72503014732",
New York,2024-03-10,49.7,38.4,44.8,44.9,31.1,38.7,34.0,66.9,0.118,100.0,20.83,rain,0.0,0.0,46.1,23.8,284.3,996.4,93.8,8.5,75.1,6.3,4,10.0,2024-03-10T07:14:52,2024-03-10T18:58:03,0.0,"Rain, Overcast",Cloudy skies throughout the day with rain.,rain,"72505394728,KEWR,KLGA,72502014734,F1417,KNYC,72503014732",
New York,2024-03-11,52.2,35.6,43.7,52.2,25.3,37.1,17.0,37.0,0.0,0.0,0.0,,0.0,0.0,48.2,28.0,295.3,1004.0,49.7,9.9,223.7,19.1,8,10.0,2024-03-11T07:13:15,2024-03-11T18:59:09,0.04,Partially cloudy,Clearing in the afternoon.,partly-cloudy-day,"72505394728,KEWR,KLGA,72502014734,F1417,KNYC,72503014732",
New York,2024-03-12,65.9,44.2,54.3,65.9,39.0,52.1,23.0,29.7,0.0,0.0,0.0,,0.0,0.0,33.3,16.9,276.9,1009.6,17.3,9.9,221.9,19.2,8,10.0,2024-03-12T07:11:37,2024-03-12T19:00:14,0.08,Clear,Clear conditions throughout the day.,clear-day,"72505394728,KEWR,KLGA,72502014734,F1417,KNYC,72503014732",
New York,2024-03-13,61.4,48.9,54.5,61.4,48.7,54.4,31.6,43.2,0.0,0.0,0.0,,0.0,0.0,21.9,11.7,123.8,1012.6,25.2,9.9,166.6,14.3,6,10.0,2024-03-13T07:10:00,2024-03-13T19:01:20,0.11,Partially cloudy,Partly cloudy throughout the day.,partly-cloudy-day,"72505394728,KEWR,KLGA,72502014734,F1417,KNYC,72503014732",
New York,2024-03-14,72.8,45.3,56.4,72.8,42.7,55.8,39.0,56.1,0.0,0.0,0.0,,0.0,0.0,20.8,9.0,92.5,1015.4,26.0,9.8,214.6,18.4,8,10.0,2024-03-14T07:08:21,2024-03-14T19:02:25,0.14,Partially cloudy,Partly cloudy throughout the day.,partly-cloudy-day,"72505394728,KEWR,KLGA,72502014734,F1417,KNYC,72503014732",
New York,2024-03-15,70.7,52.9,61.1,70.7,52.9,61.1,42.6,51.3,0.0,0.0,0.0,,0.0,0.0,30.8,16.3,294.3,1006.9,61.1,9.9,134.5,11.7,7,10.0,2024-03-15T07:06:43,2024-03-15T19:03:29,0.18,Partially cloudy,Partly cloudy throughout the day.,partly-cloudy-day,"72505394728,KEWR,KLGA,72502014734,F1417,KNYC,72503014732",
New York,2024-03-16,60.1,47.0,53.0,60.1,44.3,52.4,35.5,52.6,0.0,0.0,0.0,,0.0,0.0,24.8,11.0,260.3,1009.0,42.3,9.9,236.0,20.3,10,10.0,2024-03-16T07:05:04,2024-03-16T19:04:34,0.21,Partially cloudy,Partly cloudy throughout the day.,partly-cloudy-day,"72505394728,KEWR,KLGA,72502014734,F1417,KNYC,72503014732",
New York,2024-03-17,62.0,50.9,55.4,62.0,50.9,55.4,31.8,43.9,0.0,0.0,0.0,,0.0,0.0,33.6,21.6,261.8,1002.2,56.4,9.9,190.0,16.4,8,10.0,2024-03-17T07:03:25,2024-03-17T19:05:38,0.25,Partially cloudy,Partly cloudy throughout the day.,partly-cloudy-day,"72505394728,KEWR,KLGA,72502014734,F1417,KNYC,72503014732",
New York,2024-03-18,50.2,40.3,45.9,50.2,33.0,41.1,20.8,37.1,0.0,0.0,0.0,,0.0,0.0,29.7,16.5,302.1,1005.9,79.0,9.9,171.6,14.7,8,10.0,2024-03-18T07:01:46,2024-03-18T19:06:42,0.28,Partially cloudy,Partly cloudy throughout the day.,partly-cloudy-day,"72505394728,KEWR,KLGA,72502014734,F1417,KNYC,72503014732",
New York,2024-03-19,47.4,35.8,40.7,42.6,27.2,34.1,18.6,42.4,0.0,0.0,0.0,,0.0,0.0,34.3,18.3,279.2,1007.2,64.3,9.9,204.5,17.6,9,10.0,2024-03-19T07:00:07,2024-03-19T19:07:47,0.31,Partially cloudy,Partly cloudy throughout the day.,partly-cloudy-day,"72505394728,KEWR,KLGA,72502014734,F1417,KNYC,72503014732",
New York,2024-03-20,55.7,37.3,45.2,55.7,27.7,41.7,27.7,51.3,0.016,100.0,4.17,rain,0.0,0.0,37.6,17.9,271.2,1004.9,84.3,9.9,76.3,6.5,3,10.0,2024-03-20T06:58:27,2024-03-20T19:08:50,0.34,"Rain, Partially cloudy",Partly cloudy throughout the day with late afternoon rain.,rain,"72505394728,KEWR,KLGA,72502014734,F1417,KNYC,72503014732",
New York,2024-03-21,42.2,30.1,35.8,35.9,20.1,27.1,7.9,31.4,0.0,0.0,0.0,,0.0,0.0,35.6,22.0,296.5,1018.5,19.4,9.9,255.3,22.2,9,10.0,2024-03-21T06:56:48,2024-03-21T19:09:54,0.38,Clear,Clear conditions throughout the day.,clear-day,"72505394728,KEWR,KLGA,72502014734,F1417,KNYC,72503014732",
New York,2024-03-22,43.5,29.2,35.9,41.3,20.7,30.8,14.2,41.6,0.0,0.0,0.0,,0.0,0.0,26.4,13.8,288.8,1027.4,45.3,9.9,194.6,16.8,8,10.0,2024-03-22T06:55:09,2024-03-22T19:10:58,0.41,Partially cloudy,Becoming cloudy in the afternoon.,partly-cloudy-day,"72505394728,KEWR,KLGA,72502014734,F1417,KNYC,72503014732",
New York,2024-03-23,48.0,38.1,42.7,43.5,28.7,37.3,37.5,82.1,3.204,100.0,66.67,rain,0.0,0.0,39.1,17.6,11.3,1012.1,98.9,5.3,15.3,1.3,1,10.0,2024-03-23T06:53:29,2024-03-23T19:12:01,0.45,"Rain, Overcast",Cloudy skies throughout the day with a chance of rain throughout the day.,rain,"72505394728,KEWR,KLGA,72502014734,F1417,KNYC,72503014732",
New York,2024-03-24,47.3,31.3,38.7,42.7,22.1,31.6,15.5,39.9,0.0,0.0,0.0,,0.0,0.0,35.9,18.8,3.8,1022.8,9.6,9.9,254.0,21.9,8,10.0,2024-03-24T06:51:50,2024-03-24T19:13:05,0.48,Clear,Clear conditions throughout the day.,clear-day,"72505394728,KEWR,KLGA,72502014734,F1417,KNYC,72503014732",
New York,2024-03-25,51.2,34.9,42.6,51.2,28.0,37.5,21.5,43.8,0.0,0.0,0.0,,0.0,0.0,32.9,21.6,49.7,1029.9,8.4,9.9,255.5,22.0,8,10.0,2024-03-25T06:50:10,2024-03-25T19:14:08,0.5,Clear,Clear conditions throughout the day.,clear-day,"72505394728,KEWR,KLGA,72502014734,F1417,KNYC,72503014732",
New York,2024-03-26,52.2,38.9,45.3,52.2,32.1,41.8,29.2,54.0,0.0,0.0,0.0,,0.0,0.0,25.4,13.5,46.8,1022.9,87.8,9.9,161.3,13.9,7,10.0,2024-03-26T06:48:31,2024-03-26T19:15:11,0.55,Partially cloudy,Partly cloudy throughout the day.,partly-cloudy-day,"72505394728,KEWR,KLGA,72502014734,F1417,KNYC,72503014732",
New York,2024-03-27,51.5,41.8,46.4,51.5,38.4,45.0,38.9,75.1,0.021,100.0,8.33,rain,0.0,0.0,19.7,9.6,37.8,1019.2,99.8,8.2,51.2,4.5,3,10.0,2024-03-27T06:46:52,2024-03-27T19:16:15,0.58,"Rain, Overcast",Cloudy skies throughout the day with late afternoon rain.,rain,"72505394728,KEWR,KLGA,72502014734,F1417,KNYC,72503014732",
New York,2024-03-28,50.1,45.6,48.4,50.1,41.0,46.1,44.1,85.2,0.69,100.0,87.5,rain,0.0,0.0,23.0,13.2,347.3,1014.0,99.5,6.9,26.8,2.4,1,10.0,2024-03-28T06:45:12,2024-03-28T19:17:18,0.62,"Rain, Overcast",Cloudy skies throughout the day with a chance of rain throughout the day.,rain,"72505394728,KEWR,KLGA,72502014734,F8726,F1417,KNYC,72503014732",
New York,2024-03-29,55.3,42.2,47.0,55.3,35.1,42.2,22.0,37.9,0.0,0.0,0.0,,0.0,0.0,40.0,29.8,309.4,1007.4,36.2,9.9,261.6,22.7,9,10.0,2024-03-29T06:43:34,2024-03-29T19:18:21,0.65,Partially cloudy,Partly cloudy throughout the day.,partly-cloudy-day,"72505394728,KEWR,KLGA,72502014734,F1417,KNYC,72503014732",
New York,2024-03-30,61.5,41.3,49.9,61.5,34.4,46.7,24.7,40.2,0.012,100.0,8.33,rain,0.0,0.0,28.4,16.5,283.6,1008.1,40.7,9.9,240.1,20.8,9,10.0,2024-03-30T06:41:55,2024-03-30T19:19:24,0.69,"Rain, Partially cloudy",Partly cloudy throughout the day with late afternoon rain.,rain,"72505394728,KEWR,KLGA,72502014734,F1417,KNYC,72503014732",
New York,2024-03-31,61.0,47.9,54.0,61.0,44.5,53.3,34.2,49.7,0.039,100.0,8.33,rain,0.0,0.0,32.2,15.2,291.2,1010.9,41.3,9.8,246.7,21.4,9,10.0,2024-03-31T06:40:16,2024-03-31T19:20:27,0.72,"Rain, Partially cloudy",Partly cloudy throughout the day with early morning rain.,rain,"72505394728,KEWR,KLGA,72502014734,F1417,KNYC,72503014732",
London,2023-10-01,71.9,60.2,65.7,71.9,60.2,65.7,59.5,80.9,0.0,0.0,0.0,,0.0,0.0,16.4,10.8,212.3,1020.1,74.2,8.9,56.5,4.9,3,,2023-10-01T07:00:33,2023-10-01T18:39:07,0.57,Partially cloudy,Partly cloudy throughout the day.,partly-cloudy-day,"03769099999,03680099999,D5621,03781099999,03672099999,03772099999,03770099999",
London,2023-10-02,68.3,61.1,63.9,68.3,61.1,63.9,60.3,88.3,0.0,0.0,0.0,,0.0,0.0,16.6,10.4,168.9,1016.0,92.4,6.0,41.5,3.6,2,,2023-10-02T07:02:12,2023-10-02T18:36:51,0.6,Overcast,Cloudy skies throughout the day.,cloudy,"03769099999,03680099999,D5621,03781099999,03672099999,03772099999,03770099999",
London,2023-10-03,65.0,54.8,60.0,65.0,54.8,60.0,51.2,74.0,0.024,100.0,4.17,rain,0.0,0.0,26.2,16.2,269.1,1018.1,54.9,12.9,62.1,5.3,5,,2023-10-03T07:03:50,2023-10-03T18:34:34,0.63,"Rain, Partially cloudy",Partly cloudy throughout the day with morning rain.,rain,"03769099999,03680099999,D5621,03768399999,03781099999,03672099999,03761099999,EGLC,03658099999,03772099999,03770099999",
London,2023-10-04,64.5,52.1,57.9,64.5,52.1,57.9,49.6,75.3,0.008,100.0,4.17,rain,0.0,0.0,29.8,15.2,246.5,1025.8,47.6,11.9,65.5,5.6,4,,2023-10-04T07:05:29,2023-10-04T18:32:19,0.66,"Rain, Partially cloudy",Partly cloudy throughout the day with morning rain.,rain,"03769099999,EGWU,03680099999,EGLL,D5621,03781099999,03672099999,03768099999,EGLC,03772099999,03770099999",
London,2023-10-05,65.4,56.0,59.7,65.4,56.0,59.7,50.5,72.1,0.0,0.0,0.0,,0.0,0.0,21.0,12.0,233.9,1024.2,62.7,12.2,51.7,4.4,3,,2023-10-05T07:07:07,2023-10-05T18:30:03,0.7,Partially cloudy,Partly cloudy throughout the day.,partly-cloudy-day,"03769099999,EGWU,03680099999,EGLL,D5621,03781099999,03672099999,03768099999,03684099999,EGLC,03772099999,03770099999",
London,2023-10-06,69.9,57.5,62.2,69.9,57.5,62.2,54.2,76.0,0.0,0.0,0.0,,0.0,0.0,18.1,14.5,235.5,1023.0,38.6,11.1,53.6,4.6,3,,2023-10-06T07:08:47,2023-10-06T18:27:48,0.75,Partially cloudy,Partly cloudy throughout the day.,partly-cloudy-day,"03769099999,03680099999,D5621,03781099999,03672099999,03772099999,03770099999",
London,2023-10-07,75.5,59.1,65.4,75.5,59.1,65.4,56.1,73.0,0.0,0.0,0.0,,0.0,0.0,19.1,13.9,233.1,1022.8,24.7,11.0,65.1,5.7,4,,2023-10-07T07:10:26,2023-10-07T18:25:34,0.76,Partially cloudy,Partly cloudy throughout the day.,partly-cloudy-day,"03769099999,03680099999,D5621,03781099999,03672099999,03772099999,03770099999",
London,2023-10-08,77.3,55.7,64.7,77.3,55.7,64.7,55.0,73.3,0.0,0.0,0.0,,0.0,0.0,11.9,8.8,239.5,1023.9,18.7,13.0,55.5,4.7,3,,2023-10-08T07:12:06,2023-10-08T18:23:20,0.79,Clear,Clear conditions throughout the day.,clear-day,"03769099999,03680099999,D5621,03781099999,03672099999,03772099999,03770099999",
London,2023-10-09,76.7,56.6,63.9,76.7,56.6,63.9,56.0,77.0,0.0,0.0,0.0,,0.0,0.0,9.5,6.0,249.7,1021.4,11.5,11.6,57.3,4.9,3,,2023-10-09T07:13:46,2023-10-09T18:21:07,0.83,Clear,Clear conditions throughout the day.,clear-day,"03769099999,03680099999,D5621,03781099999,03672099999,03772099999,03770099999",
London,2023-10-10,74.9,54.8,63.3,74.9,54.8,63.3,56.4,79.7,0.0,0.0,0.0,,0.0,0.0,20.8,13.5,228.2,1017.2,16.4,8.7,62.2,5.4,4,,2023-10-10T07:15:26,2023-10-10T18:18:54,0.86,Clear,Clear conditions throughout the day.,clear-day,"03769099999,03680099999,D5621,03781099999,03672099999,03772099999,03770099999",
London,2023-10-11,68.6,59.3,63.3,68.6,59.3,63.3,57.8,82.6,0.0,0.0,0.0,,0.0,0.0,21.4,13.1,220.6,1012.8,87.5,6.4,35.7,3.1,2,,2023-10-11T07:17:07,2023-10-11T18:16:42,0.89,Partially cloudy,Partly cloudy throughout the day.,partly-cloudy-day,"03769099999,03680099999,D5621,03781099999,03672099999,03772099999,03770099999",
London,2023-10-12,61.1,55.7,58.9,61.1,55.7,58.9,57.3,94.4,0.001,100.0,4.17,rain,0.0,0.0,16.4,8.4,260.5,1011.6,97.9,5.2,22.7,1.9,1,,2023-10-12T07:18:48,2023-10-12T18:14:31,0.93,"Rain, Overcast",Cloudy skies throughout the day with morning rain.,rain,"03769099999,EGWU,EGLL,03768399999,03781099999,03672099999,03684099999,03768099999,03772099999,03680099999,D5621,EGLC,03770099999",
London,2023-10-13,69.2,51.0,62.9,69.2,51.0,62.9,58.0,84.4,0.003,100.0,12.5,rain,0.0,0.0,34.7,21.3,229.8,1002.0,84.4,7.4,31.7,2.7,2,,2023-10-13T07:20:29,2023-10-13T18:12:20,0.96,"Rain, Partially cloudy",Partly cloudy throughout the day with rain.,rain,"03769099999,03680099999,D5621,03781099999,03672099999,03772099999,03770099999",
London,2023-10-14,58.2,45.7,50.5,58.2,41.8,48.4,42.4,75.1,0.125,100.0,4.17,rain,0.0,0.0,16.7,11.0,287.9,1016.3,17.3,13.8,54.3,4.8,4,,2023-10-14T07:22:10,2023-10-14T18:10:10,0.0,Rain,Clear conditions throughout the day with morning rain.,rain,"03769099999,03680099999,D5621,03781099999,03672099999,03772099999,03770099999",
London,2023-10-15,52.1,40.2,45.6,52.1,37.3,43.9,35.3,69.4,0.0,0.0,0.0,,0.0,0.0,13.6,9.1,333.9,1025.3,4.0,15.3,57.1,5.0,4,,2023-10-15T07:23:52,2023-10-15T18:08:01,0.03,Clear,Clear conditions throughout the day.,clear-day,"03769099999,03680099999,D5621,03781099999,03672099999,03772099999,03770099999",
London,2023-10-16,54.8,38.0,47.3,54.8,38.0,47.1,38.9,73.5,0.0,0.0,0.0,,0.0,0.0,15.5,9.3,68.6,1021.8,48.9,15.2,47.3,4.1,2,,2023-10-16T07:25:34,2023-10-16T18:05:52,0.06,Partially cloudy,Partly cloudy throughout the day.,partly-cloudy-day,"03769099999,03680099999,D5621,03781099999,03672099999,03772099999,03770099999",
London,2023-10-17,59.3,51.5,54.8,59.3,51.5,54.8,43.4,65.6,0.0,0.0,0.0,,0.0,0.0,25.5,19.5,90.9,1014.2,51.5,14.0,51.0,4.5,4,,2023-10-17T07:27:17,2023-10-17T18:03:45,0.1,Partially cloudy,Partly cloudy throughout the day.,partly-cloudy-day,"03769099999,EGWU,03680099999,D5621,03882099999,03768399999,03781099999,03672099999,03684099999,EGLC,03772099999,03770099999",
London,2023-10-18,62.0,53.9,56.2,62.0,53.9,56.2,50.6,81.7,0.002,100.0,8.33,rain,0.0,0.0,30.8,19.4,105.5,995.5,74.5,8.2,29.3,2.5,2,,2023-10-18T07:28:59,2023-10-18T18:01:38,0.13,"Rain, Partially cloudy",Partly cloudy throughout the day with late afternoon rain.,rain,"03769099999,03680099999,D5621,03781099999,03672099999,F6665,03772099999,03770099999",
London,2023-10-19,65.6,58.7,61.7,65.6,58.7,61.7,57.6,86.8,0.439,100.0,8.33,rain,0.0,0.0,36.7,16.3,180.1,983.7,91.6,7.8,46.5,4.0,3,,2023-10-19T07:30:42,2023-10-19T17:59:33,0.17,"Rain, Overcast",Cloudy skies throughout the day with rain.,rain,"03769099999,03680099999,D5621,03781099999,03672099999,03772099999,03770099999",
London,2023-10-20,64.5,55.7,58.9,64.5,55.7,58.9,55.8,89.9,0.921,100.0,12.5,rain,0.0,0.0,15.6,10.0,223.4,976.6,78.7,10.5,23.1,2.1,2,,2023-10-20T07:32:26,2023-10-20T17:57:28,0.2,"Rain, Partially cloudy",Partly cloudy throughout the day with rain clearing later.,rain,"03769099999,03680099999,D5621,03781099999,03672099999,03772099999,03770099999",
London,2023-10-21,61.8,51.1,56.2,61.8,51.1,56.2,53.4,90.6,0.001,100.0,4.17,rain,0.0,0.0,19.9,10.2,231.8,984.0,86.5,8.3,39.0,3.3,2,,2023-10-21T07:34:09,2023-10-21T17:55:24,0.24,"Rain, Partially cloudy",Partly cloudy throughout the day with late afternoon rain.,rain,"03769099999,03680099999,D5621,03781099999,03672099999,03772099999,03770099999",
London,2023-10-22,61.1,44.9,51.6,61.1,42.8,50.7,45.3,80.7,0.461,100.0,4.17,rain,0.0,0.0,14.4,9.8,225.2,1004.4,18.7,14.7,61.0,5.3,4,,2023-10-22T07:35:53,2023-10-22T17:53:22,0.25,Rain,Clear conditions throughout the day with morning rain.,rain,"03769099999,03680099999,D5621,03781099999,03672099999,03772099999,03770099999",
London,2023-10-23,59.1,47.4,53.1,59.1,46.7,52.8,49.5,88.3,0.0,0.0,0.0,,0.0,0.0,18.1,10.9,98.0,1007.5,34.2,9.7,41.8,3.7,2,,2023-10-23T07:37:38,2023-10-23T17:51:20,0.31,Partially cloudy,Partly cloudy throughout the day.,partly-cloudy-day,"03769099999,03680099999,D5621,03781099999,03672099999,03768099999,EGLC,03772099999,03770099999",
London,2023-10-24,59.3,47.4,52.1,59.3,45.7,51.9,47.8,86.6,0.001,100.0,4.17,rain,0.0,0.0,15.3,9.3,244.4,1001.0,58.5,10.5,39.9,3.4,4,,2023-10-24T07:39:22,2023-10-24T17:49:20,0.34,"Rain, Partially cloudy",Partly cloudy throughout the day with morning rain.,rain,"03769099999,03680099999,D5621,03781099999,03672099999,03772099999,03770099999",
London,2023-10-25,58.4,47.9,52.1,58.4,46.6,52.0,47.8,85.8,0.109,100.0,4.17,rain,0.0,0.0,13.3,8.7,49.9,995.9,64.1,7.3,35.0,3.0,2,,2023-10-25T07:41:07,2023-10-25T17:47:20,0.38,"Rain, Partially cloudy",Partly cloudy throughout the day with morning rain.,rain,"03769099999,03680099999,D5621,03781099999,03672099999,03772099999,03770099999",
London,2023-10-26,60.9,50.1,54.1,60.9,50.1,54.1,50.1,86.9,0.111,100.0,8.33,rain,0.0,0.0,14.1,9.7,183.8,991.3,64.8,7.8,45.0,3.8,3,,2023-10-26T07:42:52,2023-10-26T17:45:22,0.42,"Rain, Partially cloudy",Partly cloudy throughout the day with morning rain.,rain,"03769099999,03680099999,D5621,03781099999,03672099999,03772099999,03770099999",
London,2023-10-27,59.2,46.7,51.2,59.2,46.7,51.2,48.0,89.2,0.055,100.0,4.17,rain,0.0,0.0,18.9,9.9,197.1,990.1,51.1,9.5,36.9,3.1,4,,2023-10-27T07:44:37,2023-10-27T17:43:26,0.45,"Rain, Partially cloudy",Partly cloudy throughout the day with morning rain.,rain,"03769099999,03680099999,D5621,03781099999,03672099999,F6665,03772099999,03770099999",
London,2023-10-28,59.3,49.4,53.8,59.3,47.3,53.6,50.1,87.9,0.088,100.0,12.5,rain,0.0,0.0,23.1,11.4,166.3,987.7,69.5,9.0,41.3,3.4,3,,2023-10-28T07:46:22,2023-10-28T17:41:30,0.5,"Rain, Partially cloudy",Partly cloudy throughout the day with rain.,rain,"03769099999,03680099999,D5621,03781099999,03672099999,03772099999,03770099999",
London,2023-10-29,54.2,49.2,51.3,54.2,45.6,50.9,48.3,89.2,0.276,100.0,12.5,rain,0.0,0.0,25.8,12.9,211.3,987.9,57.8,10.0,26.4,2.3,2,,2023-10-29T06:48:08,2023-10-29T16:39:36,0.52,"Rain, Partially cloudy",Partly cloudy throughout the day with rain clearing later.,rain,"03769099999,03680099999,D5621,03781099999,03672099999,03772099999,03770099999",
London,2023-10-30,59.1,46.7,52.1,59.1,45.0,52.0,48.7,88.4,0.158,100.0,8.33,rain,0.0,0.0,17.2,8.1,198.6,995.1,47.8,8.6,20.8,1.8,1,,2023-10-30T06:49:54,2023-10-30T16:37:43,0.55,"Rain, Partially cloudy",Partly cloudy throughout the day with rain in the morning and afternoon.,rain,"03769099999,03680099999,D5621,03781099999,03672099999,03684099999,03772099999,03770099999",
London,2023-10-31,58.4,43.9,51.4,58.4,43.9,51.3,48.5,90.5,0.0,0.0,0.0,,0.0,0.0,19.1,10.9,219.5,1000.1,63.5,10.1,31.5,2.6,2,,2023-10-31T06:51:39,2023-10-31T16:35:52,0.59,Partially cloudy,Partly cloudy throughout the day.,partly-cloudy-day,"03769099999,03680099999,D5621,03781099999,03672099999,03772099999,03770099999",
London,2023-11-01,57.5,49.7,54.4,57.5,44.2,54.2,49.7,84.5,0.292,100.0,29.17,rain,0.0,0.0,30.0,16.7,195.3,990.8,74.0,7.9,21.9,1.8,2,,2023-11-01T06:53:25,2023-11-01T16:34:02,0.62,"Rain, Partially cloudy",Partly cloudy throughout the day with rain.,rain,"03769099999,03680099999,D5621,03781099999,03672099999,03772099999,03770099999",
London,2023-11-02,53.0,48.5,50.8,53.0,42.1,48.9,47.6,88.9,0.552,100.0,41.67,rain,0.0,0.0,37.5,22.2,249.7,966.7,92.7,6.9,16.7,1.2,1,,2023-11-02T06:55:12,2023-11-02T16:32:14,0.65,"Rain, Overcast",Cloudy skies throughout the day with rain clearing later.,rain,"03769099999,03680099999,D5621,03781099999,03672099999,03772099999,03770099999",
London,2023-11-03,57.5,45.2,49.9,57.5,40.8,46.9,44.6,82.2,0.0,0.0,0.0,,0.0,0.0,21.6,15.1,243.0,981.7,49.2,11.5,24.5,2.2,1,,2023-11-03T06:56:58,2023-11-03T16:30:28,0.68,Partially cloudy,Partly cloudy throughout the day.,partly-cloudy-day,"03769099999,03680099999,D5621,03781099999,03672099999,03772099999,03770099999",
London,2023-11-04,56.4,42.2,48.6,56.4,38.5,46.3,45.9,90.7,0.071,100.0,8.33,rain,0.0,0.0,23.1,14.2,172.4,970.3,65.4,7.1,19.2,1.6,1,,2023-11-04T06:58:44,2023-11-04T16:28:43,0.71,"Rain, Partially cloudy",Partly cloudy throughout the day with morning rain.,rain,"03769099999,03680099999,D5621,03781099999,03672099999,03772099999,03770099999",
London,2023-11-05,56.6,47.6,50.4,56.6,42.6,48.1,44.9,82.3,0.0,0.0,0.0,,0.0,0.0,25.5,17.1,266.1,980.5,62.6,10.9,43.1,3.8,3,,2023-11-05T07:00:30,2023-11-05T16:27:00,0.75,Partially cloudy,Partly cloudy throughout the day.,partly-cloudy-day,"03769099999,03680099999,D5621,03781099999,03672099999,03772099999,03770099999",
London,2023-11-06,56.0,45.8,50.0,56.0,41.3,47.8,43.6,79.1,0.039,100.0,4.17,rain,0.0,0.0,21.1,15.1,238.3,998.4,30.0,10.6,43.7,3.7,3,,2023-11-06T07:02:16,2023-11-06T16:25:18,0.78,"Rain, Partially cloudy",Partly cloudy throughout the day with morning rain.,rain,"03769099999,EGWU,03680099999,EGLL,D5621,03781099999,03672099999,EGLC,03772099999,03770099999",
London,2023-11-07,54.6,42.9,47.6,54.6,38.7,44.7,43.0,84.5,0.0,0.0,0.0,,0.0,0.0,20.5,13.9,244.0,1008.2,20.6,12.4,46.5,4.0,3,,2023-11-07T07:04:02,2023-11-07T16:23:38,0.81,Partially cloudy,Becoming cloudy in the afternoon.,partly-cloudy-day,"03769099999,03680099999,D5621,03781099999,03672099999,03772099999,03770099999",
London,2023-11-08,55.7,44.0,49.3,55.7,40.0,47.7,46.7,90.8,0.0,0.0,0.0,,0.0,0.0,34.9,17.6,218.6,1004.6,70.5,7.4,14.5,1.1,1,,2023-11-08T07:05:48,2023-11-08T16:22:01,0.84,Partially cloudy,Partly cloudy throughout the day.,partly-cloudy-day,"03769099999,03680099999,D5621,03781099999,03672099999,F6665,03772099999,03770099999",
London,2023-11-09,52.1,42.5,46.8,52.1,38.2,43.7,42.1,83.9,0.196,100.0,8.33,rain,0.0,0.0,18.3,14.6,221.8,996.9,57.9,10.8,34.4,3.0,3,,2023-11-09T07:07:33,2023-11-09T16:20:25,0.87,"Rain, Partially cloudy",Partly cloudy throughout the day with rain in the morning and afternoon.,rain,"03769099999,03680099999,D5621,03781099999,03672099999,03772099999,03770099999",
London,2023-11-10,49.2,40.4,45.6,47.6,34.6,41.8,40.8,83.6,0.0,0.0,0.0,,0.0,0.0,20.5,11.1,271.7,996.3,57.6,11.4,21.8,2.0,1,,2023-11-10T07:09:19,2023-11-10T16:18:51,0.91,Partially cloudy,Partly cloudy throughout the day.,partly-cloudy-day,"03769099999,EGWU,03680099999,EGLL,D5621,03768399999,03781099999,03672099999,03768099999,EGLC,03772099999,03770099999",
London,2023-11-11,52.0,37.7,42.5,52.0,33.2,40.2,38.9,87.9,0.023,100.0,4.17,rain,0.0,0.0,13.0,8.8,281.1,1006.7,14.2,11.5,41.0,3.6,3,,2023-11-11T07:11:04,2023-11-11T16:17:19,0.94,Rain,Clear conditions throughout the day with morning rain.,rain,"03769099999,03680099999,D5621,03781099999,03672099999,03772099999,03770099999",
London,2023-11-12,50.3,41.2,46.5,50.3,37.9,44.5,43.7,90.2,0.008,100.0,4.17,rain,0.0,0.0,14.1,8.2,125.9,1003.5,82.4,8.9,19.2,1.7,1,,2023-11-12T07:12:49,2023-11-12T16:15:49,0.97,"Rain, Partially cloudy",Partly cloudy throughout the day with morning rain.,rain,"03769099999,03680099999,D5621,03781099999,03672099999,03772099999,03770099999",
London,2023-11-13,60.0,49.4,54.7,60.0,46.2,54.3,48.2,80.3,0.667,100.0,16.67,rain,0.0,0.0,38.6,24.0,236.1,998.6,80.4,6.8,23.0,1.9,1,,2023-11-13T07:14:33,2023-11-13T16:14:21,0.0,"Rain, Partially cloudy",Partly cloudy throughout the day with rain clearing later.,rain,"03769099999,03680099999,D5621,03781099999,03672099999,03684099999,03772099999,03770099999",
London,2023-11-14,54.8,48.8,51.5,54.8,44.2,50.2,47.6,86.7,0.402,100.0,16.67,rain,0.0,0.0,26.1,17.3,244.9,1004.4,49.4,7.7,10.0,0.9,0,,2023-11-14T07:16:17,2023-11-14T16:12:56,0.04,"Rain, Partially cloudy",Partly cloudy throughout the day with rain.,rain,"03769099999,EGWU,03680099999,EGLL,D5621,03781099999,03672099999,EGLC,03772099999,03770099999",
London,2023-11-15,53.7,42.0,48.2,53.7,39.3,45.1,42.8,82.5,0.008,100.0,4.17,rain,0.0,0.0,29.1,17.9,257.1,1016.0,23.6,10.9,35.3,3.2,2,,2023-11-15T07:18:01,2023-11-15T16:11:33,0.08,"Rain, Partially cloudy",Partly cloudy throughout the day with morning rain.,rain,"03769099999,03680099999,D5621,03768399999,03781099999,03672099999,F6665,03768099999,EGLC,03772099999,03770099999",
London,2023-11-16,47.6,42.0,45.0,44.9,39.7,42.7,41.8,88.6,0.0,0.0,0.0,,0.0,0.0,11.6,6.8,339.1,1013.9,76.3,7.0,11.2,0.9,1,,2023-11-16T07:19:43,2023-11-16T16:10:12,0.11,Partially cloudy,Partly cloudy throughout the day.,partly-cloudy-day,"03769099999,03680099999,D5621,03781099999,03672099999,03772099999,03770099999",
London,2023-11-17,51.9,38.6,44.9,51.9,34.3,42.3,41.5,88.5,0.023,100.0,4.17,rain,0.0,0.0,11.6,9.6,233.2,1019.6,39.0,9.8,26.4,2.3,2,,2023-11-17T07:21:26,2023-11-17T16:08:53,0.15,"Rain, Partially cloudy",Partly cloudy throughout the day with morning rain.,rain,"03769099999,03680099999,D5621,03781099999,03672099999,03772099999,03770099999",
London,2023-11-18,58.7,47.6,54.4,58.7,43.0,53.7,51.7,90.8,0.126,100.0,8.33,rain,0.0,0.0,26.9,15.0,209.6,1011.1,93.6,6.2,9.4,0.8,1,,2023-11-18T07:23:07,2023-11-18T16:07:37,0.18,"Rain, Overcast",Cloudy skies throughout the day with morning rain.,rain,"03769099999,03680099999,D5621,03781099999,03672099999,03772099999,03770099999",
London,2023-11-19,57.5,52.1,54.4,57.5,52.1,54.4,47.6,78.2,0.055,100.0,4.17,rain,0.0,0.0,32.5,19.4,239.5,1007.6,77.6,8.6,23.7,2.0,3,,2023-11-19T07:24:48,2023-11-19T16:06:23,0.22,"Rain, Partially cloudy",Partly cloudy throughout the day with morning rain.,rain,"03769099999,03680099999,D5621,03781099999,03672099999,03772099999,03770099999",
London,2023-11-20,53.9,47.0,50.9,53.9,42.7,49.8,45.7,82.7,0.008,100.0,4.17,rain,0.0,0.0,19.4,12.7,272.2,1009.4,75.0,9.5,22.5,1.9,1,,2023-11-20T07:26:28,2023-11-20T16:05:12,0.25,"Rain, Partially cloudy",Partly cloudy throughout the day with morning rain.,rain,"03769099999,03680099999,D5621,03781099999,03672099999,03772099999,03770099999",
London,2023-11-21,52.1,47.6,50.4,52.1,44.8,48.9,45.8,84.1,0.016,100.0,4.17,rain,0.0,0.0,22.8,12.3,355.5,1022.5,95.8,10.1,8.6,0.7,0,,2023-11-21T07:28:07,2023-11-21T16:04:03,0.29,"Rain, Overcast",Cloudy skies throughout the day with early morning rain.,rain,"03769099999,03680099999,D5621,03781099999,03672099999,03772099999,03770099999",
London,2023-11-22,51.2,41.6,47.0,51.2,39.3,45.3,43.2,86.5,0.0,0.0,0.0,,0.0,0.0,15.0,9.8,255.0,1029.6,52.7,9.8,18.0,1.6,1,,2023-11-22T07:29:45,2023-11-22T16:02:57,0.33,Partially cloudy,Partly cloudy throughout the day.,partly-cloudy-day,"03769099999,03680099999,D5621,03781099999,03672099999,03772099999,03770099999",
London,2023-11-23,56.4,44.7,51.2,56.4,39.5,49.6,47.0,86.3,0.0,0.0,0.0,,0.0,0.0,22.8,16.0,268.5,1024.7,49.4,12.3,20.6,1.9,2,,2023-11-23T07:31:22,2023-11-23T16:01:53,0.36,Partially cloudy,Clearing in the afternoon.,partly-cloudy-day,"03769099999,03680099999,D5621,03781099999,03672099999,03772099999,03770099999",
London,2023-11-24,53.0,39.3,46.7,53.0,34.4,43.1,33.5,60.3,0.0,0.0,0.0,,0.0,0.0,28.3,15.3,329.2,1021.3,61.7,13.5,15.3,1.4,1,,2023-11-24T07:32:57,2023-11-24T16:00:53,0.4,Partially cloudy,Partly cloudy throughout the day.,partly-cloudy-day,"03769099999,03680099999,D5621,03781099999,03672099999,03772099999,03770099999",
London,2023-11-25,43.4,32.3,37.9,38.7,28.0,33.8,29.9,73.4,0.0,0.0,0.0,,0.0,0.0,15.0,10.5,304.1,1021.3,5.9,11.9,23.2,2.1,3,,2023-11-25T07:34:32,2023-11-25T15:59:55,0.43,Clear,Clear conditions throughout the day.,clear-day,"03769099999,03680099999,D5621,03781099999,03672099999,03772099999,03770099999",
London,2023-11-26,47.0,33.1,39.4,45.1,33.1,37.9,36.9,90.7,0.0,0.0,0.0,,0.0,0.0,18.0,9.2,189.3,1015.0,80.9,5.9,14.3,1.3,1,,2023-11-26T07:36:05,2023-11-26T15:59:00,0.47,Partially cloudy,Partly cloudy throughout the day.,partly-cloudy-day,"03769099999,03680099999,D5621,03781099999,03672099999,03772099999,03770099999",
London,2023-11-27,50.3,42.2,46.7,50.3,36.5,42.0,44.2,90.8,0.29,100.0,4.17,rain,0.0,0.0,21.4,12.0,293.2,1000.3,95.5,8.6,8.8,0.7,0,,2023-11-27T07:37:37,2023-11-27T15:58:07,0.5,"Rain, Overcast",Cloudy skies throughout the day with morning rain.,rain,"03769099999,03680099999,D5621,03781099999,03684099999,03672099999,03772099999,03770099999",
London,2023-11-28,44.9,36.6,41.4,41.3,30.8,37.3,36.4,82.7,0.094,100.0,4.17,rain,0.0,0.0,16.4,9.3,311.9,1008.9,48.8,10.9,21.5,1.8,3,,2023-11-28T07:39:07,2023-11-28T15:57:18,0.54,"Rain, Partially cloudy",Partly cloudy throughout the day with morning rain.,rain,"03769099999,03680099999,D5621,03781099999,03672099999,03772099999,03770099999",
London,2023-11-29,43.1,35.3,38.8,41.4,31.4,37.3,32.4,78.1,0.0,0.0,0.0,,0.0,0.0,10.6,6.3,356.4,1004.7,54.0,8.8,27.4,2.5,2,,2023-11-29T07:40:36,2023-11-29T15:56:32,0.57,Partially cloudy,Partly cloudy throughout the day.,partly-cloudy-day,"03769099999,03680099999,D5621,03781099999,03672099999,03772099999,03770099999",
London,2023-11-30,40.7,30.5,35.5,35.8,24.4,30.9,30.5,82.4,0.0,0.0,0.0,,0.0,0.0,14.4,8.6,39.0,1002.9,32.3,7.7,17.9,1.7,2,,2023-11-30T07:42:03,2023-11-30T15:55:49,0.6,Partially cloudy,Partly cloudy throughout the day.,partly-cloudy-day,"03769099999,03680099999,D5621,03781099999,03672099999,03772099999,03770099999",
London,2023-12-01,39.4,32.1,34.7,35.0,25.8,30.2,31.0,86.3,0.0,0.0,0.0,,0.0,0.0,12.7,7.0,12.6,1008.1,50.1,5.6,15.3,1.3,1,,2023-12-01T07:43:28,2023-12-01T15:55:08,0.63,Partially cloudy,Partly cloudy throughout the day.,partly-cloudy-day,"03769099999,03680099999,D5621,03781099999,03672099999,03772099999,03770099999",
London,2023-12-02,33.2,27.8,31.2,30.5,23.1,27.0,29.3,92.7,0.0,0.0,0.0,,0.0,0.0,12.5,5.6,296.2,1015.6,91.9,3.2,15.7,1.3,1,,2023-12-02T07:44:52,2023-12-02T15:54:31,0.66,Overcast,Cloudy skies throughout the day.,cloudy,"03769099999,03680099999,D5621,03781099999,03672099999,03772099999,03770099999",
London,2023-12-03,46.7,30.5,41.9,42.5,25.8,37.3,39.7,92.0,0.016,100.0,8.33,rain,0.0,0.0,18.7,11.1,167.9,1010.3,85.4,7.1,11.8,1.0,1,,2023-12-03T07:46:14,2023-12-03T15:53:57,0.7,"Rain, Partially cloudy",Partly cloudy throughout the day with rain in the morning and afternoon.,rain,"03769099999,03680099999,D5621,03781099999,03672099999,03772099999,03770099999",
London,2023-12-04,46.1,43.1,44.3,42.0,36.3,39.3,42.1,92.0,0.212,100.0,4.17,rain,0.0,0.0,23.3,13.1,113.9,997.2,98.8,4.5,4.5,0.5,0,,2023-12-04T07:47:33,2023-12-04T15:53:27,0.73,"Rain, Overcast",Cloudy skies throughout the day with morning rain.,rain,"03769099999,03680099999,D5621,03781099999,03672099999,03772099999,03770099999",
London,2023-12-05,45.6,42.2,43.5,41.5,37.9,39.5,40.3,88.5,0.094,100.0,4.17,rain,0.0,0.0,14.7,7.8,343.6,1008.0,95.5,5.7,13.0,1.2,1,,2023-12-05T07:48:51,2023-12-05T15:52:59,0.75,"Rain, Overcast",Cloudy skies throughout the day with morning rain.,rain,"03769099999,03680099999,D5621,03781099999,03672099999,03772099999,03770099999",
London,2023-12-06,44.3,32.6,38.9,42.9,32.6,36.8,35.6,88.1,0.0,0.0,0.0,,0.0,0.0,13.6,6.9,88.0,1017.1,52.8,8.0,18.7,1.5,2,,2023-12-06T07:50:06,2023-12-06T15:52:35,0.79,Partially cloudy,Partly cloudy throughout the day.,partly-cloudy-day,"03769099999,03680099999,D5621,03781099999,03672099999,03772099999,03770099999",
London,2023-12-07,47.6,41.3,45.0,44.6,35.9,39.6,40.5,84.5,0.063,100.0,16.67,rain,0.0,0.0,27.7,14.5,153.1,1007.1,85.1,8.3,9.8,0.9,1,,2023-12-07T07:51:19,2023-12-07T15:52:14,0.82,"Rain, Partially cloudy",Partly cloudy throughout the day with a chance of rain throughout the day.,rain,"03769099999,03680099999,D5621,03781099999,03672099999,03772099999,03770099999",
London,2023-12-08,53.0,42.9,47.8,53.0,39.3,45.2,44.3,87.9,0.0,0.0,0.0,,0.0,0.0,18.3,11.5,219.7,1004.3,35.5,6.3,20.0,1.7,2,,2023-12-08T07:52:30,2023-12-08T15:51:56,0.86,Partially cloudy,Partly cloudy throughout the day.,partly-cloudy-day,"03769099999,03680099999,D5621,03781099999,03672099999,03772099999,03770099999",
London,2023-12-09,56.6,46.7,50.7,56.6,42.4,48.3,44.4,80.1,0.065,100.0,12.5,rain,0.0,0.0,41.6,26.4,239.5,996.7,66.7,8.0,10.9,1.0,1,,2023-12-09T07:53:38,2023-12-09T15:51:42,0.89,"Rain, Partially cloudy",Partly cloudy throughout the day with rain in the morning and afternoon.,rain,"03769099999,03680099999,D5621,03781099999,03672099999,03772099999,03770099999",
London,2023-12-10,53.3,45.8,49.6,53.3,40.0,47.0,43.8,80.7,0.305,100.0,4.17,rain,0.0,0.0,32.8,21.3,237.3,1001.5,45.3,8.1,7.7,0.7,0,,2023-12-10T07:54:44,2023-12-10T15:51:31,0.92,"Rain, Partially cloudy",Partly cloudy throughout the day with morning rain.,rain,"03769099999,03680099999,D5621,03781099999,03672099999,03772099999,03770099999",
London,2023-12-11,52.1,43.4,49.5,52.1,41.0,48.1,42.8,78.3,0.078,100.0,4.17,rain,0.0,0.0,35.2,22.8,255.6,1003.3,74.3,9.8,21.2,1.9,2,,2023-12-11T07:55:47,2023-12-11T15:51:23,0.95,"Rain, Partially cloudy",Partly cloudy throughout the day with morning rain.,rain,"03769099999,03680099999,D5621,03781099999,03672099999,03684099999,03772099999,03770099999",
London,2023-12-12,53.0,46.1,48.9,53.0,42.4,46.6,47.2,93.9,0.22,100.0,4.17,rain,0.0,0.0,18.1,10.2,198.7,997.8,83.9,7.5,13.7,1.1,1,,2023-12-12T07:56:48,2023-12-12T15:51:19,0.0,"Rain, Partially cloudy",Partly cloudy throughout the day with morning rain.,rain,"03769099999,03680099999,D5621,03781099999,03672099999,03684099999,03768099999,EGLC,03772099999,03770099999",
London,2023-12-13,47.6,43.8,46.1,44.4,38.1,41.1,42.6,87.6,0.242,100.0,4.17,rain,0.0,0.0,34.4,15.3,332.2,1002.7,97.6,8.3,8.5,0.7,1,,2023-12-13T07:57:46,2023-12-13T15:51:19,0.02,"Rain, Overcast",Cloudy skies throughout the day with morning rain.,rain,"03769099999,03680099999,D5621,03781099999,03672099999,03684099999,03772099999,03770099999",
London,2023-12-14,46.7,39.3,43.0,44.9,35.0,40.1,40.2,89.9,0.023,100.0,4.17,rain,0.0,0.0,13.8,8.1,264.9,1021.5,77.9,7.8,12.5,1.1,1,,2023-12-14T07:58:41,2023-12-14T15:51:21,0.05,"Rain, Partially cloudy",Partly cloudy throughout the day with morning rain.,rain,"03769099999,03680099999,D5621,03781099999,03684099999,03672099999,03772099999,03770099999",
London,2023-12-15,48.5,41.3,45.5,46.0,39.0,43.1,40.7,83.5,0.0,0.0,0.0,,0.0,0.0,12.5,8.2,243.8,1035.5,75.2,9.1,12.9,0.9,1,,2023-12-15T07:59:33,2023-12-15T15:51:28,0.09,Partially cloudy,Partly cloudy throughout the day.,partly-cloudy-day,"03769099999,03680099999,D5621,03781099999,03672099999,03772099999,03770099999",
London,2023-12-16,52.1,44.0,50.2,52.1,39.3,48.7,46.9,88.6,0.0,0.0,0.0,,0.0,0.0,22.7,13.9,239.1,1038.5,94.1,8.1,9.3,0.8,1,,2023-12-16T08:00:23,2023-12-16T15:51:37,0.13,Overcast,Cloudy skies throughout the day.,cloudy,"03769099999,03680099999,D5621,03781099999,03684099999,03672099999,03761099999,EGLC,03658099999,03772099999,03770099999",
London,2023-12-17,52.1,49.2,50.6,52.1,43.9,49.5,44.3,79.2,0.0,0.0,0.0,,0.0,0.0,27.8,16.1,230.4,1034.0,95.8,10.0,19.9,1.7,2,,2023-12-17T08:01:09,2023-12-17T15:51:50,0.16,Overcast,Cloudy skies throughout the day.,cloudy,"03769099999,03680099999,D5621,03781099999,03672099999,03772099999,03770099999",
London,2023-12-18,54.8,50.1,52.3,54.8,50.1,52.3,46.3,80.0,0.0,0.0,0.0,,0.0,0.0,23.3,15.1,228.6,1028.2,97.4,9.7,13.6,1.3,1,,2023-12-18T08:01:52,2023-12-18T15:52:06,0.2,Overcast,Cloudy skies throughout the day.,cloudy,"03769099999,03680099999,D5621,03781099999,03672099999,03772099999,03770099999",
London,2023-12-19,55.1,42.5,50.6,55.1,36.5,49.0,47.3,88.8,0.614,100.0,29.17,rain,0.0,0.0,24.7,13.4,260.3,1020.2,76.1,7.2,5.0,0.4,0,,2023-12-19T08:02:33,2023-12-19T15:52:26,0.25,"Rain, Partially cloudy",Partly cloudy throughout the day with rain in the morning and afternoon.,rain,"03769099999,03680099999,D5621,03768399999,03781099999,03672099999,03684099999,EGLC,03772099999,03770099999",
London,2023-12-20,51.9,40.4,46.9,51.9,34.3,43.6,42.0,83.3,0.0,0.0,0.0,,0.0,0.0,24.2,17.9,262.3,1018.1,46.4,11.5,15.4,1.3,1,,2023-12-20T08:03:10,2023-12-20T15:52:49,0.27,Partially cloudy,Becoming cloudy in the afternoon.,partly-cloudy-day,"03769099999,03680099999,D5621,03781099999,03672099999,03772099999,03770099999",
London,2023-12-21,57.8,51.0,53.9,57.8,51.0,53.9,44.6,71.6,0.0,0.0,0.0,,0.0,0.0,38.9,21.8,277.5,1008.0,78.9,13.3,14.4,1.3,1,,2023-12-21T08:03:44,2023-12-21T15:53:16,0.3,Partially cloudy,Partly cloudy throughout the day.,partly-cloudy-day,"03769099999,03680099999,D5621,03781099999,03672099999,03772099999,03770099999",
London,2023-12-22,54.6,48.5,51.9,54.6,43.8,51.2,43.5,73.7,0.008,100.0,4.17,rain,0.0,0.0,29.2,21.6,276.6,1012.7,82.6,13.3,15.4,1.4,1,,2023-12-22T08:04:15,2023-12-22T15:53:46,0.34,"Rain, Partially cloudy",Partly cloudy throughout the day with morning rain.,rain,"03769099999,03680099999,D5621,03781099999,03672099999,03772099999,03770099999",
London,2023-12-23,53.9,48.8,51.5,53.9,43.4,50.1,43.8,75.2,0.0,0.0,0.0,,0.0,0.0,28.3,18.9,260.5,1013.1,79.3,15.9,22.9,1.9,2,,2023-12-23T08:04:42,2023-12-23T15:54:19,0.37,Partially cloudy,Partly cloudy throughout the day.,partly-cloudy-day,"03769099999,03680099999,D5621,03781099999,03672099999,03772099999,03770099999",
London,2023-12-24,59.3,52.8,56.3,59.3,52.8,56.3,50.9,82.3,0.024,100.0,4.17,rain,0.0,0.0,34.1,23.0,247.8,1006.2,99.2,13.6,9.8,0.8,1,,2023-12-24T08:05:06,2023-12-24T15:54:55,0.41,"Rain, Overcast",Cloudy skies throughout the day with morning rain.,rain,"03769099999,03680099999,D5621,03781099999,03672099999,03772099999,03770099999",
London,2023-12-25,57.3,52.1,54.5,57.3,52.1,54.5,51.2,88.5,0.274,100.0,29.17,rain,0.0,0.0,31.1,16.6,244.7,1007.1,97.6,9.9,6.6,0.5,0,,2023-12-25T08:05:27,2023-12-25T15:55:35,0.45,"Rain, Overcast",Cloudy skies throughout the day with a chance of rain throughout the day.,rain,"03769099999,03680099999,D5621,03781099999,03672099999,03772099999,03770099999",
London,2023-12-26,51.2,42.2,46.4,51.2,39.5,43.5,40.6,80.3,0.0,0.0,0.0,,0.0,0.0,24.5,12.9,251.9,1015.1,43.0,9.9,18.4,1.5,1,,2023-12-26T08:05:45,2023-12-26T15:56:17,0.48,Partially cloudy,Partly cloudy throughout the day.,partly-cloudy-day,"03769099999,03680099999,D5621,03781099999,03672099999,03772099999,03770099999",
London,2023-12-27,54.2,45.2,50.9,54.2,41.3,50.0,46.8,85.8,0.158,100.0,37.5,rain,0.0,0.0,43.6,22.5,199.2,1006.6,91.8,7.2,3.5,0.2,0,,2023-12-27T08:05:59,2023-12-27T15:57:03,0.5,"Rain, Overcast",Cloudy skies throughout the day with rain.,rain,"03769099999,03680099999,D5621,03781099999,03672099999,03772099999,03770099999",
London,2023-12-28,54.8,51.2,53.1,54.8,51.2,53.1,45.4,75.1,0.009,100.0,8.33,rain,0.0,0.0,37.8,22.8,231.3,1004.9,83.7,6.9,21.3,1.8,1,,2023-12-28T08:06:10,2023-12-28T15:57:52,0.55,"Rain, Partially cloudy",Partly cloudy throughout the day with rain.,rain,"03769099999,03680099999,D5621,03781099999,03672099999,03772099999,03770099999",
London,2023-12-29,53.0,44.7,49.7,53.0,39.2,47.9,42.0,74.9,0.125,100.0,4.17,rain,0.0,0.0,30.6,20.0,244.8,1006.8,61.1,12.4,13.4,1.2,1,,2023-12-29T08:06:17,2023-12-29T15:58:44,0.58,"Rain, Partially cloudy",Partly cloudy throughout the day with morning rain.,rain,"03769099999,03680099999,D5621,03781099999,03672099999,03772099999,03770099999",
London,2023-12-30,53.9,43.1,49.8,53.9,37.9,48.0,45.0,83.7,0.008,100.0,4.17,rain,0.0,0.0,38.9,22.0,195.7,1004.5,81.3,9.0,10.0,0.9,1,,2023-12-30T08:06:22,2023-12-30T15:59:39,0.61,"Rain, Partially cloudy",Partly cloudy throughout the day with afternoon rain.,rain,"03769099999,03680099999,D5621,03781099999,03672099999,F6665,03772099999,03770099999",
London,2023-12-31,53.9,43.8,47.3,53.9,38.3,42.0,41.9,81.8,0.313,100.0,4.17,rain,0.0,0.0,41.7,24.9,221.2,988.9,83.7,9.9,15.5,1.4,2,,2023-12-31T08:06:22,2023-12-31T16:00:37,0.64,"Rain, Partially cloudy",Partly cloudy throughout the day with morning rain.,rain,"03769099999,03680099999,D5621,F6665,03781099999,03672099999,03772099999,03770099999",
London,2024-01-01,52.1,44.7,47.7,52.1,38.7,42.6,41.8,80.3,0.064,100.0,8.33,rain,0.0,0.0,33.3,18.8,225.3,999.3,64.2,8.3,20.0,1.9,2,,2024-01-01T08:06:20,2024-01-01T16:01:38,0.68,"Rain, Partially cloudy",Partly cloudy throughout the day with rain.,rain,"D5621,03672099999,03781099999,F6665,03772099999,03770099999",
London,2024-01-02,56.6,51.2,53.1,56.6,51.2,53.1,48.2,83.9,0.315,100.0,12.5,rain,0.0,0.0,56.4,36.5,235.4,985.7,91.9,8.4,7.2,0.7,0,,2024-01-02T08:06:14,2024-01-02T16:02:41,0.71,"Rain, Overcast",Cloudy skies throughout the day with a chance of rain throughout the day.,rain,"D5621,03781099999,03672099999,F6665,03772099999,03770099999",
London,2024-01-03,53.3,47.9,50.1,53.3,42.5,47.4,44.3,80.7,0.07,100.0,12.5,rain,0.0,0.0,30.0,16.5,249.5,990.7,75.9,8.9,19.8,1.7,2,,2024-01-03T08:06:04,2024-01-03T16:03:47,0.74,"Rain, Partially cloudy",Partly cloudy throughout the day with late afternoon rain.,rain,"03680099999,D5621,03781099999,03672099999,03772099999,03770099999",
London,2024-01-04,48.3,43.1,46.5,45.8,38.2,42.1,42.5,86.3,0.858,100.0,29.17,rain,0.0,0.0,24.2,13.8,235.1,998.9,55.9,7.8,18.6,1.6,1,,2024-01-04T08:05:52,2024-01-04T16:04:56,0.75,"Rain, Partially cloudy",Becoming cloudy in the afternoon with rain.,rain,"03680099999,D5621,03781099999,03672099999,03772099999,03770099999",
London,2024-01-05,46.1,42.0,44.0,43.1,34.5,39.0,39.7,84.8,0.055,100.0,16.67,rain,0.0,0.0,28.9,17.1,308.3,1001.4,96.3,7.8,16.0,1.5,1,,2024-01-05T08:05:36,2024-01-05T16:06:07,0.81,"Rain, Overcast",Cloudy skies throughout the day with rain.,rain,"D5621,03781099999,03672099999,03772099999,03770099999",
London,2024-01-06,44.3,41.3,43.1,43.4,36.7,39.5,37.1,79.4,0.008,100.0,4.17,rain,0.0,0.0,16.1,8.8,353.7,1016.0,96.3,10.4,14.4,1.4,1,,2024-01-06T08:05:16,2024-01-06T16:07:21,0.84,"Rain, Overcast",Cloudy skies throughout the day with late afternoon rain.,rain,"D5621,03781099999,03672099999,03772099999,03770099999",
London,2024-01-07,41.3,37.5,39.3,34.8,30.7,33.0,30.1,69.6,0.0,0.0,0.0,,0.0,0.0,20.8,13.6,23.9,1026.8,70.0,11.8,25.0,2.3,2,,2024-01-07T08:04:54,2024-01-07T16:08:37,0.87,Partially cloudy,Partly cloudy throughout the day.,partly-cloudy-day,"D5621,03781099999,03672099999,03772099999,03770099999",
London,2024-01-08,38.9,35.7,37.6,33.2,27.0,30.3,27.1,65.6,0.0,0.0,0.0,rain,0.1,0.0,28.9,15.4,49.7,1031.5,92.3,10.9,11.5,0.9,1,,2024-01-08T08:04:28,2024-01-08T16:09:55,0.9,Overcast,Cloudy skies throughout the day.,cloudy,"03680099999,D5621,03781099999,03672099999,03772099999,03770099999",
London,2024-01-09,39.5,35.9,37.3,31.1,27.4,28.9,27.1,66.5,0.0,0.0,0.0,,0.0,0.0,30.0,17.1,65.4,1030.3,53.8,9.7,22.5,2.0,2,,2024-01-09T08:03:59,2024-01-09T16:11:15,0.94,Partially cloudy,Clearing in the afternoon.,partly-cloudy-day,"D5621,03781099999,03672099999,03772099999,03770099999",
London,2024-01-10,42.2,34.4,37.7,35.2,27.3,31.1,26.3,63.7,0.0,0.0,0.0,,0.0,0.0,27.7,13.5,45.8,1029.0,17.7,10.2,24.6,2.1,2,,2024-01-10T08:03:27,2024-01-10T16:12:38,0.97,Clear,Clear conditions throughout the day.,clear-day,"D5621,03781099999,03672099999,03772099999,03770099999",
London,2024-01-11,42.2,33.1,37.9,36.8,27.4,32.6,32.8,82.0,0.0,0.0,0.0,,0.0,0.0,20.8,11.2,30.4,1036.2,60.9,7.2,15.5,1.3,1,,2024-01-11T08:02:51,2024-01-11T16:14:03,0.0,Partially cloudy,Becoming cloudy in the afternoon.,partly-cloudy-day,"D5621,03781099999,03672099999,F6665,03772099999,03770099999",
London,2024-01-12,43.1,40.2,41.9,40.7,35.7,37.4,36.0,79.5,0.0,0.0,0.0,,0.0,0.0,21.9,11.6,40.2,1035.6,98.9,9.3,8.7,0.8,1,,2024-01-12T08:02:13,2024-01-12T16:15:29,0.04,Overcast,Cloudy skies throughout the day.,cloudy,"D5621,03781099999,03672099999,03772099999,03770099999",
London,2024-01-13,40.2,34.1,38.0,39.5,29.3,34.1,33.1,82.6,0.0,0.0,0.0,,0.0,0.0,13.9,8.6,272.6,1025.4,99.4,5.2,13.8,1.2,1,,2024-01-13T08:01:31,2024-01-13T16:16:58,0.07,Overcast,Cloudy skies throughout the day.,cloudy,"03680099999,D5621,03781099999,03672099999,03772099999,03770099999",
London,2024-01-14,43.4,37.7,40.0,39.1,32.6,35.0,34.4,80.4,0.0,0.0,0.0,,0.0,0.0,17.2,10.9,283.2,1013.3,86.9,7.8,21.3,1.8,1,,2024-01-14T08:00:47,2024-01-14T16:18:28,0.11,Partially cloudy,Partly cloudy throughout the day.,partly-cloudy-day,"D5621,03781099999,03672099999,F6665,03772099999,03770099999",
London,2024-01-15,38.0,29.0,33.8,32.9,24.0,28.2,23.8,67.1,0.0,0.0,0.0,,0.0,0.0,18.3,11.7,306.2,1011.1,3.7,12.4,34.7,2.9,2,,2024-01-15T07:59:59,2024-01-15T16:20:00,0.14,Clear,Clear conditions throughout the day.,clear-day,"03680099999,F6665,03781099999,03672099999,03772099999,03770099999",
London,2024-01-16,39.5,26.9,32.2,33.9,23.0,28.6,23.6,71.0,0.0,0.0,0.0,,0.0,0.0,13.9,8.9,221.3,1007.9,11.1,11.6,35.8,3.1,2,,2024-01-16T07:59:09,2024-01-16T16:21:34,0.18,Clear,Clear conditions throughout the day.,clear-day,"03680099999,F6665,03781099999,03672099999,03772099999,03770099999",
London,2024-01-17,37.5,31.4,34.4,35.7,24.2,30.6,27.7,76.5,0.0,0.0,0.0,,0.0,0.0,16.1,9.7,28.8,993.2,78.6,10.2,18.8,1.6,1,,2024-01-17T07:58:15,2024-01-17T16:23:09,0.21,Partially cloudy,Partly cloudy throughout the day.,partly-cloudy-day,"F6665,03781099999,03672099999,03772099999,03770099999",
London,2024-01-18,38.0,25.8,31.3,32.1,20.2,25.4,21.8,68.0,0.0,0.0,0.0,,0.0,0.0,18.8,9.0,311.0,1006.8,1.9,10.6,35.3,2.9,2,,2024-01-18T07:57:19,2024-01-18T16:24:45,0.25,Clear,Clear conditions throughout the day.,clear-day,"03680099999,F6665,03781099999,03672099999,03772099999,03770099999",
London,2024-01-19,42.2,25.9,32.7,36.4,21.0,27.5,26.4,78.3,0.0,0.0,0.0,,0.0,0.0,15.0,9.9,241.9,1021.8,5.0,13.8,37.1,3.1,2,,2024-01-19T07:56:20,2024-01-19T16:26:23,0.28,Clear,Clear conditions throughout the day.,clear-day,"F6665,03781099999,03672099999,03772099999,03770099999",
London,2024-01-20,43.1,32.3,39.3,36.2,26.9,32.4,30.2,70.3,0.0,0.0,0.0,,0.0,0.0,30.0,15.7,202.4,1022.9,42.3,12.0,31.0,2.7,2,,2024-01-20T07:55:18,2024-01-20T16:28:02,0.32,Partially cloudy,Partly cloudy throughout the day.,partly-cloudy-day,"F6665,03781099999,03672099999,03772099999,03770099999",
London,2024-01-21,54.8,40.2,49.2,54.8,32.0,45.9,42.7,78.9,0.024,100.0,4.17,rain,0.0,0.0,51.9,28.6,210.0,1009.9,92.0,6.5,26.3,2.2,2,,2024-01-21T07:54:14,2024-01-21T16:29:42,0.35,"Rain, Overcast",Cloudy skies throughout the day with morning rain.,rain,"F6665,03781099999,03672099999,03772099999,03770099999",
London,2024-01-22,55.7,45.2,50.2,55.7,38.2,47.0,41.9,73.5,0.268,100.0,8.33,rain,0.0,0.0,46.1,27.5,247.9,1007.8,57.6,8.0,41.8,3.6,4,,2024-01-22T07:53:07,2024-01-22T16:31:24,0.39,"Rain, Partially cloudy",Partly cloudy throughout the day with rain clearing later.,rain,"F6665,03781099999,03672099999,03772099999,03770099999",
London,2024-01-23,56.4,41.3,49.2,56.4,36.1,46.3,44.9,85.2,0.0,0.0,0.0,,0.0,0.0,45.0,26.7,223.1,1018.5,70.1,5.8,11.3,1.0,1,,2024-01-23T07:51:57,2024-01-23T16:33:06,0.42,Partially cloudy,Partly cloudy throughout the day.,partly-cloudy-day,"03769099999,03680099999,F6665,03781099999,03672099999,03772099999,03770099999",
London,2024-01-24,56.4,45.6,51.8,56.4,42.9,51.2,41.5,68.0,0.11,100.0,4.17,rain,0.0,0.0,46.1,30.7,262.3,1023.2,70.4,7.8,48.4,4.1,3,,2024-01-24T07:50:45,2024-01-24T16:34:50,0.46,"Rain, Partially cloudy",Partly cloudy throughout the day with morning rain.,rain,"F6665,03781099999,03672099999,03772099999,03770099999",
London,2024-01-25,55.5,41.3,50.1,55.5,39.9,49.1,46.6,88.0,0.0,0.0,0.0,,0.0,0.0,27.7,15.0,206.0,1024.9,87.1,6.4,29.5,2.4,1,,2024-01-25T07:49:30,2024-01-25T16:36:34,0.5,Partially cloudy,Partly cloudy throughout the day.,partly-cloudy-day,"03680099999,F6665,03781099999,03672099999,03772099999,03770099999",
London,2024-01-26,54.8,38.4,48.5,54.8,34.5,45.3,37.9,68.3,0.079,100.0,4.17,rain,0.0,0.0,33.3,22.4,261.0,1027.0,32.9,10.9,64.5,5.7,3,,2024-01-26T07:48:13,2024-01-26T16:38:19,0.52,"Rain, Partially cloudy",Partly cloudy throughout the day with morning rain.,rain,"F6665,03781099999,03672099999,03772099999,03770099999",
London,2024-01-27,47.6,34.1,41.0,43.6,30.8,37.6,35.7,81.8,0.0,0.0,0.0,,0.0,0.0,20.8,11.5,179.4,1032.7,28.6,9.5,46.0,4.0,3,,2024-01-27T07:46:54,2024-01-27T16:40:05,0.56,Partially cloudy,Partly cloudy throughout the day.,partly-cloudy-day,"F6665,03781099999,03672099999,D4121,03772099999,03770099999",
London,2024-01-28,52.8,37.7,44.7,52.8,32.6,41.5,39.4,82.4,0.0,0.0,0.0,,0.0,0.0,19.7,9.0,169.7,1022.7,29.1,9.2,51.8,4.6,3,,2024-01-28T07:45:32,2024-01-28T16:41:51,0.59,Partially cloudy,Partly cloudy throughout the day.,partly-cloudy-day,"D4121,03781099999,03672099999,03772099999,03770099999",
London,2024-01-29,53.9,47.6,51.5,53.9,44.8,51.0,47.8,87.3,0.0,0.0,0.0,,0.0,0.0,21.9,13.3,182.3,1021.9,95.5,5.2,35.6,3.1,2,,2024-01-29T07:44:08,2024-01-29T16:43:39,0.62,Overcast,Cloudy skies throughout the day.,cloudy,"D4121,03781099999,03672099999,03772099999,03770099999",
London,2024-01-30,54.6,45.8,48.4,54.6,40.8,45.5,41.7,77.5,0.0,0.0,0.0,,0.0,0.0,38.0,18.3,258.8,1027.3,95.8,13.6,15.6,1.4,1,,2024-01-30T07:42:42,2024-01-30T16:45:26,0.66,Overcast,Cloudy skies throughout the day.,cloudy,"D4121,03781099999,03672099999,03772099999,03770099999",
London,2024-01-31,53.9,44.3,48.0,53.9,39.6,45.5,39.4,72.5,0.008,100.0,4.17,rain,0.0,0.0,26.4,16.5,231.9,1029.7,98.1,12.0,26.4,2.3,1,,2024-01-31T07:41:14,2024-01-31T16:47:14,0.69,"Rain, Overcast",Cloudy skies throughout the day with morning rain.,rain,"D4121,03781099999,03672099999,03772099999,03770099999",
London,2024-02-01,51.9,40.2,45.9,51.9,36.4,43.1,36.4,69.9,0.0,0.0,0.0,,0.0,0.0,19.7,10.9,281.0,1032.4,24.9,9.1,66.3,5.8,3,,2024-02-01T07:39:44,2024-02-01T16:49:03,0.72,Partially cloudy,Partly cloudy throughout the day.,partly-cloudy-day,"D4121,03781099999,03672099999,03772099999,03770099999",
London,2024-02-02,56.6,41.3,49.8,56.6,35.5,47.3,44.7,82.9,0.0,0.0,0.0,,0.0,0.0,26.4,18.1,253.3,1029.8,77.0,12.8,56.6,5.0,5,,2024-02-02T07:38:11,2024-02-02T16:50:52,0.75,Partially cloudy,Partly cloudy throughout the day.,partly-cloudy-day,"D4121,03781099999,03672099999,03772099999,03770099999",
London,2024-02-03,55.7,51.2,53.9,55.7,51.2,53.9,49.0,83.6,0.0,0.0,0.0,,0.0,0.0,26.4,16.2,257.9,1027.3,95.1,15.1,20.4,1.8,1,,2024-02-03T07:36:37,2024-02-03T16:52:41,0.79,Overcast,Cloudy skies throughout the day.,cloudy,"D4121,03781099999,03672099999,03772099999,03770099999",
London,2024-02-04,56.6,52.1,53.5,56.6,52.1,53.5,49.0,85.1,0.008,100.0,4.17,rain,0.0,0.0,31.1,19.4,254.1,1024.8,87.4,14.1,28.9,2.6,3,,2024-02-04T07:35:01,2024-02-04T16:54:31,0.82,"Rain, Partially cloudy",Partly cloudy throughout the day with morning rain.,rain,"D4121,03781099999,03672099999,03772099999,03770099999",
London,2024-02-05,53.0,48.5,51.1,53.0,42.7,49.7,43.4,74.9,0.0,0.0,0.0,,0.0,0.0,31.1,21.4,246.1,1020.1,97.6,10.7,27.8,2.5,2,,2024-02-05T07:33:23,2024-02-05T16:56:20,0.85,Overcast,Cloudy skies throughout the day.,cloudy,"D4121,03781099999,03672099999,03772099999,03770099999",
London,2024-02-06,57.3,52.4,54.7,57.3,52.4,54.7,47.3,76.2,0.0,0.0,0.0,,0.0,0.0,36.9,21.9,240.2,1009.2,97.3,7.4,42.0,3.6,3,,2024-02-06T07:31:43,2024-02-06T16:58:10,0.89,Overcast,Cloudy skies throughout the day.,cloudy,"D4121,03781099999,03672099999,03772099999,03770099999",
London,2024-02-07,44.7,40.4,42.7,44.7,35.6,39.6,39.1,87.0,0.526,100.0,8.33,rain,0.0,0.0,30.0,14.5,62.5,1005.1,96.8,6.1,20.6,1.7,1,,2024-02-07T07:30:01,2024-02-07T17:00:00,0.92,"Rain, Overcast",Cloudy skies throughout the day with rain clearing later.,rain,"D4121,03781099999,03672099999,03772099999,03770099999",
London,2024-02-08,53.0,41.3,46.3,53.0,35.2,43.4,44.1,92.0,0.065,100.0,12.5,rain,0.0,0.0,31.1,15.3,149.1,991.1,97.1,4.5,15.1,1.3,1,,2024-02-08T07:28:18,2024-02-08T17:01:50,0.95,"Rain, Overcast",Cloudy skies throughout the day with rain.,rain,"D4121,03781099999,03672099999,03772099999,03770099999",
London,2024-02-09,54.6,50.6,52.1,54.6,50.6,52.1,49.2,89.8,0.729,100.0,8.33,rain,0.0,0.0,35.8,17.6,200.6,977.6,94.9,6.7,34.1,3.0,2,,2024-02-09T07:26:33,2024-02-09T17:03:40,0.0,"Rain, Overcast",Cloudy skies throughout the day with rain clearing later.,rain,"D4121,03781099999,03672099999,03772099999,03770099999",
London,2024-02-10,53.7,46.7,49.9,53.7,43.9,48.7,46.1,87.2,0.0,0.0,0.0,,0.0,0.0,13.9,7.4,181.2,982.8,81.2,7.8,33.6,3.0,2,,2024-02-10T07:24:46,2024-02-10T17:05:31,0.02,Partially cloudy,Partly cloudy throughout the day.,partly-cloudy-day,"D4121,03781099999,03672099999,03772099999,03770099999",
London,2024-02-11,53.9,42.9,48.1,53.9,37.9,46.1,42.8,82.4,0.023,100.0,4.17,rain,0.0,0.0,19.7,13.1,285.8,990.5,76.0,7.8,40.4,3.5,2,,2024-02-11T07:22:58,2024-02-11T17:07:21,0.05,"Rain, Partially cloudy",Partly cloudy throughout the day with morning rain.,rain,"D4121,03781099999,03672099999,03772099999,03770099999",
London,2024-02-12,51.2,39.4,44.1,51.2,35.7,40.0,36.1,75.0,0.023,100.0,4.17,rain,0.0,0.0,16.1,12.0,254.2,1005.3,18.9,13.5,100.7,8.7,4,,2024-02-12T07:21:08,2024-02-12T17:09:11,0.09,Rain,Clear conditions throughout the day with morning rain.,rain,"D4121,03781099999,03672099999,03772099999,03770099999",
London,2024-02-13,54.2,41.1,47.4,54.2,36.1,43.6,43.3,85.9,0.032,100.0,12.5,rain,0.0,0.0,27.7,14.9,205.0,1011.5,75.0,7.6,22.9,2.1,1,,2024-02-13T07:19:17,2024-02-13T17:11:01,0.12,"Rain, Partially cloudy",Partly cloudy throughout the day with rain.,rain,"D4121,03781099999,03672099999,03772099999,03770099999",
London,2024-02-14,56.9,53.3,54.8,56.9,53.3,54.8,51.4,88.3,0.04,100.0,12.5,rain,0.0,0.0,23.0,14.2,219.0,1012.3,98.1,5.8,15.5,1.5,1,,2024-02-14T07:17:24,2024-02-14T17:12:51,0.16,"Rain, Overcast",Cloudy skies throughout the day with morning rain.,rain,"D4121,03781099999,03672099999,03772099999,03770099999",
London,2024-02-15,63.6,54.6,57.1,63.6,54.6,57.1,50.9,80.7,0.024,100.0,8.33,rain,0.0,0.0,21.9,11.8,192.5,1008.5,62.3,9.7,71.9,6.1,4,,2024-02-15T07:15:30,2024-02-15T17:14:41,0.19,"Rain, Partially cloudy",Partly cloudy throughout the day with early morning rain.,rain,"03680099999,D4121,03781099999,03672099999,03768099999,03761099999,EGLC,03772099999,03770099999",
London,2024-02-16,57.5,50.6,53.3,57.5,50.6,53.3,46.9,79.2,0.071,100.0,12.5,rain,0.0,0.0,24.2,16.1,264.9,1014.9,83.9,10.9,69.2,6.0,4,,2024-02-16T07:13:35,2024-02-16T17:16:30,0.25,"Rain, Partially cloudy",Partly cloudy throughout the day with rain clearing later.,rain,"D4121,03781099999,03672099999,03772099999,03770099999",
London,2024-02-17,56.0,49.4,52.5,56.0,46.7,52.4,47.9,84.6,0.141,100.0,16.67,rain,0.0,0.0,31.1,16.3,209.6,1028.3,99.2,7.2,28.3,2.6,2,,2024-02-17T07:11:38,2024-02-17T17:18:20,0.26,"Rain, Overcast",Cloudy skies throughout the day with rain.,rain,"D4121,03781099999,03672099999,03772099999,03770099999",
London,2024-02-18,61.4,50.6,54.3,61.4,50.6,54.3,49.5,84.7,0.583,100.0,45.83,rain,0.0,0.0,26.4,15.5,257.7,1025.2,79.1,9.6,58.0,5.1,4,,2024-02-18T07:09:41,2024-02-18T17:20:09,0.29,"Rain, Partially cloudy",Partly cloudy throughout the day with rain clearing later.,rain,"D4121,03781099999,03672099999,03772099999,03770099999",
London,2024-02-19,57.8,46.1,50.5,57.8,41.3,48.6,43.9,79.1,0.023,100.0,4.17,rain,0.0,0.0,23.0,13.6,269.2,1029.6,57.1,9.0,40.9,3.4,2,,2024-02-19T07:07:42,2024-02-19T17:21:58,0.33,"Rain, Partially cloudy",Partly cloudy throughout the day with afternoon rain.,rain,"D4121,03781099999,03672099999,03772099999,03770099999",
London,2024-02-20,54.2,44.0,48.7,54.2,38.9,46.8,43.8,83.4,0.0,0.0,0.0,,0.0,0.0,30.0,18.2,226.5,1026.1,61.0,8.0,49.7,4.4,3,,2024-02-20T07:05:42,2024-02-20T17:23:47,0.36,Partially cloudy,Partly cloudy throughout the day.,partly-cloudy-day,"D4121,03781099999,03672099999,03772099999,03770099999",
London,2024-02-21,53.9,48.5,51.0,53.9,42.8,49.4,47.1,86.7,0.275,100.0,16.67,rain,0.0,0.0,34.4,18.9,215.9,1007.0,96.0,7.1,15.8,1.3,1,,2024-02-21T07:03:40,2024-02-21T17:25:35,0.4,"Rain, Overcast",Cloudy skies throughout the day with rain.,rain,"D4121,03781099999,03672099999,03772099999,03770099999",
London,2024-02-22,53.3,39.5,46.8,53.3,31.5,43.1,43.4,88.1,0.479,100.0,41.67,rain,0.0,0.0,33.3,18.7,233.5,985.5,74.7,7.8,14.4,1.2,1,,2024-02-22T07:01:38,2024-02-22T17:27:24,0.43,"Rain, Partially cloudy",Partly cloudy throughout the day with rain.,rain,"D4121,03781099999,03672099999,03772099999,03770099999",
London,2024-02-23,49.4,38.6,42.5,44.4,33.7,37.4,37.0,81.4,0.087,100.0,16.67,rain,0.0,0.0,26.4,13.2,231.9,986.7,50.1,12.3,75.5,6.5,5,,2024-02-23T06:59:35,2024-02-23T17:29:12,0.46,"Rain, Partially cloudy",Becoming cloudy in the afternoon with rain.,rain,"03680099999,D4121,03781099999,03672099999,03772099999,03770099999",
London,2024-02-24,50.2,34.0,41.1,50.2,30.4,39.4,36.3,83.6,0.008,100.0,4.17,rain,0.0,0.0,12.8,6.2,211.7,994.6,30.6,10.9,67.5,5.8,3,,2024-02-24T06:57:30,2024-02-24T17:30:59,0.5,"Rain, Partially cloudy",Becoming cloudy in the afternoon with morning rain.,rain,"D4121,03781099999,03672099999,03772099999,03770099999",
London,2024-02-25,49.3,35.0,41.4,43.9,33.0,37.3,38.2,88.7,0.15,100.0,16.67,rain,0.0,0.0,27.7,16.9,83.9,995.4,73.2,5.9,54.3,4.7,4,,2024-02-25T06:55:25,2024-02-25T17:32:47,0.53,"Rain, Partially cloudy",Partly cloudy throughout the day with late afternoon rain.,rain,"D4121,03781099999,03672099999,03772099999,03770099999",
London,2024-02-26,48.8,41.6,44.8,41.8,35.0,37.6,35.7,70.8,0.016,100.0,4.17,rain,0.0,0.0,40.3,21.7,31.2,1008.6,77.1,12.6,69.9,6.1,3,,2024-02-26T06:53:19,2024-02-26T17:34:34,0.57,"Rain, Partially cloudy",Partly cloudy throughout the day with early morning rain.,rain,"D4121,03781099999,03672099999,03772099999,03770099999",
London,2024-02-27,48.3,38.9,43.9,44.1,34.6,40.3,36.1,74.4,0.0,0.0,0.0,,0.0,0.0,17.2,9.5,266.9,1020.5,65.5,11.1,78.4,6.9,3,,2024-02-27T06:51:12,2024-02-27T17:36:21,0.6,Partially cloudy,Partly cloudy throughout the day.,partly-cloudy-day,"D4121,03781099999,03672099999,03772099999,03770099999",
London,2024-02-28,53.3,44.3,49.2,53.3,43.1,48.3,45.1,86.0,0.0,0.0,0.0,,0.0,0.0,25.3,14.1,211.2,1016.9,92.5,7.2,46.5,4.0,3,,2024-02-28T06:49:04,2024-02-28T17:38:08,0.63,Overcast,Cloudy skies throughout the day.,cloudy,"EGWU,EGLL,D4121,03781099999,03672099999,EGLC,03772099999,03770099999",
London,2024-02-29,53.0,42.5,49.1,53.0,38.4,47.7,45.2,86.6,0.213,100.0,33.33,rain,0.0,0.0,27.7,16.8,232.4,1004.1,91.4,7.4,24.3,2.2,1,,2024-02-29T06:46:56,2024-02-29T17:39:54,0.67,"Rain, Overcast",Cloudy skies throughout the day with rain.,rain,"D4121,03781099999,03672099999,03772099999,03770099999",
London,2024-03-01,48.8,38.6,42.6,42.5,32.1,36.6,36.9,81.5,0.291,100.0,20.83,rain,0.0,0.0,31.1,17.6,189.2,993.1,63.1,9.8,65.8,5.6,4,,2024-03-01T06:44:46,2024-03-01T17:41:40,0.7,"Rain, Partially cloudy",Partly cloudy throughout the day with rain.,rain,"EGWU,EGLL,D4121,03781099999,03672099999,EGLC,03772099999,03770099999",
London,2024-03-02,47.9,38.6,42.7,42.8,33.6,37.5,37.7,82.7,0.301,100.0,33.33,rain,0.0,0.0,24.2,13.9,177.5,991.4,70.2,11.9,64.1,5.6,4,,2024-03-02T06:42:36,2024-03-02T17:43:26,0.73,"Rain, Partially cloudy",Partly cloudy throughout the day with a chance of rain throughout the day.,rain,"D4121,03781099999,03672099999,03772099999,03770099999",
London,2024-03-03,50.3,34.9,41.7,50.3,34.9,40.7,34.7,78.0,0.0,0.0,0.0,,0.0,0.0,12.8,8.0,276.9,1002.4,39.1,11.6,139.5,12.0,6,,2024-03-03T06:40:26,2024-03-03T17:45:12,0.75,Partially cloudy,Partly cloudy throughout the day.,partly-cloudy-day,"D4121,03781099999,03672099999,F6665,03772099999,03770099999",
London,2024-03-04,53.8,35.3,44.3,53.8,35.3,42.1,36.1,75.3,0.0,0.0,0.0,,0.0,0.0,30.0,15.8,164.6,1008.6,47.5,11.3,97.2,8.3,5,,2024-03-04T06:38:14,2024-03-04T17:46:57,0.8,Partially cloudy,Partly cloudy throughout the day.,partly-cloudy-day,"F6665,03781099999,03672099999,03772099999,03770099999",
London,2024-03-05,51.2,44.3,46.8,51.2,39.9,44.8,41.5,82.1,0.024,100.0,12.5,rain,0.0,0.0,16.1,9.7,36.9,1012.5,79.1,7.4,58.6,5.1,6,,2024-03-05T06:36:02,2024-03-05T17:48:42,0.84,"Rain, Partially cloudy",Partly cloudy throughout the day with rain clearing later.,rain,"03680099999,F6665,03781099999,03672099999,03768099999,03772099999,03770099999",
London,2024-03-06,51.5,42.5,46.3,51.5,40.3,45.5,41.0,82.3,0.0,0.0,0.0,,0.0,0.0,11.4,6.8,114.1,1020.9,59.0,6.8,90.3,7.7,6,,2024-03-06T06:33:50,2024-03-06T17:50:26,0.87,Partially cloudy,Partly cloudy throughout the day.,partly-cloudy-day,"03680099999,F6665,03781099999,03672099999,03768099999,03772099999,03770099999",
London,2024-03-07,51.2,43.1,46.5,51.2,38.0,42.9,40.5,80.0,0.0,0.0,0.0,,0.0,0.0,26.4,15.4,80.3,1019.9,70.5,4.2,73.5,6.3,4,,2024-03-07T06:31:37,2024-03-07T17:52:11,0.9,Partially cloudy,Partly cloudy throughout the day.,partly-cloudy-day,"03769099999,EGWU,03680099999,EGLL,F6665,03781099999,03768099999,03672099999,EGLC,03772099999,03770099999",
London,2024-03-08,50.1,42.9,45.6,50.1,37.3,40.8,37.8,74.6,0.0,0.0,0.0,,0.0,0.0,25.3,17.1,78.8,1006.6,31.1,5.1,97.6,8.4,5,,2024-03-08T06:29:23,2024-03-08T17:53:55,0.94,Partially cloudy,Partly cloudy throughout the day.,partly-cloudy-day,"F6665,03781099999,03672099999,03772099999,03770099999",
London,2024-03-09,55.1,45.8,49.7,55.1,40.8,47.5,41.4,73.2,0.0,0.0,0.0,,0.0,0.0,20.8,15.1,92.4,994.4,65.5,9.8,80.5,7.0,5,,2024-03-09T06:27:09,2024-03-09T17:55:39,0.97,Partially cloudy,Partly cloudy throughout the day.,partly-cloudy-day,"F6665,03781099999,03672099999,03772099999,03770099999",
London,2024-03-10,48.5,46.7,47.6,47.1,43.6,45.6,45.7,93.1,0.44,100.0,62.5,rain,0.0,0.0,16.1,6.6,89.2,995.0,95.3,4.4,20.4,1.6,1,,2024-03-10T06:24:55,2024-03-10T17:57:23,0.0,"Rain, Overcast",Cloudy skies throughout the day with a chance of rain throughout the day.,rain,"F6665,03781099999,03672099999,03772099999,03770099999",
London,2024-03-11,47.9,45.8,46.7,46.6,41.3,43.5,43.1,87.5,0.166,100.0,16.67,rain,0.0,0.0,20.4,9.7,341.9,1006.0,98.6,3.3,18.7,1.5,1,,2024-03-11T06:22:40,2024-03-11T17:59:06,0.04,"Rain, Overcast",Cloudy skies throughout the day with rain clearing later.,rain,"F6665,03781099999,03672099999,03768099999,03772099999,03770099999",
London,2024-03-12,56.0,45.2,50.8,56.0,40.8,49.2,48.0,90.5,0.417,100.0,41.67,rain,0.0,0.0,24.2,14.1,224.7,1011.2,92.7,5.2,28.3,2.4,1,,2024-03-12T06:20:25,2024-03-12T18:00:49,0.07,"Rain, Overcast",Cloudy skies throughout the day with rain.,rain,"EGWU,EGLL,F6665,03781099999,03672099999,03761099999,EGLC,03772099999,03770099999",
London,2024-03-13,56.0,51.9,53.8,56.0,51.9,53.8,48.1,81.3,0.0,0.0,0.0,,0.0,0.0,23.0,14.2,224.9,1012.2,85.2,9.1,38.5,3.4,1,,2024-03-13T06:18:09,2024-03-13T18:02:32,0.1,Partially cloudy,Partly cloudy throughout the day.,partly-cloudy-day,"F6665,03781099999,03672099999,03768099999,03684099999,03772099999,03770099999",
London,2024-03-14,62.7,47.4,53.9,62.7,44.5,53.3,48.0,81.0,0.008,100.0,4.17,rain,0.0,0.0,27.7,17.5,203.4,1006.9,62.8,9.7,114.2,10.0,6,,2024-03-14T06:15:54,2024-03-14T18:04:15,0.14,"Rain, Partially cloudy",Partly cloudy throughout the day with late afternoon rain.,rain,"03680099999,F6665,03781099999,03672099999,03768099999,03772099999,03770099999",
London,2024-03-15,61.1,50.3,55.2,61.1,50.3,55.2,48.5,78.3,0.0,0.0,0.0,,0.0,0.0,35.8,18.7,234.3,1005.3,87.6,8.1,100.4,8.5,6,,2024-03-15T06:13:38,2024-03-15T18:05:57,0.17,Partially cloudy,Partly cloudy throughout the day.,partly-cloudy-day,"F6665,03781099999,03672099999,03772099999,03770099999",
London,2024-03-16,55.7,45.7,50.4,55.7,43.1,49.3,40.4,69.1,0.0,0.0,0.0,,0.0,0.0,17.2,10.6,211.3,1019.0,78.1,15.2,101.3,8.7,7,,2024-03-16T06:11:21,2024-03-16T18:07:40,0.21,Partially cloudy,Partly cloudy throughout the day.,partly-cloudy-day,"F6665,03781099999,03672099999,03772099999,03770099999",
London,2024-03-17,62.0,49.4,54.2,62.0,46.3,54.1,50.1,86.4,0.181,100.0,29.17,rain,0.0,0.0,20.8,11.0,202.9,1014.6,85.6,7.0,57.7,5.1,2,,2024-03-17T06:09:05,2024-03-17T18:09:22,0.25,"Rain, Partially cloudy",Partly cloudy throughout the day with a chance of rain throughout the day.,rain,"F6665,03781099999,03672099999,03772099999,03770099999",
London,2024-03-18,57.8,49.2,53.1,57.8,46.4,52.5,47.5,81.6,0.0,0.0,0.0,,0.0,0.0,23.0,12.6,220.3,1014.6,84.4,8.7,96.3,8.2,5,,2024-03-18T06:06:48,2024-03-18T18:11:04,0.27,Partially cloudy,Partly cloudy throughout the day.,partly-cloudy-day,"F6665,03781099999,03672099999,03772099999,03770099999",
London,2024-03-19,55.7,51.2,53.5,55.7,51.2,53.5,48.2,82.3,0.0,0.0,0.0,,0.0,0.0,23.0,13.4,211.9,1015.5,95.3,8.2,64.8,5.5,2,,2024-03-19T06:04:31,2024-03-19T18:12:46,0.31,Overcast,Cloudy skies throughout the day.,cloudy,"03769099999,03680099999,F6665,03781099999,03672099999,03772099999,03770099999",
London,2024-03-20,62.9,51.0,56.6,62.9,51.0,56.6,47.9,74.0,0.0,0.0,0.0,,0.0,0.0,11.4,7.9,231.6,1018.3,72.1,9.6,129.0,11.2,8,,2024-03-20T06:02:15,2024-03-20T18:14:28,0.34,Partially cloudy,Partly cloudy throughout the day.,partly-cloudy-day,"F6665,03781099999,03672099999,03772099999,03770099999",
London,2024-03-21,62.3,46.7,54.6,62.3,46.7,54.5,47.3,77.0,0.0,0.0,0.0,,0.0,0.0,19.7,14.3,235.7,1024.2,57.3,6.5,96.8,8.4,5,,2024-03-21T05:59:58,2024-03-21T18:16:09,0.37,Partially cloudy,Partly cloudy throughout the day.,partly-cloudy-day,"F6665,03781099999,03672099999,03772099999,03770099999",
London,2024-03-22,54.6,44.9,50.7,54.6,40.5,50.0,41.8,72.6,0.032,100.0,8.33,rain,0.0,0.0,16.1,11.7,267.2,1017.7,64.9,7.4,39.6,3.4,1,,2024-03-22T05:57:41,2024-03-22T18:17:51,0.41,"Rain, Partially cloudy",Partly cloudy throughout the day with rain in the morning and afternoon.,rain,"F6665,03781099999,03672099999,03772099999,03770099999",
London,2024-03-23,52.1,39.8,45.7,52.1,32.7,40.4,34.0,64.3,0.008,100.0,4.17,rain,0.0,0.0,39.1,21.7,271.0,1011.9,33.5,12.1,142.0,12.2,8,,2024-03-23T05:55:24,2024-03-23T18:19:32,0.44,"Rain, Partially cloudy",Partly cloudy throughout the day with afternoon rain.,rain,"03680099999,F6665,03781099999,03672099999,03772099999,03770099999",
London,2024-03-24,56.9,43.1,48.1,56.9,35.9,44.7,34.8,61.7,0.016,100.0,4.17,rain,0.0,0.0,26.4,16.4,287.6,1009.9,45.7,12.8,139.7,12.0,8,,2024-03-24T05:53:07,2024-03-24T18:21:13,0.47,"Rain, Partially cloudy",Partly cloudy throughout the day with early morning rain.,rain,"F6665,03781099999,03672099999,03772099999,03770099999",
London,2024-03-25,53.7,42.5,48.6,53.7,40.9,46.9,38.6,69.2,0.0,0.0,0.0,,0.0,0.0,23.0,12.7,149.0,1000.2,72.4,10.0,88.1,7.5,3,,2024-03-25T05:50:50,2024-03-25T18:22:54,0.5,Partially cloudy,Partly cloudy throughout the day.,partly-cloudy-day,"F6665,03781099999,03672099999,03772099999,03770099999",
London,2024-03-26,57.5,43.8,50.4,57.5,37.0,48.6,41.7,73.1,0.126,100.0,12.5,rain,0.0,0.0,24.8,13.8,119.8,987.3,71.2,8.3,82.8,7.1,4,,2024-03-26T05:48:33,2024-03-26T18:24:35,0.54,"Rain, Partially cloudy",Partly cloudy throughout the day with rain.,rain,"03769099999,EGWU,03680099999,EGLL,F6665,03781099999,03672099999,EGLC,03772099999,03770099999",
London,2024-03-27,53.0,41.8,46.7,53.0,37.8,42.8,39.8,77.9,0.425,100.0,8.33,rain,0.0,0.0,41.2,20.4,180.5,980.6,58.6,9.4,157.1,13.6,7,,2024-03-27T05:46:16,2024-03-27T18:26:16,0.58,"Rain, Partially cloudy",Partly cloudy throughout the day with rain in the morning and afternoon.,rain,"EGWU,EGLL,03680099999,F6665,03672099999,03768099999,03761099999,03781099999,EGLC,03772099999,03770099999",
London,2024-03-28,51.7,41.3,47.6,51.7,35.2,43.5,41.0,78.3,0.463,100.0,70.83,rain,0.0,0.0,48.8,24.8,185.3,977.8,82.3,6.0,66.6,5.8,5,,2024-03-28T05:43:59,2024-03-28T18:27:57,0.61,"Rain, Partially cloudy",Partly cloudy throughout the day with a chance of rain throughout the day.,rain,"EGWU,EGLL,F6665,EGLC",
London,2024-03-29,56.8,45.6,50.4,56.8,41.2,47.8,42.4,74.8,0.079,100.0,33.33,rain,0.0,0.0,38.0,18.6,203.2,987.5,77.9,6.1,130.0,11.4,9,,2024-03-29T05:41:43,2024-03-29T18:29:38,0.65,"Rain, Partially cloudy",Partly cloudy throughout the day with rain in the morning and afternoon.,rain,"EGWU,EGLL,F6665,EGLC",
London,2024-03-30,60.4,42.0,50.0,60.4,40.4,49.1,39.5,70.3,0.0,0.0,0.0,,0.0,0.0,19.7,10.9,159.4,994.8,55.4,6.2,207.1,17.9,8,,2024-03-30T05:39:26,2024-03-30T18:31:18,0.68,Partially cloudy,Partly cloudy throughout the day.,partly-cloudy-day,"EGWU,EGLL,F6665,EGLC",
London,2024-03-31,53.1,43.1,49.0,53.1,38.9,46.9,44.5,84.3,0.083,100.0,25.0,rain,0.0,0.0,28.0,15.9,72.5,993.5,76.2,5.4,95.0,7.7,9,,2024-03-31T06:37:10,2024-03-31T19:32:59,0.71,"Rain, Partially cloudy",Partly cloudy throughout the day with rain.,rain,"EGWU,EGLL,F6665,EGLC",
Berlin,2023-10-01,68.0,54.4,60.1,68.0,54.4,60.1,51.0,73.1,0.032,100.0,8.33,rain,0.0,0.0,19.2,12.0,241.3,1023.6,92.4,24.1,112.3,9.6,8,,2023-10-01T07:06:56,2023-10-01T18:44:42,0.57,"Rain, Overcast",Cloudy skies throughout the day with late afternoon rain.,rain,"00427,03987,00403,E2835,00433,00400",
Berlin,2023-10-02,78.0,57.9,67.2,78.0,57.9,67.2,56.6,70.0,0.0,0.0,0.0,,0.0,0.0,16.3,8.8,204.1,1020.3,75.4,24.8,119.8,10.4,5,,2023-10-02T07:08:38,2023-10-02T18:42:21,0.6,Partially cloudy,Partly cloudy throughout the day.,partly-cloudy-day,"00427,03987,00403,E2835,00433,00400",
Berlin,2023-10-03,76.3,56.8,64.5,76.3,56.8,64.5,55.8,75.1,0.367,100.0,16.67,rain,0.0,0.0,46.1,15.1,235.5,1012.3,67.4,20.1,65.4,5.7,3,,2023-10-03T07:10:21,2023-10-03T18:40:01,0.63,"Rain, Partially cloudy",Partly cloudy throughout the day with late afternoon rain.,rain,"00427,03987,00403,E2835,00433,00400",
Berlin,2023-10-04,63.3,53.1,57.6,63.3,53.1,57.6,49.9,75.9,0.0,0.0,0.0,,0.0,0.0,35.3,15.8,248.0,1022.7,70.5,27.3,94.4,8.0,6,,2023-10-04T07:12:04,2023-10-04T18:37:40,0.66,Partially cloudy,Partly cloudy throughout the day.,partly-cloudy-day,"00427,03987,00403,E2835,00433,00400",
Berlin,2023-10-05,61.2,51.1,55.2,61.2,51.1,55.2,50.0,83.0,0.064,100.0,16.67,rain,0.0,0.0,37.8,15.4,244.3,1021.5,78.8,21.3,45.4,3.8,3,,2023-10-05T07:13:47,2023-10-05T18:35:21,0.7,"Rain, Partially cloudy",Partly cloudy throughout the day with rain.,rain,"00427,03987,00403,E2835,00433,00400",
Berlin,2023-10-06,64.0,50.9,58.2,64.0,50.9,58.2,52.6,82.8,0.023,100.0,20.83,rain,0.0,0.0,29.1,13.0,223.4,1021.9,98.8,12.2,82.4,7.0,5,,2023-10-06T07:15:31,2023-10-06T18:33:01,0.75,"Rain, Overcast",Cloudy skies throughout the day with rain.,rain,"00427,03987,00403,E2835,00433,00400",
Berlin,2023-10-07,63.9,52.8,61.0,63.9,52.8,61.0,55.2,82.0,0.45,100.0,45.83,rain,0.0,0.0,32.0,17.4,262.1,1015.0,99.9,15.8,21.3,2.1,1,,2023-10-07T07:17:15,2023-10-07T18:30:43,0.76,"Rain, Overcast",Cloudy skies throughout the day with rain.,rain,"00427,03987,00403,E2835,00433,00400",
Berlin,2023-10-08,58.6,50.1,53.5,58.6,50.1,53.5,44.4,73.9,0.156,100.0,25.0,rain,0.0,0.0,16.3,10.0,325.5,1023.4,62.4,20.7,135.1,11.7,6,,2023-10-08T07:18:59,2023-10-08T18:28:24,0.79,"Rain, Partially cloudy",Becoming cloudy in the afternoon with early morning rain.,rain,"00427,03987,00403,E2835,00433,00400",
Berlin,2023-10-09,52.3,48.3,50.3,52.3,46.2,49.8,47.5,90.2,0.067,100.0,50.0,rain,0.0,0.0,15.2,5.9,126.1,1019.1,99.8,15.3,28.6,2.4,1,,2023-10-09T07:20:43,2023-10-09T18:26:07,0.83,"Rain, Overcast",Cloudy skies throughout the day with a chance of rain throughout the day.,rain,"00427,03987,00403,E2835,00433,00400",
Berlin,2023-10-10,61.9,50.6,56.6,61.9,50.6,56.6,54.1,91.5,0.028,100.0,33.33,rain,0.0,0.0,19.9,8.3,219.6,1018.2,97.3,12.2,67.5,5.9,6,,2023-10-10T07:22:28,2023-10-10T18:23:50,0.86,"Rain, Overcast",Cloudy skies throughout the day with rain clearing later.,rain,"00427,03987,00403,E2835,00433,00400",
Berlin,2023-10-11,74.0,57.6,64.8,74.0,57.6,64.8,54.6,71.7,0.0,0.0,0.0,,0.0,0.0,28.2,13.5,218.1,1011.7,93.4,23.9,99.5,8.6,4,,2023-10-11T07:24:13,2023-10-11T18:21:33,0.89,Overcast,Cloudy skies throughout the day.,cloudy,"00427,03987,00403,E2835,00433,00400",
Berlin,2023-10-12,68.8,54.5,60.0,68.8,54.5,60.0,53.3,79.6,0.056,100.0,25.0,rain,0.0,0.0,33.1,10.9,253.5,1012.3,95.9,20.5,39.1,3.3,2,,2023-10-12T07:25:58,2023-10-12T18:19:17,0.92,"Rain, Overcast",Cloudy skies throughout the day with morning rain.,rain,"00427,03987,00403,E2835,00433,00400",
Berlin,2023-10-13,70.8,55.1,62.7,70.8,55.1,62.7,57.4,84.1,0.011,100.0,16.67,rain,0.0,0.0,30.9,12.7,188.4,1009.7,78.3,16.2,50.4,4.3,3,,2023-10-13T07:27:44,2023-10-13T18:17:02,0.96,"Rain, Partially cloudy",Partly cloudy throughout the day with rain.,rain,"00427,03987,00403,E2835,00433,00400",
Berlin,2023-10-14,69.4,50.8,59.5,69.4,50.8,59.5,48.9,68.6,0.036,100.0,29.17,rain,0.0,0.0,41.2,16.8,256.5,1005.4,58.6,20.8,129.0,11.2,7,,2023-10-14T07:29:30,2023-10-14T18:14:48,0.0,"Rain, Partially cloudy",Partly cloudy throughout the day with a chance of rain throughout the day.,rain,"00427,03987,00403,E2835,00433,00400",
Berlin,2023-10-15,51.7,44.5,47.7,51.7,38.9,43.2,38.5,70.6,0.0,0.0,0.0,,0.0,0.0,33.8,16.7,268.4,1014.5,19.8,28.2,68.6,5.9,4,,2023-10-15T07:31:16,2023-10-15T18:12:34,0.02,Clear,Clear conditions throughout the day.,clear-day,"00427,03987,00403,E2835,00433,00400",
Berlin,2023-10-16,51.0,40.7,45.1,51.0,35.1,41.6,39.3,80.6,0.0,0.0,0.0,,0.0,0.0,24.4,12.7,268.5,1020.2,46.9,27.5,79.1,6.8,6,,2023-10-16T07:33:02,2023-10-16T18:10:22,0.06,Partially cloudy,Partly cloudy throughout the day.,partly-cloudy-day,"00427,03987,00403,E2835,00433,00400",
Berlin,2023-10-17,51.8,37.8,44.4,51.8,37.3,44.2,38.7,82.1,0.0,0.0,0.0,,0.0,0.0,8.7,5.1,245.9,1021.6,80.4,22.2,61.3,5.3,3,,2023-10-17T07:34:49,2023-10-17T18:08:10,0.09,Partially cloudy,Partly cloudy throughout the day.,partly-cloudy-day,"00427,03987,00403,E2835,00433,00400",
Berlin,2023-10-18,54.2,32.6,42.6,54.2,28.7,40.8,36.7,81.3,0.0,0.0,0.0,,0.0,0.0,19.5,11.9,103.8,1015.5,47.9,18.0,108.6,9.3,5,,2023-10-18T07:36:36,2023-10-18T18:05:58,0.13,Partially cloudy,Partly cloudy throughout the day.,partly-cloudy-day,"00427,03987,00403,E2835,00433,00400",
Berlin,2023-10-19,45.1,42.3,44.2,40.0,35.7,38.6,40.3,86.5,0.044,100.0,50.0,rain,0.0,0.0,21.7,12.2,89.9,1000.9,100.0,9.6,16.4,1.3,1,,2023-10-19T07:38:24,2023-10-19T18:03:48,0.17,"Rain, Overcast",Cloudy skies throughout the day with rain.,rain,"00427,03987,00403,E2835,00433,00400",
Berlin,2023-10-20,44.6,41.0,42.8,38.8,32.2,35.3,41.5,95.4,0.342,100.0,75.0,rain,0.0,0.0,33.6,19.8,81.6,992.4,100.0,7.9,10.0,0.9,0,,2023-10-20T07:40:12,2023-10-20T18:01:39,0.2,"Rain, Overcast",Cloudy skies throughout the day with a chance of rain throughout the day.,rain,"00427,03987,00403,E2835,00433,00400",
Berlin,2023-10-21,65.0,43.3,51.4,65.0,37.6,49.2,47.9,89.2,0.0,0.0,0.0,,0.0,0.0,26.2,15.9,164.6,997.0,64.6,14.2,87.2,7.5,5,,2023-10-21T07:42:00,2023-10-21T17:59:31,0.24,Partially cloudy,Partly cloudy throughout the day.,partly-cloudy-day,"00427,03987,00403,E2835,00433,00400",
Berlin,2023-10-22,61.4,49.8,54.9,61.4,48.5,54.9,50.1,84.7,0.06,100.0,12.5,rain,0.0,0.0,20.1,11.0,214.7,1007.7,80.6,22.2,84.5,7.2,6,,2023-10-22T07:43:48,2023-10-22T17:57:24,0.25,"Rain, Partially cloudy",Partly cloudy throughout the day with rain clearing later.,rain,"00427,03987,00403,E2835,00433,00400",
Berlin,2023-10-23,59.0,45.5,51.6,59.0,43.3,50.8,48.5,89.7,0.0,0.0,0.0,,0.0,0.0,12.1,7.5,198.4,1014.2,57.9,20.0,80.3,6.8,5,,2023-10-23T07:45:37,2023-10-23T17:55:18,0.31,Partially cloudy,Partly cloudy throughout the day.,partly-cloudy-day,"00427,03987,00403,E2835,00433,00400",
Berlin,2023-10-24,55.2,48.5,52.0,55.2,45.5,51.5,50.5,94.6,0.485,100.0,41.67,rain,0.0,0.0,21.0,9.1,104.2,1006.9,100.0,11.1,25.6,2.1,1,,2023-10-24T07:47:26,2023-10-24T17:53:13,0.34,"Rain, Overcast",Cloudy skies throughout the day with rain.,rain,"00427,03987,00403,E2835,00433,00400",
Berlin,2023-10-25,56.3,48.8,52.2,56.3,45.4,51.6,49.6,91.2,0.022,100.0,8.33,rain,0.0,0.0,13.9,7.9,237.7,1001.5,96.7,14.3,70.5,6.0,4,,2023-10-25T07:49:15,2023-10-25T17:51:09,0.38,"Rain, Overcast",Cloudy skies throughout the day with early morning rain.,rain,"00427,03987,00403,E2835,00433,00400",
Berlin,2023-10-26,51.3,48.8,49.8,51.3,45.0,48.0,48.6,95.6,0.363,100.0,62.5,rain,0.0,0.0,19.9,9.7,60.0,994.8,99.5,7.2,14.5,1.2,1,,2023-10-26T07:51:04,2023-10-26T17:49:07,0.41,"Rain, Overcast",Cloudy skies throughout the day with a chance of rain throughout the day.,rain,"00427,03987,00403,E2835,00433,00400",
Berlin,2023-10-27,50.2,47.9,49.2,50.2,45.0,47.4,48.0,95.6,0.077,100.0,37.5,rain,0.0,0.0,13.4,8.0,87.9,994.8,100.0,6.4,13.4,1.1,1,,2023-10-27T07:52:54,2023-10-27T17:47:06,0.45,"Rain, Overcast",Cloudy skies throughout the day with rain.,rain,"00427,03987,00403,E2835,00433,00400",
Berlin,2023-10-28,53.7,47.5,50.1,53.7,44.2,49.1,48.9,95.5,0.532,100.0,70.83,rain,0.0,0.0,12.3,6.9,122.2,999.5,88.2,10.4,35.0,3.2,2,,2023-10-28T07:54:44,2023-10-28T17:45:06,0.5,"Rain, Partially cloudy",Partly cloudy throughout the day with a chance of rain throughout the day.,rain,"00427,03987,00403,E2835,00433,00400",
Berlin,2023-10-29,58.8,47.5,53.0,58.8,44.5,52.1,49.7,89.0,0.296,100.0,41.67,rain,0.0,0.0,30.6,12.6,179.5,1000.4,92.5,20.6,24.6,2.0,2,,2023-10-29T06:56:34,2023-10-29T16:43:07,0.52,"Rain, Overcast",Cloudy skies throughout the day with rain.,rain,"00427,03987,00403,E2835,00433,00400",
Berlin,2023-10-30,59.2,52.5,55.4,59.2,52.5,55.4,49.5,80.9,0.0,0.0,0.0,,0.0,0.0,23.9,11.3,197.2,1002.5,94.3,30.1,50.4,4.3,3,,2023-10-30T06:58:24,2023-10-30T16:41:10,0.55,Overcast,Cloudy skies throughout the day.,cloudy,"00427,03987,00403,E2835,00433,00400",
Berlin,2023-10-31,55.4,45.3,52.1,55.4,39.6,51.4,47.8,85.8,0.227,100.0,45.83,rain,0.0,0.0,35.6,18.4,255.4,998.1,90.1,15.9,26.0,2.3,2,,2023-10-31T07:00:14,2023-10-31T16:39:14,0.58,"Rain, Overcast",Cloudy skies throughout the day with a chance of rain throughout the day.,rain,"00427,03987,00403,E2835,00433,00400",
Berlin,2023-11-01,57.7,44.2,50.6,57.7,39.5,49.3,44.3,79.1,0.0,0.0,0.0,,0.0,0.0,20.1,11.2,173.2,1005.6,80.8,28.8,51.4,4.4,4,,2023-11-01T07:02:05,2023-11-01T16:37:20,0.62,Partially cloudy,Partly cloudy throughout the day.,partly-cloudy-day,"00427,03987,00403,E2835,00433,00400",
Berlin,2023-11-02,56.4,46.7,51.9,56.4,42.7,50.8,46.5,82.3,0.138,100.0,25.0,rain,0.0,0.0,24.2,12.4,147.2,992.9,78.4,25.6,32.5,2.9,2,,2023-11-02T07:03:55,2023-11-02T16:35:27,0.65,"Rain, Partially cloudy",Partly cloudy throughout the day with late afternoon rain.,rain,"00427,03987,00403,E2835,00433,00400",
Berlin,2023-11-03,51.9,47.5,49.5,51.9,43.6,47.8,44.9,84.6,0.025,100.0,20.83,rain,0.0,0.0,17.0,8.5,204.7,986.9,98.5,24.0,44.3,3.9,2,,2023-11-03T07:05:46,2023-11-03T16:33:36,0.68,"Rain, Overcast",Cloudy skies throughout the day with rain.,rain,"00427,03987,00403,E2835,00433,00400",
Berlin,2023-11-04,52.3,43.0,47.8,52.3,38.7,44.6,39.9,74.4,0.016,100.0,4.17,rain,0.0,0.0,29.5,13.0,183.1,988.3,70.7,29.6,61.9,5.4,4,,2023-11-04T07:07:36,2023-11-04T16:31:47,0.71,"Rain, Partially cloudy",Becoming cloudy in the afternoon with late afternoon rain.,rain,"00427,03987,00403,E2835,00433,00400",
Berlin,2023-11-05,55.3,46.7,50.3,55.3,42.4,48.2,46.0,85.4,0.322,100.0,45.83,rain,0.0,0.0,30.4,15.6,190.3,980.9,83.3,22.2,42.0,3.6,4,,2023-11-05T07:09:27,2023-11-05T16:29:59,0.75,"Rain, Partially cloudy",Partly cloudy throughout the day with a chance of rain throughout the day.,rain,"00427,03987,00403,E2835,00433,00400",
Berlin,2023-11-06,55.2,48.9,52.3,55.2,44.8,51.8,43.3,71.7,0.005,100.0,8.33,rain,0.0,0.0,35.6,16.6,232.8,999.2,48.5,28.3,37.2,3.3,2,,2023-11-06T07:11:17,2023-11-06T16:28:14,0.78,"Rain, Partially cloudy",Partly cloudy throughout the day with early morning rain.,rain,"00427,03987,00403,E2835,00433,00400",
Berlin,2023-11-07,54.5,46.1,49.6,54.5,41.8,47.1,43.2,79.1,0.001,100.0,4.17,rain,0.0,0.0,30.6,13.8,217.9,1009.6,44.2,27.3,52.7,4.6,4,,2023-11-07T07:13:07,2023-11-07T16:26:30,0.81,"Rain, Partially cloudy",Becoming cloudy in the afternoon with late afternoon rain.,rain,"00427,03987,00403,E2835,00433,00400",
Berlin,2023-11-08,52.3,45.0,47.9,52.3,40.0,44.6,41.9,79.9,0.016,100.0,12.5,rain,0.0,0.0,30.9,12.9,224.5,1011.8,50.5,26.5,31.5,3.0,2,,2023-11-08T07:14:58,2023-11-08T16:24:47,0.84,"Rain, Partially cloudy",Partly cloudy throughout the day with morning rain.,rain,"00427,03987,00403,E2835,00433,00400",
Berlin,2023-11-09,53.4,43.4,49.1,53.4,39.4,47.1,40.4,72.4,0.001,100.0,4.17,rain,0.0,0.0,22.8,11.8,192.1,1005.3,99.7,26.4,32.1,2.8,2,,2023-11-09T07:16:48,2023-11-09T16:23:07,0.87,"Rain, Overcast",Cloudy skies throughout the day with afternoon rain.,rain,"00427,03987,00403,E2835,00433,00400",
Berlin,2023-11-10,51.3,44.5,48.1,51.3,40.5,45.5,41.8,79.0,0.003,100.0,4.17,rain,0.0,0.0,23.9,11.1,193.4,1000.4,54.3,28.1,30.6,2.6,2,,2023-11-10T07:18:37,2023-11-10T16:21:29,0.91,"Rain, Partially cloudy",Partly cloudy throughout the day with afternoon rain.,rain,"00427,03987,00403,E2835,00433,00400",
Berlin,2023-11-11,46.9,37.6,42.7,44.3,33.4,39.5,39.6,88.5,0.016,100.0,20.83,rain,0.0,0.0,13.2,8.6,205.7,1001.8,61.9,22.2,39.2,3.4,3,,2023-11-11T07:20:27,2023-11-11T16:19:53,0.94,"Rain, Partially cloudy",Partly cloudy throughout the day with rain.,rain,"00427,03987,00403,E2835,00433,00400",
Berlin,2023-11-12,46.2,41.3,43.7,44.1,37.9,41.1,41.0,90.0,0.008,100.0,20.83,rain,0.0,0.0,16.8,9.9,227.9,1006.7,76.2,17.3,38.5,3.3,5,,2023-11-12T07:22:16,2023-11-12T16:18:18,0.97,"Rain, Partially cloudy",Partly cloudy throughout the day with a chance of rain throughout the day.,rain,"00427,03987,00403,E2835,00433,00400",
Berlin,2023-11-13,47.9,40.4,44.5,44.2,37.7,40.7,39.4,82.7,0.218,100.0,20.83,rain,0.0,0.0,33.3,11.1,178.6,1006.1,74.9,24.3,55.6,4.8,3,,2023-11-13T07:24:04,2023-11-13T16:16:46,0.0,"Rain, Partially cloudy",Partly cloudy throughout the day with late afternoon rain.,rain,"00427,03987,00403,E2835,00433,00400",
Berlin,2023-11-14,55.7,47.7,51.7,55.7,42.8,50.5,45.5,79.8,0.044,100.0,33.33,rain,0.0,0.0,45.0,19.1,231.8,999.0,61.3,22.4,25.4,2.3,2,,2023-11-14T07:25:53,2023-11-14T16:15:17,0.04,"Rain, Partially cloudy",Partly cloudy throughout the day with rain.,rain,"00427,03987,00403,E2835,00433,00400",
Berlin,2023-11-15,49.4,41.8,45.9,46.7,38.0,41.4,42.4,87.8,0.147,100.0,33.33,rain,0.0,0.0,26.2,16.6,273.2,1008.4,93.8,19.3,31.7,2.6,2,,2023-11-15T07:27:40,2023-11-15T16:13:49,0.07,"Rain, Overcast",Cloudy skies throughout the day with rain.,rain,"00427,03987,00403,E2835,00433,00400",
Berlin,2023-11-16,47.8,35.9,43.8,43.5,31.2,39.1,39.5,85.2,0.087,100.0,33.33,rain,0.0,0.0,26.8,15.2,237.6,1011.4,70.2,25.3,40.5,3.4,4,,2023-11-16T07:29:27,2023-11-16T16:12:24,0.11,"Rain, Partially cloudy",Clearing in the afternoon with rain clearing later.,rain,"00427,03987,00403,E2835,00433,00400",
Berlin,2023-11-17,41.8,35.5,39.1,34.7,29.6,31.9,35.4,86.6,0.009,100.0,16.67,rain,0.0,0.0,28.4,14.4,276.6,1014.7,97.4,23.8,12.3,1.0,1,,2023-11-17T07:31:14,2023-11-17T16:11:01,0.15,"Rain, Overcast",Cloudy skies throughout the day with late afternoon rain.,rain,"00427,03987,00403,E2835,00433,00400",
Berlin,2023-11-18,42.3,38.9,40.1,39.4,33.2,35.2,36.7,87.4,0.0,0.0,0.0,,0.0,0.0,17.7,11.4,247.1,1023.4,88.6,19.5,22.6,2.1,2,,2023-11-18T07:32:59,2023-11-18T16:09:41,0.18,Partially cloudy,Partly cloudy throughout the day.,partly-cloudy-day,"00427,03987,00403,E2835,00433,00400",
Berlin,2023-11-19,53.5,39.1,45.9,53.5,32.1,42.3,42.8,89.0,0.571,100.0,50.0,rain,0.0,0.0,30.4,12.2,200.6,1008.2,84.4,15.3,30.8,2.8,3,,2023-11-19T07:34:44,2023-11-19T16:08:23,0.22,"Rain, Partially cloudy",Partly cloudy throughout the day with a chance of rain throughout the day.,rain,"00427,03987,00403,E2835,00433,00400",
Berlin,2023-11-20,51.2,47.4,49.4,51.2,42.6,47.2,48.3,95.9,0.509,100.0,95.83,rain,0.0,0.0,19.0,11.5,250.6,1005.9,98.0,11.2,16.1,1.4,1,,2023-11-20T07:36:28,2023-11-20T16:07:08,0.25,"Rain, Overcast",Cloudy skies throughout the day with a chance of rain throughout the day.,rain,"00427,03987,00403,E2835,00433,00400",
Berlin,2023-11-21,46.7,32.5,38.9,44.0,26.3,32.5,35.6,87.6,0.03,100.0,33.33,rain,0.0,0.0,20.4,13.7,22.1,1015.6,91.6,15.6,7.0,0.5,0,,2023-11-21T07:38:11,2023-11-21T16:05:55,0.29,"Rain, Overcast",Cloudy skies throughout the day with rain.,rain,"00427,03987,00403,E2835,00433,00400",
Berlin,2023-11-22,35.8,26.8,31.6,34.0,20.8,25.7,24.2,74.3,0.0,0.0,0.0,,0.0,0.0,21.7,10.9,99.4,1028.0,46.7,23.4,52.4,4.4,3,,2023-11-22T07:39:53,2023-11-22T16:04:45,0.32,Partially cloudy,Becoming cloudy in the afternoon.,partly-cloudy-day,"00427,03987,00403,E2835,00433,00400",
Berlin,2023-11-23,52.0,32.4,44.3,52.0,24.1,38.8,39.9,84.4,0.131,100.0,29.17,"rain,snow",0.0,0.0,54.8,23.4,249.1,1010.6,98.8,17.5,7.7,0.7,0,,2023-11-23T07:41:33,2023-11-23T16:03:38,0.36,"Snow, Rain, Overcast",Cloudy skies throughout the day with rain or snow.,rain,"00427,03987,00403,E2835,00433,00400",
Berlin,2023-11-24,45.7,33.1,40.1,37.9,25.5,31.8,34.3,79.9,0.158,100.0,41.67,"rain,snow",0.0,0.0,39.1,22.8,283.1,998.5,61.1,24.8,37.3,3.3,3,,2023-11-24T07:43:13,2023-11-24T16:02:33,0.4,"Snow, Rain, Partially cloudy",Partly cloudy throughout the day with rain or snow.,rain,"00427,03987,00403,E2835,00433,00400",
Berlin,2023-11-25,36.3,32.6,34.1,30.9,23.7,26.3,31.3,89.3,0.012,100.0,16.67,"rain,snow",0.0,0.0,22.8,14.1,297.3,1003.8,57.9,21.7,19.3,1.7,1,,2023-11-25T07:44:51,2023-11-25T16:01:32,0.43,"Snow, Rain, Partially cloudy",Partly cloudy throughout the day with afternoon rain or snow.,rain,"00427,03987,00403,E2835,00433,00400",
Berlin,2023-11-26,33.8,29.6,31.7,30.2,23.5,26.5,26.2,80.3,0.0,0.0,0.0,,0.0,0.0,16.6,10.2,298.5,1011.9,55.1,26.7,46.2,3.9,3,,2023-11-26T07:46:28,2023-11-26T16:00:33,0.47,Partially cloudy,Partly cloudy throughout the day.,partly-cloudy-day,"00427,03987,00403,E2835,00433,00400",
Berlin,2023-11-27,35.4,28.2,32.0,30.3,21.4,26.4,29.6,90.8,0.035,100.0,33.33,"rain,snow",0.4,0.1,22.6,13.4,103.9,1006.0,92.6,11.0,13.0,1.0,1,,2023-11-27T07:48:03,2023-11-27T15:59:37,0.5,"Snow, Rain, Overcast",Cloudy skies throughout the day with rain or snow.,snow,"00427,03987,00403,E2835,00433,00400",
Berlin,2023-11-28,31.3,24.2,29.0,24.5,16.7,20.9,25.5,86.7,0.059,100.0,37.5,"rain,snow",0.6,0.8,23.0,13.7,36.9,1001.3,70.9,14.0,32.3,2.8,1,,2023-11-28T07:49:37,2023-11-28T15:58:44,0.53,"Snow, Rain, Partially cloudy",Partly cloudy throughout the day with rain or snow clearing later.,snow,"00427,03987,00403,E2835,00433,00400",
Berlin,2023-11-29,33.4,25.4,29.6,25.2,16.7,21.1,27.1,90.2,0.09,100.0,62.5,"rain,snow",1.0,1.5,23.3,12.3,202.6,1002.1,97.0,10.0,13.0,1.1,1,,2023-11-29T07:51:09,2023-11-29T15:57:55,0.57,"Snow, Rain, Overcast",Cloudy skies throughout the day with rain or snow.,snow,"00427,03987,00403,E2835,00433,00400",
Berlin,2023-11-30,32.8,20.9,27.0,32.8,18.4,23.5,24.0,88.8,0.001,100.0,4.17,"rain,snow",0.0,2.1,20.4,12.6,234.8,1003.9,38.8,12.7,33.8,2.9,3,,2023-11-30T07:52:39,2023-11-30T15:57:08,0.6,"Snow, Rain, Partially cloudy",Partly cloudy throughout the day with early morning snow or rain.,rain,"00427,03987,00403,E2835,00433,00400",
Berlin,2023-12-01,27.1,19.2,22.8,26.0,13.9,18.3,20.5,91.1,0.0,0.0,0.0,,0.0,1.7,8.5,6.9,342.1,1006.9,65.6,9.1,40.9,3.5,3,,2023-12-01T07:54:08,2023-12-01T15:56:25,0.63,Partially cloudy,Partly cloudy throughout the day.,partly-cloudy-day,"00427,03987,00403,E2835,00433,00400",
Berlin,2023-12-02,28.8,19.3,23.5,20.5,12.4,15.8,21.7,92.8,0.0,0.0,0.0,,0.0,1.5,14.1,10.8,299.3,1011.3,94.6,6.3,17.0,1.4,1,,2023-12-02T07:55:34,2023-12-02T15:55:45,0.66,Overcast,Cloudy skies throughout the day.,cloudy,"00427,03987,00403,E2835,00433,00400",
Berlin,2023-12-03,29.1,25.5,27.9,23.6,18.8,20.6,25.0,88.9,0.004,100.0,8.33,"rain,snow",0.0,1.7,14.5,10.1,269.9,1020.6,53.3,10.9,25.5,2.1,2,,2023-12-03T07:56:59,2023-12-03T15:55:08,0.69,"Snow, Rain, Partially cloudy",Partly cloudy throughout the day with morning rain or snow.,snow,"00427,03987,00403,E2835,00433,00400",
Berlin,2023-12-04,30.2,21.9,26.7,22.5,14.8,18.9,23.1,86.3,0.0,0.0,0.0,,0.0,1.6,18.8,10.6,133.3,1017.9,90.7,11.0,22.4,1.8,1,,2023-12-04T07:58:21,2023-12-04T15:54:34,0.73,Overcast,Cloudy skies throughout the day.,cloudy,"00427,03987,00403,E2835,00433,00400",
Berlin,2023-12-05,31.9,26.3,29.5,23.3,16.9,20.5,25.6,85.4,0.007,100.0,8.33,"rain,snow",0.2,1.6,20.8,12.2,113.6,1010.2,99.0,8.3,18.8,1.5,1,,2023-12-05T07:59:42,2023-12-05T15:54:04,0.75,"Snow, Rain, Overcast",Cloudy skies throughout the day with rain or snow.,snow,"00427,03987,00403,E2835,00433,00400",
Berlin,2023-12-06,34.4,31.6,33.0,31.4,23.7,27.4,32.0,95.8,0.126,100.0,66.67,"rain,snow",0.9,1.8,15.2,9.1,132.5,1012.4,97.8,2.4,8.3,0.7,1,,2023-12-06T08:00:59,2023-12-06T15:53:37,0.79,"Snow, Rain, Overcast",Cloudy skies throughout the day with a chance of rain or snow throughout the day.,snow,"00427,03987,00403,E2835,00433,00400",
Berlin,2023-12-07,35.0,33.3,34.1,34.6,28.2,30.7,33.0,95.7,0.0,0.0,0.0,,0.0,1.2,8.3,6.6,226.6,1019.7,97.2,3.8,10.6,0.8,1,,2023-12-07T08:02:15,2023-12-07T15:53:13,0.82,Overcast,Cloudy skies throughout the day.,cloudy,"00427,03987,00403,E2835,00433,00400",
Berlin,2023-12-08,34.2,33.2,33.8,28.9,24.7,26.8,31.9,93.0,0.014,100.0,16.67,"rain,snow",0.1,0.5,23.0,11.5,125.5,1014.5,99.3,5.6,18.7,1.7,1,,2023-12-08T08:03:28,2023-12-08T15:52:54,0.85,"Snow, Rain, Overcast",Cloudy skies throughout the day with rain or snow.,snow,"00427,03987,00403,E2835,00433,00400",
Berlin,2023-12-09,41.5,33.9,37.1,37.2,28.6,32.0,35.6,94.1,0.022,100.0,8.33,rain,0.0,0.3,21.9,12.0,160.4,1010.1,89.3,7.5,16.8,1.5,1,,2023-12-09T08:04:39,2023-12-09T15:52:37,0.89,"Rain, Partially cloudy",Partly cloudy throughout the day with late afternoon rain.,rain,"00427,03987,00403,E2835,00433,00400",
Berlin,2023-12-10,45.4,36.2,41.6,40.5,29.6,35.9,39.6,92.5,0.257,100.0,66.67,rain,0.0,0.0,29.3,13.7,197.5,1002.4,97.2,12.5,13.8,1.2,1,,2023-12-10T08:05:47,2023-12-10T15:52:24,0.92,"Rain, Overcast",Cloudy skies throughout the day with a chance of rain throughout the day.,rain,"00427,03987,00403,E2835,00433,00400",
Berlin,2023-12-11,48.3,42.7,46.2,44.2,37.0,41.2,43.9,92.0,0.749,100.0,83.33,rain,0.0,0.0,33.6,16.0,231.2,998.0,94.6,13.1,14.7,1.3,1,,2023-12-11T08:06:52,2023-12-11T15:52:15,0.95,"Rain, Overcast",Cloudy skies throughout the day with a chance of rain throughout the day.,rain,"00427,03987,00403,E2835,00433,00400",
Berlin,2023-12-12,46.0,38.4,42.9,43.2,33.6,38.9,41.0,93.1,0.079,100.0,33.33,rain,0.0,0.0,28.9,14.4,250.3,1006.1,95.5,16.7,30.8,2.7,3,,2023-12-12T08:07:54,2023-12-12T15:52:09,0.98,"Rain, Overcast",Cloudy skies throughout the day with rain clearing later.,rain,"00427,03987,00403,E2835,00433,00400",
Berlin,2023-12-13,41.6,37.8,40.2,38.2,31.8,35.3,39.6,97.6,0.364,100.0,58.33,rain,0.0,0.0,18.3,8.9,86.3,1000.7,97.7,3.5,9.9,0.8,1,,2023-12-13T08:08:54,2023-12-13T15:52:06,0.0,"Rain, Overcast",Cloudy skies throughout the day with a chance of rain throughout the day.,rain,"00427,03987,00403,E2835,00433,00400",
Berlin,2023-12-14,39.4,36.3,37.8,36.6,31.0,33.2,35.9,93.0,0.014,100.0,16.67,rain,0.0,0.0,13.0,9.6,31.5,1014.4,98.5,11.0,5.3,0.5,0,,2023-12-14T08:09:50,2023-12-14T15:52:08,0.05,"Rain, Overcast",Cloudy skies throughout the day with rain clearing later.,rain,"00427,03987,00403,E2835,00433,00400",
Berlin,2023-12-15,43.6,33.3,38.0,39.0,28.1,33.6,36.6,94.9,0.006,100.0,16.67,rain,0.0,0.0,19.5,7.9,247.2,1030.6,91.4,6.2,10.0,0.9,1,,2023-12-15T08:10:44,2023-12-15T15:52:12,0.09,"Rain, Overcast",Cloudy skies throughout the day with rain.,rain,"00427,03987,00403,E2835,00433,00400",
Berlin,2023-12-16,47.3,43.2,45.6,42.4,37.9,40.3,40.9,83.9,0.001,100.0,4.17,rain,0.0,0.0,24.6,13.4,253.8,1035.0,82.8,15.1,27.1,2.4,2,,2023-12-16T08:11:35,2023-12-16T15:52:21,0.12,"Rain, Partially cloudy",Partly cloudy throughout the day with early morning rain.,rain,"00427,03987,00403,E2835,00433,00400",
Berlin,2023-12-17,49.6,40.8,46.6,45.1,36.0,41.8,42.0,84.0,0.0,0.0,0.0,,0.0,0.0,26.2,14.7,241.4,1032.4,74.9,21.3,20.3,1.8,1,,2023-12-17T08:12:22,2023-12-17T15:52:33,0.16,Partially cloudy,Partly cloudy throughout the day.,partly-cloudy-day,"00427,03987,00403,E2835,00433,00400",
Berlin,2023-12-18,45.6,39.9,43.3,40.9,34.6,37.8,38.7,83.9,0.0,0.0,0.0,,0.0,0.0,25.9,14.3,247.3,1027.7,69.3,21.9,15.3,1.5,1,,2023-12-18T08:13:06,2023-12-18T15:52:48,0.2,Partially cloudy,Partly cloudy throughout the day.,partly-cloudy-day,"00427,03987,00403,E2835,00433,00400",
Berlin,2023-12-19,44.4,40.9,43.2,40.0,35.7,38.0,39.3,86.4,0.2,100.0,54.17,rain,0.0,0.0,22.8,12.7,227.0,1016.8,99.7,12.1,6.8,0.6,1,,2023-12-19T08:13:47,2023-12-19T15:53:07,0.25,"Rain, Overcast",Cloudy skies throughout the day with rain.,rain,"00427,03987,00403,E2835,00433,00400",
Berlin,2023-12-20,43.7,40.0,42.0,39.0,32.2,35.5,38.9,88.8,0.192,100.0,50.0,rain,0.0,0.0,42.5,16.2,248.6,1007.6,87.7,19.1,10.9,0.9,1,,2023-12-20T08:14:25,2023-12-20T15:53:30,0.27,"Rain, Partially cloudy",Partly cloudy throughout the day with rain.,rain,"00427,03987,00403,E2835,00433,00400",
Berlin,2023-12-21,49.0,39.3,44.7,41.8,31.9,37.5,41.8,89.7,0.557,100.0,83.33,rain,0.0,0.0,49.9,23.1,248.0,989.5,84.7,13.5,5.8,0.5,0,,2023-12-21T08:14:59,2023-12-21T15:53:56,0.3,"Rain, Partially cloudy",Partly cloudy throughout the day with a chance of rain throughout the day.,rain,"00427,03987,00403,E2835,00433,00400",
Berlin,2023-12-22,41.2,32.5,38.8,31.3,21.6,28.7,31.8,76.1,0.117,100.0,16.67,"rain,snow",0.0,0.0,53.9,26.9,277.5,989.4,58.9,23.7,41.3,3.7,3,,2023-12-22T08:15:30,2023-12-22T15:54:26,0.34,"Snow, Rain, Partially cloudy",Partly cloudy throughout the day with rain or snow.,rain,"00427,03987,00403,E2835,00433,00400",
Berlin,2023-12-23,36.6,32.9,35.1,29.7,22.1,26.5,32.3,89.2,0.154,100.0,54.17,"rain,snow",0.0,0.2,42.9,20.8,276.4,999.8,89.7,18.1,7.5,0.6,0,,2023-12-23T08:15:58,2023-12-23T15:54:59,0.37,"Snow, Rain, Partially cloudy",Partly cloudy throughout the day with a chance of rain or snow throughout the day.,rain,"00427,03987,00403,E2835,00433,00400",
Berlin,2023-12-24,52.6,32.6,43.7,52.6,26.6,39.4,42.8,96.5,0.501,100.0,95.83,"rain,snow",0.1,0.1,48.3,18.8,230.8,999.3,100.0,5.4,7.6,0.7,1,,2023-12-24T08:16:22,2023-12-24T15:55:36,0.41,"Snow, Rain, Overcast",Cloudy skies throughout the day with a chance of rain or snow throughout the day.,snow,"00427,03987,00403,E2835,00433,00400",
Berlin,2023-12-25,52.0,48.2,50.3,52.0,42.8,47.9,44.5,80.8,0.395,100.0,41.67,rain,0.0,0.0,51.9,24.1,267.4,1001.2,90.3,21.5,21.5,1.8,1,,2023-12-25T08:16:42,2023-12-25T15:56:16,0.44,"Rain, Overcast",Cloudy skies throughout the day with rain.,rain,"00427,03987,00403,E2835,00433,00400",
Berlin,2023-12-26,49.1,41.9,47.5,46.5,34.1,41.8,42.2,82.6,0.665,100.0,50.0,rain,0.0,0.0,40.7,22.7,263.6,1007.0,66.2,18.4,32.1,2.8,3,,2023-12-26T08:16:59,2023-12-26T15:56:59,0.48,"Rain, Partially cloudy",Clearing in the afternoon with rain.,rain,"00427,03987,00403,E2835,00433,00400",
Berlin,2023-12-27,41.8,37.5,39.5,37.6,30.7,33.8,34.6,82.5,0.0,0.0,0.0,,0.0,0.0,26.2,14.6,223.8,1019.6,56.3,26.9,33.0,2.9,2,,2023-12-27T08:17:13,2023-12-27T15:57:46,0.5,Partially cloudy,Becoming cloudy in the afternoon.,partly-cloudy-day,"00427,03987,00403,E2835,00433,00400",
Berlin,2023-12-28,51.1,39.3,46.9,51.1,33.0,42.3,38.2,72.0,0.004,100.0,8.33,rain,0.0,0.0,28.2,15.6,216.3,1011.5,84.7,30.3,33.7,2.9,2,,2023-12-28T08:17:23,2023-12-28T15:58:35,0.55,"Rain, Partially cloudy",Partly cloudy throughout the day with rain clearing later.,rain,"00427,03987,00403,E2835,00433,00400",
Berlin,2023-12-29,52.0,46.5,49.2,52.0,40.7,46.0,40.8,73.0,0.038,100.0,16.67,rain,0.0,0.0,32.7,16.8,224.2,1007.1,89.8,24.8,29.0,2.7,3,,2023-12-29T08:17:29,2023-12-29T15:59:28,0.58,"Rain, Partially cloudy",Partly cloudy throughout the day with rain.,rain,"00427,03987,00403,E2835,00433,00400",
Berlin,2023-12-30,48.4,40.0,43.9,43.1,36.1,38.7,38.4,81.0,0.119,100.0,16.67,rain,0.0,0.0,34.9,16.1,240.6,1010.3,66.4,26.1,18.4,1.5,1,,2023-12-30T08:17:32,2023-12-30T16:00:24,0.61,"Rain, Partially cloudy",Partly cloudy throughout the day with early morning rain.,rain,"00427,03987,00403,E2835,00433,00400",
Berlin,2023-12-31,45.0,37.5,41.6,40.2,31.6,36.4,37.6,85.9,0.032,100.0,12.5,rain,0.0,0.0,19.7,10.5,162.3,1007.7,97.3,24.8,25.3,2.1,1,,2023-12-31T08:17:32,2023-12-31T16:01:24,0.64,"Rain, Overcast",Cloudy skies throughout the day with late afternoon rain.,rain,"00427,03987,00403,remote,E2835,00433,00400",
Berlin,2024-01-01,46.7,41.0,43.6,42.7,36.5,39.0,38.4,82.2,0.035,100.0,25.0,rain,0.0,0.0,23.7,9.9,210.6,1005.2,84.2,19.5,18.3,1.5,1,,2024-01-01T08:17:28,2024-01-01T16:02:26,0.68,"Rain, Partially cloudy",Partly cloudy throughout the day with rain.,rain,"00427,03987,remote,00403,E2835,00433,00400",
Berlin,2024-01-02,44.7,37.1,40.8,40.8,31.2,35.4,39.0,93.2,0.282,100.0,54.17,rain,0.0,0.0,21.7,10.5,156.9,999.8,98.5,14.6,8.3,0.8,0,,2024-01-02T08:17:20,2024-01-02T16:03:31,0.71,"Rain, Overcast",Cloudy skies throughout the day with rain.,rain,"00427,03987,00403,E2835,00433,00400",
Berlin,2024-01-03,52.2,45.7,49.3,52.2,41.9,46.0,43.7,81.3,0.203,100.0,29.17,rain,0.0,0.0,34.2,15.2,219.7,989.7,82.3,21.9,21.0,1.8,2,,2024-01-03T08:17:09,2024-01-03T16:04:39,0.74,"Rain, Partially cloudy",Partly cloudy throughout the day with a chance of rain throughout the day.,rain,"00427,03987,00403,E2835,00433,00400",
Berlin,2024-01-04,48.4,32.4,40.2,43.9,25.1,33.5,35.9,84.7,0.143,100.0,45.83,"rain,snow",0.0,0.0,35.3,20.5,273.1,997.3,92.9,20.1,9.9,0.9,1,,2024-01-04T08:16:54,2024-01-04T16:05:49,0.75,"Snow, Rain, Overcast",Cloudy skies throughout the day with a chance of rain or snow throughout the day.,rain,"00427,03987,00403,E2835,00433,00400",
Berlin,2024-01-05,33.5,31.7,32.9,32.8,22.7,25.9,31.0,93.0,0.181,100.0,45.83,"rain,snow",2.4,0.2,25.9,12.8,95.8,1005.9,99.3,11.3,6.4,0.6,0,,2024-01-05T08:16:36,2024-01-05T16:07:03,0.8,"Snow, Rain, Overcast",Cloudy skies throughout the day with rain or snow.,snow,"00427,03987,00403,E2835,00433,00400",
Berlin,2024-01-06,33.5,29.6,31.6,27.1,19.3,22.6,29.3,91.1,0.001,100.0,4.17,"rain,snow",0.1,0.0,21.9,15.3,75.6,1011.1,99.6,6.9,4.8,0.4,0,,2024-01-06T08:16:15,2024-01-06T16:08:19,0.84,"Snow, Rain, Overcast",Cloudy skies throughout the day with late afternoon rain or snow.,snow,"00427,03987,00403,E2835,00433,00400",
Berlin,2024-01-07,31.0,20.9,28.2,24.2,8.2,18.3,20.5,72.5,0.0,0.0,0.0,"rain,snow",0.1,0.0,22.6,20.2,42.2,1022.9,88.0,22.7,10.0,0.9,1,,2024-01-07T08:15:50,2024-01-07T16:09:37,0.87,Partially cloudy,Partly cloudy throughout the day.,partly-cloudy-day,"00427,03987,00403,E2835,00433,00400",
Berlin,2024-01-08,24.1,17.5,19.8,14.1,3.5,8.1,11.3,69.7,0.0,0.0,0.0,,0.0,0.0,22.8,15.1,49.7,1033.4,3.0,26.9,55.0,4.8,3,,2024-01-08T08:15:21,2024-01-08T16:10:58,0.9,Clear,Clear conditions throughout the day.,clear-day,"00427,03987,00403,E2835,00433,00400",
Berlin,2024-01-09,25.1,12.6,18.1,18.8,3.5,9.5,11.3,74.9,0.0,0.0,0.0,,0.0,0.0,11.2,7.9,75.2,1038.0,0.1,18.0,56.0,4.8,3,,2024-01-09T08:14:50,2024-01-09T16:12:21,0.93,Clear,Clear conditions throughout the day.,clear-day,"00427,03987,00403,E2835,00433,00400",
Berlin,2024-01-10,30.0,15.0,20.5,25.8,5.6,14.8,13.0,73.6,0.0,0.0,0.0,,0.0,0.0,12.3,6.9,73.2,1034.2,0.3,9.4,57.3,4.8,3,,2024-01-10T08:14:15,2024-01-10T16:13:47,0.97,Clear,Clear conditions throughout the day.,clear-day,"00427,03987,00403,E2835,00433,00400",
Berlin,2024-01-11,32.7,17.9,25.7,28.0,9.2,18.6,24.5,95.0,0.0,0.0,0.0,,0.0,0.0,18.8,8.6,288.1,1030.5,78.1,4.2,9.8,0.7,1,,2024-01-11T08:13:37,2024-01-11T16:15:14,0.0,Partially cloudy,Partly cloudy throughout the day.,partly-cloudy-day,"00427,03987,00403,E2835,00433,00400",
Berlin,2024-01-12,34.0,30.3,31.9,28.5,22.2,25.0,31.0,96.3,0.001,100.0,4.17,"rain,snow",0.0,0.0,20.1,10.4,272.3,1028.4,96.6,4.5,6.2,0.5,0,,2024-01-12T08:12:55,2024-01-12T16:16:44,0.03,"Snow, Rain, Overcast",Cloudy skies throughout the day with early morning snow or rain.,rain,"00427,03987,00403,E2835,00433,00400",
Berlin,2024-01-13,37.4,34.2,35.7,28.3,26.0,27.2,33.8,92.6,0.043,100.0,66.67,"rain,snow",0.0,0.0,31.5,17.0,258.7,1015.7,99.8,9.9,12.8,1.1,1,,2024-01-13T08:12:11,2024-01-13T16:18:15,0.07,"Snow, Rain, Overcast",Cloudy skies throughout the day with a chance of rain or snow throughout the day.,rain,"00427,03987,00403,E2835,00433,00400",
Berlin,2024-01-14,37.8,35.5,36.6,30.5,26.5,28.0,33.4,88.2,0.086,100.0,41.67,"rain,snow",0.0,0.0,31.1,16.2,260.5,1002.6,86.6,19.3,24.0,2.2,2,,2024-01-14T08:11:23,2024-01-14T16:19:49,0.1,"Snow, Rain, Partially cloudy",Partly cloudy throughout the day with rain or snow.,rain,"00427,03987,00403,E2835,00433,00400",
Berlin,2024-01-15,36.9,31.5,34.7,27.2,22.8,25.4,30.0,82.6,0.016,100.0,16.67,"rain,snow",0.1,0.0,35.8,20.4,263.8,994.0,89.0,20.9,17.4,1.5,1,,2024-01-15T08:10:32,2024-01-15T16:21:24,0.14,"Snow, Rain, Partially cloudy",Partly cloudy throughout the day with rain or snow.,snow,"00427,03987,00403,E2835,00433,00400",
Berlin,2024-01-16,33.5,26.3,30.4,29.6,19.6,24.6,27.2,87.6,0.121,100.0,37.5,"rain,snow",2.1,1.4,21.7,10.2,246.2,1004.9,82.1,16.3,15.3,1.2,1,,2024-01-16T08:09:38,2024-01-16T16:23:01,0.17,"Snow, Rain, Partially cloudy",Partly cloudy throughout the day with rain or snow.,snow,"00427,03987,00403,E2835,00433,00400",
Berlin,2024-01-17,31.0,23.3,27.8,29.4,14.2,21.0,23.6,84.3,0.032,100.0,12.5,"rain,snow",0.9,1.5,16.6,9.1,165.4,996.6,67.4,17.2,37.9,3.2,3,,2024-01-17T08:08:41,2024-01-17T16:24:40,0.21,"Snow, Rain, Partially cloudy",Partly cloudy throughout the day with late afternoon rain or snow.,snow,"00427,03987,00403,E2835,00433,00400",
Berlin,2024-01-18,30.0,25.0,28.3,24.8,17.8,21.6,24.8,86.5,0.0,0.0,0.0,"rain,snow",0.0,1.6,12.5,9.2,287.9,996.9,64.2,10.1,20.4,2.0,1,,2024-01-18T08:07:42,2024-01-18T16:26:20,0.25,Partially cloudy,Partly cloudy throughout the day.,partly-cloudy-day,"00427,03987,00403,E2835,00433,00400",
Berlin,2024-01-19,35.4,23.1,30.4,27.0,14.1,21.5,24.7,79.6,0.0,0.0,0.0,,0.0,1.4,26.4,15.5,246.5,1014.3,21.3,21.4,61.6,5.4,3,,2024-01-19T08:06:39,2024-01-19T16:28:01,0.28,Partially cloudy,Partly cloudy throughout the day.,partly-cloudy-day,"00427,03987,00403,E2835,00433,00400",
Berlin,2024-01-20,37.9,28.1,33.3,29.9,20.7,24.6,26.6,76.3,0.0,0.0,0.0,,0.0,1.3,28.0,17.4,245.8,1025.2,36.0,21.5,42.8,3.8,3,,2024-01-20T08:05:34,2024-01-20T16:29:44,0.31,Partially cloudy,Partly cloudy throughout the day.,partly-cloudy-day,"00427,03987,00403,E2835,00433,00400",
Berlin,2024-01-21,37.4,23.6,31.0,29.6,15.0,23.2,18.8,61.8,0.0,0.0,0.0,,0.0,1.1,25.9,14.6,188.0,1025.5,79.3,25.0,34.9,3.1,2,,2024-01-21T08:04:26,2024-01-21T16:31:28,0.35,Partially cloudy,Partly cloudy throughout the day.,partly-cloudy-day,"00427,03987,00403,E2835,00433,00400",
Berlin,2024-01-22,49.9,36.8,43.9,44.1,28.9,37.1,36.9,76.5,0.092,100.0,29.17,rain,0.0,0.5,38.3,18.1,213.0,1010.8,87.8,24.6,21.6,1.8,1,,2024-01-22T08:03:15,2024-01-22T16:33:13,0.38,"Rain, Partially cloudy",Partly cloudy throughout the day with rain.,rain,"00427,03987,00403,E2835,00433,00400",
Berlin,2024-01-23,46.3,39.6,42.9,39.8,33.5,36.4,36.1,76.8,0.027,100.0,12.5,rain,0.0,0.0,33.3,20.2,244.1,1017.9,59.0,23.7,30.4,2.6,2,,2024-01-23T08:02:01,2024-01-23T16:35:00,0.42,"Rain, Partially cloudy",Partly cloudy throughout the day with rain clearing later.,rain,"00427,03987,00403,E2835,00433,00400",
Berlin,2024-01-24,52.2,40.3,47.9,52.2,33.3,43.2,41.6,79.4,0.343,100.0,54.17,rain,0.0,0.0,52.3,27.3,254.3,1010.8,72.2,17.6,33.0,2.8,2,,2024-01-24T08:00:45,2024-01-24T16:36:47,0.45,"Rain, Partially cloudy",Partly cloudy throughout the day with rain.,rain,"00427,03987,00403,E2835,00433,00400",
Berlin,2024-01-25,47.5,40.5,45.6,40.0,34.7,38.1,36.6,71.0,0.0,0.0,0.0,,0.0,0.0,42.5,27.3,286.2,1021.0,63.9,21.8,20.7,1.6,1,,2024-01-25T07:59:27,2024-01-25T16:38:35,0.5,Partially cloudy,Partly cloudy throughout the day.,partly-cloudy-day,"00427,03987,00403,E2835,00433,00400",
Berlin,2024-01-26,48.3,34.1,41.0,43.1,29.7,35.3,37.3,87.0,0.153,100.0,20.83,rain,0.0,0.0,37.6,24.7,250.2,1021.0,70.4,14.9,18.6,1.6,1,,2024-01-26T07:58:06,2024-01-26T16:40:25,0.52,"Rain, Partially cloudy",Partly cloudy throughout the day with rain.,rain,"00427,03987,00403,E2835,00433,00400",
Berlin,2024-01-27,44.4,38.0,41.2,39.5,30.9,34.3,34.6,77.0,0.0,0.0,0.0,,0.0,0.0,32.2,19.3,279.8,1031.1,46.0,20.9,34.6,2.9,2,,2024-01-27T07:56:42,2024-01-27T16:42:15,0.56,Partially cloudy,Partly cloudy throughout the day.,partly-cloudy-day,"00427,03987,00403,E2835,00433,00400",
Berlin,2024-01-28,46.1,29.3,36.8,42.1,24.3,32.0,31.0,80.6,0.0,0.0,0.0,,0.0,0.0,14.8,9.7,166.4,1035.1,9.9,21.6,75.1,6.4,4,,2024-01-28T07:55:17,2024-01-28T16:44:05,0.59,Clear,Clear conditions throughout the day.,clear-day,"00427,03987,00403,E2835,00433,00400",
Berlin,2024-01-29,49.3,32.2,38.8,45.9,24.4,33.5,27.9,66.7,0.0,0.0,0.0,,0.0,0.0,17.4,10.4,163.7,1030.0,49.9,26.6,62.0,5.2,4,,2024-01-29T07:53:49,2024-01-29T16:45:57,0.62,Partially cloudy,Partly cloudy throughout the day.,partly-cloudy-day,"00427,03987,00403,E2835,00433,00400",
Berlin,2024-01-30,46.8,33.5,40.6,43.6,28.8,36.4,31.7,70.9,0.0,0.0,0.0,,0.0,0.0,16.1,9.0,189.8,1028.6,93.6,25.1,38.9,3.3,2,,2024-01-30T07:52:18,2024-01-30T16:47:49,0.65,Overcast,Cloudy skies throughout the day.,cloudy,"00427,03987,00403,E2835,00433,00400",
Berlin,2024-01-31,47.5,40.3,42.8,43.0,33.5,36.6,35.3,74.6,0.0,0.0,0.0,,0.0,0.0,23.0,15.9,258.7,1029.4,93.3,24.7,21.8,1.8,1,,2024-01-31T07:50:46,2024-01-31T16:49:41,0.69,Overcast,Cloudy skies throughout the day.,cloudy,"00427,03987,00403,E2835,00433,00400",
Berlin,2024-02-01,46.4,40.1,43.3,39.0,32.7,36.4,35.3,73.7,0.061,100.0,12.5,rain,0.0,0.0,33.1,21.0,268.7,1023.0,71.8,20.0,66.0,5.7,4,,2024-02-01T07:49:11,2024-02-01T16:51:34,0.72,"Rain, Partially cloudy",Partly cloudy throughout the day with rain clearing later.,rain,"00427,03987,00403,E2835,00433,00400",
Berlin,2024-02-02,47.1,40.0,43.2,40.6,32.7,36.5,36.9,78.7,0.001,100.0,4.17,rain,0.0,0.0,30.6,18.2,256.2,1023.1,96.1,17.9,30.7,2.7,2,,2024-02-02T07:47:35,2024-02-02T16:53:27,0.75,"Rain, Overcast",Cloudy skies throughout the day with afternoon rain.,rain,"00427,03987,00403,E2835,00433,00400",
Berlin,2024-02-03,51.4,46.6,49.2,51.4,40.2,45.7,45.8,87.9,0.104,100.0,41.67,rain,0.0,0.0,39.6,18.5,263.6,1017.7,93.7,14.0,18.3,1.5,1,,2024-02-03T07:45:56,2024-02-03T16:55:21,0.75,"Rain, Overcast",Cloudy skies throughout the day with rain.,rain,"00427,03987,00403,E2835,00433,00400",
Berlin,2024-02-04,47.3,42.9,45.5,41.2,36.3,39.0,38.9,78.1,0.057,100.0,8.33,rain,0.0,0.0,38.0,20.2,266.8,1014.7,92.8,22.1,34.9,3.0,2,,2024-02-04T07:44:16,2024-02-04T16:57:15,0.82,"Rain, Overcast",Cloudy skies throughout the day with late afternoon rain.,rain,"00427,03987,00403,E2835,00433,00400",
Berlin,2024-02-05,50.6,44.1,49.5,50.6,38.8,46.3,44.8,84.3,0.502,100.0,54.17,rain,0.0,0.0,41.8,24.1,266.6,1009.4,98.1,12.3,10.1,0.9,0,,2024-02-05T07:42:33,2024-02-05T16:59:09,0.85,"Rain, Overcast",Cloudy skies throughout the day with a chance of rain throughout the day.,rain,"00427,03987,00403,E2835,00433,00400",
Berlin,2024-02-06,52.9,47.9,50.6,52.9,41.0,47.8,42.1,72.8,0.019,100.0,4.17,rain,0.0,0.0,43.4,20.6,247.5,1004.8,100.0,21.4,19.7,1.7,1,,2024-02-06T07:40:49,2024-02-06T17:01:03,0.88,"Rain, Overcast",Cloudy skies throughout the day with late afternoon rain.,rain,"00427,03987,00403,E2835,00433,00400",
Berlin,2024-02-07,49.3,34.1,40.5,43.2,29.5,33.6,33.9,78.0,0.367,100.0,37.5,rain,0.0,0.0,42.3,19.2,270.9,1001.5,92.7,20.7,36.5,3.2,2,,2024-02-07T07:39:03,2024-02-07T17:02:57,0.92,"Rain, Overcast",Cloudy skies throughout the day with rain clearing later.,rain,"00427,03987,00403,E2835,00433,00400",
Berlin,2024-02-08,38.9,29.6,33.7,38.8,25.6,30.2,31.7,92.4,0.066,100.0,20.83,"rain,snow",0.0,0.0,12.8,9.6,131.9,1002.4,98.8,11.2,32.0,2.7,2,,2024-02-08T07:37:15,2024-02-08T17:04:52,0.95,"Snow, Rain, Overcast",Cloudy skies throughout the day with late afternoon rain or snow.,rain,"00427,03987,00403,E2835,00433,00400",
Berlin,2024-02-09,45.3,33.1,37.8,42.9,24.7,31.8,37.1,97.1,0.327,100.0,66.67,"rain,snow",0.4,0.0,23.5,13.4,105.2,992.4,100.0,6.9,14.4,1.3,1,,2024-02-09T07:35:26,2024-02-09T17:06:47,0.0,"Snow, Rain, Overcast",Cloudy skies throughout the day with a chance of rain or snow throughout the day.,snow,"00427,03987,00403,E2835,00433,00400",
Berlin,2024-02-10,56.4,44.4,49.2,56.4,42.2,47.4,47.4,93.7,0.13,100.0,25.0,rain,0.0,0.0,14.5,10.8,114.9,991.3,97.9,14.6,64.1,5.4,3,,2024-02-10T07:33:35,2024-02-10T17:08:41,0.02,"Rain, Overcast",Cloudy skies throughout the day with rain clearing later.,rain,"00427,03987,00403,E2835,00433,00400",
Berlin,2024-02-11,48.7,44.0,46.6,44.1,38.7,42.2,45.5,96.0,0.229,100.0,41.67,rain,0.0,0.0,19.7,13.9,57.3,991.0,99.8,4.0,12.3,1.1,1,,2024-02-11T07:31:42,2024-02-11T17:10:36,0.05,"Rain, Overcast",Cloudy skies throughout the day with rain.,rain,"00427,03987,00403,E2835,00433,00400",
Berlin,2024-02-12,48.4,41.0,45.0,42.5,35.7,39.7,42.0,89.6,0.183,100.0,66.67,rain,0.0,0.0,23.9,15.3,273.9,1000.0,84.1,14.5,34.7,2.8,4,,2024-02-12T07:29:48,2024-02-12T17:12:31,0.09,"Rain, Partially cloudy",Partly cloudy throughout the day with a chance of rain throughout the day.,rain,"00427,03987,00403,E2835,00433,00400",
Berlin,2024-02-13,47.8,37.6,42.2,42.9,33.1,37.1,36.2,80.2,0.0,0.0,0.0,,0.0,0.0,22.8,11.8,253.0,1016.0,62.9,22.0,84.8,7.3,6,,2024-02-13T07:27:52,2024-02-13T17:14:25,0.12,Partially cloudy,Partly cloudy throughout the day.,partly-cloudy-day,"00427,03987,00403,E2835,00433,00400",
Berlin,2024-02-14,49.8,35.7,42.7,46.3,30.4,38.3,39.8,89.6,0.115,100.0,33.33,rain,0.0,0.0,21.0,10.0,197.8,1017.8,99.5,19.3,25.2,2.3,1,,2024-02-14T07:25:55,2024-02-14T17:16:19,0.15,"Rain, Overcast",Cloudy skies throughout the day with rain.,rain,"00427,03987,00403,E2835,00433,00400",
Berlin,2024-02-15,56.2,48.1,51.9,56.2,44.9,50.7,49.6,92.0,0.048,100.0,29.17,rain,0.0,0.0,16.8,8.0,197.2,1017.5,99.7,19.6,29.0,2.4,2,,2024-02-15T07:23:57,2024-02-15T17:18:14,0.19,"Rain, Overcast",Cloudy skies throughout the day with rain clearing later.,rain,"00427,03987,00403,E2835,00433,00400",
Berlin,2024-02-16,60.2,47.6,53.5,60.2,43.1,52.1,47.6,81.4,0.078,100.0,16.67,rain,0.0,0.0,20.4,12.0,186.0,1014.8,78.5,19.4,51.2,4.6,2,,2024-02-16T07:21:57,2024-02-16T17:20:08,0.25,"Rain, Partially cloudy",Partly cloudy throughout the day with late afternoon rain.,rain,"00427,03987,00403,E2835,00433,00400",
Berlin,2024-02-17,54.0,43.7,48.4,54.0,38.9,45.5,41.9,78.6,0.024,100.0,8.33,rain,0.0,0.0,26.4,19.1,294.5,1026.4,93.0,25.5,47.4,4.0,3,,2024-02-17T07:19:56,2024-02-17T17:22:02,0.26,"Rain, Overcast",Cloudy skies throughout the day with early morning rain.,rain,"00427,03987,00403,E2835,00433,00400",
Berlin,2024-02-18,50.2,36.7,44.6,50.2,33.4,41.5,37.7,77.1,0.038,100.0,8.33,rain,0.0,0.0,20.1,11.7,161.7,1028.9,89.5,22.1,60.0,5.1,3,,2024-02-18T07:17:54,2024-02-18T17:23:56,0.29,"Rain, Partially cloudy",Partly cloudy throughout the day with late afternoon rain.,rain,"00427,03987,00403,E2835,00433,00400",
Berlin,2024-02-19,48.4,43.5,46.3,43.6,35.5,40.8,44.2,92.2,0.271,100.0,79.17,rain,0.0,0.0,31.1,20.4,272.1,1018.1,92.9,13.2,28.5,2.4,2,,2024-02-19T07:15:51,2024-02-19T17:25:49,0.33,"Rain, Overcast",Cloudy skies throughout the day with a chance of rain throughout the day.,rain,"00427,03987,00403,E2835,00433,00400",
Berlin,2024-02-20,48.1,44.5,46.8,44.2,38.6,42.0,42.0,83.7,0.026,100.0,37.5,rain,0.0,0.0,28.9,16.0,270.9,1022.1,89.1,16.8,40.4,3.5,2,,2024-02-20T07:13:46,2024-02-20T17:27:42,0.36,"Rain, Partially cloudy",Partly cloudy throughout the day with a chance of rain throughout the day.,rain,"00427,03987,00403,E2835,00433,00400",
Berlin,2024-02-21,52.0,44.6,47.4,52.0,39.3,43.9,41.7,80.8,0.061,100.0,12.5,rain,0.0,0.0,26.2,13.9,220.3,1015.6,99.0,20.8,63.8,5.6,5,,2024-02-21T07:11:40,2024-02-21T17:29:35,0.39,"Rain, Overcast",Cloudy skies throughout the day with rain clearing later.,rain,"00427,03987,00403,E2835,00433,00400",
Berlin,2024-02-22,53.0,46.5,49.5,53.0,42.1,47.3,44.2,82.5,0.189,100.0,37.5,rain,0.0,0.0,33.3,14.8,186.8,995.2,97.6,19.2,34.5,3.1,3,,2024-02-22T07:09:34,2024-02-22T17:31:28,0.43,"Rain, Overcast",Cloudy skies throughout the day with rain.,rain,"00427,03987,00403,E2835,00433,00400",
Berlin,2024-02-23,52.6,40.3,47.2,52.6,37.0,43.5,35.3,64.1,0.017,100.0,4.17,rain,0.0,0.0,35.1,18.9,217.0,994.7,82.1,29.9,75.3,6.5,4,,2024-02-23T07:07:26,2024-02-23T17:33:21,0.46,"Rain, Partially cloudy",Partly cloudy throughout the day with early morning rain.,rain,"00427,03987,00403,E2835,00433,00400",
Berlin,2024-02-24,51.3,34.5,42.5,51.3,30.3,38.8,33.4,71.4,0.0,0.0,0.0,,0.0,0.0,23.5,13.0,190.6,1002.8,42.3,24.5,90.7,7.8,6,,2024-02-24T07:05:17,2024-02-24T17:35:13,0.5,Partially cloudy,Becoming cloudy in the afternoon.,partly-cloudy-day,"00427,03987,00403,E2835,00433,00400",
Berlin,2024-02-25,53.8,35.1,42.5,53.8,29.1,40.0,32.7,70.4,0.001,100.0,4.17,rain,0.0,0.0,22.1,10.7,180.4,1006.4,27.7,28.2,95.5,8.4,5,,2024-02-25T07:03:07,2024-02-25T17:37:05,0.53,"Rain, Partially cloudy",Becoming cloudy in the afternoon with afternoon rain.,rain,"00427,03987,00403,E2835,00433,00400",
Berlin,2024-02-26,52.5,33.0,42.5,52.5,28.5,39.6,36.0,79.4,0.0,0.0,0.0,,0.0,0.0,17.9,12.3,49.7,1006.0,85.2,19.8,92.4,7.9,4,,2024-02-26T07:00:57,2024-02-26T17:38:57,0.57,Partially cloudy,Partly cloudy throughout the day.,partly-cloudy-day,"00427,03987,00403,E2835,00433,00400",
Berlin,2024-02-27,43.4,38.1,40.7,38.4,31.5,35.1,37.2,87.6,0.0,0.0,0.0,,0.0,0.0,18.6,11.6,358.6,1015.5,99.7,14.4,29.8,2.6,1,,2024-02-27T06:58:45,2024-02-27T17:40:48,0.6,Overcast,Cloudy skies throughout the day.,cloudy,"00427,03987,00403,E2835,00433,00400",
Berlin,2024-02-28,40.2,32.2,37.3,39.9,26.7,32.8,33.8,87.5,0.0,0.0,0.0,,0.0,0.0,14.5,9.3,307.1,1021.4,85.3,12.8,44.3,3.8,4,,2024-02-28T06:56:33,2024-02-28T17:42:39,0.63,Partially cloudy,Partly cloudy throughout the day.,partly-cloudy-day,"00427,03987,00403,E2835,00433,00400",
Berlin,2024-02-29,50.0,29.5,39.7,50.0,22.9,34.5,34.0,81.2,0.0,0.0,0.0,,0.0,0.0,18.1,12.1,139.4,1017.2,21.8,11.2,124.6,10.8,5,,2024-02-29T06:54:20,2024-02-29T17:44:30,0.67,Partially cloudy,Partly cloudy throughout the day.,partly-cloudy-day,"00427,03987,00403,E2835,00433,00400",
Berlin,2024-03-01,49.8,42.7,45.8,47.2,38.6,42.9,42.9,89.8,0.0,0.0,0.0,,0.0,0.0,14.3,9.1,145.6,1007.8,61.3,5.3,62.0,5.1,3,,2024-03-01T06:52:06,2024-03-01T17:46:21,0.7,Partially cloudy,Partly cloudy throughout the day.,partly-cloudy-day,"00427,03987,00403,E2835,00433,00400",
Berlin,2024-03-02,55.2,42.4,48.4,55.2,41.8,47.2,44.4,86.8,0.01,100.0,12.5,rain,0.0,0.0,12.1,7.4,133.7,1007.1,97.3,8.6,72.8,6.4,5,,2024-03-02T06:49:52,2024-03-02T17:48:11,0.73,"Rain, Overcast",Cloudy skies throughout the day with rain clearing later.,rain,"00427,03987,00403,E2835,00433,00400",
Berlin,2024-03-03,56.8,44.5,50.6,56.8,40.8,48.7,44.6,81.0,0.0,0.0,0.0,,0.0,0.0,21.0,11.3,93.0,1005.7,58.7,13.8,78.9,6.9,4,,2024-03-03T06:47:37,2024-03-03T17:50:01,0.75,Partially cloudy,Partly cloudy throughout the day.,partly-cloudy-day,"00427,03987,00403,E2835,00433,00400",
Berlin,2024-03-04,54.6,43.0,48.7,54.6,38.6,46.4,43.5,82.8,0.0,0.0,0.0,,0.0,0.0,17.7,9.9,70.8,1009.5,39.7,8.8,104.5,9.0,6,,2024-03-04T06:45:21,2024-03-04T17:51:51,0.8,Partially cloudy,Partly cloudy throughout the day.,partly-cloudy-day,"00427,03987,00403,E2835,00433,00400",
Berlin,2024-03-05,48.8,34.5,41.1,45.1,30.2,35.7,32.8,72.9,0.0,0.0,0.0,,0.0,0.0,19.5,13.4,66.4,1016.6,41.9,16.7,128.7,11.3,6,,2024-03-05T06:43:05,2024-03-05T17:53:40,0.83,Partially cloudy,Partly cloudy throughout the day.,partly-cloudy-day,"00427,03987,00403,E2835,00433,00400",
Berlin,2024-03-06,45.9,30.7,39.0,41.5,25.7,34.8,33.3,81.5,0.0,0.0,0.0,,0.0,0.0,13.4,10.3,48.1,1024.1,50.9,13.1,89.5,7.6,6,,2024-03-06T06:40:48,2024-03-06T17:55:29,0.87,Partially cloudy,Partly cloudy throughout the day.,partly-cloudy-day,"00427,03987,00403,E2835,00433,00400",
Berlin,2024-03-07,46.6,35.1,41.1,40.8,29.2,35.5,31.2,70.0,0.0,0.0,0.0,,0.0,0.0,21.3,13.2,71.2,1026.5,18.4,13.0,139.7,12.1,6,,2024-03-07T06:38:30,2024-03-07T17:57:18,0.9,Clear,Clear conditions throughout the day.,clear-day,"00427,03987,00403,E2835,00433,00400",
Berlin,2024-03-08,48.4,29.1,38.5,42.9,21.6,32.2,26.9,65.1,0.0,0.0,0.0,,0.0,0.0,21.7,14.1,91.7,1020.9,0.0,16.1,141.5,12.3,6,,2024-03-08T06:36:12,2024-03-08T17:59:07,0.94,Clear,Clear conditions throughout the day.,clear-day,"00427,03987,00403,E2835,00433,00400",
Berlin,2024-03-09,49.6,32.4,41.7,44.9,23.5,35.7,32.4,70.3,0.0,0.0,0.0,,0.0,0.0,27.5,12.9,102.2,1010.5,16.5,12.3,91.1,7.9,6,,2024-03-09T06:33:54,2024-03-09T18:00:55,0.97,Clear,Clear conditions throughout the day.,clear-day,"00427,03987,00403,E2835,00433,00400",
Berlin,2024-03-10,53.9,37.5,46.7,53.9,30.2,43.2,37.9,72.0,0.0,0.0,0.0,,0.0,0.0,30.0,15.4,89.8,1004.0,62.9,14.7,99.5,8.6,5,,2024-03-10T06:31:35,2024-03-10T18:02:43,0.0,Partially cloudy,Partly cloudy throughout the day.,partly-cloudy-day,"00427,03987,00403,E2835,00433,00400",
Berlin,2024-03-11,56.2,43.2,50.7,56.2,41.3,48.6,42.0,72.9,0.0,0.0,0.0,,0.0,0.0,24.4,13.5,128.4,1004.3,95.4,18.4,74.1,6.2,5,,2024-03-11T06:29:16,2024-03-11T18:04:31,0.04,Overcast,Cloudy skies throughout the day.,cloudy,"00427,03987,00403,E2835,00433,00400",
Berlin,2024-03-12,58.5,39.5,48.6,58.5,38.1,48.2,39.6,73.1,0.0,0.0,0.0,,0.0,0.0,16.6,11.5,270.3,1013.1,85.0,23.4,149.3,12.9,7,,2024-03-12T06:26:57,2024-03-12T18:06:19,0.07,Partially cloudy,Partly cloudy throughout the day.,partly-cloudy-day,"00427,03987,00403,E2835,00433,00400",
Berlin,2024-03-13,57.3,41.8,49.9,57.3,40.6,48.7,40.2,70.9,0.0,0.0,0.0,,0.0,0.0,16.3,8.9,220.7,1016.4,58.5,14.4,124.4,10.8,6,,2024-03-13T06:24:37,2024-03-13T18:08:06,0.1,Partially cloudy,Becoming cloudy in the afternoon.,partly-cloudy-day,"00427,03987,00403,E2835,00433,00400",
Berlin,2024-03-14,58.5,45.7,51.8,58.5,43.6,50.8,45.9,81.6,0.016,100.0,12.5,rain,0.0,0.0,18.1,9.4,200.1,1014.6,95.6,14.1,77.8,6.7,6,,2024-03-14T06:22:17,2024-03-14T18:09:53,0.14,"Rain, Overcast",Cloudy skies throughout the day with early morning rain.,rain,"00427,03987,00403,E2835,00433,00400",
Berlin,2024-03-15,65.2,45.3,54.3,65.2,42.3,53.1,46.6,76.9,0.0,0.0,0.0,,0.0,0.0,26.4,11.3,201.9,1009.7,76.9,19.8,116.9,10.2,6,,2024-03-15T06:19:56,2024-03-15T18:11:40,0.17,Partially cloudy,Partly cloudy throughout the day.,partly-cloudy-day,"00427,03987,00403,E2835,00433,00400",
Berlin,2024-03-16,55.6,41.5,49.6,55.6,35.4,47.0,42.3,76.1,0.058,100.0,20.83,rain,0.0,0.0,28.4,19.5,263.5,1013.7,38.9,22.3,72.5,6.4,7,,2024-03-16T06:17:35,2024-03-16T18:13:27,0.2,"Rain, Partially cloudy",Partly cloudy throughout the day with a chance of rain throughout the day.,rain,"00427,03987,00403,E2835,00433,00400",
Berlin,2024-03-17,47.2,35.2,40.7,42.2,27.8,34.8,30.7,68.5,0.0,0.0,0.0,,0.0,0.0,21.0,12.4,309.9,1023.5,33.2,24.9,167.6,14.6,8,,2024-03-17T06:15:15,2024-03-17T18:15:14,0.25,Partially cloudy,Partly cloudy throughout the day.,partly-cloudy-day,"00427,03987,00403,E2835,00433,00400",
Berlin,2024-03-18,45.2,28.5,36.3,42.0,21.4,30.3,25.9,67.6,0.0,0.0,0.0,,0.0,0.0,17.2,12.6,91.9,1021.9,61.5,28.7,156.6,13.6,6,,2024-03-18T06:12:54,2024-03-18T18:17:00,0.27,Partially cloudy,Partly cloudy throughout the day.,partly-cloudy-day,"00427,03987,00403,E2835,00433,00400",
Berlin,2024-03-19,49.9,28.1,39.3,48.3,21.4,34.7,26.5,62.2,0.0,0.0,0.0,,0.0,0.0,20.6,11.4,129.9,1022.8,49.0,24.9,160.9,13.8,6,,2024-03-19T06:10:32,2024-03-19T18:18:47,0.3,Partially cloudy,Becoming cloudy in the afternoon.,partly-cloudy-day,"00427,03987,00403,E2835,00433,00400",
Berlin,2024-03-20,63.5,38.0,50.7,63.5,34.4,49.2,34.8,55.9,0.0,0.0,0.0,,0.0,0.0,12.1,6.6,171.7,1020.5,88.2,23.9,152.8,13.3,5,,2024-03-20T06:08:11,2024-03-20T18:20:33,0.34,Partially cloudy,Partly cloudy throughout the day.,partly-cloudy-day,"00427,03987,00403,E2835,00433,00400",
Berlin,2024-03-21,57.9,45.1,51.0,57.9,40.1,49.8,45.2,81.1,0.347,100.0,33.33,rain,0.0,0.0,21.5,15.4,272.2,1019.4,96.4,15.8,79.5,6.9,6,,2024-03-21T06:05:50,2024-03-21T18:22:19,0.37,"Rain, Overcast",Cloudy skies throughout the day with a chance of rain throughout the day.,rain,"00427,03987,00403,E2835,00433,00400",
Berlin,2024-03-22,54.6,43.6,49.0,54.6,40.3,47.3,45.0,86.4,0.182,100.0,41.67,rain,0.0,0.0,22.4,10.3,227.7,1015.5,99.7,10.3,53.5,4.7,4,,2024-03-22T06:03:28,2024-03-22T18:24:05,0.41,"Rain, Overcast",Cloudy skies throughout the day with rain.,rain,"00427,03987,00403,E2835,00433,00400",
Berlin,2024-03-23,46.5,38.9,42.9,45.0,32.5,38.4,39.5,87.6,0.434,100.0,70.83,rain,0.0,0.0,21.5,14.0,278.2,1006.1,70.9,13.9,58.8,5.1,6,,2024-03-23T06:01:07,2024-03-23T18:25:50,0.44,"Rain, Partially cloudy",Partly cloudy throughout the day with a chance of rain throughout the day.,rain,"00427,03987,00403,E2835,00433,00400",
Berlin,2024-03-24,46.7,36.1,40.9,42.1,29.6,35.1,36.4,84.2,0.145,100.0,37.5,rain,0.0,0.0,32.0,12.1,218.0,1001.2,76.7,19.5,78.8,6.9,3,,2024-03-24T05:58:45,2024-03-24T18:27:36,0.47,"Rain, Partially cloudy",Partly cloudy throughout the day with rain.,rain,"00427,03987,00403,E2835,00433,00400",
Berlin,2024-03-25,48.6,37.9,43.1,44.0,34.1,38.1,38.4,84.2,0.176,100.0,54.17,rain,0.0,0.0,22.4,14.2,273.3,1003.5,79.8,20.0,82.8,7.3,4,,2024-03-25T05:56:24,2024-03-25T18:29:21,0.5,"Rain, Partially cloudy",Partly cloudy throughout the day with a chance of rain throughout the day.,rain,"00427,03987,00403,E2835,00433,00400",
Berlin,2024-03-26,56.7,33.9,45.8,56.7,27.3,42.9,34.1,67.0,0.0,0.0,0.0,,0.0,0.0,27.1,15.2,119.9,1000.3,65.1,27.9,173.7,15.0,7,,2024-03-26T05:54:03,2024-03-26T18:31:07,0.54,Partially cloudy,Partly cloudy throughout the day.,partly-cloudy-day,"00427,03987,00403,E2835,00433,00400",
Berlin,2024-03-27,64.6,41.4,53.1,64.6,36.6,51.5,38.2,58.4,0.0,0.0,0.0,,0.0,0.0,21.7,11.7,123.6,989.1,78.1,26.3,164.2,14.3,7,,2024-03-27T05:51:41,2024-03-27T18:32:52,0.57,Partially cloudy,Partly cloudy throughout the day.,partly-cloudy-day,"00427,03987,00403,E2835,00433,00400",
Berlin,2024-03-28,58.4,46.2,50.5,58.4,39.9,48.1,40.5,70.1,0.01,100.0,12.5,rain,0.0,0.0,33.8,20.7,216.8,988.6,80.8,22.5,106.5,9.2,7,,2024-03-28T05:49:20,2024-03-28T18:34:37,0.61,"Rain, Partially cloudy",Partly cloudy throughout the day with rain.,rain,"00427,03987,00403,E2835,00433,00400",
Berlin,2024-03-29,60.2,41.9,51.1,60.2,37.1,49.3,40.6,68.2,0.01,100.0,8.33,rain,0.0,0.0,27.5,13.9,190.3,1000.1,73.7,26.1,89.0,7.6,4,,2024-03-29T05:46:59,2024-03-29T18:36:23,0.64,"Rain, Partially cloudy",Partly cloudy throughout the day with rain.,rain,"00427,03987,00403,E2835,00433,00400",
Berlin,2024-03-30,72.3,43.4,57.9,72.3,40.3,57.3,45.9,68.1,0.0,0.0,0.0,,0.0,0.0,16.8,7.3,112.8,1000.0,58.9,17.0,141.0,12.3,6,,2024-03-30T05:44:39,2024-03-30T18:38:08,0.68,Partially cloudy,Partly cloudy throughout the day.,partly-cloudy-day,"00427,03987,00403,E2835,00433,00400",
Berlin,2024-03-31,65.6,47.7,57.1,65.6,47.7,57.1,47.9,72.2,0.0,0.0,0.0,,0.0,0.0,11.9,7.5,223.5,998.1,58.9,8.8,158.9,13.1,6,,2024-03-31T06:42:18,2024-03-31T19:39:53,0.71,Partially cloudy,Partly cloudy throughout the day.,partly-cloudy-day,"00427,03987,00403,E2835,00433,00400",
Lagos,2024-04-01,94.9,82.0,87.1,113.2,91.6,102.2,79.7,79.3,0.1,100.0,54.17,rain,0.0,0.0,21.3,21.9,217.2,1011.0,69.7,8.4,199.7,17.2,8,75.0,2024-04-01T06:44:40,2024-04-01T18:55:48,0.75,"Rain, Partially cloudy",Partly cloudy throughout the day with a chance of rain throughout the day.,rain,"DNMM,remote,VRJT5,65201099999",Lagos
Lagos,2024-04-02,94.9,80.5,86.5,115.8,87.9,100.7,79.5,80.4,0.044,100.0,33.33,rain,0.0,0.0,23.5,15.0,215.3,1009.7,60.1,8.8,234.4,20.4,9,75.0,2024-04-02T06:44:12,2024-04-02T18:55:41,0.75,"Rain, Partially cloudy",Partly cloudy throughout the day with rain in the morning and afternoon.,rain,"DNMM,remote,65201099999,VRJT5",Lagos
Lagos,2024-04-03,93.2,73.4,82.3,105.1,73.4,89.7,76.0,82.1,0.394,100.0,4.17,rain,0.0,0.0,57.5,11.9,198.7,1008.5,54.2,10.1,244.2,21.3,8,100.0,2024-04-03T06:43:44,2024-04-03T18:55:34,0.82,"Rain, Partially cloudy",Partly cloudy throughout the day with early morning rain.,rain,"DNMM,remote,65201099999",Lagos
Lagos,2024-04-04,94.6,78.4,86.1,110.4,78.4,97.1,77.8,77.4,0.0,0.0,0.0,rain,0.0,0.0,22.6,16.1,219.5,1009.4,46.6,8.5,274.5,23.8,9,75.0,2024-04-04T06:43:16,2024-04-04T18:55:27,0.85,Partially cloudy,Partly cloudy throughout the day.,partly-cloudy-day,"DNMM,remote,65201099999,VRJT5",Lagos
Lagos,2024-04-05,95.0,82.0,86.7,116.1,92.1,101.3,79.8,80.5,0.0,0.0,0.0,rain,0.0,0.0,20.8,18.3,214.6,1010.4,61.6,6.2,175.3,15.1,7,75.0,2024-04-05T06:42:48,2024-04-05T18:55:21,0.89,Partially cloudy,Partly cloudy throughout the day.,partly-cloudy-day,"DNMM,65201099999",Lagos
Lagos,2024-04-06,89.6,82.4,85.5,105.3,94.1,99.3,79.6,83.0,0.016,100.0,8.33,rain,0.0,0.0,21.3,13.9,219.8,1011.2,51.5,6.9,240.9,20.8,8,60.0,2024-04-06T06:42:21,2024-04-06T18:55:14,0.92,"Rain, Partially cloudy",Partly cloudy throughout the day with afternoon rain.,rain,"DNMM,remote,65201099999",Lagos
Lagos,2024-04-07,96.8,78.4,86.5,110.4,78.4,98.2,78.5,78.8,0.0,0.0,0.0,rain,0.0,0.0,21.5,16.1,237.6,1011.0,44.5,6.1,264.4,22.8,9,75.0,2024-04-07T06:41:54,2024-04-07T18:55:08,0.95,Partially cloudy,Partly cloudy throughout the day.,partly-cloudy-day,"DNMM,65201099999",Lagos
Lagos,2024-04-08,91.4,77.0,84.2,105.1,77.0,92.0,75.4,75.5,0.012,100.0,4.17,rain,0.0,0.0,22.1,15.0,225.9,1010.1,50.3,6.8,207.2,18.0,8,75.0,2024-04-08T06:41:27,2024-04-08T18:55:02,0.0,"Rain, Partially cloudy",Partly cloudy throughout the day with early morning rain.,rain,"DNMM,remote,65201099999",Lagos
Lagos,2024-04-09,93.2,78.8,86.3,110.4,78.8,98.0,77.8,76.8,0.0,0.0,0.0,,0.0,0.0,17.7,16.1,176.0,1009.6,53.3,6.1,242.5,21.0,9,75.0,2024-04-09T06:41:00,2024-04-09T18:54:56,0.02,Partially cloudy,Partly cloudy throughout the day.,partly-cloudy-day,"DNMM,65201099999",Lagos
Lagos,2024-04-10,95.1,80.6,86.5,116.4,85.4,99.3,78.4,77.8,0.0,0.0,0.0,rain,0.0,0.0,21.9,19.7,201.9,1009.2,60.2,6.2,249.9,21.7,8,75.0,2024-04-10T06:40:34,2024-04-10T18:54:51,0.06,Partially cloudy,Partly cloudy throughout the day.,partly-cloudy-day,"DNMM,65201099999",Lagos
Lagos,2024-04-11,95.0,78.8,85.6,112.9,78.8,96.7,77.9,78.6,0.012,100.0,8.33,rain,0.0,0.0,20.8,16.1,236.2,1009.7,62.6,7.4,220.0,18.9,7,75.0,2024-04-11T06:40:07,2024-04-11T18:54:45,0.09,"Rain, Partially cloudy",Partly cloudy throughout the day with early morning rain.,rain,"DNMM,remote,65201099999",Lagos
Lagos,2024-04-12,96.8,80.6,86.6,115.3,87.1,98.8,78.0,76.5,0.0,0.0,0.0,,0.0,0.0,21.9,19.7,197.6,1010.3,51.5,8.3,194.6,16.8,7,60.0,2024-04-12T06:39:42,2024-04-12T18:54:40,0.12,Partially cloudy,Partly cloudy throughout the day.,partly-cloudy-day,"DNMM,remote,65201099999",Lagos
Lagos,2024-04-13,95.0,80.7,87.3,112.9,87.6,99.3,77.6,74.0,0.008,100.0,8.33,rain,0.0,0.0,21.9,16.1,217.3,1010.3,50.6,6.9,232.3,19.9,8,60.0,2024-04-13T06:39:16,2024-04-13T18:54:35,0.15,"Rain, Partially cloudy",Partly cloudy throughout the day with morning rain.,rain,"DNMM,remote,65201099999",Lagos
Lagos,2024-04-14,86.0,80.6,82.8,99.4,87.8,91.8,77.3,83.5,0.157,100.0,4.17,rain,0.0,0.0,18.3,13.9,293.7,1011.1,41.8,6.1,209.2,18.1,8,60.0,2024-04-14T06:38:51,2024-04-14T18:54:31,0.19,"Rain, Partially cloudy",Partly cloudy throughout the day with afternoon rain.,rain,"DNMM,remote,65201099999",Lagos
Lagos,2024-04-15,95.0,80.2,86.6,116.1,87.0,100.3,79.0,78.8,0.004,100.0,4.17,rain,0.0,0.0,15.4,12.8,198.0,1010.8,57.2,8.0,191.5,16.6,7,60.0,2024-04-15T06:38:27,2024-04-15T18:54:27,0.25,"Rain, Partially cloudy",Partly cloudy throughout the day with afternoon rain.,rain,"65210099999,DNMM,remote,65201099999",Lagos
Lagos,2024-04-16,89.9,80.2,84.6,105.7,86.9,96.6,79.1,84.3,0.079,100.0,4.17,rain,0.0,0.0,17.9,10.3,227.2,1010.7,56.8,5.4,207.6,17.9,7,60.0,2024-04-16T06:38:03,2024-04-16T18:54:23,0.25,"Rain, Partially cloudy",Partly cloudy throughout the day with morning rain.,rain,"DNMM,65201099999",Lagos
Lagos,2024-04-17,91.7,77.4,84.5,108.3,77.4,96.1,79.0,84.2,0.008,100.0,8.33,rain,0.0,0.0,18.6,11.4,217.1,1009.3,57.5,7.9,214.1,18.6,7,75.0,2024-04-17T06:37:39,2024-04-17T18:54:19,0.29,"Rain, Partially cloudy",Partly cloudy throughout the day with afternoon rain.,rain,"DNMM,remote,65201099999",Lagos
Lagos,2024-04-18,95.0,80.6,85.9,112.9,88.1,100.7,80.2,83.8,0.0,0.0,0.0,,0.0,0.0,22.1,13.0,217.5,1009.9,45.6,9.0,229.9,20.0,7,38.0,2024-04-18T06:37:16,2024-04-18T18:54:16,0.32,Partially cloudy,Partly cloudy throughout the day.,partly-cloudy-day,"DNMM,remote,65201099999",Lagos
Lagos,2024-04-19,95.0,83.2,87.8,116.1,95.8,104.1,80.2,78.8,0.02,100.0,16.67,rain,0.0,0.0,23.5,18.3,199.4,1010.2,58.6,7.3,242.0,20.8,8,75.0,2024-04-19T06:36:53,2024-04-19T18:54:13,0.35,"Rain, Partially cloudy",Partly cloudy throughout the day with a chance of rain throughout the day.,rain,"DNMM,remote,65201099999",Lagos
Lagos,2024-04-20,95.3,83.4,88.3,115.8,95.6,104.1,79.7,76.6,0.0,0.0,0.0,,0.0,0.0,21.9,19.7,214.4,1009.0,61.2,7.3,238.0,20.5,8,38.0,2024-04-20T06:36:30,2024-04-20T18:54:11,0.38,Partially cloudy,Partly cloudy throughout the day.,partly-cloudy-day,"DNMM,remote,65201099999",Lagos
Lagos,2024-04-21,89.6,76.6,82.5,105.2,76.6,91.8,78.0,86.6,0.276,100.0,4.17,rain,0.0,0.0,61.1,18.3,229.8,1008.7,50.7,6.4,237.7,20.5,8,60.0,2024-04-21T06:36:08,2024-04-21T18:54:09,0.42,"Rain, Partially cloudy",Partly cloudy throughout the day with late afternoon rain.,rain,"DNMM,remote,65201099999",Lagos
Lagos,2024-04-22,95.0,73.4,83.4,112.9,73.4,91.6,76.1,79.9,0.0,0.0,0.0,rain,0.0,0.0,21.5,12.8,250.6,1009.5,40.3,6.1,267.9,23.1,9,60.0,2024-04-22T06:35:47,2024-04-22T18:54:07,0.45,Partially cloudy,Partly cloudy throughout the day.,partly-cloudy-day,"DNMM,remote,65201099999",Lagos
Lagos,2024-04-23,89.6,73.4,81.6,100.3,73.4,87.9,75.4,82.6,0.433,100.0,8.33,rain,0.0,0.0,46.1,25.3,91.7,1010.5,50.1,4.8,97.4,8.5,4,75.0,2024-04-23T06:35:26,2024-04-23T18:54:06,0.48,"Rain, Partially cloudy",Partly cloudy throughout the day with rain in the morning and afternoon.,rain,"DNMM,65201099999",Lagos
Lagos,2024-04-24,93.2,77.8,84.5,110.4,77.8,93.8,77.0,78.9,0.0,0.0,0.0,,0.0,0.0,17.7,12.8,172.3,1010.2,46.3,7.8,250.5,21.5,8,60.0,2024-04-24T06:35:06,2024-04-24T18:54:05,0.5,Partially cloudy,Partly cloudy throughout the day.,partly-cloudy-day,"DNMM,remote,65201099999,VRJT5",Lagos
Lagos,2024-04-25,93.3,79.9,86.3,107.8,79.9,97.9,77.9,76.9,0.0,0.0,0.0,rain,0.0,0.0,21.3,12.8,202.4,1010.2,45.2,6.2,258.9,22.4,9,60.0,2024-04-25T06:34:46,2024-04-25T18:54:04,0.55,Partially cloudy,Partly cloudy throughout the day.,partly-cloudy-day,"DNMM,65201099999,VRJT5",Lagos
Lagos,2024-04-26,95.0,82.3,87.1,116.1,92.4,102.7,80.2,81.0,0.012,100.0,8.33,rain,0.0,0.0,23.3,17.2,212.1,1009.1,46.5,7.3,251.5,21.7,8,75.0,2024-04-26T06:34:27,2024-04-26T18:54:04,0.59,"Rain, Partially cloudy",Partly cloudy throughout the day with morning rain.,rain,"DNMM,remote,65201099999",Lagos
Lagos,2024-04-27,95.0,80.6,86.5,112.9,88.1,100.6,79.5,80.7,0.0,0.0,0.0,rain,0.0,0.0,16.8,12.8,200.8,1008.1,52.0,6.2,208.3,18.0,7,75.0,2024-04-27T06:34:08,2024-04-27T18:54:04,0.62,Partially cloudy,Partly cloudy throughout the day.,partly-cloudy-day,"DNMM,65201099999",Lagos
Lagos,2024-04-28,95.1,82.0,87.2,116.1,93.1,102.9,80.3,81.1,0.0,0.0,0.0,rain,0.0,0.0,23.0,15.0,191.7,1008.8,44.1,6.2,225.8,19.5,7,100.0,2024-04-28T06:33:50,2024-04-28T18:54:05,0.66,Partially cloudy,Partly cloudy throughout the day.,partly-cloudy-day,"DNMM,65201099999,VRJT5",Lagos
Lagos,2024-04-29,95.0,82.5,87.6,116.1,94.5,104.0,80.5,80.4,0.0,0.0,0.0,rain,0.0,0.0,21.0,15.0,209.0,1009.6,47.3,6.2,194.2,16.7,6,100.0,2024-04-29T06:33:33,2024-04-29T18:54:06,0.69,Partially cloudy,Partly cloudy throughout the day.,partly-cloudy-day,"DNMM,65201099999,VRJT5",Lagos
Lagos,2024-04-30,95.0,76.9,87.2,115.8,76.9,102.6,80.1,80.2,0.0,0.0,0.0,,0.0,0.0,46.1,23.0,183.0,1008.4,51.9,6.0,248.7,21.4,9,100.0,2024-04-30T06:33:16,2024-04-30T18:54:08,0.73,Partially cloudy,Partly cloudy throughout the day.,partly-cloudy-day,"DNMM,65201099999,VRJT5",Lagos
Lagos,2024-05-01,91.3,75.1,81.7,108.7,75.1,89.4,77.3,86.8,0.032,100.0,29.17,rain,0.0,0.0,22.1,11.2,197.0,1008.2,53.2,8.3,188.0,16.3,8,100.0,2024-05-01T06:33:00,2024-05-01T18:54:10,0.75,"Rain, Partially cloudy",Partly cloudy throughout the day with rain.,rain,"DNMM,remote,VRJT5,65201099999",Lagos
Lagos,2024-05-02,95.0,78.4,85.6,110.0,78.4,95.0,76.9,76.8,0.0,0.0,0.0,rain,0.0,0.0,20.1,12.8,188.7,1009.7,38.8,5.7,222.5,19.1,8,60.0,2024-05-02T06:32:44,2024-05-02T18:54:12,0.8,Partially cloudy,Partly cloudy throughout the day.,partly-cloudy-day,"DNMM,65201099999",Lagos
Lagos,2024-05-03,84.2,73.4,80.3,96.1,73.4,85.7,76.1,87.3,1.339,100.0,4.17,rain,0.0,0.0,20.4,11.4,152.8,1011.7,48.6,6.6,197.9,17.1,8,75.0,2024-05-03T06:32:29,2024-05-03T18:54:15,0.83,"Rain, Partially cloudy",Partly cloudy throughout the day with afternoon rain.,rain,"DNMM,remote,65201099999",Lagos
Lagos,2024-05-04,91.4,75.0,83.1,107.8,75.0,90.8,76.2,80.6,0.0,0.0,0.0,,0.0,0.0,17.9,12.8,185.5,1011.2,42.3,7.5,226.5,19.5,8,75.0,2024-05-04T06:32:15,2024-05-04T18:54:18,0.87,Partially cloudy,Partly cloudy throughout the day.,partly-cloudy-day,"DNMM,remote,65201099999",Lagos
Lagos,2024-05-05,95.0,80.6,87.0,110.9,88.1,100.8,79.2,78.7,0.0,0.0,0.0,rain,0.0,0.0,19.0,13.9,175.3,1009.7,50.2,6.0,237.0,20.4,8,60.0,2024-05-05T06:32:02,2024-05-05T18:54:22,0.91,Partially cloudy,Partly cloudy throughout the day.,partly-cloudy-day,"DNMM,65201099999,VRJT5",Lagos
Lagos,2024-05-06,90.2,75.5,82.7,103.1,75.5,89.7,76.3,81.6,0.507,100.0,8.33,rain,0.0,0.0,40.3,12.8,204.4,1009.2,42.9,5.7,238.5,20.5,8,75.0,2024-05-06T06:31:49,2024-05-06T18:54:26,0.94,"Rain, Partially cloudy",Partly cloudy throughout the day with rain in the morning and afternoon.,rain,"DNMM,65201099999,VRJT5",Lagos
Lagos,2024-05-07,89.7,78.8,84.4,102.7,78.8,93.1,77.2,79.6,0.063,100.0,4.17,rain,0.0,0.0,15.0,17.2,327.5,1009.8,48.4,5.8,218.6,18.7,8,60.0,2024-05-07T06:31:36,2024-05-07T18:54:31,0.98,"Rain, Partially cloudy",Partly cloudy throughout the day with afternoon rain.,rain,"DNMM,remote,65201099999,VRJT5",Lagos
Lagos,2024-05-08,91.8,78.8,85.5,107.8,78.8,96.2,78.0,79.3,0.028,100.0,4.17,rain,0.0,0.0,20.4,10.3,191.1,1009.8,51.4,6.3,217.2,18.5,7,60.0,2024-05-08T06:31:25,2024-05-08T18:54:36,0.0,"Rain, Partially cloudy",Partly cloudy throughout the day with late afternoon rain.,rain,"DNMM,remote,65201099999",Lagos
Lagos,2024-05-09,93.2,80.6,86.1,113.5,88.1,99.2,79.1,80.6,0.0,0.0,0.0,,0.0,0.0,19.0,13.9,199.1,1009.5,61.8,6.0,220.3,19.1,8,60.0,2024-05-09T06:31:14,2024-05-09T18:54:42,0.04,Partially cloudy,Partly cloudy throughout the day.,partly-cloudy-day,"DNMM,65201099999,VRJT5",Lagos
Lagos,2024-05-10,91.4,80.6,85.8,108.3,88.0,98.9,79.1,81.0,0.0,0.0,0.0,rain,0.0,0.0,18.3,12.8,179.6,1009.3,52.7,6.9,224.1,19.4,7,75.0,2024-05-10T06:31:04,2024-05-10T18:54:48,0.08,Partially cloudy,Partly cloudy throughout the day.,partly-cloudy-day,"DNMM,remote,65201099999",Lagos
Lagos,2024-05-11,91.3,77.0,82.7,108.6,77.0,91.9,78.1,86.6,1.536,100.0,8.33,rain,0.0,0.0,51.9,21.9,262.2,1010.0,48.1,7.5,218.5,18.9,7,60.0,2024-05-11T06:30:54,2024-05-11T18:54:54,0.11,"Rain, Partially cloudy",Partly cloudy throughout the day with rain.,rain,"DNMM,remote,VRJT5,65201099999",Lagos
Lagos,2024-05-12,91.4,75.2,83.4,108.2,75.2,91.2,77.2,82.8,0.0,0.0,0.0,rain,0.0,0.0,13.9,11.4,189.9,1010.8,53.5,4.7,163.4,14.1,6,30.0,2024-05-12T06:30:46,2024-05-12T18:55:01,0.14,Partially cloudy,Partly cloudy throughout the day.,partly-cloudy-day,"DNMM,65201099999,VRJT5",Lagos
Lagos,2024-05-13,93.2,79.1,84.1,113.5,79.1,94.8,78.4,83.5,0.063,100.0,16.67,rain,0.0,0.0,20.4,10.5,249.5,1011.0,60.2,7.7,211.4,18.2,7,60.0,2024-05-13T06:30:38,2024-05-13T18:55:08,0.17,"Rain, Partially cloudy",Partly cloudy throughout the day with rain.,rain,"DNMM,remote,65201099999",Lagos
Lagos,2024-05-14,87.8,75.2,82.3,102.4,75.2,90.2,76.2,82.1,0.032,100.0,16.67,rain,0.0,0.0,15.7,8.1,218.1,1010.4,69.6,11.2,217.8,18.7,7,60.0,2024-05-14T06:30:30,2024-05-14T18:55:16,0.2,"Rain, Partially cloudy",Partly cloudy throughout the day with rain.,rain,"DNMM,remote,65201099999",Lagos
Lagos,2024-05-15,93.2,80.2,86.1,110.4,87.0,99.3,79.1,80.4,0.016,100.0,12.5,rain,0.0,0.0,18.3,12.8,190.3,1010.2,61.7,8.6,212.8,18.2,8,60.0,2024-05-15T06:30:24,2024-05-15T18:55:24,0.25,"Rain, Partially cloudy",Partly cloudy throughout the day with a chance of rain throughout the day.,rain,"DNMM,remote,65201099999",Lagos
Lagos,2024-05-16,93.8,73.4,79.9,112.3,73.4,85.0,77.0,91.3,1.457,100.0,8.33,rain,0.0,0.0,26.4,23.0,50.6,1011.9,48.9,6.3,76.6,6.5,3,60.0,2024-05-16T06:30:18,2024-05-16T18:55:33,0.27,"Rain, Partially cloudy",Partly cloudy throughout the day with rain.,rain,"DNMM,remote,65201099999,VRJT5",Lagos
Lagos,2024-05-17,93.0,75.2,83.5,110.9,75.2,92.7,77.4,82.8,0.0,0.0,0.0,rain,0.0,0.0,16.1,8.1,275.7,1012.6,53.3,5.4,208.2,18.0,8,60.0,2024-05-17T06:30:12,2024-05-17T18:55:42,0.3,Partially cloudy,Partly cloudy throughout the day.,partly-cloudy-day,"DNMM,65201099999,VRJT5",Lagos
Lagos,2024-05-18,91.4,75.3,84.1,106.6,75.3,93.9,77.5,81.3,0.004,100.0,4.17,rain,0.0,0.0,51.9,46.1,149.0,1011.8,57.6,6.6,184.3,15.9,6,60.0,2024-05-18T06:30:08,2024-05-18T18:55:51,0.33,"Rain, Partially cloudy",Partly cloudy throughout the day with afternoon rain.,rain,"DNMM,remote,65201099999,VRJT5",Lagos
Lagos,2024-05-19,88.2,80.6,84.9,104.3,88.1,97.6,79.2,83.4,0.036,100.0,25.0,rain,0.0,0.0,18.3,9.6,209.7,1010.2,37.7,11.2,252.7,21.8,8,60.0,2024-05-19T06:30:04,2024-05-19T18:56:01,0.37,"Rain, Partially cloudy",Clearing in the afternoon with rain in the morning and afternoon.,rain,"DNMM,remote,65201099999",Lagos
Lagos,2024-05-20,93.2,80.9,86.3,113.5,89.0,100.0,79.3,80.4,0.004,100.0,4.17,rain,0.0,0.0,21.7,15.0,190.1,1011.2,55.0,6.6,235.9,20.4,8,60.0,2024-05-20T06:30:01,2024-05-20T18:56:11,0.4,"Rain, Partially cloudy",Partly cloudy throughout the day with morning rain.,rain,"DNMM,remote,65201099999,VRJT5",Lagos
Lagos,2024-05-21,95.3,82.0,87.1,114.4,91.6,101.9,79.7,79.8,0.0,0.0,0.0,rain,0.0,0.0,19.7,17.2,187.8,1012.1,55.3,6.1,230.5,19.8,8,75.0,2024-05-21T06:29:58,2024-05-21T18:56:22,0.43,Partially cloudy,Partly cloudy throughout the day.,partly-cloudy-day,"DNMM,65201099999",Lagos
Lagos,2024-05-22,87.8,73.4,81.5,102.4,73.4,89.3,77.0,86.5,2.087,100.0,8.33,rain,0.0,0.0,57.5,11.4,224.6,1012.6,61.5,7.3,180.6,15.5,6,75.0,2024-05-22T06:29:57,2024-05-22T18:56:33,0.46,"Rain, Partially cloudy",Partly cloudy throughout the day with rain in the morning and afternoon.,rain,"DNMM,remote,65201099999,VRJT5",Lagos
Lagos,2024-05-23,91.4,77.0,84.2,110.9,77.0,94.7,78.4,83.4,0.0,0.0,0.0,rain,0.0,0.0,19.9,8.1,192.3,1011.9,43.6,5.9,223.8,19.2,7,60.0,2024-05-23T06:29:56,2024-05-23T18:56:44,0.5,Partially cloudy,Partly cloudy throughout the day.,partly-cloudy-day,"DNMM,65201099999,VRJT5",Lagos
Lagos,2024-05-24,93.2,78.8,83.5,113.5,78.8,94.4,79.0,86.8,0.354,100.0,4.17,rain,0.0,0.0,18.1,11.4,215.9,1012.0,63.7,6.5,179.0,15.4,6,60.0,2024-05-24T06:29:55,2024-05-24T18:56:56,0.53,"Rain, Partially cloudy",Partly cloudy throughout the day with late afternoon rain.,rain,"DNMM,remote,65201099999,VRJT5",Lagos
Lagos,2024-05-25,86.3,74.8,79.9,97.4,74.8,83.9,76.2,89.1,2.402,100.0,12.5,rain,0.0,0.0,14.5,13.3,131.4,1012.9,63.1,5.4,87.3,7.6,3,30.0,2024-05-25T06:29:55,2024-05-25T18:57:08,0.57,"Rain, Partially cloudy",Partly cloudy throughout the day with a chance of rain throughout the day.,rain,"DNMM,remote,65201099999,VRJT5",Lagos
Lagos,2024-05-26,91.4,77.1,83.4,110.9,77.1,92.9,78.8,86.6,0.004,100.0,4.17,rain,0.0,0.0,18.1,10.3,200.6,1013.0,49.1,6.1,229.1,19.7,8,30.0,2024-05-26T06:29:56,2024-05-26T18:57:20,0.6,"Rain, Partially cloudy",Partly cloudy throughout the day with afternoon rain.,rain,"DNMM,remote,65201099999",Lagos
Lagos,2024-05-27,91.4,78.4,84.4,110.9,78.4,94.7,78.3,82.6,0.0,0.0,0.0,,0.0,0.0,16.1,12.8,235.0,1013.3,55.5,6.2,218.5,18.7,7,10.0,2024-05-27T06:29:58,2024-05-27T18:57:32,0.64,Partially cloudy,Partly cloudy throughout the day.,partly-cloudy-day,"DNMM,65201099999",Lagos
Lagos,2024-05-28,91.4,80.4,84.8,110.9,86.9,97.2,78.9,83.0,0.016,100.0,4.17,rain,0.0,0.0,15.9,15.0,232.4,1013.2,57.1,6.5,180.2,15.6,6,60.0,2024-05-28T06:30:00,2024-05-28T18:57:45,0.67,"Rain, Partially cloudy",Partly cloudy throughout the day with morning rain.,rain,"DNMM,remote,65201099999,VRJT5",Lagos
Lagos,2024-05-29,91.4,79.8,85.3,110.9,79.8,97.4,78.9,81.9,0.0,0.0,0.0,rain,0.0,0.0,20.4,13.9,206.3,1013.4,53.7,6.2,223.1,19.3,7,30.0,2024-05-29T06:30:03,2024-05-29T18:57:58,0.71,Partially cloudy,Partly cloudy throughout the day.,partly-cloudy-day,"DNMM,65201099999,VRJT5",Lagos
Lagos,2024-05-30,93.7,80.2,83.6,110.4,86.8,93.5,78.0,84.0,1.024,100.0,4.17,rain,0.0,0.0,21.9,8.1,251.7,1012.6,58.9,6.9,248.4,21.2,8,60.0,2024-05-30T06:30:07,2024-05-30T18:58:11,0.75,"Rain, Partially cloudy",Partly cloudy throughout the day with late afternoon rain.,rain,"DNMM,remote,65201099999,VRJT5",Lagos
Lagos,2024-05-31,84.5,77.0,80.8,98.3,77.0,86.5,77.3,89.2,0.669,100.0,4.17,rain,0.0,0.0,19.2,17.2,217.6,1013.0,64.9,7.9,140.0,12.0,6,60.0,2024-05-31T06:30:11,2024-05-31T18:58:25,0.78,"Rain, Partially cloudy",Partly cloudy throughout the day with afternoon rain.,rain,"DNMM,remote,65201099999,VRJT5",Lagos
Lagos,2024-06-01,91.4,76.8,83.5,107.8,76.8,92.2,78.0,84.4,0.0,0.0,0.0,rain,0.0,0.0,17.0,11.4,203.5,1013.9,55.0,5.8,154.7,13.3,6,30.0,2024-06-01T06:30:16,2024-06-01T18:58:38,0.82,Partially cloudy,Partly cloudy throughout the day.,partly-cloudy-day,"DNMM,remote,65201099999",Lagos
Lagos,2024-06-02,84.2,73.4,79.2,94.2,73.4,82.9,76.3,91.0,0.111,100.0,29.17,rain,0.0,0.0,63.3,40.3,351.8,1013.6,69.2,7.7,56.9,4.9,2,30.0,2024-06-02T06:30:21,2024-06-02T18:58:52,0.85,"Rain, Partially cloudy",Partly cloudy throughout the day with a chance of rain throughout the day.,rain,"DNMM,remote,65201099999",Lagos
Lagos,2024-06-03,89.6,77.0,82.2,105.2,77.0,88.8,76.9,84.7,0.906,100.0,4.17,rain,0.0,0.0,24.6,11.8,145.0,1013.9,45.8,6.3,184.8,16.0,6,30.0,2024-06-03T06:30:27,2024-06-03T18:59:06,0.89,"Rain, Partially cloudy",Partly cloudy throughout the day with early morning rain.,rain,"DNMM,remote,65201099999",Lagos
Lagos,2024-06-04,89.6,78.8,83.3,108.6,78.8,93.1,78.1,84.7,0.012,100.0,12.5,rain,0.0,0.0,20.4,15.0,218.6,1013.0,55.4,7.9,185.3,15.9,6,30.0,2024-06-04T06:30:33,2024-06-04T18:59:20,0.93,"Rain, Partially cloudy",Partly cloudy throughout the day with rain clearing later.,rain,"DNMM,remote,65201099999",Lagos
Lagos,2024-06-05,89.6,77.0,83.3,108.1,77.0,92.6,78.3,85.3,0.551,100.0,4.17,rain,0.0,0.0,20.1,13.9,227.8,1013.2,55.4,5.9,197.7,17.0,7,30.0,2024-06-05T06:30:40,2024-06-05T18:59:35,0.96,"Rain, Partially cloudy",Partly cloudy throughout the day with afternoon rain.,rain,"DNMM,65201099999,VRJT5",Lagos
Lagos,2024-06-06,89.6,75.2,80.7,108.1,75.2,86.7,77.1,89.0,0.406,100.0,20.83,rain,0.0,0.0,14.1,10.3,203.2,1013.7,66.3,7.3,140.5,12.1,6,30.0,2024-06-06T06:30:48,2024-06-06T18:59:49,0.0,"Rain, Partially cloudy",Partly cloudy throughout the day with rain.,rain,"DNMM,remote,65201099999",Lagos
Lagos,2024-06-07,88.2,75.2,80.8,100.7,75.2,86.0,76.3,86.9,1.378,100.0,4.17,rain,0.0,0.0,15.7,9.2,236.7,1015.0,61.3,5.6,176.5,15.5,6,30.0,2024-06-07T06:30:56,2024-06-07T19:00:03,0.03,"Rain, Partially cloudy",Partly cloudy throughout the day with morning rain.,rain,"DNMM,remote,65201099999",Lagos
Lagos,2024-06-08,86.0,78.4,81.4,97.2,78.4,87.0,76.9,86.6,0.0,0.0,0.0,rain,0.0,0.0,17.2,15.0,232.3,1015.2,44.6,5.9,168.2,14.5,6,30.0,2024-06-08T06:31:04,2024-06-08T19:00:18,0.06,Partially cloudy,Partly cloudy throughout the day.,partly-cloudy-day,"DNMM,65201099999",Lagos
Lagos,2024-06-09,88.1,77.0,81.3,103.2,77.0,87.6,77.0,87.0,0.036,100.0,12.5,rain,0.0,0.0,18.6,11.4,245.4,1013.6,60.6,6.8,174.0,15.0,7,30.0,2024-06-09T06:31:13,2024-06-09T19:00:32,0.09,"Rain, Partially cloudy",Partly cloudy throughout the day with rain.,rain,"DNMM,remote,65201099999,VRJT5",Lagos
Lagos,2024-06-10,89.7,78.4,83.0,105.2,78.4,90.7,77.7,84.7,0.039,100.0,4.17,rain,0.0,0.0,16.8,12.8,215.7,1013.8,68.0,6.7,184.2,16.0,6,30.0,2024-06-10T06:31:23,2024-06-10T19:00:47,0.13,"Rain, Partially cloudy",Partly cloudy throughout the day with morning rain.,rain,"DNMM,remote,65201099999,VRJT5",Lagos
Lagos,2024-06-11,86.0,77.4,81.1,99.4,77.4,87.3,77.1,88.0,0.157,100.0,8.33,rain,0.0,0.0,15.2,13.9,227.4,1014.5,66.5,7.0,125.9,10.9,5,30.0,2024-06-11T06:31:33,2024-06-11T19:01:01,0.16,"Rain, Partially cloudy",Partly cloudy throughout the day with rain in the morning and afternoon.,rain,"DNMM,remote,65201099999",Lagos
Lagos,2024-06-12,89.7,74.8,81.5,102.4,74.8,87.5,76.3,84.6,0.315,100.0,8.33,rain,0.0,0.0,17.2,13.9,232.0,1013.1,50.1,8.1,223.5,19.3,8,30.0,2024-06-12T06:31:43,2024-06-12T19:01:16,0.19,"Rain, Partially cloudy",Partly cloudy throughout the day with rain clearing later.,rain,"DNMM,remote,65201099999",Lagos
Lagos,2024-06-13,87.8,77.4,82.7,102.4,77.4,90.9,77.5,84.8,0.079,100.0,4.17,rain,0.0,0.0,19.9,11.4,232.8,1012.8,47.1,6.8,230.9,19.9,8,30.0,2024-06-13T06:31:54,2024-06-13T19:01:30,0.22,"Rain, Partially cloudy",Partly cloudy throughout the day with afternoon rain.,rain,"DNMM,remote,65201099999,VRJT5",Lagos
Lagos,2024-06-14,80.7,75.2,79.5,87.2,75.2,83.4,76.0,89.0,0.827,100.0,4.17,rain,0.0,0.0,21.7,9.2,228.9,1012.9,47.2,5.7,145.3,12.4,5,60.0,2024-06-14T06:32:05,2024-06-14T19:01:44,0.25,"Rain, Partially cloudy",Partly cloudy throughout the day with afternoon rain.,rain,"DNMM,65201099999",Lagos
Lagos,2024-06-15,87.2,76.1,80.3,100.5,76.1,84.5,76.3,88.0,0.079,100.0,4.17,rain,0.0,0.0,15.9,11.4,271.5,1012.9,77.5,7.6,106.3,9.2,5,10.0,2024-06-15T06:32:16,2024-06-15T19:01:58,0.29,"Rain, Partially cloudy",Partly cloudy throughout the day with afternoon rain.,rain,"DNMM,remote,65201099999,VRJT5",Lagos
Lagos,2024-06-16,85.9,76.2,81.3,97.3,76.2,86.6,75.9,83.9,0.076,100.0,62.5,rain,0.0,0.0,15.2,26.4,234.9,1012.0,95.1,12.4,123.5,10.7,5,30.0,2024-06-16T06:32:28,2024-06-16T19:02:12,0.32,"Rain, Overcast",Cloudy skies throughout the day with a chance of rain throughout the day.,rain,"remote,65201099999,VRJT5",Lagos
Lagos,2024-06-17,89.5,76.7,82.2,106.3,76.7,89.8,77.3,85.4,0.551,100.0,8.33,rain,0.0,0.0,17.2,30.0,226.6,1012.5,80.1,9.4,144.6,12.4,7,30.0,2024-06-17T06:32:40,2024-06-17T19:02:26,0.35,"Rain, Partially cloudy",Partly cloudy throughout the day with rain.,rain,"DNMM,remote,VRJT5,65201099999",Lagos
Lagos,2024-06-18,87.7,77.0,81.8,114.5,77.0,89.0,77.7,87.7,0.048,100.0,25.0,rain,0.0,0.0,13.6,24.2,236.6,1012.5,56.2,7.3,215.9,18.6,7,30.0,2024-06-18T06:32:52,2024-06-18T19:02:40,0.38,"Rain, Partially cloudy",Partly cloudy throughout the day with a chance of rain throughout the day.,rain,"DNMM,remote,65201099999,VRJT5",Lagos
Lagos,2024-06-19,89.6,77.4,83.5,104.4,77.4,91.7,77.4,82.4,0.0,0.0,0.0,rain,0.0,0.0,18.6,11.4,244.8,1011.7,57.3,5.6,202.0,17.4,7,30.0,2024-06-19T06:33:05,2024-06-19T19:02:53,0.42,Partially cloudy,Partly cloudy throughout the day.,partly-cloudy-day,"DNMM,65201099999,VRJT5",Lagos
Lagos,2024-06-20,86.0,77.3,82.3,97.2,77.3,89.6,76.9,83.9,0.004,100.0,4.17,rain,0.0,0.0,20.1,12.8,251.8,1012.0,63.9,6.1,201.0,17.3,7,30.0,2024-06-20T06:33:18,2024-06-20T19:03:07,0.45,"Rain, Partially cloudy",Partly cloudy throughout the day with late afternoon rain.,rain,"DNMM,remote,65201099999,VRJT5",Lagos
Lagos,2024-06-21,87.8,75.2,80.1,102.4,75.2,84.5,76.6,89.5,1.614,100.0,4.17,rain,0.0,0.0,18.8,12.8,283.1,1013.5,63.1,4.7,153.6,13.2,5,30.0,2024-06-21T06:33:31,2024-06-21T19:03:20,0.48,"Rain, Partially cloudy",Partly cloudy throughout the day with late afternoon rain.,rain,"DNMM,65201099999",Lagos
Lagos,2024-06-22,87.8,75.2,80.7,102.4,75.2,87.0,76.8,88.5,0.236,100.0,4.17,rain,0.0,0.0,17.0,13.9,214.7,1013.1,58.0,5.1,217.1,18.8,7,30.0,2024-06-22T06:33:44,2024-06-22T19:03:32,0.5,"Rain, Partially cloudy",Partly cloudy throughout the day with early morning rain.,rain,"DNMM,65201099999",Lagos
Lagos,2024-06-23,87.8,77.0,82.5,105.1,77.0,90.4,77.7,85.6,0.039,100.0,4.17,rain,0.0,0.0,17.9,13.9,251.7,1012.8,56.8,6.1,199.5,17.3,7,30.0,2024-06-23T06:33:57,2024-06-23T19:03:45,0.55,"Rain, Partially cloudy",Partly cloudy throughout the day with afternoon rain.,rain,"DNMM,remote,65201099999",Lagos
Lagos,2024-06-24,87.8,75.2,79.5,99.9,75.2,83.0,75.9,89.3,0.236,100.0,4.17,rain,0.0,0.0,43.8,13.9,225.0,1012.4,60.0,5.5,189.1,16.5,7,30.0,2024-06-24T06:34:11,2024-06-24T19:03:57,0.59,"Rain, Partially cloudy",Partly cloudy throughout the day with late afternoon rain.,rain,"DNMM,65201099999",Lagos
Lagos,2024-06-25,81.4,75.0,77.9,90.4,75.0,80.2,74.7,90.1,1.181,100.0,4.17,rain,0.0,0.0,16.1,13.9,93.7,1012.4,67.4,3.4,78.1,6.7,4,30.0,2024-06-25T06:34:24,2024-06-25T19:04:08,0.62,"Rain, Partially cloudy",Partly cloudy throughout the day with afternoon rain.,rain,"65202099999,DNMM,65201099999",Lagos
Lagos,2024-06-26,87.8,73.3,80.3,100.6,73.3,85.2,74.7,83.8,3.307,100.0,8.33,rain,0.0,0.0,19.5,33.3,249.5,1012.5,69.9,5.2,200.0,17.2,7,10.0,2024-06-26T06:34:38,2024-06-26T19:04:20,0.66,"Rain, Partially cloudy",Partly cloudy throughout the day with rain clearing later.,rain,"DNMM,65201099999,VRJT5",Lagos
Lagos,2024-06-27,89.6,73.4,79.9,98.2,73.4,83.3,73.1,81.0,0.472,100.0,4.17,rain,0.0,0.0,18.3,11.4,177.0,1012.1,43.3,6.5,184.8,16.0,7,30.0,2024-06-27T06:34:52,2024-06-27T19:04:31,0.69,"Rain, Partially cloudy",Partly cloudy throughout the day with early morning rain.,rain,"DNMM,remote,65201099999",Lagos
Lagos,2024-06-28,86.0,78.5,82.1,97.2,78.5,89.0,77.0,84.8,0.02,100.0,20.83,rain,0.0,0.0,18.3,15.0,227.0,1012.2,68.8,7.3,174.1,15.1,7,30.0,2024-06-28T06:35:06,2024-06-28T19:04:41,0.75,"Rain, Partially cloudy",Partly cloudy throughout the day with rain.,rain,"DNMM,remote,65201099999,VRJT5",Lagos
Lagos,2024-06-29,87.8,75.0,80.7,99.9,75.0,86.1,76.5,87.6,0.472,100.0,4.17,rain,0.0,0.0,15.2,13.9,240.2,1012.7,61.8,6.0,146.4,12.7,5,30.0,2024-06-29T06:35:20,2024-06-29T19:04:51,0.77,"Rain, Partially cloudy",Partly cloudy throughout the day with morning rain.,rain,"DNMM,remote,65201099999,VRJT5",Lagos
Lagos,2024-06-30,88.2,77.0,82.1,103.1,77.0,89.2,77.4,86.2,0.118,100.0,4.17,rain,0.0,0.0,19.2,16.1,236.9,1013.0,62.5,5.2,146.0,12.5,6,30.0,2024-06-30T06:35:33,2024-06-30T19:05:01,0.8,"Rain, Partially cloudy",Partly cloudy throughout the day with afternoon rain.,rain,"DNMM,65201099999",Lagos
Lagos,2024-07-01,89.6,76.8,82.1,105.2,76.8,89.1,77.1,85.4,0.0,0.0,0.0,rain,0.0,0.0,19.7,11.4,254.4,1013.5,61.7,6.6,214.8,18.6,8,30.0,2024-07-01T06:35:47,2024-07-01T19:05:10,0.84,Partially cloudy,Partly cloudy throughout the day.,partly-cloudy-day,"DNMM,remote,65201099999",Lagos
Lagos,2024-07-02,85.9,75.2,79.9,98.9,75.2,83.7,76.9,90.6,0.276,100.0,4.17,rain,0.0,0.0,22.4,11.4,230.2,1012.8,80.8,6.9,111.2,9.7,4,30.0,2024-07-02T06:36:01,2024-07-02T19:05:19,0.87,"Rain, Partially cloudy",Partly cloudy throughout the day with late afternoon rain.,rain,"DNMM,remote,VRJT5,65201099999",Lagos
Lagos,2024-07-03,79.6,75.2,77.6,79.6,75.2,77.6,76.2,95.5,6.142,100.0,8.33,rain,0.0,0.0,19.0,12.8,219.8,1013.0,78.5,4.2,76.3,6.6,4,10.0,2024-07-03T06:36:15,2024-07-03T19:05:27,0.91,"Rain, Partially cloudy",Partly cloudy throughout the day with rain.,rain,"DNMM,remote,65201099999,VRJT5",Lagos
Lagos,2024-07-04,86.0,75.0,80.1,97.2,75.0,84.9,75.6,86.7,0.0,0.0,0.0,rain,0.0,0.0,18.1,13.9,227.3,1014.1,50.9,5.2,161.2,14.1,7,10.0,2024-07-04T06:36:28,2024-07-04T19:05:34,0.95,Partially cloudy,Partly cloudy throughout the day.,partly-cloudy-day,"DNMM,65201099999",Lagos
Lagos,2024-07-05,86.0,75.2,81.6,97.3,75.2,87.6,76.2,84.0,0.0,0.0,0.0,rain,0.0,0.0,15.7,12.8,240.9,1014.3,53.9,6.0,174.5,15.0,8,30.0,2024-07-05T06:36:42,2024-07-05T19:05:41,0.0,Partially cloudy,Partly cloudy throughout the day.,partly-cloudy-day,"DNMM,remote,65201099999,VRJT5",Lagos
Lagos,2024-07-06,87.4,76.6,81.4,99.0,76.6,86.8,76.1,84.4,0.15,100.0,4.17,rain,0.0,0.0,13.9,11.4,223.2,1013.6,60.4,5.9,100.7,8.8,4,30.0,2024-07-06T06:36:55,2024-07-06T19:05:48,0.02,"Rain, Partially cloudy",Partly cloudy throughout the day with morning rain.,rain,"DNMM,remote,65201099999",Lagos
Lagos,2024-07-07,86.0,76.8,81.1,97.2,76.8,86.3,76.3,85.7,0.024,100.0,8.33,rain,0.0,0.0,21.5,13.9,227.2,1013.3,71.1,5.8,147.3,12.7,5,30.0,2024-07-07T06:37:08,2024-07-07T19:05:54,0.05,"Rain, Partially cloudy",Partly cloudy throughout the day with early morning rain.,rain,"DNMM,remote,65201099999",Lagos
Lagos,2024-07-08,80.9,78.0,79.5,87.1,78.0,81.7,75.8,88.5,0.0,0.0,0.0,rain,0.0,0.0,18.1,9.2,223.4,1013.6,63.1,4.8,87.8,7.5,4,10.0,2024-07-08T06:37:21,2024-07-08T19:05:59,0.08,Partially cloudy,Partly cloudy throughout the day.,partly-cloudy-day,"DNMM,65201099999,VRJT5",Lagos
Lagos,2024-07-09,86.0,75.2,80.4,95.2,75.2,84.2,75.0,84.3,0.0,0.0,0.0,rain,0.0,0.0,21.3,12.8,214.8,1012.9,56.8,5.5,192.0,16.5,7,10.0,2024-07-09T06:37:34,2024-07-09T19:06:04,0.11,Partially cloudy,Partly cloudy throughout the day.,partly-cloudy-day,"DNMM,remote,65201099999,VRJT5",Lagos
Lagos,2024-07-10,83.8,76.8,79.7,93.6,76.8,83.3,76.3,89.6,0.197,100.0,4.17,rain,0.0,0.0,22.1,16.1,226.2,1013.4,54.5,6.0,170.6,14.8,6,10.0,2024-07-10T06:37:47,2024-07-10T19:06:08,0.15,"Rain, Partially cloudy",Partly cloudy throughout the day with afternoon rain.,rain,"DNMM,remote,65201099999,VRJT5",Lagos
Lagos,2024-07-11,80.6,75.2,78.0,87.1,75.2,78.5,75.5,92.3,1.023,100.0,8.33,rain,0.0,0.0,18.8,12.8,230.5,1014.1,59.9,4.9,115.2,10.0,4,10.0,2024-07-11T06:37:59,2024-07-11T19:06:11,0.18,"Rain, Partially cloudy",Partly cloudy throughout the day with rain.,rain,"DNMM,remote,65201099999,VRJT5",Lagos
Lagos,2024-07-12,84.2,76.8,79.1,92.5,76.8,81.7,75.3,88.3,0.0,0.0,0.0,rain,0.0,0.0,20.8,11.4,231.1,1014.4,57.5,5.5,104.0,9.0,5,10.0,2024-07-12T06:38:11,2024-07-12T19:06:14,0.21,Partially cloudy,Partly cloudy throughout the day.,partly-cloudy-day,"DNMM,65201099999",Lagos
Lagos,2024-07-13,84.2,76.9,79.8,94.2,76.9,83.4,75.6,87.5,0.095,100.0,29.17,rain,0.0,0.0,22.6,10.3,221.2,1014.9,62.9,5.3,198.4,17.0,7,10.0,2024-07-13T06:38:23,2024-07-13T19:06:16,0.25,"Rain, Partially cloudy",Partly cloudy throughout the day with a chance of rain throughout the day.,rain,"DNMM,remote,65201099999",Lagos
Lagos,2024-07-14,84.2,76.8,79.9,94.2,76.8,83.0,75.1,86.0,0.079,100.0,4.17,rain,0.0,0.0,17.9,10.3,206.7,1015.1,59.9,5.8,164.6,14.1,5,10.0,2024-07-14T06:38:34,2024-07-14T19:06:17,0.27,"Rain, Partially cloudy",Partly cloudy throughout the day with morning rain.,rain,"DNMM,65201099999",Lagos
Lagos,2024-07-15,84.2,76.8,80.0,94.2,76.8,83.5,75.4,86.3,0.008,100.0,8.33,rain,0.0,0.0,24.2,18.3,234.5,1015.3,64.5,7.2,156.8,13.7,7,10.0,2024-07-15T06:38:46,2024-07-15T19:06:18,0.31,"Rain, Partially cloudy",Partly cloudy throughout the day with early morning rain.,rain,"DNMM,remote,65201099999",Lagos
Lagos,2024-07-16,80.6,75.2,78.5,86.2,75.2,80.1,74.9,88.8,0.004,100.0,4.17,rain,0.0,0.0,22.4,11.4,235.2,1015.2,64.6,5.5,94.1,8.1,4,10.0,2024-07-16T06:38:57,2024-07-16T19:06:18,0.34,"Rain, Partially cloudy",Partly cloudy throughout the day with morning rain.,rain,"DNMM,remote,65201099999",Lagos
Lagos,2024-07-17,80.9,77.0,78.8,86.5,77.0,80.2,74.9,88.1,0.0,0.0,0.0,rain,0.0,0.0,23.7,12.5,226.2,1014.6,69.9,7.4,142.1,12.2,5,10.0,2024-07-17T06:39:07,2024-07-17T19:06:17,0.37,Partially cloudy,Partly cloudy throughout the day.,partly-cloudy-day,"DNMM,remote,65201099999,VRJT5",Lagos
Lagos,2024-07-18,84.2,77.0,79.3,90.9,77.0,81.6,74.8,86.6,0.0,0.0,0.0,rain,0.0,0.0,25.5,12.8,209.7,1015.0,67.5,5.7,191.2,16.7,7,10.0,2024-07-18T06:39:17,2024-07-18T19:06:16,0.4,Partially cloudy,Partly cloudy throughout the day.,partly-cloudy-day,"DNMM,remote,65201099999",Lagos
Lagos,2024-07-19,82.4,77.0,79.5,89.5,77.0,82.0,74.7,85.3,0.016,100.0,4.17,rain,0.0,0.0,24.2,13.9,209.2,1014.9,61.8,6.4,125.4,10.8,5,10.0,2024-07-19T06:39:27,2024-07-19T19:06:14,0.44,"Rain, Partially cloudy",Partly cloudy throughout the day with early morning rain.,rain,"DNMM,remote,65201099999,VRJT5",Lagos
Lagos,2024-07-20,82.3,76.2,78.8,91.0,76.2,80.3,75.1,88.6,0.012,100.0,12.5,rain,0.0,0.0,26.8,34.4,240.1,1013.6,79.2,7.7,195.1,16.6,7,10.0,2024-07-20T06:39:36,2024-07-20T19:06:11,0.47,"Rain, Partially cloudy",Partly cloudy throughout the day with rain clearing later.,rain,"DNMM,remote,65201099999,VRJT5",Lagos
Lagos,2024-07-21,82.5,75.2,78.6,89.4,75.2,80.5,73.9,86.1,0.197,100.0,4.17,rain,0.0,0.0,24.8,13.9,236.8,1015.1,59.3,5.7,190.5,16.4,6,10.0,2024-07-21T06:39:45,2024-07-21T19:06:07,0.5,"Rain, Partially cloudy",Partly cloudy throughout the day with morning rain.,rain,"DNMM,remote,65201099999,VRJT5",Lagos
Lagos,2024-07-22,86.0,75.2,79.0,95.2,75.2,81.6,73.7,84.2,0.0,0.0,0.0,rain,0.0,0.0,22.8,10.3,215.3,1016.2,53.1,6.2,199.0,17.1,7,10.0,2024-07-22T06:39:54,2024-07-22T19:06:03,0.54,Partially cloudy,Partly cloudy throughout the day.,partly-cloudy-day,"DNMM,65201099999,VRJT5",Lagos
Lagos,2024-07-23,84.2,75.0,78.7,90.9,75.0,80.7,73.2,83.6,0.0,0.0,0.0,rain,0.0,0.0,22.1,12.8,213.6,1017.1,53.2,5.9,212.7,18.3,7,10.0,2024-07-23T06:40:02,2024-07-23T19:05:58,0.57,Partially cloudy,Partly cloudy throughout the day.,partly-cloudy-day,"DNMM,65201099999",Lagos
Lagos,2024-07-24,84.5,73.4,79.0,92.5,73.4,82.0,73.7,84.3,0.0,0.0,0.0,rain,0.0,0.0,19.5,11.4,210.1,1016.7,55.1,5.7,210.5,18.2,7,10.0,2024-07-24T06:40:10,2024-07-24T19:05:52,0.61,Partially cloudy,Partly cloudy throughout the day.,partly-cloudy-day,"DNMM,65201099999",Lagos
Lagos,2024-07-25,84.2,76.6,80.0,92.5,76.6,83.5,74.2,82.9,0.0,0.0,0.0,rain,0.0,0.0,22.6,13.2,206.6,1015.6,61.3,6.6,237.1,20.4,7,10.0,2024-07-25T06:40:17,2024-07-25T19:05:46,0.64,Partially cloudy,Partly cloudy throughout the day.,partly-cloudy-day,"DNMM,remote,65201099999,VRJT5",Lagos
Lagos,2024-07-26,84.2,75.2,79.5,92.5,75.2,81.9,73.8,83.3,0.0,0.0,0.0,rain,0.0,0.0,25.7,12.8,229.2,1015.2,58.7,5.9,220.8,19.0,7,10.0,2024-07-26T06:40:24,2024-07-26T19:05:38,0.68,Partially cloudy,Partly cloudy throughout the day.,partly-cloudy-day,"DNMM,65201099999,VRJT5",Lagos
Lagos,2024-07-27,82.4,75.0,78.1,89.5,75.0,79.3,74.1,87.9,0.039,100.0,4.17,rain,0.0,0.0,21.7,11.4,214.6,1015.3,63.0,6.1,196.0,17.0,7,10.0,2024-07-27T06:40:31,2024-07-27T19:05:30,0.71,"Rain, Partially cloudy",Partly cloudy throughout the day with afternoon rain.,rain,"DNMM,65201099999,VRJT5",Lagos
Lagos,2024-07-28,86.0,75.0,79.1,93.5,75.0,81.1,73.7,84.2,0.0,0.0,0.0,rain,0.0,0.0,25.7,12.8,213.5,1015.1,67.5,6.0,168.6,14.6,6,10.0,2024-07-28T06:40:37,2024-07-28T19:05:22,0.75,Partially cloudy,Partly cloudy throughout the day.,partly-cloudy-day,"DNMM,65201099999,VRJT5",Lagos
Lagos,2024-07-29,82.4,75.5,79.0,88.3,75.5,80.7,73.6,83.7,0.0,0.0,0.0,rain,0.0,0.0,22.1,12.8,205.7,1014.9,64.6,7.7,159.3,13.7,6,10.0,2024-07-29T06:40:42,2024-07-29T19:05:12,0.79,Partially cloudy,Partly cloudy throughout the day.,partly-cloudy-day,"DNMM,remote,65201099999,VRJT5",Lagos
Lagos,2024-07-30,84.2,76.6,80.3,93.7,76.6,84.3,74.7,83.3,0.0,0.0,0.0,rain,0.0,0.0,26.2,12.8,205.6,1014.6,60.5,6.2,209.6,18.1,7,10.0,2024-07-30T06:40:47,2024-07-30T19:05:02,0.82,Partially cloudy,Partly cloudy throughout the day.,partly-cloudy-day,"DNMM,65201099999,VRJT5",Lagos
Lagos,2024-07-31,82.4,76.0,78.8,88.4,76.0,80.6,74.2,86.0,0.039,100.0,4.17,rain,0.0,0.0,23.3,12.8,205.5,1014.0,61.2,5.8,183.3,15.8,7,10.0,2024-07-31T06:40:52,2024-07-31T19:04:51,0.86,"Rain, Partially cloudy",Partly cloudy throughout the day with late afternoon rain.,rain,"DNMM,65201099999,VRJT5",Lagos
Lagos,2024-08-01,84.2,76.6,79.0,92.5,76.6,81.2,73.7,84.0,0.0,0.0,0.0,rain,0.0,0.0,22.4,12.8,206.4,1014.2,69.6,6.1,157.0,13.5,7,10.0,2024-08-01T06:40:56,2024-08-01T19:04:39,0.89,Partially cloudy,Partly cloudy throughout the day.,partly-cloudy-day,"DNMM,65201099999,VRJT5",Lagos
Lagos,2024-08-02,84.6,75.2,79.3,92.8,75.2,81.6,73.7,83.4,0.035,100.0,4.17,rain,0.0,0.0,20.4,13.9,203.2,1014.3,61.5,5.9,207.1,17.9,7,10.0,2024-08-02T06:40:59,2024-08-02T19:04:26,0.93,"Rain, Partially cloudy",Partly cloudy throughout the day with morning rain.,rain,"DNMM,65201099999",Lagos
Lagos,2024-08-03,87.8,75.5,80.7,94.2,75.5,83.5,72.7,77.6,0.0,0.0,0.0,rain,0.0,0.0,22.1,13.9,193.3,1014.9,57.9,6.2,214.7,18.5,7,10.0,2024-08-03T06:41:02,2024-08-03T19:04:13,0.96,Partially cloudy,Partly cloudy throughout the day.,partly-cloudy-day,"DNMM,65201099999",Lagos
Lagos,2024-08-04,86.0,74.8,80.3,97.2,74.8,84.4,74.6,83.3,0.0,0.0,0.0,rain,0.0,0.0,22.8,12.8,201.8,1016.0,52.9,6.5,226.8,19.6,8,10.0,2024-08-04T06:41:05,2024-08-04T19:03:59,0.0,Partially cloudy,Partly cloudy throughout the day.,partly-cloudy-day,"DNMM,remote,65201099999,VRJT5",Lagos
Lagos,2024-08-05,84.3,73.7,79.5,90.9,73.7,82.0,73.5,82.4,0.016,100.0,8.33,rain,0.0,0.0,22.1,13.9,217.9,1015.3,53.9,6.7,202.8,17.4,7,10.0,2024-08-05T06:41:07,2024-08-05T19:03:45,0.03,"Rain, Partially cloudy",Partly cloudy throughout the day with afternoon rain.,rain,"DNMM,remote,65201099999,VRJT5",Lagos
Lagos,2024-08-06,84.2,75.5,79.3,90.9,75.5,81.6,73.3,82.2,0.0,0.0,0.0,rain,0.0,0.0,26.6,10.5,208.2,1014.0,57.1,6.6,215.5,18.6,8,10.0,2024-08-06T06:41:09,2024-08-06T19:03:29,0.07,Partially cloudy,Partly cloudy throughout the day.,partly-cloudy-day,"DNMM,remote,65201099999,VRJT5",Lagos
Lagos,2024-08-07,84.2,76.8,79.1,90.9,76.8,81.4,73.4,82.9,0.0,0.0,0.0,rain,0.0,0.0,26.4,15.0,213.9,1013.1,62.5,6.1,154.4,13.3,6,10.0,2024-08-07T06:41:10,2024-08-07T19:03:13,0.1,Partially cloudy,Partly cloudy throughout the day.,partly-cloudy-day,"DNMM,65201099999,VRJT5",Lagos
Lagos,2024-08-08,82.2,75.3,77.9,88.0,75.3,78.8,74.2,88.6,0.035,100.0,4.17,rain,0.0,0.0,22.8,12.8,224.1,1013.4,58.5,5.7,144.5,12.3,5,10.0,2024-08-08T06:41:11,2024-08-08T19:02:57,0.13,"Rain, Partially cloudy",Partly cloudy throughout the day with afternoon rain.,rain,"DNMM,65201099999",Lagos
Lagos,2024-08-09,89.2,73.4,80.4,97.8,73.4,84.4,73.8,81.6,0.0,0.0,0.0,rain,0.0,0.0,21.0,11.4,213.7,1013.7,51.2,6.0,229.5,19.8,8,10.0,2024-08-09T06:41:11,2024-08-09T19:02:39,0.16,Partially cloudy,Partly cloudy throughout the day.,partly-cloudy-day,"DNMM,65201099999",Lagos
Lagos,2024-08-10,87.8,74.8,80.2,94.2,74.8,83.0,73.5,80.9,0.0,0.0,0.0,,0.0,0.0,24.2,12.8,208.2,1013.4,56.3,6.5,207.6,18.1,7,10.0,2024-08-10T06:41:10,2024-08-10T19:02:21,0.2,Partially cloudy,Partly cloudy throughout the day.,partly-cloudy-day,"DNMM,remote,65201099999",Lagos
Lagos,2024-08-11,87.8,75.2,80.4,94.2,75.2,82.7,72.7,78.6,0.0,0.0,0.0,rain,0.0,0.0,25.3,13.9,204.4,1013.5,59.1,6.2,231.5,20.0,8,10.0,2024-08-11T06:41:10,2024-08-11T19:02:02,0.23,Partially cloudy,Partly cloudy throughout the day.,partly-cloudy-day,"DNMM,65201099999,VRJT5",Lagos
Lagos,2024-08-12,85.9,76.9,79.5,93.3,76.9,82.1,73.7,82.8,0.04,100.0,37.5,rain,0.0,0.0,25.1,15.0,208.0,1013.1,59.5,8.0,195.6,16.9,6,10.0,2024-08-12T06:41:08,2024-08-12T19:01:43,0.25,"Rain, Partially cloudy",Partly cloudy throughout the day with a chance of rain throughout the day.,rain,"DNMM,remote,65201099999",Lagos
Lagos,2024-08-13,86.0,77.0,80.1,93.5,77.0,83.0,73.9,81.8,0.0,0.0,0.0,rain,0.0,0.0,23.7,17.2,194.5,1014.0,61.7,6.3,219.5,19.0,7,10.0,2024-08-13T06:41:07,2024-08-13T19:01:23,0.29,Partially cloudy,Partly cloudy throughout the day.,partly-cloudy-day,"DNMM,65201099999,VRJT5",Lagos
Lagos,2024-08-14,87.8,76.8,80.9,97.8,76.8,85.3,75.3,83.8,0.004,100.0,4.17,rain,0.0,0.0,19.9,15.0,204.3,1014.8,62.8,7.0,241.9,20.9,8,10.0,2024-08-14T06:41:05,2024-08-14T19:01:02,0.33,"Rain, Partially cloudy",Partly cloudy throughout the day with early morning rain.,rain,"DNMM,remote,65201099999",Lagos
Lagos,2024-08-15,83.8,75.0,78.9,90.1,75.0,80.8,73.9,84.9,0.0,0.0,0.0,rain,0.0,0.0,24.8,10.3,214.8,1014.8,64.8,6.4,234.8,20.3,8,10.0,2024-08-15T06:41:02,2024-08-15T19:00:41,0.36,Partially cloudy,Partly cloudy throughout the day.,partly-cloudy-day,"DNMM,remote,65201099999,VRJT5",Lagos
Lagos,2024-08-16,83.8,76.6,79.1,90.2,76.6,81.2,73.3,82.8,0.0,0.0,0.0,rain,0.0,0.0,26.4,11.4,199.5,1013.8,68.1,6.6,174.7,15.1,7,10.0,2024-08-16T06:40:59,2024-08-16T19:00:19,0.39,Partially cloudy,Partly cloudy throughout the day.,partly-cloudy-day,"DNMM,remote,65201099999",Lagos
Lagos,2024-08-17,87.8,75.2,80.4,95.9,75.2,83.2,72.9,79.1,0.004,100.0,4.17,rain,0.0,0.0,23.7,15.0,200.2,1014.2,59.5,6.8,235.1,20.3,9,10.0,2024-08-17T06:40:55,2024-08-17T18:59:57,0.42,"Rain, Partially cloudy",Partly cloudy throughout the day with early morning rain.,rain,"DNMM,remote,65201099999",Lagos
Lagos,2024-08-18,86.0,75.2,79.9,94.3,75.2,82.7,73.9,82.7,0.0,0.0,0.0,rain,0.0,0.0,18.6,10.3,228.4,1015.3,58.6,6.6,231.0,20.0,8,10.0,2024-08-18T06:40:51,2024-08-18T18:59:34,0.46,Partially cloudy,Partly cloudy throughout the day.,partly-cloudy-day,"DNMM,remote,65201099999",Lagos
Lagos,2024-08-19,86.0,75.2,78.2,93.5,75.2,79.7,73.7,86.9,0.157,100.0,4.17,rain,0.0,0.0,25.5,15.0,206.1,1014.7,61.1,6.0,140.3,12.1,5,10.0,2024-08-19T06:40:47,2024-08-19T18:59:10,0.5,"Rain, Partially cloudy",Partly cloudy throughout the day with late afternoon rain.,rain,"DNMM,remote,65201099999",Lagos
Lagos,2024-08-20,86.1,73.3,78.1,93.5,73.3,80.0,72.9,84.7,0.08,100.0,25.0,rain,0.0,0.0,22.8,13.9,207.8,1014.4,52.3,5.9,109.3,9.5,4,10.0,2024-08-20T06:40:42,2024-08-20T18:58:46,0.52,"Rain, Partially cloudy",Partly cloudy throughout the day with rain clearing later.,rain,"DNMM,65201099999",Lagos
Lagos,2024-08-21,86.0,75.2,79.2,94.1,75.2,81.2,74.1,85.0,0.02,100.0,4.17,rain,0.0,0.0,19.5,11.4,205.0,1015.0,61.5,5.9,225.9,19.5,8,10.0,2024-08-21T06:40:37,2024-08-21T18:58:22,0.56,"Rain, Partially cloudy",Partly cloudy throughout the day with morning rain.,rain,"DNMM,remote,65201099999,VRJT5",Lagos
Lagos,2024-08-22,86.0,75.2,79.5,93.5,75.2,82.2,73.7,83.2,0.0,0.0,0.0,rain,0.0,0.0,22.8,11.4,213.0,1013.8,58.6,5.8,190.2,16.4,7,10.0,2024-08-22T06:40:32,2024-08-22T18:57:57,0.59,Partially cloudy,Partly cloudy throughout the day.,partly-cloudy-day,"DNMM,65201099999,VRJT5",Lagos
Lagos,2024-08-23,81.0,75.2,77.7,86.2,75.2,78.6,74.2,88.9,0.197,100.0,8.33,rain,0.0,0.0,23.3,17.2,206.4,1012.5,77.3,6.0,70.6,6.1,2,10.0,2024-08-23T06:40:26,2024-08-23T18:57:31,0.63,"Rain, Partially cloudy",Partly cloudy throughout the day with rain.,rain,"DNMM,remote,65201099999",Lagos
Lagos,2024-08-24,84.2,75.0,78.9,94.2,75.0,82.1,75.2,88.8,0.472,100.0,8.33,rain,0.0,0.0,16.1,12.8,187.6,1014.6,67.6,5.3,117.8,10.2,6,10.0,2024-08-24T06:40:19,2024-08-24T18:57:05,0.66,"Rain, Partially cloudy",Partly cloudy throughout the day with rain in the morning and afternoon.,rain,"DNMM,remote,65201099999",Lagos
Lagos,2024-08-25,84.2,75.2,78.8,90.9,75.2,81.0,74.4,86.8,0.0,0.0,0.0,rain,0.0,0.0,17.9,10.3,228.4,1014.9,60.4,5.8,124.6,10.7,5,10.0,2024-08-25T06:40:13,2024-08-25T18:56:38,0.7,Partially cloudy,Partly cloudy throughout the day.,partly-cloudy-day,"DNMM,65201099999",Lagos
Lagos,2024-08-26,84.2,73.0,78.0,90.9,73.0,79.9,73.2,85.7,0.394,100.0,4.17,rain,0.0,0.0,27.7,16.1,213.9,1013.0,61.0,6.4,200.8,17.3,7,10.0,2024-08-26T06:40:06,2024-08-26T18:56:11,0.75,"Rain, Partially cloudy",Partly cloudy throughout the day with morning rain.,rain,"DNMM,65201099999",Lagos
Lagos,2024-08-27,84.2,76.6,78.5,91.4,76.6,80.0,74.1,86.7,0.0,0.0,0.0,rain,0.0,0.0,28.4,11.4,208.7,1013.0,69.8,5.2,209.1,18.2,7,10.0,2024-08-27T06:39:59,2024-08-27T18:55:44,0.77,Partially cloudy,Partly cloudy throughout the day.,partly-cloudy-day,"DNMM,65201099999",Lagos
Lagos,2024-08-28,84.2,75.0,78.9,92.5,75.0,81.5,74.3,86.5,0.197,100.0,4.17,rain,0.0,0.0,20.1,11.4,193.6,1015.1,53.6,5.7,212.4,18.3,7,10.0,2024-08-28T06:39:51,2024-08-28T18:55:16,0.8,"Rain, Partially cloudy",Partly cloudy throughout the day with early morning rain.,rain,"DNMM,65201099999",Lagos
Lagos,2024-08-29,84.2,75.2,79.5,90.9,75.2,82.3,74.2,84.5,0.004,100.0,4.17,rain,0.0,0.0,21.3,13.9,215.0,1014.8,61.8,6.5,144.2,12.4,4,10.0,2024-08-29T06:39:43,2024-08-29T18:54:48,0.84,"Rain, Partially cloudy",Partly cloudy throughout the day with morning rain.,rain,"DNMM,remote,65201099999",Lagos
Lagos,2024-08-30,82.4,75.2,78.2,88.3,75.2,79.3,73.7,86.2,0.035,100.0,4.17,rain,0.0,0.0,25.3,17.2,219.3,1013.2,69.1,7.9,141.8,12.2,5,10.0,2024-08-30T06:39:35,2024-08-30T18:54:19,0.87,"Rain, Partially cloudy",Partly cloudy throughout the day with afternoon rain.,rain,"DNMM,remote,65201099999",Lagos
Lagos,2024-08-31,87.8,75.2,79.4,94.2,75.2,81.2,73.0,81.7,0.079,100.0,4.17,rain,0.0,0.0,23.9,13.9,201.6,1013.4,68.1,6.2,178.3,15.3,6,10.0,2024-08-31T06:39:26,2024-08-31T18:53:50,0.91,"Rain, Partially cloudy",Partly cloudy throughout the day with morning rain.,rain,"DNMM,remote,65201099999",Lagos
Lagos,2024-09-01,87.8,73.2,79.4,93.4,73.2,81.7,72.6,81.2,0.0,0.0,0.0,rain,0.0,0.0,23.5,12.8,205.3,1014.2,57.9,5.8,228.1,19.7,8,10.0,2024-09-01T06:39:17,2024-09-01T18:53:21,0.94,Partially cloudy,Partly cloudy throughout the day.,partly-cloudy-day,"DNMM,65201099999",Lagos
Lagos,2024-09-02,87.8,75.0,79.9,95.9,75.0,82.4,72.7,79.7,0.039,100.0,4.17,rain,0.0,0.0,20.4,13.9,197.5,1014.5,53.9,6.5,248.4,21.5,9,10.0,2024-09-02T06:39:08,2024-09-02T18:52:51,0.98,"Rain, Partially cloudy",Partly cloudy throughout the day with afternoon rain.,rain,"DNMM,remote,65201099999",Lagos
Lagos,2024-09-03,86.0,73.4,79.9,95.2,73.4,83.8,73.9,82.6,0.0,0.0,0.0,,0.0,0.0,22.1,13.9,196.7,1014.0,57.7,6.5,221.9,19.2,7,10.0,2024-09-03T06:38:59,2024-09-03T18:52:22,0.0,Partially cloudy,Partly cloudy throughout the day.,partly-cloudy-day,"DNMM,remote,65201099999",Lagos
Lagos,2024-09-04,87.8,73.7,80.2,94.2,73.7,82.6,72.8,79.1,0.0,0.0,0.0,,0.0,0.0,21.3,13.9,189.8,1014.2,55.1,6.1,230.7,19.9,8,10.0,2024-09-04T06:38:50,2024-09-04T18:51:51,0.05,Partially cloudy,Partly cloudy throughout the day.,partly-cloudy-day,"DNMM,65201099999",Lagos
Lagos,2024-09-05,87.8,74.8,79.9,94.2,74.8,82.2,72.5,79.5,0.0,0.0,0.0,rain,0.0,0.0,21.7,10.3,202.7,1014.2,53.1,6.2,243.8,21.0,8,10.0,2024-09-05T06:38:40,2024-09-05T18:51:21,0.08,Partially cloudy,Partly cloudy throughout the day.,partly-cloudy-day,"DNMM,65201099999",Lagos
Lagos,2024-09-06,87.4,75.2,79.9,94.0,75.2,82.2,72.8,80.3,0.0,0.0,0.0,rain,0.0,0.0,21.3,11.4,202.1,1013.7,54.4,5.9,216.1,18.5,8,10.0,2024-09-06T06:38:30,2024-09-06T18:50:50,0.11,Partially cloudy,Partly cloudy throughout the day.,partly-cloudy-day,"DNMM,65201099999",Lagos
Lagos,2024-09-07,84.2,75.2,78.6,90.9,75.2,80.4,73.1,83.4,0.0,0.0,0.0,rain,0.0,0.0,24.2,13.9,206.8,1014.4,64.4,6.1,123.8,10.7,6,10.0,2024-09-07T06:38:20,2024-09-07T18:50:19,0.15,Partially cloudy,Partly cloudy throughout the day.,partly-cloudy-day,"DNMM,65201099999",Lagos
Lagos,2024-09-08,88.1,73.4,81.3,95.9,73.4,85.4,73.1,77.5,0.004,100.0,4.17,rain,0.0,0.0,19.9,12.8,209.6,1014.6,53.9,6.4,247.6,21.4,8,10.0,2024-09-08T06:38:10,2024-09-08T18:49:48,0.18,"Rain, Partially cloudy",Partly cloudy throughout the day with early morning rain.,rain,"DNMM,remote,65201099999",Lagos
Lagos,2024-09-09,89.6,73.4,81.4,98.2,73.4,84.8,73.3,77.6,0.0,0.0,0.0,,0.0,0.0,20.4,13.9,199.4,1014.3,46.5,6.2,257.2,22.2,9,10.0,2024-09-09T06:37:59,2024-09-09T18:49:17,0.21,Partially cloudy,Partly cloudy throughout the day.,partly-cloudy-day,"DNMM,remote,65201099999",Lagos
Lagos,2024-09-10,86.0,76.8,79.7,95.2,76.8,82.2,74.3,84.1,0.079,100.0,4.17,rain,0.0,0.0,22.1,11.4,203.4,1013.2,67.7,6.1,181.5,15.5,6,30.0,2024-09-10T06:37:49,2024-09-10T18:48:45,0.25,"Rain, Partially cloudy",Partly cloudy throughout the day with afternoon rain.,rain,"DNMM,65201099999",Lagos
Lagos,2024-09-11,87.4,77.0,81.0,97.1,77.0,84.8,74.5,81.0,0.004,100.0,4.17,rain,0.0,0.0,19.9,16.1,209.8,1012.7,62.8,6.4,162.9,14.1,6,30.0,2024-09-11T06:37:38,2024-09-11T18:48:14,0.25,"Rain, Partially cloudy",Partly cloudy throughout the day with afternoon rain.,rain,"DNMM,remote,65201099999",Lagos
Lagos,2024-09-12,83.8,77.0,80.0,91.6,77.0,83.0,74.8,84.4,0.035,100.0,4.17,rain,0.0,0.0,17.4,11.4,196.6,1013.8,76.1,6.0,152.1,13.1,6,10.0,2024-09-12T06:37:28,2024-09-12T18:47:42,0.31,"Rain, Partially cloudy",Partly cloudy throughout the day with afternoon rain.,rain,"DNMM,65201099999",Lagos
Lagos,2024-09-13,85.9,77.0,80.2,95.0,77.0,83.7,74.8,84.3,0.228,100.0,12.5,rain,0.0,0.0,19.9,12.8,216.5,1014.0,62.5,6.1,167.5,14.5,6,10.0,2024-09-13T06:37:17,2024-09-13T18:47:10,0.35,"Rain, Partially cloudy",Partly cloudy throughout the day with afternoon rain.,rain,"DNMM,65201099999",Lagos
Lagos,2024-09-14,84.2,75.0,79.5,92.1,75.0,82.1,74.3,84.5,0.0,0.0,0.0,rain,0.0,0.0,19.5,10.3,215.9,1014.1,61.0,6.1,122.3,10.7,5,10.0,2024-09-14T06:37:06,2024-09-14T18:46:39,0.38,Partially cloudy,Partly cloudy throughout the day.,partly-cloudy-day,"DNMM,65201099999",Lagos
Lagos,2024-09-15,87.8,75.3,80.9,96.1,75.3,84.1,74.2,81.2,0.0,0.0,0.0,rain,0.0,0.0,16.3,10.3,218.7,1013.8,56.0,6.6,164.2,14.2,6,10.0,2024-09-15T06:36:55,2024-09-15T18:46:07,0.41,Partially cloudy,Partly cloudy throughout the day.,partly-cloudy-day,"DNMM,remote,65201099999",Lagos
Lagos,2024-09-16,86.0,77.0,80.9,95.2,77.0,84.7,74.9,82.5,0.0,0.0,0.0,rain,0.0,0.0,20.8,13.9,212.6,1014.2,56.6,6.4,235.8,20.3,9,30.0,2024-09-16T06:36:44,2024-09-16T18:45:35,0.45,Partially cloudy,Partly cloudy throughout the day.,partly-cloudy-day,"DNMM,remote,65201099999",Lagos
Lagos,2024-09-17,86.0,77.0,80.8,96.1,77.0,85.2,75.1,83.3,0.008,100.0,4.17,rain,0.0,0.0,18.8,13.9,204.4,1013.6,58.9,6.5,143.7,12.4,5,10.0,2024-09-17T06:36:34,2024-09-17T18:45:03,0.48,"Rain, Partially cloudy",Partly cloudy throughout the day with afternoon rain.,rain,"DNMM,remote,65201099999",Lagos
Lagos,2024-09-18,89.6,74.8,80.4,102.6,74.8,84.0,75.9,86.6,1.693,100.0,4.17,rain,0.0,0.0,21.3,15.0,211.0,1013.2,62.9,6.6,114.5,9.8,5,10.0,2024-09-18T06:36:23,2024-09-18T18:44:31,0.5,"Rain, Partially cloudy",Partly cloudy throughout the day with morning rain.,rain,"DNMM,remote,65201099999",Lagos
Lagos,2024-09-19,87.8,76.4,80.2,97.8,76.4,83.1,75.0,84.8,0.008,100.0,4.17,rain,0.0,0.0,22.6,12.8,208.7,1012.9,59.3,7.3,215.4,18.7,7,10.0,2024-09-19T06:36:12,2024-09-19T18:43:59,0.55,"Rain, Partially cloudy",Partly cloudy throughout the day with late afternoon rain.,rain,"DNMM,remote,65201099999",Lagos
Lagos,2024-09-20,86.0,77.0,80.0,95.2,77.0,82.8,75.1,85.4,0.024,100.0,16.67,rain,0.0,0.0,22.1,11.4,219.8,1012.3,51.5,9.1,245.1,21.2,9,10.0,2024-09-20T06:36:01,2024-09-20T18:43:27,0.58,"Rain, Partially cloudy",Partly cloudy throughout the day with rain in the morning and afternoon.,rain,"DNMM,remote,65201099999",Lagos
Lagos,2024-09-21,86.0,77.0,79.5,95.2,77.0,81.9,75.3,87.4,0.157,100.0,4.17,rain,0.0,0.0,17.9,12.8,220.3,1011.6,68.0,5.8,189.8,16.3,8,30.0,2024-09-21T06:35:50,2024-09-21T18:42:55,0.61,"Rain, Partially cloudy",Partly cloudy throughout the day with late afternoon rain.,rain,"DNMM,65201099999",Lagos
Lagos,2024-09-22,87.8,77.0,81.2,99.9,77.0,86.0,75.5,83.4,0.0,0.0,0.0,rain,0.0,0.0,19.7,11.4,192.3,1011.7,61.7,6.2,171.6,14.9,6,30.0,2024-09-22T06:35:40,2024-09-22T18:42:23,0.65,Partially cloudy,Partly cloudy throughout the day.,partly-cloudy-day,"DNMM,65201099999",Lagos
Lagos,2024-09-23,89.9,76.6,82.7,100.4,76.6,88.4,75.3,79.3,0.0,0.0,0.0,rain,0.0,0.0,19.5,13.9,196.0,1012.7,49.4,6.2,230.8,19.8,8,10.0,2024-09-23T06:35:29,2024-09-23T18:41:52,0.68,Partially cloudy,Partly cloudy throughout the day.,partly-cloudy-day,"DNMM,65201099999",Lagos
Lagos,2024-09-24,87.8,76.6,81.1,97.8,76.6,85.7,75.3,83.2,0.004,100.0,4.17,rain,0.0,0.0,17.0,12.7,201.1,1012.8,71.9,6.1,172.4,14.9,6,10.0,2024-09-24T06:35:19,2024-09-24T18:41:20,0.75,"Rain, Partially cloudy",Partly cloudy throughout the day with morning rain.,rain,"DNMM,65201099999",Lagos
Lagos,2024-09-25,78.8,75.5,77.5,78.8,75.5,77.5,74.9,91.8,0.472,100.0,8.33,rain,0.0,0.0,19.0,6.9,196.7,1013.4,62.6,5.5,114.2,9.8,6,10.0,2024-09-25T06:35:09,2024-09-25T18:40:49,0.75,"Rain, Partially cloudy",Partly cloudy throughout the day with rain.,rain,"DNMM,65201099999",Lagos
Lagos,2024-09-26,86.1,75.2,79.8,95.6,75.2,83.2,74.6,84.6,0.039,100.0,4.17,rain,0.0,0.0,16.6,10.3,215.1,1013.3,53.0,6.9,205.5,17.7,8,10.0,2024-09-26T06:34:59,2024-09-26T18:40:18,0.78,"Rain, Partially cloudy",Partly cloudy throughout the day with early morning rain.,rain,"DNMM,remote,65201099999",Lagos
Lagos,2024-09-27,89.6,73.2,80.2,99.2,73.2,83.5,74.4,83.3,0.039,100.0,4.17,rain,0.0,0.0,18.1,12.8,205.2,1013.1,59.0,6.1,174.4,15.1,6,10.0,2024-09-27T06:34:49,2024-09-27T18:39:47,0.82,"Rain, Partially cloudy",Partly cloudy throughout the day with morning rain.,rain,"DNMM,65201099999",Lagos
Lagos,2024-09-28,86.0,77.0,80.8,97.2,77.0,85.5,75.6,84.6,0.039,100.0,4.17,rain,0.0,0.0,16.6,11.4,197.7,1013.2,60.5,5.9,188.7,16.3,7,10.0,2024-09-28T06:34:39,2024-09-28T18:39:16,0.85,"Rain, Partially cloudy",Partly cloudy throughout the day with morning rain.,rain,"DNMM,65201099999",Lagos
Lagos,2024-09-29,86.0,77.0,80.7,95.2,77.0,84.9,75.8,85.6,0.157,100.0,4.17,rain,0.0,0.0,15.0,12.8,217.5,1013.3,54.2,6.7,169.5,14.7,7,30.0,2024-09-29T06:34:30,2024-09-29T18:38:45,0.89,"Rain, Partially cloudy",Partly cloudy throughout the day with late afternoon rain.,rain,"DNMM,remote,65201099999",Lagos
Lagos,2024-09-30,86.0,75.2,80.0,95.2,75.2,83.2,75.2,85.8,0.157,100.0,4.17,rain,0.0,0.0,19.0,13.9,195.4,1012.0,59.9,5.7,153.4,13.2,6,30.0,2024-09-30T06:34:20,2024-09-30T18:38:15,0.92,"Rain, Partially cloudy",Partly cloudy throughout the day with afternoon rain.,rain,"DNMM,65201099999",Lagos
Lagos,2024-10-01,88.1,75.2,81.0,97.9,75.2,84.8,75.1,83.4,0.0,0.0,0.0,rain,0.0,0.0,20.6,12.8,189.9,1011.1,58.1,6.2,210.3,18.1,7,10.0,2024-10-01T06:34:12,2024-10-01T18:37:45,0.95,Partially cloudy,Partly cloudy throughout the day.,partly-cloudy-day,"DNMM,remote,65201099999",Lagos
Lagos,2024-10-02,87.9,77.0,81.3,99.9,77.0,86.2,75.4,82.7,0.004,100.0,4.17,rain,0.0,0.0,16.3,12.8,225.1,1010.2,57.6,7.3,190.7,16.3,9,30.0,2024-10-02T06:34:03,2024-10-02T18:37:16,0.0,"Rain, Partially cloudy",Partly cloudy throughout the day with morning rain.,rain,"DNMM,remote,65201099999",Lagos
Lagos,2024-10-03,84.2,73.4,79.7,90.9,73.4,82.6,74.5,84.6,0.118,100.0,4.17,rain,0.0,0.0,51.9,13.9,238.2,1011.7,54.4,6.3,121.8,10.3,4,30.0,2024-10-03T06:33:54,2024-10-03T18:36:46,0.02,"Rain, Partially cloudy",Partly cloudy throughout the day with afternoon rain.,rain,"DNMM,remote,65201099999,VRJT5",Lagos
Lagos,2024-10-04,81.8,75.2,79.2,89.5,75.2,82.0,75.3,87.9,0.32,100.0,37.5,rain,0.0,0.0,22.8,11.0,229.1,1012.1,76.3,5.6,122.6,10.8,5,30.0,2024-10-04T06:33:46,2024-10-04T18:36:18,0.06,"Rain, Partially cloudy",Partly cloudy throughout the day with rain.,rain,"DNMM,remote,65201099999",Lagos
Lagos,2024-10-05,86.0,77.0,79.4,97.2,77.0,80.9,74.3,84.7,0.079,100.0,4.17,rain,0.0,0.0,20.4,14.8,207.2,1012.8,93.4,8.6,142.7,12.4,8,10.0,2024-10-05T06:33:39,2024-10-05T18:35:49,0.09,"Rain, Overcast",Cloudy skies throughout the day with early morning rain.,rain,"DNMM,remote,65201099999",Lagos
Lagos,2024-10-06,86.0,75.3,79.8,97.2,75.3,82.9,75.2,86.5,0.167,100.0,54.17,rain,0.0,0.0,14.5,9.2,213.8,1013.7,89.3,9.8,180.7,15.4,7,30.0,2024-10-06T06:33:31,2024-10-06T18:35:21,0.13,"Rain, Partially cloudy",Partly cloudy throughout the day with a chance of rain throughout the day.,rain,"DNMM,remote,65201099999",Lagos
Lagos,2024-10-07,87.4,77.0,79.9,99.0,77.0,82.7,76.2,88.7,0.209,100.0,29.17,rain,0.0,0.0,13.9,8.1,224.8,1013.9,67.9,7.8,165.0,14.3,7,30.0,2024-10-07T06:33:24,2024-10-07T18:34:53,0.16,"Rain, Partially cloudy",Partly cloudy throughout the day with a chance of rain throughout the day.,rain,"DNMM,remote,65201099999",Lagos
Lagos,2024-10-08,86.0,75.2,78.5,97.2,75.2,80.3,75.3,90.2,0.63,100.0,8.33,rain,0.0,0.0,57.2,20.8,76.5,1014.5,64.8,7.4,215.6,18.6,8,30.0,2024-10-08T06:33:18,2024-10-08T18:34:26,0.19,"Rain, Partially cloudy",Partly cloudy throughout the day with rain.,rain,"DNMM,remote,65201099999",Lagos
Lagos,2024-10-09,86.0,75.2,79.7,95.2,75.2,83.0,74.9,85.7,0.04,100.0,33.33,rain,0.0,0.0,18.3,9.2,179.9,1013.8,60.8,11.5,201.5,17.5,8,30.0,2024-10-09T06:33:11,2024-10-09T18:33:59,0.23,"Rain, Partially cloudy",Partly cloudy throughout the day with rain in the morning and afternoon.,rain,"DNMM,remote,65201099999",Lagos
Lagos,2024-10-10,87.8,76.4,81.4,99.9,76.4,86.6,75.8,84.0,0.0,0.0,0.0,rain,0.0,0.0,17.7,11.4,181.3,1012.9,60.6,7.3,211.3,18.2,7,30.0,2024-10-10T06:33:06,2024-10-10T18:33:33,0.25,Partially cloudy,Partly cloudy throughout the day.,partly-cloudy-day,"DNMM,remote,65201099999",Lagos
Lagos,2024-10-11,91.4,77.0,82.0,107.8,77.0,87.4,75.8,82.3,0.0,0.0,0.0,rain,0.0,0.0,20.8,10.3,197.6,1013.0,58.8,6.1,239.3,20.5,8,30.0,2024-10-11T06:33:00,2024-10-11T18:33:07,0.3,Partially cloudy,Partly cloudy throughout the day.,partly-cloudy-day,"DNMM,65201099999",Lagos
Lagos,2024-10-12,86.0,73.8,80.4,97.2,73.8,84.7,75.5,85.4,0.472,100.0,4.17,rain,0.0,0.0,17.7,54.1,190.8,1013.2,64.8,6.8,157.9,13.5,6,30.0,2024-10-12T06:32:55,2024-10-12T18:32:42,0.33,"Rain, Partially cloudy",Partly cloudy throughout the day with morning rain.,rain,"DNMM,remote,65201099999",Lagos
Lagos,2024-10-13,82.5,73.4,78.1,89.5,73.4,80.7,74.0,87.6,0.551,100.0,8.33,rain,0.0,0.0,18.1,12.5,182.1,1014.1,54.7,6.0,249.9,21.5,9,30.0,2024-10-13T06:32:51,2024-10-13T18:32:17,0.36,"Rain, Partially cloudy",Partly cloudy throughout the day with rain in the morning and afternoon.,rain,"DNMM,remote,65201099999",Lagos
Lagos,2024-10-14,83.0,75.2,78.6,90.3,75.2,80.0,75.1,89.1,0.039,100.0,4.17,rain,0.0,0.0,17.2,12.3,188.9,1014.6,67.7,7.0,97.0,8.2,3,30.0,2024-10-14T06:32:47,2024-10-14T18:31:53,0.4,"Rain, Partially cloudy",Partly cloudy throughout the day with afternoon rain.,rain,"DNMM,remote,65201099999",Lagos
Lagos,2024-10-15,89.6,75.2,80.9,100.2,75.2,85.0,75.4,84.1,0.075,100.0,16.67,rain,0.0,0.0,15.0,10.3,218.5,1013.8,59.2,7.6,222.7,19.2,8,30.0,2024-10-15T06:32:44,2024-10-15T18:31:29,0.43,"Rain, Partially cloudy",Partly cloudy throughout the day with a chance of rain throughout the day.,rain,"DNMM,remote,65201099999",Lagos
Lagos,2024-10-16,87.8,76.6,80.5,99.9,76.6,84.7,76.1,86.9,0.028,100.0,4.17,rain,0.0,0.0,12.3,10.3,217.3,1013.8,64.6,6.4,161.4,13.8,6,30.0,2024-10-16T06:32:41,2024-10-16T18:31:07,0.47,"Rain, Partially cloudy",Partly cloudy throughout the day with morning rain.,rain,"DNMM,remote,65201099999",Lagos
Lagos,2024-10-17,82.4,75.2,78.2,90.9,75.2,79.4,75.7,92.0,1.968,100.0,12.5,rain,0.0,0.0,23.5,10.7,195.4,1014.1,77.6,9.3,54.4,4.8,3,10.0,2024-10-17T06:32:38,2024-10-17T18:30:44,0.5,"Rain, Partially cloudy",Partly cloudy throughout the day with rain.,rain,"DNMM,remote,65201099999",Lagos
New York,2024-04-01,54.0,49.3,51.7,54.0,46.0,51.1,35.3,53.9,0.015,100.0,16.67,rain,0.0,0.0,28.9,10.0,30.7,1014.3,78.7,9.9,54.6,4.6,2,10.0,2024-04-01T06:38:38,2024-04-01T19:21:30,0.75,"Rain, Partially cloudy",Partly cloudy throughout the day with rain in the morning and afternoon.,rain,"72505394728,KEWR,KLGA,72502014734,F1417,KNYC,72503014732",New York
New York,2024-04-02,51.0,45.0,47.3,51.0,39.1,44.2,41.8,81.4,0.874,100.0,62.5,rain,0.0,0.0,23.0,11.9,62.5,1013.3,87.9,6.5,36.5,3.2,2,10.0,2024-04-02T06:37:00,2024-04-02T19:22:32,0.79,"Rain, Partially cloudy",Partly cloudy throughout the day with rain.,rain,"72505394728,KEWR,KLGA,72502014734,F1417,KNYC,72503014732",New York
New York,2024-04-03,45.0,41.3,42.9,39.0,32.8,35.7,39.2,86.7,1.513,100.0,91.67,rain,0.0,0.0,44.5,23.0,65.4,1004.6,100.0,4.1,19.9,1.8,1,10.0,2024-04-03T06:35:22,2024-04-03T19:23:35,0.82,"Rain, Overcast",Cloudy skies throughout the day with a chance of rain throughout the day.,rain,"72505394728,KEWR,KLGA,72502014734,F1417,KNYC,72503014732",New York
New York,2024-04-04,50.8,37.5,43.1,50.8,28.8,37.6,33.2,69.3,0.236,100.0,41.67,rain,0.0,0.0,49.3,26.2,7.6,995.4,95.2,8.9,157.0,13.7,9,10.0,2024-04-04T06:33:45,2024-04-04T19:24:38,0.86,"Rain, Overcast",Cloudy skies throughout the day with rain.,rain,"72505394728,KEWR,KLGA,72502014734,F1417,KNYC,72503014732",New York
New York,2024-04-05,49.2,39.3,44.1,44.2,34.4,39.1,27.9,54.1,0.0,0.0,0.0,,0.0,0.0,33.3,15.9,293.0,1003.1,80.4,9.9,138.4,12.1,7,10.0,2024-04-05T06:32:08,2024-04-05T19:25:41,0.89,Partially cloudy,Partly cloudy throughout the day.,partly-cloudy-day,"72505394728,KEWR,KLGA,72502014734,F1417,KNYC,72503014732",New York
New York,2024-04-06,53.0,42.0,47.1,53.0,35.2,43.2,28.4,49.2,0.0,0.0,0.0,,0.0,0.0,32.1,17.4,330.6,1008.9,86.1,9.9,124.6,10.7,5,10.0,2024-04-06T06:30:31,2024-04-06T19:26:44,0.93,Partially cloudy,Partly cloudy throughout the day.,partly-cloudy-day,"72505394728,KEWR,KLGA,72502014734,F1417,KNYC,72503014732",New York
New York,2024-04-07,58.7,43.3,50.1,58.7,39.0,48.2,29.1,45.6,0.0,0.0,0.0,,0.0,0.0,27.1,14.3,9.2,1017.0,53.4,9.9,223.1,19.5,10,10.0,2024-04-07T06:28:55,2024-04-07T19:27:47,0.96,Partially cloudy,Partly cloudy throughout the day.,partly-cloudy-day,"72505394728,KEWR,KLGA,72502014734,F1417,KNYC,72503014732",New York
New York,2024-04-08,65.8,43.2,54.5,65.8,43.2,54.0,28.6,40.1,0.0,0.0,0.0,,0.0,0.0,11.6,8.5,289.5,1020.3,30.0,9.9,222.3,19.1,10,10.0,2024-04-08T06:27:20,2024-04-08T19:28:49,0.0,Partially cloudy,Partly cloudy throughout the day.,partly-cloudy-day,"72505394728,KEWR,KLGA,72502014734,F1417,KNYC,72503014732",New York
New York,2024-04-09,77.1,54.2,64.0,77.1,54.2,64.0,37.2,38.3,0.0,0.0,0.0,,0.0,0.0,24.2,12.1,153.5,1016.7,37.6,9.9,260.7,22.6,9,10.0,2024-04-09T06:25:45,2024-04-09T19:29:52,0.03,Partially cloudy,Partly cloudy throughout the day.,partly-cloudy-day,"72505394728,KEWR,KLGA,72502014734,F1417,KNYC,72503014732",New York
New York,2024-04-10,63.6,51.8,56.6,63.6,51.8,56.6,44.4,64.4,0.0,0.0,0.0,,0.0,0.0,26.4,10.3,72.1,1016.7,61.8,9.9,181.8,15.7,7,10.0,2024-04-10T06:24:10,2024-04-10T19:30:55,0.06,Partially cloudy,Becoming cloudy in the afternoon.,partly-cloudy-day,"72505394728,KEWR,KLGA,72502014734,F8726,F1417,KNYC,72503014732",New York
New York,2024-04-11,60.5,50.5,55.1,60.5,50.5,55.1,50.5,84.6,0.204,100.0,37.5,rain,0.0,0.0,38.1,15.0,92.5,1013.4,96.2,6.6,98.7,8.5,5,10.0,2024-04-11T06:22:36,2024-04-11T19:31:58,0.1,"Rain, Overcast",Cloudy skies throughout the day with rain.,rain,"72505394728,KEWR,KLGA,72502014734,F1417,KNYC,72503014732",New York
New York,2024-04-12,63.2,56.9,59.7,63.2,56.9,59.7,50.6,74.5,0.329,100.0,45.83,rain,0.0,0.0,37.3,22.9,193.4,997.3,85.1,6.7,101.4,8.7,6,10.0,2024-04-12T06:21:02,2024-04-12T19:33:01,0.13,"Rain, Partially cloudy",Partly cloudy throughout the day with a chance of rain throughout the day.,rain,"72505394728,KEWR,KLGA,72502014734,F1417,KNYC,72503014732",New York
New York,2024-04-13,57.5,48.6,52.4,57.5,43.2,51.5,35.1,51.9,0.007,100.0,4.17,rain,0.0,0.0,43.1,21.9,266.5,1003.4,73.3,9.9,88.5,7.9,4,10.0,2024-04-13T06:19:29,2024-04-13T19:34:04,0.16,"Rain, Partially cloudy",Partly cloudy throughout the day with afternoon rain.,rain,"72505394728,KEWR,KLGA,72502014734,F1417,KNYC,72503014732",New York
New York,2024-04-14,72.3,48.9,59.6,72.3,44.9,58.9,35.9,42.6,0.084,100.0,12.5,rain,0.0,0.0,36.8,18.3,239.5,1009.9,35.1,9.8,235.9,20.3,8,10.0,2024-04-14T06:17:57,2024-04-14T19:35:07,0.19,"Rain, Partially cloudy",Partly cloudy throughout the day with rain.,rain,"72505394728,KEWR,KLGA,72502014734,F1417,KNYC,72503014732",New York
New York,2024-04-15,80.2,60.1,69.2,80.0,60.1,69.2,46.2,48.4,0.0,0.0,0.0,,0.0,0.0,30.5,14.7,285.2,1008.8,47.4,9.9,281.8,24.3,10,10.0,2024-04-15T06:16:26,2024-04-15T19:36:09,0.25,Partially cloudy,Partly cloudy throughout the day.,partly-cloudy-day,"72505394728,KEWR,KLGA,72502014734,F1417,KNYC,72503014732",New York
New York,2024-04-16,72.7,54.2,62.5,72.7,54.2,62.5,31.7,33.4,0.0,0.0,0.0,,0.0,0.0,27.6,14.1,319.4,1019.1,10.9,9.9,317.8,27.6,9,10.0,2024-04-16T06:14:55,2024-04-16T19:37:12,0.26,Clear,Clear conditions throughout the day.,clear-day,"72505394728,KEWR,KLGA,72502014734,F1417,KNYC,72503014732",New York
New York,2024-04-17,60.2,50.1,54.7,60.2,50.1,54.7,40.5,59.9,0.026,100.0,12.5,rain,0.0,0.0,23.0,11.9,70.8,1020.2,62.3,9.8,103.4,8.9,8,10.0,2024-04-17T06:13:25,2024-04-17T19:38:15,0.29,"Rain, Partially cloudy",Partly cloudy throughout the day with rain.,rain,"72505394728,KEWR,KLGA,72502014734,KNYC,F1417,72503014732",New York
New York,2024-04-18,49.9,46.6,47.6,47.2,40.0,42.4,42.1,81.4,0.016,100.0,12.5,rain,0.0,0.0,31.0,17.7,57.0,1018.5,99.6,7.1,47.8,4.2,2,10.0,2024-04-18T06:11:55,2024-04-18T19:39:18,0.33,"Rain, Overcast",Cloudy skies throughout the day with rain clearing later.,rain,"72505394728,KEWR,KLGA,72502014734,F1417,KNYC,72503014732",New York
New York,2024-04-19,56.5,45.9,50.4,56.5,42.1,48.7,40.2,68.4,0.0,0.0,0.0,,0.0,0.0,20.4,8.8,87.5,1020.1,89.4,9.9,196.5,17.1,8,10.0,2024-04-19T06:10:27,2024-04-19T19:40:21,0.36,Partially cloudy,Partly cloudy throughout the day.,partly-cloudy-day,"72505394728,KEWR,KLGA,72502014734,F1417,KNYC,72503014732",New York
New York,2024-04-20,69.6,49.7,56.9,69.6,46.9,56.7,41.1,61.0,0.056,100.0,12.5,rain,0.0,0.0,30.9,18.8,287.5,1013.7,76.0,8.9,216.8,18.6,10,10.0,2024-04-20T06:08:59,2024-04-20T19:41:24,0.39,"Rain, Partially cloudy",Partly cloudy throughout the day with morning rain.,rain,"72505394728,KEWR,KLGA,72502014734,F1417,KNYC,72503014732",New York
New York,2024-04-21,52.8,42.7,48.1,52.8,38.9,46.0,24.0,39.0,0.0,0.0,0.0,,0.0,0.0,31.3,15.9,304.8,1015.8,34.3,9.9,145.8,12.6,5,10.0,2024-04-21T06:07:32,2024-04-21T19:42:27,0.42,Partially cloudy,Becoming cloudy in the afternoon.,partly-cloudy-day,"72505394728,KEWR,KLGA,72502014734,F1417,KNYC,72503014732",New York
New York,2024-04-22,62.1,42.8,51.5,62.1,39.4,50.0,24.4,36.5,0.0,0.0,0.0,,0.0,0.0,29.9,12.2,313.5,1017.5,11.3,9.9,305.8,26.4,9,10.0,2024-04-22T06:06:06,2024-04-22T19:43:30,0.46,Clear,Clear conditions throughout the day.,clear-day,"72505394728,KEWR,KLGA,72502014734,F1417,KNYC,72503014732",New York
New York,2024-04-23,62.3,45.7,53.2,62.3,45.7,53.1,29.9,41.6,0.0,0.0,0.0,,0.0,0.0,32.9,20.2,163.6,1019.4,17.9,9.9,294.7,25.4,9,10.0,2024-04-23T06:04:41,2024-04-23T19:44:33,0.5,Clear,Clear conditions throughout the day.,clear-day,"72505394728,KEWR,KLGA,72502014734,F1417,KNYC,72503014732",New York
New York,2024-04-24,71.6,51.0,58.9,71.6,51.0,58.9,37.4,45.8,0.0,0.0,0.0,,0.0,0.0,34.4,15.8,296.1,1012.3,62.3,9.9,229.2,19.8,10,10.0,2024-04-24T06:03:17,2024-04-24T19:45:36,0.52,Partially cloudy,Partly cloudy throughout the day.,partly-cloudy-day,"72505394728,KEWR,KLGA,72502014734,F1417,KNYC,72503014732",New York
New York,2024-04-25,57.0,42.9,48.8,57.0,36.9,46.3,25.2,41.6,0.0,0.0,0.0,,0.0,0.0,25.3,13.5,54.1,1025.5,54.3,9.9,319.7,27.6,10,10.0,2024-04-25T06:01:54,2024-04-25T19:46:38,0.56,Partially cloudy,Partly cloudy throughout the day.,partly-cloudy-day,"72505394728,KEWR,KLGA,72502014734,F1417,KNYC,72503014732",New York
New York,2024-04-26,60.6,42.6,50.6,60.6,40.9,49.8,30.9,49.0,0.0,0.0,0.0,,0.0,0.0,19.7,12.0,143.0,1030.9,11.5,9.9,304.5,26.4,9,10.0,2024-04-26T06:00:32,2024-04-26T19:47:41,0.59,Clear,Clear conditions throughout the day.,clear-day,"72505394728,KEWR,KLGA,72502014734,F1417,KNYC,72503014732",New York
New York,2024-04-27,60.0,45.9,52.4,60.0,45.0,52.4,30.9,45.5,0.003,100.0,4.17,rain,0.0,0.0,32.0,17.9,167.4,1031.7,58.4,9.9,232.8,20.1,9,10.0,2024-04-27T05:59:11,2024-04-27T19:48:44,0.63,"Rain, Partially cloudy",Becoming cloudy in the afternoon with late afternoon rain.,rain,"72505394728,KEWR,KLGA,72502014734,F1417,KNYC,72503014732",New York
New York,2024-04-28,77.5,51.8,62.5,77.5,51.8,62.5,49.1,62.9,0.007,100.0,12.5,rain,0.0,0.0,18.8,10.1,197.2,1021.0,74.5,9.8,255.5,22.0,9,10.0,2024-04-28T05:57:51,2024-04-28T19:49:46,0.67,"Rain, Partially cloudy",Partly cloudy throughout the day with rain.,rain,"72505394728,KEWR,KLGA,72502014734,F1417,KNYC,72503014732",New York
New York,2024-04-29,85.4,63.5,71.8,85.4,63.5,71.8,59.8,67.9,0.023,100.0,12.5,rain,0.0,0.0,22.0,13.9,118.2,1015.2,42.3,9.4,257.8,22.2,9,10.0,2024-04-29T05:56:33,2024-04-29T19:50:49,0.7,"Rain, Partially cloudy",Partly cloudy throughout the day with rain.,rain,"72505394728,KEWR,KLGA,72502014734,F1417,KNYC,72503014732",New York
New York,2024-04-30,63.4,52.1,58.0,63.4,52.1,58.0,50.9,77.7,0.015,100.0,4.17,rain,0.0,0.0,32.2,13.4,58.3,1013.4,84.5,7.8,191.5,16.6,8,10.0,2024-04-30T05:55:15,2024-04-30T19:51:51,0.74,"Rain, Partially cloudy",Partly cloudy throughout the day with late afternoon rain.,rain,"72505394728,KEWR,KLGA,72502014734,F1417,KNYC,72503014732",New York
New York,2024-05-01,76.6,52.7,61.1,76.6,52.7,61.1,51.5,72.8,0.024,100.0,12.5,rain,0.0,0.0,23.3,14.7,119.8,1013.1,64.8,8.0,255.6,22.0,10,10.0,2024-05-01T05:53:59,2024-05-01T19:52:54,0.75,"Rain, Partially cloudy",Partly cloudy throughout the day with early morning rain.,rain,"72505394728,KEWR,KLGA,72502014734,F1417,KNYC,72503014732",New York
New York,2024-05-02,78.5,52.8,63.8,78.5,52.8,63.8,52.7,69.5,0.0,0.0,0.0,,0.0,0.0,31.1,9.6,130.5,1014.1,56.1,7.9,256.0,22.1,9,10.0,2024-05-02T05:52:43,2024-05-02T19:53:56,0.81,Partially cloudy,Clearing in the afternoon.,partly-cloudy-day,"72505394728,KEWR,KLGA,72502014734,F1417,KNYC,72503014732",New York
New York,2024-05-03,65.7,52.5,58.0,65.7,52.5,58.0,46.4,66.0,0.0,0.0,0.0,,0.0,0.0,28.7,10.9,89.3,1021.0,46.3,9.9,170.8,15.0,8,10.0,2024-05-03T05:51:29,2024-05-03T19:54:58,0.84,Partially cloudy,Partly cloudy throughout the day.,partly-cloudy-day,"72505394728,KEWR,KLGA,72502014734,F1417,KNYC,72503014732",New York
New York,2024-05-04,61.1,50.3,54.6,61.1,50.3,54.6,43.6,66.6,0.0,0.0,0.0,,0.0,0.0,20.8,10.0,107.7,1025.7,71.9,9.9,150.9,13.0,7,10.0,2024-05-04T05:50:17,2024-05-04T19:55:59,0.88,Partially cloudy,Partly cloudy throughout the day.,partly-cloudy-day,"72505394728,KEWR,KLGA,72502014734,F1417,KNYC,72503014732",New York
New York,2024-05-05,53.2,49.8,51.3,53.2,45.3,50.8,46.5,84.0,0.279,100.0,41.67,rain,0.0,0.0,20.8,13.5,114.2,1024.1,100.0,7.5,36.4,3.2,1,10.0,2024-05-05T05:49:05,2024-05-05T19:57:01,0.91,"Rain, Overcast",Cloudy skies throughout the day with rain.,rain,"72505394728,KEWR,KLGA,72502014734,F1417,KNYC,72503014732",New York
New York,2024-05-06,73.4,53.0,62.1,73.4,53.0,62.1,56.5,82.8,0.027,100.0,8.33,rain,0.0,0.0,8.7,6.8,340.7,1015.1,81.9,5.4,162.5,14.1,7,10.0,2024-05-06T05:47:55,2024-05-06T19:58:02,0.95,"Rain, Partially cloudy",Partly cloudy throughout the day with early morning rain.,rain,"72505394728,KEWR,KLGA,72502014734,F1417,KNYC,72503014732",New York
New York,2024-05-07,80.2,60.5,69.5,79.6,60.5,69.4,48.5,51.1,0.0,0.0,0.0,,0.0,0.0,20.8,12.0,58.0,1008.1,23.2,9.7,316.3,27.3,9,10.0,2024-05-07T05:46:47,2024-05-07T19:59:03,0.0,Partially cloudy,Partly cloudy throughout the day.,partly-cloudy-day,"72505394728,KEWR,KLGA,72502014734,F1417,KNYC,72503014732",New York
New York,2024-05-08,84.4,65.7,74.4,84.0,65.7,74.1,57.5,59.7,0.239,100.0,16.67,rain,0.0,0.0,32.6,18.8,225.7,1002.2,55.3,9.0,245.2,21.2,10,30.0,2024-05-08T05:45:39,2024-05-08T20:00:04,0.02,"Rain, Partially cloudy",Partly cloudy throughout the day with morning rain.,rain,"72505394728,KEWR,KLGA,72502014734,F1417,KNYC,72503014732",New York
New York,2024-05-09,73.4,61.4,65.8,73.4,61.4,65.8,46.2,49.6,0.0,0.0,0.0,,0.0,0.0,29.0,10.0,8.2,1006.2,45.7,9.9,155.0,13.4,7,10.0,2024-05-09T05:44:34,2024-05-09T20:01:04,0.05,Partially cloudy,Partly cloudy throughout the day.,partly-cloudy-day,"72505394728,KEWR,KLGA,72502014734,F1417,KNYC,72503014732",New York
New York,2024-05-10,59.6,49.3,52.1,59.6,46.1,51.9,45.5,78.7,0.249,100.0,50.0,rain,0.0,0.0,27.7,17.0,78.7,1008.3,99.9,9.3,47.0,4.2,2,10.0,2024-05-10T05:43:29,2024-05-10T20:02:04,0.08,"Rain, Overcast",Cloudy skies throughout the day with a chance of rain throughout the day.,rain,"72505394728,KEWR,KLGA,72502014734,F1417,KNYC,72503014732",New York
New York,2024-05-11,62.3,47.4,53.5,62.3,47.0,53.4,41.5,66.1,0.0,0.0,0.0,,0.0,0.0,21.9,13.4,104.6,1010.6,42.6,9.4,316.9,27.2,10,10.0,2024-05-11T05:42:26,2024-05-11T20:03:04,0.11,Partially cloudy,Partly cloudy throughout the day.,partly-cloudy-day,"72505394728,KEWR,KLGA,72502014734,F1417,KNYC,72503014732",New York
New York,2024-05-12,55.5,48.5,51.3,55.5,47.2,51.2,43.9,76.1,0.155,100.0,33.33,rain,0.0,0.0,18.3,7.4,180.8,1012.8,87.5,9.4,161.5,13.9,8,10.0,2024-05-12T05:41:25,2024-05-12T20:04:03,0.15,"Rain, Partially cloudy",Partly cloudy throughout the day with rain in the morning and afternoon.,rain,"72505394728,KEWR,KLGA,72502014734,F1417,KNYC,72503014732",New York
New York,2024-05-13,64.4,49.1,56.1,64.4,47.7,56.0,47.8,74.3,0.0,0.0,0.0,,0.0,0.0,19.9,9.6,222.9,1017.3,60.3,9.6,143.3,12.3,6,10.0,2024-05-13T05:40:25,2024-05-13T20:05:02,0.18,Partially cloudy,Partly cloudy throughout the day.,partly-cloudy-day,"72505394728,KEWR,KLGA,72502014734,F1417,KNYC,72503014732",New York
New York,2024-05-14,72.3,55.7,63.6,72.3,55.7,63.6,53.6,70.6,0.023,100.0,16.67,rain,0.0,0.0,21.7,9.4,168.2,1015.4,58.1,9.9,160.3,13.9,7,10.0,2024-05-14T05:39:27,2024-05-14T20:06:01,0.21,"Rain, Partially cloudy",Becoming cloudy in the afternoon with late afternoon rain.,rain,"72505394728,KEWR,KLGA,72502014734,F1417,KNYC,72503014732",New York
New York,2024-05-15,64.0,59.2,60.6,64.0,59.2,60.6,57.2,88.7,0.228,100.0,62.5,rain,0.0,0.0,31.7,17.3,60.7,1009.9,99.0,6.8,87.4,7.6,5,10.0,2024-05-15T05:38:30,2024-05-15T20:06:58,0.25,"Rain, Overcast",Cloudy skies throughout the day with a chance of rain throughout the day.,rain,"72505394728,KEWR,KLGA,72502014734,F8726,F1417,KNYC,72503014732",New York
New York,2024-05-16,64.6,59.1,61.7,64.6,59.1,61.7,56.6,83.7,0.19,100.0,33.33,rain,0.0,0.0,30.1,18.1,25.5,1006.2,100.0,7.6,115.5,10.0,5,10.0,2024-05-16T05:37:35,2024-05-16T20:07:56,0.28,"Rain, Overcast",Cloudy skies throughout the day with rain clearing later.,rain,"72505394728,KEWR,KLGA,72502014734,F8726,KNYC,72503014732",New York
New York,2024-05-17,71.2,58.9,64.9,71.2,58.9,64.9,52.5,65.2,0.003,100.0,4.17,rain,0.0,0.0,24.2,13.1,48.5,1013.5,92.9,9.8,186.6,16.0,7,10.0,2024-05-17T05:36:42,2024-05-17T20:08:53,0.31,"Rain, Overcast",Cloudy skies throughout the day with morning rain.,rain,"72505394728,KEWR,KLGA,72502014734,F8726,KNYC,F1417,72503014732",New York
New York,2024-05-18,69.5,59.6,63.2,69.5,59.6,63.2,53.3,71.0,0.042,100.0,20.83,rain,0.0,0.0,12.5,8.1,49.7,1014.8,68.4,9.3,154.7,13.4,7,10.0,2024-05-18T05:35:50,2024-05-18T20:09:49,0.34,"Rain, Partially cloudy",Partly cloudy throughout the day with late afternoon rain.,rain,"72505394728,KEWR,KLGA,72502014734,F1417,KNYC,72503014732",New York
New York,2024-05-19,74.0,57.1,64.7,74.0,57.1,64.7,54.7,71.3,0.0,0.0,0.0,,0.0,0.0,23.0,10.1,47.1,1015.4,78.0,9.7,298.1,25.7,10,10.0,2024-05-19T05:35:01,2024-05-19T20:10:44,0.37,Partially cloudy,Partly cloudy throughout the day.,partly-cloudy-day,"72505394728,KEWR,KLGA,72502014734,F1417,KNYC,72503014732",New York
New York,2024-05-20,73.0,56.4,63.3,73.0,56.4,63.3,53.6,72.0,0.0,0.0,0.0,,0.0,0.0,17.2,7.4,117.3,1016.8,28.7,9.7,305.7,26.5,9,10.0,2024-05-20T05:34:12,2024-05-20T20:11:39,0.41,Partially cloudy,Clearing in the afternoon.,partly-cloudy-day,"72505394728,KEWR,KLGA,72502014734,F1417,KNYC,72503014732",New York
New York,2024-05-21,82.3,58.1,69.8,82.9,58.1,69.9,58.1,68.1,0.0,0.0,0.0,,0.0,0.0,20.8,9.8,177.7,1015.0,32.3,9.8,320.3,27.6,9,10.0,2024-05-21T05:33:26,2024-05-21T20:12:33,0.44,Partially cloudy,Partly cloudy throughout the day.,partly-cloudy-day,"72505394728,KEWR,KLGA,72502014734,F1417,KNYC,72503014732",New York
New York,2024-05-22,83.3,66.7,75.0,83.5,66.7,75.0,59.6,59.5,0.0,0.0,0.0,,0.0,0.0,27.7,12.4,196.2,1013.6,21.6,9.9,319.0,27.6,9,10.0,2024-05-22T05:32:41,2024-05-22T20:13:27,0.47,Partially cloudy,Partly cloudy throughout the day.,partly-cloudy-day,"72505394728,KEWR,KLGA,72502014734,F1417,KNYC,72503014732",New York
New York,2024-05-23,78.7,68.8,73.8,78.7,68.8,73.8,62.4,68.0,0.606,100.0,8.33,rain,0.0,0.0,31.1,11.8,229.6,1011.1,47.2,9.5,167.6,14.3,9,10.0,2024-05-23T05:31:58,2024-05-23T20:14:19,0.5,"Rain, Partially cloudy",Partly cloudy throughout the day with morning rain.,rain,"72505394728,KEWR,KLGA,72502014734,F1417,KNYC,72503014732",New York
New York,2024-05-24,84.1,68.8,76.7,81.7,68.8,75.9,52.1,47.4,0.0,0.0,0.0,,0.0,0.0,27.1,10.8,297.4,1010.0,17.4,9.8,333.1,28.9,10,10.0,2024-05-24T05:31:17,2024-05-24T20:15:11,0.54,Clear,Clear conditions throughout the day.,clear-day,"72505394728,KEWR,KLGA,72502014734,F1417,KNYC,72503014732",New York
New York,2024-05-25,79.0,66.3,72.0,79.0,66.3,72.0,49.9,46.7,0.0,0.0,0.0,,0.0,0.0,23.0,7.1,86.9,1011.2,27.3,9.9,296.7,25.7,10,10.0,2024-05-25T05:30:38,2024-05-25T20:16:02,0.57,Partially cloudy,Partly cloudy throughout the day.,partly-cloudy-day,"72505394728,KEWR,KLGA,72502014734,F1417,KNYC,72503014732",New York
New York,2024-05-26,81.2,66.3,71.9,82.3,66.3,72.1,62.9,74.2,0.0,0.0,0.0,,0.0,0.0,23.0,11.4,125.3,1012.3,66.2,8.8,303.3,26.1,10,10.0,2024-05-26T05:30:01,2024-05-26T20:16:52,0.61,Partially cloudy,Partly cloudy throughout the day.,partly-cloudy-day,"72505394728,KEWR,KLGA,72502014734,F1417,KNYC,72503014732",New York
New York,2024-05-27,74.2,66.1,68.7,74.2,66.1,68.7,65.7,90.3,0.631,100.0,33.33,rain,0.0,0.0,34.1,16.0,149.5,1009.9,93.8,5.7,87.7,7.7,4,10.0,2024-05-27T05:29:26,2024-05-27T20:17:41,0.65,"Rain, Overcast",Cloudy skies throughout the day with rain.,rain,"72505394728,KEWR,KLGA,72502014734,F1417,KNYC,72503014732",New York
New York,2024-05-28,79.9,67.2,72.4,79.9,67.2,72.4,57.4,62.7,0.0,0.0,0.0,,0.0,0.0,32.1,16.7,270.3,1006.7,37.0,8.6,304.3,26.4,10,10.0,2024-05-28T05:28:52,2024-05-28T20:18:29,0.68,Partially cloudy,Becoming cloudy in the afternoon.,partly-cloudy-day,"72505394728,KEWR,KLGA,72502014734,F1417,KNYC,72503014732",New York
New York,2024-05-29,75.6,61.1,67.9,75.6,61.1,67.9,53.1,60.6,0.425,100.0,8.33,rain,0.0,0.0,44.8,9.8,302.1,1012.2,42.3,9.6,261.5,22.6,10,10.0,2024-05-29T05:28:20,2024-05-29T20:19:16,0.72,"Rain, Partially cloudy",Becoming cloudy in the afternoon with late afternoon rain.,rain,"72505394728,KEWR,KLGA,72502014734,F1417,KNYC,72503014732",New York
New York,2024-05-30,70.5,58.3,64.4,70.5,58.3,64.4,50.0,62.3,0.199,100.0,25.0,rain,0.0,0.0,24.8,10.4,359.2,1014.3,72.2,9.3,183.3,15.8,10,10.0,2024-05-30T05:27:51,2024-05-30T20:20:02,0.75,"Rain, Partially cloudy",Partly cloudy throughout the day with rain clearing later.,rain,"72505394728,KEWR,KLGA,72502014734,F1417,KNYC,72503014732",New York
New York,2024-05-31,75.0,59.6,68.1,75.0,59.6,68.1,42.3,40.6,0.0,0.0,0.0,,0.0,0.0,33.3,13.3,332.7,1019.6,39.1,9.9,315.5,27.3,10,10.0,2024-05-31T05:27:23,2024-05-31T20:20:46,0.79,Partially cloudy,Partly cloudy throughout the day.,partly-cloudy-day,"72505394728,KEWR,KLGA,72502014734,F1417,KNYC,72503014732",New York
New York,2024-06-01,83.2,61.4,72.8,80.8,61.4,72.3,42.8,35.0,0.0,0.0,0.0,,0.0,0.0,23.0,9.0,296.1,1020.2,13.2,9.9,336.0,29.1,10,10.0,2024-06-01T05:26:57,2024-06-01T20:21:30,0.83,Clear,Clear conditions throughout the day.,clear-day,"72505394728,KEWR,KLGA,72502014734,F1417,KNYC,72503014732",New York
New York,2024-06-02,81.3,67.4,74.4,81.0,67.4,74.3,51.5,45.2,0.0,0.0,0.0,,0.0,0.0,23.0,14.8,237.3,1016.7,38.5,9.9,244.1,21.2,10,10.0,2024-06-02T05:26:33,2024-06-02T20:22:12,0.86,Partially cloudy,Partly cloudy throughout the day.,partly-cloudy-day,"72505394728,KEWR,KLGA,72502014734,F8726,F1417,KNYC,72503014732",New York
New York,2024-06-03,85.9,72.4,78.2,84.1,72.4,77.9,56.9,49.0,0.0,0.0,0.0,,0.0,0.0,12.8,8.3,19.2,1012.7,62.8,9.9,276.4,23.8,10,10.0,2024-06-03T05:26:11,2024-06-03T20:22:53,0.9,Partially cloudy,Partly cloudy throughout the day.,partly-cloudy-day,"72505394728,KEWR,KLGA,72502014734,F1417,KNYC,72503014732",New York
New York,2024-06-04,79.6,67.0,72.7,79.6,67.0,72.7,61.1,67.7,0.0,0.0,0.0,,0.0,0.0,27.7,11.4,99.9,1015.5,36.9,9.1,304.5,26.3,10,10.0,2024-06-04T05:25:52,2024-06-04T20:23:33,0.93,Partially cloudy,Partly cloudy throughout the day.,partly-cloudy-day,"72505394728,KEWR,KLGA,72502014734,F1417,KNYC,72503014732",New York
New York,2024-06-05,77.8,65.4,71.6,77.8,65.4,71.6,65.5,81.6,0.0,0.0,0.0,,0.0,0.0,25.3,14.5,146.8,1012.6,73.2,8.7,265.2,22.8,10,10.0,2024-06-05T05:25:34,2024-06-05T20:24:11,0.97,Partially cloudy,Partly cloudy throughout the day.,partly-cloudy-day,"72505394728,KEWR,KLGA,72502014734,F1417,KNYC,72503014732",New York
New York,2024-06-06,81.4,69.5,74.3,85.1,69.5,74.5,70.1,87.3,0.633,100.0,50.0,rain,0.0,0.0,33.3,11.6,286.7,1001.4,84.8,7.5,143.2,12.4,6,30.0,2024-06-06T05:25:18,2024-06-06T20:24:48,0.0,"Rain, Partially cloudy",Partly cloudy throughout the day with a chance of rain throughout the day.,rain,"72505394728,KEWR,KLGA,72502014734,F1417,KNYC,72503014732",New York
New York,2024-06-07,82.6,67.3,74.1,81.8,67.3,74.0,58.3,61.8,0.0,0.0,0.0,,0.0,0.0,31.6,18.5,283.2,1002.1,52.1,9.6,263.0,22.8,10,10.0,2024-06-07T05:25:04,2024-06-07T20:25:24,0.04,Partially cloudy,Partly cloudy throughout the day.,partly-cloudy-day,"72505394728,KEWR,KLGA,72502014734,F1417,KNYC,72503014732",New York
New York,2024-06-08,77.4,63.6,71.4,77.4,63.6,71.4,51.2,49.9,0.0,0.0,0.0,,0.0,0.0,32.8,18.5,284.5,1007.4,24.5,9.9,312.0,27.0,10,10.0,2024-06-08T05:24:52,2024-06-08T20:25:58,0.07,Partially cloudy,Becoming cloudy in the afternoon.,partly-cloudy-day,"72505394728,KEWR,KLGA,72502014734,F1417,KNYC,72503014732",New York
New York,2024-06-09,74.9,68.3,71.6,74.9,68.3,71.6,52.8,52.3,0.0,0.0,0.0,,0.0,0.0,30.4,20.8,276.3,1003.0,54.7,9.9,187.6,16.1,8,10.0,2024-06-09T05:24:42,2024-06-09T20:26:30,0.1,Partially cloudy,Partly cloudy throughout the day.,partly-cloudy-day,"72505394728,KEWR,KLGA,72502014734,F1417,KNYC,72503014732",New York
New York,2024-06-10,74.2,62.4,68.5,74.2,62.4,68.5,49.8,51.9,0.0,0.0,0.0,,0.0,0.0,24.4,13.5,301.5,1004.4,57.8,9.9,300.5,26.0,10,10.0,2024-06-10T05:24:34,2024-06-10T20:27:01,0.13,Partially cloudy,Partly cloudy throughout the day.,partly-cloudy-day,"72505394728,KEWR,KLGA,72502014734,F1417,KNYC,72503014732",New York
New York,2024-06-11,72.6,60.7,67.3,72.6,60.7,67.3,52.9,60.3,0.0,0.0,0.0,,0.0,0.0,17.2,8.2,358.7,1012.5,70.2,9.9,175.6,15.0,8,10.0,2024-06-11T05:24:28,2024-06-11T20:27:31,0.17,Partially cloudy,Partly cloudy throughout the day.,partly-cloudy-day,"72505394728,KEWR,KLGA,72502014734,F1417,KNYC,72503014732",New York
New York,2024-06-12,76.0,62.6,69.5,76.0,62.6,69.5,54.6,60.0,0.0,0.0,0.0,,0.0,0.0,18.3,8.5,319.3,1016.2,58.9,9.9,152.1,13.2,6,10.0,2024-06-12T05:24:24,2024-06-12T20:27:59,0.2,Partially cloudy,Partly cloudy throughout the day.,partly-cloudy-day,"72505394728,KEWR,KLGA,72502014734,F1417,KNYC,72503014732",New York
New York,2024-06-13,83.5,65.1,74.4,83.5,65.1,74.4,58.8,60.2,0.0,0.0,0.0,,0.0,0.0,29.8,10.2,174.9,1015.4,15.7,9.9,332.7,28.7,10,10.0,2024-06-13T05:24:22,2024-06-13T20:28:25,0.23,Clear,Clear conditions throughout the day.,clear-day,"72505394728,KEWR,KLGA,72502014734,F1417,KNYC,72503014732",New York
New York,2024-06-14,85.1,66.9,74.8,87.9,66.9,75.7,64.3,70.5,0.249,100.0,8.33,rain,0.0,0.0,33.4,13.2,212.5,1011.7,42.9,9.5,267.9,23.2,10,30.0,2024-06-14T05:24:22,2024-06-14T20:28:49,0.25,"Rain, Partially cloudy",Becoming cloudy in the afternoon with late afternoon rain.,rain,"72505394728,KEWR,KLGA,72502014734,F1417,KNYC,72503014732",New York
New York,2024-06-15,80.9,66.2,73.3,79.9,66.2,73.2,54.5,56.1,0.0,0.0,0.0,,0.0,0.0,31.1,12.5,342.1,1014.9,23.3,9.9,338.4,29.4,10,10.0,2024-06-15T05:24:24,2024-06-15T20:29:12,0.29,Partially cloudy,Partly cloudy throughout the day.,partly-cloudy-day,"72505394728,KEWR,KLGA,72502014734,F1417,KNYC,72503014732",New York
New York,2024-06-16,75.3,63.0,69.0,75.3,63.0,69.0,51.8,55.5,0.0,0.0,0.0,,0.0,0.0,19.7,10.8,84.6,1022.9,25.3,9.9,347.4,30.1,10,10.0,2024-06-16T05:24:27,2024-06-16T20:29:33,0.33,Partially cloudy,Partly cloudy throughout the day.,partly-cloudy-day,"72505394728,KEWR,KLGA,72502014734,F1417,KNYC,72503014732",New York
New York,2024-06-17,84.2,65.5,74.8,85.6,65.5,75.2,63.1,68.8,0.0,0.0,0.0,,0.0,0.0,28.6,14.5,185.2,1021.7,34.7,9.9,296.0,25.6,9,10.0,2024-06-17T05:24:33,2024-06-17T20:29:52,0.36,Partially cloudy,Partly cloudy throughout the day.,partly-cloudy-day,"72505394728,KEWR,KLGA,72502014734,F1417,KNYC,72503014732",New York
New York,2024-06-18,86.1,71.9,78.8,90.4,71.9,80.2,65.7,64.7,0.0,0.0,0.0,,0.0,0.0,26.4,15.5,189.0,1023.2,18.2,9.9,310.3,26.9,9,10.0,2024-06-18T05:24:40,2024-06-18T20:30:10,0.39,Clear,Clear conditions throughout the day.,clear-day,"72505394728,KEWR,KLGA,72502014734,F1417,KNYC,72503014732",New York
New York,2024-06-19,87.3,72.4,78.9,93.0,72.4,80.1,63.6,60.1,0.0,0.0,0.0,,0.0,0.0,27.7,16.9,174.4,1026.4,32.3,9.9,299.2,25.9,9,10.0,2024-06-19T05:24:50,2024-06-19T20:30:25,0.42,Partially cloudy,Partly cloudy throughout the day.,partly-cloudy-day,"72505394728,KEWR,KLGA,72502014734,F8726,F1417,KNYC,72503014732",New York
New York,2024-06-20,91.4,73.1,81.6,92.6,73.1,82.6,63.6,55.2,0.0,0.0,0.0,,0.0,0.0,21.9,12.8,213.9,1024.9,28.2,9.9,320.1,27.7,10,10.0,2024-06-20T05:25:01,2024-06-20T20:30:39,0.46,Partially cloudy,Partly cloudy throughout the day.,partly-cloudy-day,"72505394728,KEWR,KLGA,72502014734,F1417,KNYC,72503014732",New York
New York,2024-06-21,94.5,77.3,84.5,98.2,77.3,86.3,65.8,54.5,0.0,0.0,0.0,,0.0,0.0,31.1,12.4,235.9,1020.4,23.9,9.9,312.2,27.2,9,10.0,2024-06-21T05:25:14,2024-06-21T20:30:51,0.5,Partially cloudy,Partly cloudy throughout the day.,partly-cloudy-day,"72505394728,KEWR,KLGA,72502014734,F1417,KNYC,72503014732",New York
New York,2024-06-22,92.2,76.3,81.3,98.3,76.3,83.4,69.4,68.0,0.108,100.0,16.67,rain,0.0,0.0,26.0,11.9,65.0,1015.7,45.4,9.4,248.3,21.5,10,30.0,2024-06-22T05:25:29,2024-06-22T20:31:01,0.52,"Rain, Partially cloudy",Partly cloudy throughout the day with rain.,rain,"72505394728,KEWR,KLGA,72502014734,F1417,KNYC,72503014732",New York
New York,2024-06-23,93.2,73.1,83.0,99.6,73.1,85.2,68.7,64.6,0.009,100.0,8.33,rain,0.0,0.0,35.2,20.1,210.6,1006.5,52.2,9.6,171.0,14.8,6,30.0,2024-06-23T05:25:46,2024-06-23T20:31:09,0.56,"Rain, Partially cloudy",Partly cloudy throughout the day with early morning rain.,rain,"72505394728,KEWR,KLGA,72502014734,F1417,KNYC,72503014732",New York
New York,2024-06-24,79.8,73.7,77.5,79.8,73.7,77.5,58.4,53.0,0.0,0.0,0.0,,0.0,0.0,44.5,28.5,292.7,1003.7,85.5,9.9,276.0,23.8,10,30.0,2024-06-24T05:26:04,2024-06-24T20:31:15,0.59,Partially cloudy,Partly cloudy throughout the day.,partly-cloudy-day,"72505394728,KEWR,KLGA,72502014734,F1417,KNYC,72503014732",New York
New York,2024-06-25,90.2,69.4,80.2,86.8,69.4,78.8,50.3,37.4,0.0,0.0,0.0,,0.0,0.0,29.8,17.2,276.6,1011.3,17.6,9.9,332.8,28.9,10,10.0,2024-06-25T05:26:24,2024-06-25T20:31:19,0.63,Clear,Clear conditions throughout the day.,clear-day,"72505394728,KEWR,72502014734,KLGA,KNYC,F1417,72503014732",New York
New York,2024-06-26,92.3,72.7,82.0,93.4,72.7,82.6,61.9,52.1,0.129,100.0,8.33,rain,0.0,0.0,49.4,15.2,225.5,1007.2,49.5,9.6,231.5,20.0,9,30.0,2024-06-26T05:26:46,2024-06-26T20:31:21,0.67,"Rain, Partially cloudy",Partly cloudy throughout the day with late afternoon rain.,rain,"72505394728,KEWR,KLGA,72502014734,F1417,KNYC,72503014732",New York
New York,2024-06-27,84.5,68.6,75.3,83.2,68.6,75.1,59.3,61.3,0.256,100.0,20.83,rain,0.0,0.0,33.3,15.6,304.0,1008.0,55.2,9.4,329.0,28.6,10,10.0,2024-06-27T05:27:10,2024-06-27T20:31:21,0.7,"Rain, Partially cloudy",Partly cloudy throughout the day with early morning rain.,rain,"72505394728,KEWR,KLGA,72502014734,F1417,KNYC,72503014732",New York
New York,2024-06-28,78.6,64.8,70.1,78.6,64.8,70.1,43.8,39.6,0.0,0.0,0.0,,0.0,0.0,23.0,12.2,66.2,1019.8,20.1,9.9,344.1,29.7,10,10.0,2024-06-28T05:27:35,2024-06-28T20:31:19,0.75,Partially cloudy,Partly cloudy throughout the day.,partly-cloudy-day,"72505394728,KEWR,KLGA,72502014734,F8726,F1417,KNYC,72503014732",New York
New York,2024-06-29,79.4,66.3,73.1,79.4,66.3,73.1,62.9,70.9,0.052,100.0,8.33,rain,0.0,0.0,36.2,18.1,160.4,1020.5,67.8,9.6,196.4,16.8,10,10.0,2024-06-29T05:28:02,2024-06-29T20:31:15,0.77,"Rain, Partially cloudy",Partly cloudy throughout the day with late afternoon rain.,rain,"72505394728,KEWR,KLGA,72502014734,F8726,F1417,KNYC,72503014732",New York
New York,2024-06-30,84.5,73.1,77.3,91.1,73.1,79.0,71.8,83.7,0.17,100.0,29.17,rain,0.0,0.0,30.4,19.7,233.2,1012.8,73.7,7.9,131.5,11.4,10,60.0,2024-06-30T05:28:30,2024-06-30T20:31:09,0.81,"Rain, Partially cloudy",Partly cloudy throughout the day with rain.,rain,"72505394728,KEWR,KLGA,72502014734,F1417,KNYC,72503014732",New York
New York,2024-07-01,80.1,64.5,73.0,80.3,64.5,73.0,53.9,52.2,0.0,0.0,0.0,,0.0,0.0,31.2,17.9,350.8,1016.2,30.5,9.9,324.9,28.0,10,10.0,2024-07-01T05:29:00,2024-07-01T20:31:01,0.85,Partially cloudy,Partly cloudy throughout the day.,partly-cloudy-day,"72505394728,KEWR,KLGA,72502014734,F8726,F1417,KNYC,72503014732",New York
New York,2024-07-02,84.1,66.5,75.1,81.7,66.5,74.7,50.0,42.3,0.0,0.0,0.0,,0.0,0.0,27.7,8.7,57.3,1023.0,23.9,9.9,333.8,29.1,10,10.0,2024-07-02T05:29:31,2024-07-02T20:30:51,0.88,Partially cloudy,Partly cloudy throughout the day.,partly-cloudy-day,"72505394728,KEWR,KLGA,72502014734,F1417,KNYC,72503014732",New York
New York,2024-07-03,82.1,68.7,75.3,81.3,68.7,75.1,52.7,46.1,0.0,0.0,0.0,,0.0,0.0,27.9,15.6,180.4,1021.5,31.6,9.9,319.7,27.6,10,10.0,2024-07-03T05:30:04,2024-07-03T20:30:40,0.92,Partially cloudy,Partly cloudy throughout the day.,partly-cloudy-day,"72505394728,KEWR,KLGA,72502014734,F1417,KNYC,72503014732",New York
New York,2024-07-04,86.1,70.7,77.3,89.3,70.7,78.3,63.6,63.2,0.004,100.0,4.17,rain,0.0,0.0,23.6,13.0,180.9,1014.0,53.5,9.6,244.8,21.2,10,10.0,2024-07-04T05:30:38,2024-07-04T20:30:26,0.95,"Rain, Partially cloudy",Partly cloudy throughout the day with late afternoon rain.,rain,"72505394728,KEWR,KLGA,72502014734,F1417,KNYC,72503014732",New York
New York,2024-07-05,89.8,74.4,79.7,97.4,74.4,82.3,72.3,79.2,0.139,100.0,16.67,rain,0.0,0.0,24.2,12.8,143.2,1009.2,68.0,5.6,279.0,24.0,10,30.0,2024-07-05T05:31:13,2024-07-05T20:30:09,0.0,"Rain, Partially cloudy",Partly cloudy throughout the day with rain.,rain,"72505394728,KEWR,KLGA,72502014734,F1417,KNYC,72503014732",New York
New York,2024-07-06,90.3,73.4,81.0,99.0,73.4,85.1,72.7,77.1,0.068,100.0,8.33,rain,0.0,0.0,21.9,14.8,104.8,1010.2,44.6,7.4,265.4,22.9,10,60.0,2024-07-06T05:31:50,2024-07-06T20:29:51,0.02,"Rain, Partially cloudy",Partly cloudy throughout the day with morning rain.,rain,"72505394728,KEWR,KLGA,72502014734,F1417,KNYC,72503014732",New York
New York,2024-07-07,91.5,78.6,84.3,92.5,78.6,86.7,67.5,59.0,0.0,0.0,0.0,,0.0,0.0,24.2,9.0,50.9,1014.4,48.6,9.5,237.2,20.7,9,30.0,2024-07-07T05:32:28,2024-07-07T20:29:31,0.06,Partially cloudy,Partly cloudy throughout the day.,partly-cloudy-day,"72505394728,KEWR,KLGA,72502014734,F1417,KNYC,72503014732",New York
New York,2024-07-08,91.8,76.3,83.2,94.6,76.3,85.7,70.1,66.3,0.0,0.0,0.0,,0.0,0.0,18.3,12.2,87.3,1016.2,29.9,9.4,291.9,25.1,10,30.0,2024-07-08T05:33:07,2024-07-08T20:29:09,0.09,Partially cloudy,Partly cloudy throughout the day.,partly-cloudy-day,"72505394728,KEWR,KLGA,72502014734,F1417,KNYC,72503014732",New York
New York,2024-07-09,88.2,75.1,82.4,95.8,75.1,86.6,72.3,72.4,0.0,0.0,0.0,,0.0,0.0,24.2,9.8,152.9,1014.2,33.8,9.4,286.6,24.7,9,30.0,2024-07-09T05:33:48,2024-07-09T20:28:45,0.12,Partially cloudy,Partly cloudy throughout the day.,partly-cloudy-day,"72505394728,KEWR,KLGA,72502014734,F1417,KNYC,72503014732",New York
New York,2024-07-10,90.0,78.3,83.3,99.2,78.3,88.0,72.1,69.4,0.002,100.0,4.17,rain,0.0,0.0,35.9,21.7,167.3,1010.7,30.3,9.9,322.0,28.0,9,30.0,2024-07-10T05:34:30,2024-07-10T20:28:19,0.15,"Rain, Partially cloudy",Partly cloudy throughout the day with afternoon rain.,rain,"72505394728,KEWR,KLGA,72502014734,F8726,F1417,KNYC,72503014732",New York
New York,2024-07-11,89.3,75.6,81.6,90.4,75.6,82.2,66.7,63.1,0.08,100.0,16.67,rain,0.0,0.0,26.4,16.2,231.6,1012.7,54.7,9.5,307.1,26.6,10,10.0,2024-07-11T05:35:12,2024-07-11T20:27:51,0.18,"Rain, Partially cloudy",Partly cloudy throughout the day with rain clearing later.,rain,"72505394728,KEWR,KLGA,72502014734,F1417,KNYC,72503014732",New York
New York,2024-07-12,84.3,73.8,79.2,89.8,73.8,80.6,68.3,69.8,0.116,100.0,12.5,rain,0.0,0.0,24.2,12.2,187.0,1020.5,69.4,9.7,205.6,17.7,10,30.0,2024-07-12T05:35:56,2024-07-12T20:27:21,0.22,"Rain, Partially cloudy",Partly cloudy throughout the day with morning rain.,rain,"72505394728,KEWR,KLGA,72502014734,F1417,KNYC,72503014732",New York
New York,2024-07-13,86.9,72.9,78.8,90.6,72.9,80.2,70.6,76.8,1.775,100.0,29.17,rain,0.0,0.0,17.0,10.8,197.2,1020.1,57.7,8.4,201.5,17.2,8,30.0,2024-07-13T05:36:41,2024-07-13T20:26:49,0.25,"Rain, Partially cloudy",Partly cloudy throughout the day with rain in the morning and afternoon.,rain,"72505394728,KEWR,KLGA,72502014734,F1417,KNYC,72503014732",New York
New York,2024-07-14,88.7,75.6,81.7,90.4,75.6,83.4,68.3,65.3,0.041,100.0,8.33,rain,0.0,0.0,21.9,9.6,121.7,1016.1,28.8,9.9,246.6,21.3,9,30.0,2024-07-14T05:37:27,2024-07-14T20:26:15,0.28,"Rain, Partially cloudy",Becoming cloudy in the afternoon with afternoon rain.,rain,"72505394728,KEWR,KLGA,72502014734,F1417,KNYC,72503014732",New York
New York,2024-07-15,91.5,74.4,83.6,100.4,74.4,87.3,70.8,66.9,0.125,100.0,8.33,rain,0.0,0.0,26.4,12.4,205.3,1011.0,39.6,9.0,249.7,21.7,9,60.0,2024-07-15T05:38:14,2024-07-15T20:25:39,0.31,"Rain, Partially cloudy",Partly cloudy throughout the day with rain clearing later.,rain,"72505394728,KEWR,KLGA,72502014734,F1417,KNYC,72503014732",New York
New York,2024-07-16,93.4,79.1,87.1,98.9,79.1,90.7,68.1,54.0,0.0,0.0,0.0,,0.0,0.0,40.2,18.2,207.3,1008.5,28.7,9.9,272.4,23.6,9,30.0,2024-07-16T05:39:02,2024-07-16T20:25:01,0.35,Partially cloudy,Partly cloudy throughout the day.,partly-cloudy-day,"72505394728,KEWR,KLGA,72502014734,F1417,KNYC,72503014732",New York
New York,2024-07-17,89.0,73.8,82.3,95.8,73.8,85.4,69.5,66.1,0.817,100.0,8.33,rain,0.0,0.0,47.2,13.5,223.3,1009.7,45.9,9.1,245.5,21.4,9,30.0,2024-07-17T05:39:50,2024-07-17T20:24:22,0.38,"Rain, Partially cloudy",Clearing in the afternoon with late afternoon rain.,rain,"72505394728,KEWR,KLGA,72502014734,F1417,KNYC,72503014732",New York
New York,2024-07-18,84.6,72.8,78.5,85.5,72.8,78.6,64.3,65.4,0.055,100.0,8.33,rain,0.0,0.0,27.7,13.4,324.8,1011.9,61.2,8.9,260.6,22.6,10,10.0,2024-07-18T05:40:40,2024-07-18T20:23:40,0.41,"Rain, Partially cloudy",Partly cloudy throughout the day with early morning rain.,rain,"72505394728,KEWR,KLGA,72502014734,F1417,KNYC,72503014732",New York
New York,2024-07-19,83.5,67.5,76.1,81.9,67.5,75.8,54.1,47.6,0.0,0.0,0.0,,0.0,0.0,18.6,10.1,2.4,1018.5,19.1,9.9,324.6,28.2,10,10.0,2024-07-19T05:41:30,2024-07-19T20:22:57,0.44,Clear,Clear conditions throughout the day.,clear-day,"72505394728,KEWR,KLGA,72502014734,F1417,KNYC,72503014732",New York
New York,2024-07-20,83.7,71.0,77.4,84.7,71.0,78.0,61.6,58.5,0.0,0.0,0.0,,0.0,0.0,24.2,14.5,209.2,1018.7,49.0,9.9,216.0,18.5,8,10.0,2024-07-20T05:42:21,2024-07-20T20:22:11,0.48,Partially cloudy,Partly cloudy throughout the day.,partly-cloudy-day,"72505394728,KEWR,KLGA,72502014734,F1417,KNYC,72503014732",New York
New York,2024-07-21,86.6,74.2,79.6,87.2,74.2,80.3,64.8,61.2,0.002,100.0,4.17,rain,0.0,0.0,14.5,11.0,211.3,1016.4,65.4,9.9,288.9,25.0,10,10.0,2024-07-21T05:43:13,2024-07-21T20:21:24,0.5,"Rain, Partially cloudy",Partly cloudy throughout the day with late afternoon rain.,rain,"72505394728,KEWR,KLGA,72502014734,F1417,KNYC,72503014732",New York
New York,2024-07-22,83.0,75.0,78.2,87.1,75.0,78.9,68.1,71.3,0.004,100.0,8.33,rain,0.0,0.0,22.9,14.8,165.1,1017.4,52.8,9.9,185.8,15.9,7,30.0,2024-07-22T05:44:05,2024-07-22T20:20:35,0.54,"Rain, Partially cloudy",Partly cloudy throughout the day with late afternoon rain.,rain,"72505394728,KEWR,KLGA,72502014734,F1417,KNYC,72503014732",New York
New York,2024-07-23,80.0,71.0,74.7,80.0,71.0,74.7,69.2,83.5,0.155,100.0,37.5,rain,0.0,0.0,24.2,10.7,50.4,1016.5,90.8,7.9,136.1,11.7,8,30.0,2024-07-23T05:44:58,2024-07-23T20:19:45,0.58,"Rain, Overcast",Cloudy skies throughout the day with rain clearing later.,rain,"72505394728,KEWR,KLGA,72502014734,F1417,KNYC,72503014732",New York
New York,2024-07-24,80.7,73.7,76.1,84.4,73.7,76.2,69.9,81.6,0.0,0.0,0.0,,0.0,0.0,23.0,9.1,58.6,1019.2,74.9,7.8,163.4,14.2,9,30.0,2024-07-24T05:45:51,2024-07-24T20:18:52,0.62,Partially cloudy,Partly cloudy throughout the day.,partly-cloudy-day,"72505394728,KEWR,KLGA,72502014734,F1417,KNYC,72503014732",New York
New York,2024-07-25,82.9,75.3,78.6,83.9,75.3,78.8,64.5,64.3,0.0,0.0,0.0,,0.0,0.0,25.3,15.0,296.4,1017.2,46.2,9.9,166.4,14.3,7,10.0,2024-07-25T05:46:45,2024-07-25T20:17:58,0.65,Partially cloudy,Partly cloudy throughout the day.,partly-cloudy-day,"72505394728,KEWR,KLGA,72502014734,F1417,KNYC,72503014732",New York
New York,2024-07-26,83.1,67.5,76.0,81.8,67.5,75.8,52.6,44.8,0.0,0.0,0.0,,0.0,0.0,31.1,15.6,351.7,1018.6,32.1,9.9,270.1,23.3,9,10.0,2024-07-26T05:47:40,2024-07-26T20:17:03,0.69,Partially cloudy,Partly cloudy throughout the day.,partly-cloudy-day,"72505394728,KEWR,KLGA,72502014734,F1417,KNYC,72503014732",New York
New York,2024-07-27,85.9,70.0,77.8,83.9,70.0,77.4,55.7,47.9,0.0,0.0,0.0,,0.0,0.0,12.5,8.1,45.9,1019.8,40.9,9.9,250.8,21.7,9,10.0,2024-07-27T05:48:35,2024-07-27T20:16:05,0.75,Partially cloudy,Partly cloudy throughout the day.,partly-cloudy-day,"72505394728,KEWR,KLGA,72502014734,F1417,KNYC,72503014732",New York
New York,2024-07-28,86.1,71.0,77.7,84.9,71.0,77.5,57.6,50.7,0.0,0.0,0.0,,0.0,0.0,21.9,9.4,57.7,1019.2,26.9,9.6,253.2,21.9,9,10.0,2024-07-28T05:49:30,2024-07-28T20:15:06,0.76,Partially cloudy,Becoming cloudy in the afternoon.,partly-cloudy-day,"72505394728,KEWR,KLGA,72502014734,F1417,KNYC,72503014732",New York
New York,2024-07-29,82.8,69.1,77.0,85.3,69.1,77.7,66.6,71.1,0.045,100.0,16.67,rain,0.0,0.0,20.8,10.9,125.0,1014.8,67.7,9.1,202.5,17.4,10,30.0,2024-07-29T05:50:26,2024-07-29T20:14:05,0.79,"Rain, Partially cloudy",Partly cloudy throughout the day with rain.,rain,"72505394728,KEWR,KLGA,72502014734,F1417,KNYC,72503014732",New York
New York,2024-07-30,87.5,74.7,79.7,92.2,74.7,81.2,69.3,71.4,0.0,0.0,0.0,,0.0,0.0,31.7,16.1,172.1,1013.7,49.9,9.5,276.0,23.9,9,30.0,2024-07-30T05:51:23,2024-07-30T20:13:03,0.83,Partially cloudy,Partly cloudy throughout the day.,partly-cloudy-day,"72505394728,KEWR,KLGA,72502014734,F1417,KNYC,72503014732",New York
New York,2024-07-31,89.4,75.7,81.4,92.5,75.7,82.9,69.9,69.9,0.043,100.0,12.5,rain,0.0,0.0,32.2,15.6,219.3,1011.9,88.7,9.7,176.2,15.3,9,30.0,2024-07-31T05:52:19,2024-07-31T20:11:59,0.86,"Rain, Partially cloudy",Partly cloudy throughout the day with late afternoon rain.,rain,"72505394728,KEWR,KLGA,72502014734,F1417,KNYC,72503014732",New York
New York,2024-08-01,94.3,76.1,84.6,97.0,76.1,86.7,67.8,59.1,0.0,0.0,0.0,,0.0,0.0,23.0,12.8,259.1,1013.2,25.8,9.9,247.4,21.5,9,30.0,2024-08-01T05:53:16,2024-08-01T20:10:54,0.9,Partially cloudy,Becoming cloudy in the afternoon.,partly-cloudy-day,"72505394728,KEWR,KLGA,72502014734,F1417,KNYC,72503014732",New York
New York,2024-08-02,92.7,75.9,84.0,100.3,75.9,88.5,71.6,67.6,0.512,100.0,16.67,rain,0.0,0.0,44.7,16.0,136.7,1011.4,39.5,8.8,223.0,19.2,10,30.0,2024-08-02T05:54:13,2024-08-02T20:09:47,0.94,"Rain, Partially cloudy",Partly cloudy throughout the day with rain.,rain,"72505394728,KEWR,KLGA,72502014734,F8726,F1417,KNYC,72503014732",New York
New York,2024-08-03,90.4,74.0,80.5,96.8,74.0,82.6,71.5,75.6,0.721,100.0,25.0,rain,0.0,0.0,37.7,12.8,226.2,1009.8,51.8,8.8,244.8,21.1,10,60.0,2024-08-03T05:55:11,2024-08-03T20:08:39,0.97,"Rain, Partially cloudy",Becoming cloudy in the afternoon with late afternoon rain.,rain,"72505394728,KEWR,KLGA,72502014734,F1417,KNYC,72503014732",New York
New York,2024-08-04,82.9,72.1,75.8,88.0,72.1,76.3,70.5,84.0,0.178,100.0,16.67,rain,0.0,0.0,33.3,12.4,237.7,1012.7,76.8,8.4,96.0,8.2,6,30.0,2024-08-04T05:56:09,2024-08-04T20:07:29,0.0,"Rain, Partially cloudy",Partly cloudy throughout the day with rain.,rain,"72505394728,KEWR,KLGA,72502014734,F1417,KNYC,72503014732",New York
New York,2024-08-05,89.2,74.3,81.4,90.6,74.3,82.6,67.3,64.7,0.0,0.0,0.0,,0.0,0.0,18.3,12.8,222.1,1015.4,23.6,9.9,265.1,22.7,9,60.0,2024-08-05T05:57:07,2024-08-05T20:06:18,0.04,Partially cloudy,Partly cloudy throughout the day.,partly-cloudy-day,"72505394728,KEWR,KLGA,72502014734,F1417,KNYC,72503014732",New York
New York,2024-08-06,88.6,72.2,80.4,94.4,72.2,83.0,71.3,75.2,1.476,100.0,25.0,rain,0.0,0.0,24.8,16.0,212.0,1013.2,67.4,8.3,172.5,14.8,9,60.0,2024-08-06T05:58:05,2024-08-06T20:05:06,0.07,"Rain, Partially cloudy",Partly cloudy throughout the day with late afternoon rain.,rain,"72505394728,KEWR,KLGA,72502014734,F1417,KNYC,72503014732",New York
New York,2024-08-07,72.6,65.2,68.2,72.6,65.2,68.2,65.1,89.7,0.208,100.0,66.67,rain,0.0,0.0,27.7,13.2,64.9,1014.9,97.7,6.9,33.0,2.9,1,10.0,2024-08-07T05:59:03,2024-08-07T20:03:52,0.1,"Rain, Overcast",Cloudy skies throughout the day with a chance of rain throughout the day.,rain,"72505394728,KEWR,KLGA,72502014734,F1417,KNYC,72503014732",New York
New York,2024-08-08,69.8,66.0,67.9,69.8,66.0,67.9,64.5,88.8,0.372,100.0,58.33,rain,0.0,0.0,25.3,11.4,65.5,1018.3,100.0,5.6,34.4,3.0,1,10.0,2024-08-08T06:00:02,2024-08-08T20:02:37,0.14,"Rain, Overcast",Cloudy skies throughout the day with rain.,rain,"72505394728,KEWR,KLGA,72502014734,F1417,KNYC,72503014732",New York
New York,2024-08-09,81.3,70.3,77.0,86.8,70.3,78.1,73.1,88.1,0.127,100.0,62.5,rain,0.0,0.0,42.0,18.7,159.8,1012.0,98.8,6.1,101.7,8.9,6,30.0,2024-08-09T06:01:00,2024-08-09T20:01:21,0.17,"Rain, Overcast",Cloudy skies throughout the day with a chance of rain throughout the day.,rain,"72505394728,KEWR,KLGA,72502014734,F1417,KNYC,72503014732",New York
New York,2024-08-10,85.3,74.4,79.5,85.2,74.4,79.5,63.2,60.1,0.007,100.0,4.17,rain,0.0,0.0,24.6,11.8,273.0,1012.4,41.2,9.7,278.1,24.1,9,10.0,2024-08-10T06:01:59,2024-08-10T20:00:03,0.2,"Rain, Partially cloudy",Partly cloudy throughout the day with early morning rain.,rain,"72505394728,KEWR,KLGA,72502014734,F1417,KNYC,72503014732",New York
New York,2024-08-11,81.0,70.5,75.6,80.6,70.5,75.6,56.1,51.3,0.0,0.0,0.0,,0.0,0.0,23.0,8.6,285.7,1015.1,47.3,9.9,206.6,17.9,10,10.0,2024-08-11T06:02:58,2024-08-11T19:58:45,0.24,Partially cloudy,Partly cloudy throughout the day.,partly-cloudy-day,"72505394728,KEWR,KLGA,72502014734,F1417,KNYC,72503014732",New York
New York,2024-08-12,79.9,66.9,73.4,79.9,66.9,73.4,54.9,52.8,0.003,100.0,4.17,rain,0.0,0.0,24.2,10.9,297.0,1014.9,38.8,9.9,206.9,17.8,10,10.0,2024-08-12T06:03:56,2024-08-12T19:57:25,0.25,"Rain, Partially cloudy",Becoming cloudy in the afternoon with late afternoon rain.,rain,"72505394728,KEWR,KLGA,72502014734,F1417,KNYC,72503014732",New York
New York,2024-08-13,80.9,65.5,73.3,80.6,65.5,73.3,54.6,52.9,0.0,0.0,0.0,,0.0,0.0,20.8,11.4,334.3,1016.1,24.6,9.9,277.2,23.9,9,10.0,2024-08-13T06:04:55,2024-08-13T19:56:04,0.3,Partially cloudy,Becoming cloudy in the afternoon.,partly-cloudy-day,"72505394728,KEWR,KLGA,72502014734,F1417,KNYC,72503014732",New York
New York,2024-08-14,83.9,68.5,76.5,83.0,68.5,76.4,58.4,55.0,0.0,0.0,0.0,,0.0,0.0,25.3,10.5,17.0,1017.1,25.0,9.6,252.5,22.1,9,30.0,2024-08-14T06:05:54,2024-08-14T19:54:42,0.33,Partially cloudy,Partly cloudy throughout the day.,partly-cloudy-day,"72505394728,KEWR,KLGA,72502014734,F1417,KNYC,72503014732",New York
New York,2024-08-15,85.6,69.0,78.2,84.8,69.0,77.9,57.9,51.2,0.0,0.0,0.0,,0.0,0.0,18.3,5.8,340.6,1017.1,23.8,9.9,238.3,20.6,9,30.0,2024-08-15T06:06:53,2024-08-15T19:53:18,0.37,Partially cloudy,Partly cloudy throughout the day.,partly-cloudy-day,"72505394728,KEWR,KLGA,72502014734,F1417,KNYC,72503014732",New York
New York,2024-08-16,86.4,71.9,77.8,86.9,71.9,78.2,63.7,62.8,0.0,0.0,0.0,,0.0,0.0,27.7,7.6,96.5,1016.7,21.0,9.2,244.5,21.1,8,10.0,2024-08-16T06:07:52,2024-08-16T19:51:54,0.4,Partially cloudy,Partly cloudy throughout the day.,partly-cloudy-day,"72505394728,KEWR,KLGA,72502014734,F1417,KNYC,72503014732",New York
New York,2024-08-17,78.9,68.6,74.2,78.9,68.6,74.2,66.2,76.4,0.05,100.0,8.33,rain,0.0,0.0,25.3,12.8,134.0,1015.5,86.3,8.5,107.4,9.2,5,10.0,2024-08-17T06:08:51,2024-08-17T19:50:29,0.43,"Rain, Partially cloudy",Partly cloudy throughout the day with rain.,rain,"72505394728,KEWR,KLGA,72502014734,F1417,KNYC,72503014732",New York
New York,2024-08-18,81.0,69.7,74.4,84.7,69.7,74.9,69.5,85.0,1.175,100.0,50.0,rain,0.0,0.0,35.7,17.3,130.4,1010.4,91.2,6.0,199.8,17.2,9,30.0,2024-08-18T06:09:50,2024-08-18T19:49:03,0.46,"Rain, Overcast",Cloudy skies throughout the day with a chance of rain throughout the day.,rain,"72505394728,KEWR,KLGA,72502014734,F1417,KNYC,72503014732",New York
New York,2024-08-19,85.8,69.5,75.4,88.2,69.5,76.1,66.5,75.1,0.297,100.0,16.67,rain,0.0,0.0,31.1,16.6,298.6,1005.5,70.9,8.8,256.8,22.2,10,30.0,2024-08-19T06:10:49,2024-08-19T19:47:35,0.5,"Rain, Partially cloudy",Partly cloudy throughout the day with rain.,rain,"72505394728,KEWR,KLGA,72502014734,F1417,KNYC,72503014732",New York
New York,2024-08-20,71.7,62.4,67.3,71.7,62.4,67.3,49.1,52.9,0.0,0.0,0.0,,0.0,0.0,32.2,18.3,313.5,1011.6,65.0,9.9,252.3,21.9,9,10.0,2024-08-20T06:11:48,2024-08-20T19:46:07,0.53,Partially cloudy,Partly cloudy throughout the day.,partly-cloudy-day,"72505394728,KEWR,KLGA,72502014734,F1417,KNYC,72503014732",New York
New York,2024-08-21,72.4,58.1,65.3,72.4,58.1,65.3,47.7,53.8,0.0,0.0,0.0,,0.0,0.0,29.8,12.4,300.0,1016.9,22.1,9.9,289.6,25.0,10,10.0,2024-08-21T06:12:47,2024-08-21T19:44:38,0.57,Partially cloudy,Partly cloudy throughout the day.,partly-cloudy-day,"72505394728,KEWR,KLGA,72502014734,F1417,KNYC,72503014732",New York
New York,2024-08-22,75.6,59.2,68.2,75.6,59.2,68.2,49.8,53.1,0.0,0.0,0.0,,0.0,0.0,20.8,15.0,300.4,1021.0,32.3,9.9,211.5,18.3,9,10.0,2024-08-22T06:13:46,2024-08-22T19:43:08,0.6,Partially cloudy,Becoming cloudy in the afternoon.,partly-cloudy-day,"72505394728,KEWR,KLGA,72502014734,F1417,KNYC,72503014732",New York
New York,2024-08-23,81.0,63.0,72.1,79.9,63.0,72.0,51.9,50.9,0.0,0.0,0.0,,0.0,0.0,18.3,8.6,291.6,1024.6,9.7,9.9,267.0,22.9,9,10.0,2024-08-23T06:14:45,2024-08-23T19:41:38,0.64,Clear,Clear conditions throughout the day.,clear-day,"72505394728,KEWR,KLGA,72502014734,F1417,KNYC,72503014732",New York
New York,2024-08-24,83.0,66.8,74.8,81.5,66.8,74.6,54.9,51.4,0.0,0.0,0.0,,0.0,0.0,19.7,8.1,271.6,1023.9,23.0,9.9,236.9,20.4,9,10.0,2024-08-24T06:15:44,2024-08-24T19:40:06,0.67,Partially cloudy,Partly cloudy throughout the day.,partly-cloudy-day,"72505394728,KEWR,KLGA,72502014734,F1417,KNYC,72503014732",New York
New York,2024-08-25,84.6,69.3,76.3,84.0,69.3,76.3,59.4,56.7,0.0,0.0,0.0,,0.0,0.0,23.0,11.0,225.3,1022.7,34.6,9.9,246.7,21.2,9,10.0,2024-08-25T06:16:43,2024-08-25T19:38:34,0.71,Partially cloudy,Partly cloudy throughout the day.,partly-cloudy-day,"72505394728,KEWR,KLGA,72502014734,F1417,KNYC,72503014732",New York
New York,2024-08-26,85.1,70.6,76.3,85.1,70.6,76.5,62.5,63.2,0.088,100.0,8.33,rain,0.0,0.0,40.3,10.8,129.8,1020.2,40.3,9.4,224.9,19.4,9,30.0,2024-08-26T06:17:42,2024-08-26T19:37:01,0.75,"Rain, Partially cloudy",Partly cloudy throughout the day with late afternoon rain.,rain,"72505394728,KEWR,KLGA,72502014734,F1417,KNYC,72503014732",New York
New York,2024-08-27,84.5,67.7,75.8,85.0,67.7,75.9,62.7,65.9,0.0,0.0,0.0,,0.0,0.0,21.9,13.0,144.2,1018.6,12.0,9.7,255.5,22.0,9,10.0,2024-08-27T06:18:40,2024-08-27T19:35:27,0.78,Clear,Clear conditions throughout the day.,clear-day,"72505394728,KEWR,KLGA,72502014734,F1417,KNYC,72503014732",New York
New York,2024-08-28,91.6,74.3,81.9,97.1,74.3,84.3,67.0,61.6,0.005,100.0,4.17,rain,0.0,0.0,35.6,10.7,260.9,1014.5,37.3,9.8,227.5,19.6,9,30.0,2024-08-28T06:19:39,2024-08-28T19:33:53,0.81,"Rain, Partially cloudy",Partly cloudy throughout the day with late afternoon rain.,rain,"72505394728,KEWR,KLGA,72502014734,F1417,KNYC,72503014732",New York
New York,2024-08-29,82.1,71.7,75.3,86.6,71.7,75.6,62.9,65.3,0.013,100.0,8.33,rain,0.0,0.0,26.4,12.2,70.4,1021.8,90.3,9.9,132.0,11.3,6,10.0,2024-08-29T06:20:38,2024-08-29T19:32:18,0.85,"Rain, Overcast",Cloudy skies throughout the day with morning rain.,rain,"72505394728,KEWR,KLGA,72502014734,F1417,KNYC,72503014732",New York
New York,2024-08-30,73.4,63.2,69.3,73.4,63.2,69.3,58.9,70.2,0.307,100.0,25.0,rain,0.0,0.0,29.8,11.9,91.0,1024.5,97.7,9.6,103.8,8.9,4,10.0,2024-08-30T06:21:36,2024-08-30T19:30:43,0.88,"Rain, Overcast",Cloudy skies throughout the day with rain clearing later.,rain,"72505394728,KEWR,KLGA,72502014734,F1417,KNYC,72503014732",New York
New York,2024-08-31,77.3,68.4,72.4,77.3,68.4,72.4,64.0,75.0,0.0,0.0,0.0,,0.0,0.0,17.2,7.8,126.0,1018.7,92.0,9.9,120.7,10.2,7,10.0,2024-08-31T06:22:35,2024-08-31T19:29:06,0.92,Overcast,Cloudy skies throughout the day.,cloudy,"72505394728,KEWR,KLGA,72502014734,F1417,KNYC,72503014732",New York
New York,2024-09-01,81.9,73.3,76.7,84.8,73.3,77.2,68.3,75.6,0.0,0.0,0.0,,0.0,0.0,20.8,7.4,230.5,1012.0,71.2,9.7,104.9,9.1,5,30.0,2024-09-01T06:23:33,2024-09-01T19:27:30,0.95,Partially cloudy,Partly cloudy throughout the day.,partly-cloudy-day,"72505394728,KEWR,KLGA,72502014734,F1417,KNYC,72503014732",New York
New York,2024-09-02,78.8,66.1,72.6,78.8,66.1,72.6,52.4,50.3,0.0,0.0,0.0,,0.0,0.0,29.8,16.3,329.4,1015.6,29.8,9.9,279.6,24.2,10,30.0,2024-09-02T06:24:32,2024-09-02T19:25:52,0.0,Partially cloudy,Partly cloudy throughout the day.,partly-cloudy-day,"72505394728,KEWR,KLGA,72502014734,F1417,KNYC,72503014732",New York
New York,2024-09-03,72.9,58.5,66.0,72.9,58.5,66.0,42.7,44.5,0.0,0.0,0.0,,0.0,0.0,23.0,11.3,21.2,1026.0,11.4,9.9,266.3,23.1,9,10.0,2024-09-03T06:25:30,2024-09-03T19:24:15,0.02,Clear,Clear conditions throughout the day.,clear-day,"72505394728,KEWR,KLGA,72502014734,F1417,KNYC,72503014732",New York
New York,2024-09-04,76.3,59.6,67.9,76.3,59.6,67.9,47.9,50.1,0.0,0.0,0.0,,0.0,0.0,20.8,7.2,63.2,1029.9,14.5,9.9,250.3,21.8,8,10.0,2024-09-04T06:26:29,2024-09-04T19:22:37,0.05,Clear,Clear conditions throughout the day.,clear-day,"72505394728,KEWR,KLGA,72502014734,F1417,KNYC,72503014732",New York
New York,2024-09-05,76.1,61.0,68.6,76.1,61.0,68.6,53.5,59.3,0.0,0.0,0.0,,0.0,0.0,18.3,11.3,66.2,1027.8,10.5,9.9,244.6,21.1,8,10.0,2024-09-05T06:27:27,2024-09-05T19:20:58,0.09,Clear,Clear conditions throughout the day.,clear-day,"72505394728,KEWR,KLGA,72502014734,F1417,KNYC,72503014732",New York
New York,2024-09-06,76.9,64.1,69.7,76.9,64.1,69.7,59.9,71.5,0.0,0.0,0.0,,0.0,0.0,20.8,10.1,44.9,1019.3,86.4,9.9,167.0,14.6,8,10.0,2024-09-06T06:28:26,2024-09-06T19:19:19,0.12,Partially cloudy,Partly cloudy throughout the day.,partly-cloudy-day,"72505394728,KEWR,KLGA,72502014734,F1417,KNYC,72503014732",New York
New York,2024-09-07,74.5,60.9,68.1,74.5,60.9,68.1,61.0,78.3,0.227,100.0,20.83,rain,0.0,0.0,29.8,18.2,168.9,1011.2,89.4,9.3,111.1,9.7,7,10.0,2024-09-07T06:29:24,2024-09-07T19:17:40,0.15,"Rain, Partially cloudy",Partly cloudy throughout the day with rain in the morning and afternoon.,rain,"72505394728,KEWR,KLGA,72502014734,F1417,KNYC,72503014732",New York
New York,2024-09-08,69.1,56.1,62.8,69.1,56.1,62.8,44.7,54.3,0.0,0.0,0.0,,0.0,0.0,27.4,10.3,284.3,1015.0,21.4,9.9,245.0,21.2,9,10.0,2024-09-08T06:30:22,2024-09-08T19:16:00,0.19,Partially cloudy,Partly cloudy throughout the day.,partly-cloudy-day,"72505394728,KEWR,KLGA,72502014734,F1417,KNYC,72503014732",New York
New York,2024-09-09,75.4,56.3,66.5,75.4,56.3,66.5,44.2,45.5,0.0,0.0,0.0,,0.0,0.0,29.9,10.6,281.3,1018.4,21.8,9.9,243.5,20.9,9,10.0,2024-09-09T06:31:21,2024-09-09T19:14:20,0.22,Partially cloudy,Becoming cloudy in the afternoon.,partly-cloudy-day,"72505394728,KEWR,KLGA,72502014734,F1417,KNYC,72503014732",New York
New York,2024-09-10,77.9,63.1,70.6,77.9,63.1,70.6,49.2,47.2,0.0,0.0,0.0,,0.0,0.0,21.9,10.5,308.7,1018.3,24.2,9.9,252.3,21.8,8,10.0,2024-09-10T06:32:19,2024-09-10T19:12:39,0.25,Partially cloudy,Partly cloudy throughout the day.,partly-cloudy-day,"72505394728,KEWR,KLGA,72502014734,F1417,KNYC,72503014732",New York
New York,2024-09-11,78.8,59.9,68.7,78.8,59.9,68.7,47.3,48.2,0.0,0.0,0.0,,0.0,0.0,12.8,6.5,47.6,1022.2,17.9,9.9,254.0,22.2,8,10.0,2024-09-11T06:33:18,2024-09-11T19:10:59,0.25,Clear,Clear conditions throughout the day.,clear-day,"72505394728,KEWR,KLGA,72502014734,F1417,KNYC,72503014732",New York
New York,2024-09-12,79.6,63.1,69.6,79.6,63.1,69.6,57.8,68.3,0.0,0.0,0.0,,0.0,0.0,18.3,9.6,99.7,1023.9,34.7,8.6,231.1,19.9,8,10.0,2024-09-12T06:34:16,2024-09-12T19:09:18,0.32,Partially cloudy,Clearing in the afternoon.,partly-cloudy-day,"72505394728,KEWR,KLGA,72502014734,F1417,KNYC,72503014732",New York
New York,2024-09-13,81.2,63.3,71.3,80.4,63.3,71.2,58.3,65.8,0.0,0.0,0.0,,0.0,0.0,12.3,6.0,66.1,1023.9,11.0,9.5,225.7,19.5,8,10.0,2024-09-13T06:35:15,2024-09-13T19:07:37,0.35,Clear,Clear conditions throughout the day.,clear-day,"72505394728,KEWR,KLGA,72502014734,F1417,KNYC,72503014732",New York
New York,2024-09-14,82.9,66.2,73.5,83.0,66.2,73.6,60.9,66.5,0.0,0.0,0.0,,0.0,0.0,10.5,11.9,57.0,1023.9,7.2,9.6,230.8,20.0,8,10.0,2024-09-14T06:36:13,2024-09-14T19:05:56,0.39,Clear,Clear conditions throughout the day.,clear-day,"72505394728,KEWR,KLGA,72502014734,F1417,KNYC,72503014732",New York
New York,2024-09-15,78.5,65.9,71.6,78.5,65.9,71.6,58.3,63.9,0.0,0.0,0.0,,0.0,0.0,19.7,11.0,73.4,1026.9,27.2,9.9,232.4,19.9,8,10.0,2024-09-15T06:37:12,2024-09-15T19:04:15,0.42,Partially cloudy,Clearing in the afternoon.,partly-cloudy-day,"72505394728,KEWR,KLGA,72502014734,F1417,KNYC,72503014732",New York
New York,2024-09-16,76.0,61.2,67.6,76.0,61.2,67.6,54.0,63.9,0.0,0.0,0.0,,0.0,0.0,23.0,11.4,54.3,1026.3,29.4,9.9,196.7,16.9,7,10.0,2024-09-16T06:38:11,2024-09-16T19:02:33,0.45,Partially cloudy,Partly cloudy throughout the day.,partly-cloudy-day,"72505394728,KEWR,KLGA,72502014734,F1417,KNYC,72503014732",New York
New York,2024-09-17,78.2,65.7,70.6,78.2,65.7,70.6,59.5,68.8,0.0,0.0,0.0,,0.0,0.0,23.0,9.7,59.3,1022.9,63.2,9.9,154.1,13.3,8,10.0,2024-09-17T06:39:09,2024-09-17T19:00:52,0.5,Partially cloudy,Partly cloudy throughout the day.,partly-cloudy-day,"72505394728,KEWR,KLGA,72502014734,F1417,KNYC,72503014732",New York
New York,2024-09-18,74.6,66.8,70.4,74.6,66.8,70.4,60.7,71.9,0.0,0.0,0.0,,0.0,0.0,31.1,12.6,43.6,1018.0,49.5,9.9,100.8,8.7,5,10.0,2024-09-18T06:40:08,2024-09-18T18:59:10,0.52,Partially cloudy,Partly cloudy throughout the day.,partly-cloudy-day,"72505394728,KEWR,KLGA,72502014734,KNYC,F1417,72503014732",New York
New York,2024-09-19,84.3,68.0,75.2,82.6,68.0,75.0,57.2,55.5,0.0,0.0,0.0,,0.0,0.0,31.1,9.8,30.3,1012.2,42.8,9.9,204.7,17.6,7,10.0,2024-09-19T06:41:07,2024-09-19T18:57:29,0.55,Partially cloudy,Partly cloudy throughout the day.,partly-cloudy-day,"72505394728,KEWR,KLGA,72502014734,F1417,KNYC,72503014732",New York
New York,2024-09-20,80.3,68.4,73.2,80.7,68.4,73.2,59.3,62.5,0.0,0.0,0.0,,0.0,0.0,24.2,12.9,40.6,1013.5,49.0,9.9,187.6,16.2,8,10.0,2024-09-20T06:42:06,2024-09-20T18:55:47,0.59,Partially cloudy,Partly cloudy throughout the day.,partly-cloudy-day,"72505394728,KEWR,KLGA,72502014734,F1417,KNYC,72503014732",New York
New York,2024-09-21,78.1,63.8,69.6,78.1,63.8,69.6,55.1,60.9,0.0,0.0,0.0,,0.0,0.0,20.8,11.9,44.9,1015.4,24.2,9.9,211.9,18.2,8,10.0,2024-09-21T06:43:05,2024-09-21T18:54:06,0.62,Partially cloudy,Partly cloudy throughout the day.,partly-cloudy-day,"72505394728,KEWR,KLGA,72502014734,F1417,KNYC,72503014732",New York
New York,2024-09-22,73.3,61.8,66.9,73.3,61.8,66.9,52.2,60.0,0.0,0.0,0.0,,0.0,0.0,20.1,11.4,54.2,1016.3,58.1,9.9,212.3,18.3,8,10.0,2024-09-22T06:44:05,2024-09-22T18:52:24,0.66,Partially cloudy,Partly cloudy throughout the day.,partly-cloudy-day,"72505394728,KEWR,KLGA,72502014734,F1417,KNYC,72503014732",New York
New York,2024-09-23,66.3,60.2,63.7,66.3,60.2,63.7,51.0,63.8,0.031,100.0,16.67,rain,0.0,0.0,24.2,13.4,60.4,1018.0,89.8,9.7,81.2,7.1,4,10.0,2024-09-23T06:45:04,2024-09-23T18:50:43,0.69,"Rain, Partially cloudy",Partly cloudy throughout the day with rain.,rain,"72505394728,KEWR,72502014734,KLGA,F1417,KNYC,72503014732",New York
New York,2024-09-24,68.2,60.2,63.7,68.2,60.2,63.7,51.6,65.0,0.0,0.0,0.0,,0.0,0.0,21.9,12.1,66.0,1020.1,87.3,9.9,83.9,7.2,3,10.0,2024-09-24T06:46:04,2024-09-24T18:49:02,0.75,Partially cloudy,Partly cloudy throughout the day.,partly-cloudy-day,"72505394728,KEWR,KLGA,72502014734,F1417,KNYC,72503014732",New York
New York,2024-09-25,68.0,62.4,64.7,68.0,62.4,64.7,54.0,68.4,0.0,0.0,0.0,,0.0,0.0,23.0,14.7,95.1,1021.0,94.2,9.9,54.5,4.7,2,10.0,2024-09-25T06:47:03,2024-09-25T18:47:20,0.76,Overcast,Cloudy skies throughout the day.,cloudy,"72505394728,KEWR,KLGA,72502014734,F1417,KNYC,72503014732",New York
New York,2024-09-26,74.7,64.6,69.9,74.7,64.6,69.9,65.3,85.3,0.062,100.0,20.83,rain,0.0,0.0,17.2,6.0,118.7,1018.0,92.8,8.0,47.6,4.2,2,10.0,2024-09-26T06:48:03,2024-09-26T18:45:40,0.79,"Rain, Overcast",Cloudy skies throughout the day with rain in the morning and afternoon.,rain,"72505394728,KEWR,KLGA,72502014734,F1417,KNYC,72503014732",New York
New York,2024-09-27,73.3,64.6,69.3,73.3,64.6,69.3,61.7,77.5,0.119,100.0,12.5,rain,0.0,0.0,17.2,11.1,55.8,1016.0,93.6,9.5,83.8,7.3,4,10.0,2024-09-27T06:49:03,2024-09-27T18:43:59,0.83,"Rain, Overcast",Cloudy skies throughout the day with rain clearing later.,rain,"72505394728,KEWR,KLGA,72502014734,F1417,KNYC,72503014732",New York
New York,2024-09-28,68.0,61.4,64.6,68.0,61.4,64.6,60.3,86.2,0.239,100.0,66.67,rain,0.0,0.0,25.3,13.4,59.8,1014.3,100.0,6.7,41.1,3.5,2,10.0,2024-09-28T06:50:04,2024-09-28T18:42:18,0.86,"Rain, Overcast",Cloudy skies throughout the day with a chance of rain throughout the day.,rain,"72505394728,KEWR,KLGA,72502014734,F1417,KNYC,72503014732",New York
New York,2024-09-29,62.5,60.9,61.9,62.5,60.9,61.9,58.4,88.5,0.536,100.0,79.17,rain,0.0,0.0,21.9,10.4,61.6,1016.3,100.0,5.8,24.6,2.1,1,10.0,2024-09-29T06:51:04,2024-09-29T18:40:38,0.89,"Rain, Overcast",Cloudy skies throughout the day with a chance of rain throughout the day.,rain,"72505394728,KEWR,KLGA,72502014734,F1417,KNYC,72503014732",New York
New York,2024-09-30,70.6,60.5,64.9,70.6,60.5,64.9,55.5,72.8,0.0,0.0,0.0,,0.0,0.0,20.5,11.8,51.8,1017.1,61.2,9.8,167.5,14.3,8,10.0,2024-09-30T06:52:05,2024-09-30T18:38:58,0.93,Partially cloudy,Partly cloudy throughout the day.,partly-cloudy-day,"72505394728,KEWR,KLGA,72502014734,F1417,KNYC,72503014732",New York
New York,2024-10-01,67.9,60.9,64.3,67.9,60.9,64.3,55.1,72.3,0.0,0.0,0.0,,0.0,0.0,29.8,12.6,57.2,1017.5,53.1,9.9,121.2,10.4,5,10.0,2024-10-01T06:53:06,2024-10-01T18:37:19,0.96,Partially cloudy,Partly cloudy throughout the day.,partly-cloudy-day,"72505394728,KEWR,KLGA,72502014734,F8726,KNYC,F1417,72503014732",New York
New York,2024-10-02,67.9,58.0,62.8,67.9,58.0,62.8,52.3,69.0,0.0,0.0,0.0,,0.0,0.0,27.7,9.6,60.0,1016.1,89.2,9.9,96.4,8.2,4,10.0,2024-10-02T06:54:07,2024-10-02T18:35:40,0.0,Partially cloudy,Partly cloudy throughout the day.,partly-cloudy-day,"72505394728,KEWR,KLGA,72502014734,F1417,KNYC,72503014732",New York
New York,2024-10-03,71.5,62.7,65.7,71.5,62.7,65.7,53.8,65.6,0.0,0.0,0.0,,0.0,0.0,13.6,5.3,52.7,1019.8,72.0,9.9,124.2,10.8,5,10.0,2024-10-03T06:55:08,2024-10-03T18:34:01,0.03,Partially cloudy,Partly cloudy throughout the day.,partly-cloudy-day,"72505394728,KEWR,KLGA,72502014734,F1417,KNYC,72503014732",New York
New York,2024-10-04,72.8,60.4,66.2,72.8,60.4,66.2,56.4,71.1,0.0,0.0,0.0,,0.0,0.0,14.1,8.9,203.3,1022.2,49.9,9.9,159.8,13.7,6,10.0,2024-10-04T06:56:10,2024-10-04T18:32:23,0.06,Partially cloudy,Partly cloudy throughout the day.,partly-cloudy-day,"72505394728,KEWR,KLGA,72502014734,F1417,KNYC,72503014732",New York
New York,2024-10-05,74.5,62.5,67.7,74.5,62.5,67.7,51.1,57.5,0.0,0.0,0.0,,0.0,0.0,24.2,16.9,7.1,1020.5,34.0,9.9,197.2,16.9,7,10.0,2024-10-05T06:57:12,2024-10-05T18:30:45,0.1,Partially cloudy,Partly cloudy throughout the day.,partly-cloudy-day,"72505394728,KEWR,KLGA,72502014734,F1417,KNYC,72503014732",New York
New York,2024-10-06,70.5,55.8,63.2,70.5,55.8,63.2,49.4,61.0,0.0,0.0,0.0,,0.0,0.0,21.9,9.8,86.0,1018.5,12.1,9.9,197.8,17.1,7,10.0,2024-10-06T06:58:14,2024-10-06T18:29:07,0.13,Clear,Clear conditions throughout the day.,clear-day,"72505394728,KEWR,KLGA,72502014734,F1417,KNYC,72503014732",New York
New York,2024-10-07,75.2,60.5,67.2,75.2,60.5,67.2,50.6,57.2,0.003,100.0,4.17,rain,0.0,0.0,26.4,17.2,269.6,1010.4,52.9,9.9,158.5,13.6,7,10.0,2024-10-07T06:59:17,2024-10-07T18:27:31,0.17,"Rain, Partially cloudy",Partly cloudy throughout the day with morning rain.,rain,"72505394728,KEWR,KLGA,72502014734,F1417,KNYC,72503014732",New York
New York,2024-10-08,67.8,53.9,61.2,67.8,53.9,61.2,40.8,49.1,0.0,0.0,0.0,,0.0,0.0,24.2,13.9,299.0,1012.5,19.5,9.9,179.5,15.5,7,10.0,2024-10-08T07:00:19,2024-10-08T18:25:54,0.2,Clear,Clear conditions throughout the day.,clear-day,"72505394728,KEWR,KLGA,72502014734,F8726,F1417,KNYC,72503014732",New York
New York,2024-10-09,68.4,56.0,61.7,68.4,56.0,61.7,38.2,42.9,0.0,0.0,0.0,,0.0,0.0,28.1,14.9,298.5,1012.6,56.9,9.9,164.4,14.2,7,10.0,2024-10-09T07:01:22,2024-10-09T18:24:19,0.23,Partially cloudy,Partly cloudy throughout the day.,partly-cloudy-day,"72505394728,KEWR,KLGA,72502014734,F1417,KNYC,72503014732",New York
New York,2024-10-10,61.8,49.1,55.1,61.8,44.2,54.7,36.1,49.4,0.0,0.0,0.0,,0.0,0.0,30.1,15.9,315.6,1017.1,9.3,9.9,194.1,16.8,7,10.0,2024-10-10T07:02:26,2024-10-10T18:22:44,0.25,Clear,Clear conditions throughout the day.,clear-day,"72505394728,KEWR,KLGA,72502014734,F1417,KNYC,72503014732",New York
New York,2024-10-11,68.9,47.3,57.9,68.9,43.6,57.5,37.0,47.8,0.0,0.0,0.0,,0.0,0.0,23.0,11.4,280.8,1017.4,6.0,9.9,185.2,16.0,7,10.0,2024-10-11T07:03:29,2024-10-11T18:21:09,0.3,Clear,Clear conditions throughout the day.,clear-day,"72505394728,KEWR,KLGA,72502014734,F1417,KNYC,72503014732",New York
New York,2024-10-12,74.5,58.9,65.4,74.5,58.9,65.4,37.9,37.8,0.0,0.0,0.0,,0.0,0.0,27.6,15.0,280.1,1013.0,17.3,9.9,188.6,16.1,7,10.0,2024-10-12T07:04:33,2024-10-12T18:19:35,0.34,Clear,Clear conditions throughout the day.,clear-day,"72505394728,KEWR,KLGA,72502014734,F1417,KNYC,72503014732",New York
New York,2024-10-13,68.7,56.8,62.1,68.7,56.8,62.1,45.9,56.8,0.0,0.0,0.0,,0.0,0.0,25.3,9.6,57.4,1010.5,53.4,9.9,156.0,13.5,6,10.0,2024-10-13T07:05:38,2024-10-13T18:18:02,0.37,Partially cloudy,Clearing in the afternoon.,partly-cloudy-day,"72505394728,KEWR,KLGA,72502014734,F1417,KNYC,72503014732",New York
New York,2024-10-14,66.6,49.1,56.9,66.6,43.2,56.2,43.1,62.9,0.0,0.0,0.0,,0.0,0.0,37.4,21.9,313.8,1004.7,66.3,9.2,133.9,11.5,7,10.0,2024-10-14T07:06:42,2024-10-14T18:16:30,0.4,Partially cloudy,Partly cloudy throughout the day.,partly-cloudy-day,"72505394728,KEWR,KLGA,72502014734,F1417,KNYC,72503014732",New York
New York,2024-10-15,57.3,45.2,50.9,57.3,40.7,49.3,33.2,51.8,0.0,0.0,0.0,,0.0,0.0,32.2,16.3,293.8,1011.6,32.1,9.9,151.7,12.9,7,10.0,2024-10-15T07:07:47,2024-10-15T18:14:59,0.44,Partially cloudy,Partly cloudy throughout the day.,partly-cloudy-day,"72505394728,KEWR,KLGA,72502014734,F1417,KNYC,72503014732",New York
New York,2024-10-16,58.1,44.1,51.1,58.1,38.4,48.9,32.4,49.6,0.0,0.0,0.0,,0.0,0.0,31.1,14.3,306.0,1016.7,21.7,9.9,143.0,12.5,7,10.0,2024-10-16T07:08:53,2024-10-16T18:13:28,0.47,Partially cloudy,Partly cloudy throughout the day.,partly-cloudy-day,"72505394728,KEWR,KLGA,72502014734,F1417,KNYC,72503014732",New York
New York,2024-10-17,58.6,43.5,51.5,58.6,41.0,50.2,31.6,47.8,0.0,0.0,0.0,,0.0,0.0,22.2,13.4,8.5,1023.3,15.1,9.9,164.5,14.2,7,10.0,2024-10-17T07:09:58,2024-10-17T18:11:58,0.5,Clear,Clear conditions throughout the day.,clear-day,"72505394728,KEWR,KLGA,72502014734,F1417,KNYC,72503014732",New York
London,2024-04-01,55.7,45.6,51.3,55.7,41.6,50.1,43.6,75.7,0.008,100.0,4.17,rain,0.0,0.0,25.3,11.3,216.4,993.7,56.4,6.8,175.1,15.1,8,,2024-04-01T06:34:54,2024-04-01T19:34:40,0.75,"Rain, Partially cloudy",Partly cloudy throughout the day with afternoon rain.,rain,"EGWU,03769099999,EGLL,03680099999,F6665,03781099999,03672099999,EGLC,03772099999,03693099999,03770099999",London
London,2024-04-02,58.6,48.1,51.9,58.6,43.7,50.6,45.3,79.1,0.024,100.0,8.33,rain,0.0,0.0,28.0,14.8,213.9,1001.4,84.8,5.9,121.8,10.6,6,,2024-04-02T06:32:39,2024-04-02T19:36:20,0.75,"Rain, Partially cloudy",Partly cloudy throughout the day with rain.,rain,"03769099999,EGWU,03680099999,EGLL,F6665,03781099999,03672099999,03761099999,EGLC,03772099999,03770099999",London
London,2024-04-03,56.9,50.1,53.4,56.9,50.1,53.4,47.0,79.6,0.119,100.0,12.5,rain,0.0,0.0,31.1,22.3,226.6,1000.1,89.6,8.9,68.5,5.8,3,,2024-04-03T06:30:23,2024-04-03T19:38:01,0.82,"Rain, Partially cloudy",Partly cloudy throughout the day with rain clearing later.,rain,"F6665,03781099999,03672099999,03772099999,03770099999",London
London,2024-04-04,60.5,50.3,54.8,60.5,50.3,54.8,48.7,80.7,0.173,100.0,37.5,rain,0.0,0.0,34.4,20.9,227.6,1002.6,90.2,7.3,98.1,8.4,5,,2024-04-04T06:28:09,2024-04-04T19:39:41,0.85,"Rain, Overcast",Cloudy skies throughout the day with a chance of rain throughout the day.,rain,"03680099999,F6665,03781099999,03672099999,03772099999,03770099999",London
London,2024-04-05,62.7,54.8,58.0,62.7,54.8,58.0,50.4,76.8,0.04,100.0,12.5,rain,0.0,0.0,32.2,20.4,213.0,1003.8,91.1,7.8,157.1,13.7,8,,2024-04-05T06:25:54,2024-04-05T19:41:22,0.89,"Rain, Overcast",Cloudy skies throughout the day with rain.,rain,"F6665,03781099999,03672099999,03772099999,03770099999",London
London,2024-04-06,66.5,58.2,61.8,66.5,58.2,61.8,49.8,65.1,0.0,0.0,0.0,,0.0,0.0,39.1,25.6,193.3,1002.0,43.8,11.5,119.4,10.4,4,,2024-04-06T06:23:40,2024-04-06T19:43:02,0.92,Partially cloudy,Becoming cloudy in the afternoon.,partly-cloudy-day,"F6665,03781099999,03672099999,03772099999,03770099999",London
London,2024-04-07,61.1,52.4,56.8,61.1,52.4,56.8,44.8,64.6,0.0,0.0,0.0,,0.0,0.0,38.0,23.6,219.4,1007.7,69.0,8.4,161.8,13.7,8,,2024-04-07T06:21:26,2024-04-07T19:44:43,0.95,Partially cloudy,Partly cloudy throughout the day.,partly-cloudy-day,"F6665,03781099999,03672099999,03772099999,03770099999",London
London,2024-04-08,62.9,49.7,55.5,62.9,47.9,55.4,47.3,75.2,0.04,100.0,8.33,rain,0.0,0.0,24.2,14.6,167.6,1004.3,54.7,9.5,113.8,9.8,5,,2024-04-08T06:19:13,2024-04-08T19:46:23,0.0,"Rain, Partially cloudy",Partly cloudy throughout the day with late afternoon rain.,rain,"F6665,03781099999,03672099999,03772099999,03770099999",London
London,2024-04-09,55.7,47.6,50.7,55.7,40.3,47.8,40.0,68.1,0.016,100.0,4.17,rain,0.0,0.0,40.3,24.7,245.8,1006.7,76.4,10.5,90.2,7.8,4,,2024-04-09T06:17:00,2024-04-09T19:48:03,0.02,"Rain, Partially cloudy",Partly cloudy throughout the day with morning rain.,rain,"F6665,03781099999,03672099999,03772099999,03770099999",London
London,2024-04-10,56.6,41.3,50.0,56.6,37.2,48.3,44.1,81.2,0.024,100.0,8.33,rain,0.0,0.0,32.2,17.6,218.6,1025.0,55.7,8.1,113.7,9.7,5,,2024-04-10T06:14:48,2024-04-10T19:49:44,0.06,"Rain, Partially cloudy",Partly cloudy throughout the day with afternoon rain.,rain,"03680099999,F6665,03781099999,03672099999,03772099999,03770099999",London
London,2024-04-11,65.9,55.5,59.0,65.9,55.5,59.0,53.3,81.9,0.0,0.0,0.0,,0.0,0.0,24.2,13.6,227.4,1028.3,93.8,7.8,129.8,11.3,7,,2024-04-11T06:12:36,2024-04-11T19:51:24,0.09,Overcast,Cloudy skies throughout the day.,cloudy,"F6665,03781099999,03672099999,03772099999,03770099999",London
London,2024-04-12,70.4,51.2,59.4,70.4,51.2,59.4,48.8,69.0,0.0,0.0,0.0,,0.0,0.0,27.7,18.6,226.0,1028.5,24.5,11.6,189.0,16.4,7,,2024-04-12T06:10:25,2024-04-12T19:53:05,0.12,Partially cloudy,Partly cloudy throughout the day.,partly-cloudy-day,"F6665,03781099999,03672099999,03772099999,03770099999",London
London,2024-04-13,69.2,54.2,60.5,69.2,54.2,60.5,49.1,68.3,0.0,0.0,0.0,,0.0,0.0,24.2,16.9,235.2,1022.6,43.9,10.6,192.5,16.5,7,,2024-04-13T06:08:15,2024-04-13T19:54:45,0.15,Partially cloudy,Clearing in the afternoon.,partly-cloudy-day,"03769099999,F6665,03781099999,03672099999,03772099999,03770099999",London
London,2024-04-14,58.4,49.4,53.6,58.4,44.7,53.3,39.0,59.5,0.0,0.0,0.0,,0.0,0.0,18.3,14.0,267.8,1022.4,32.0,12.3,167.2,14.6,6,,2024-04-14T06:06:05,2024-04-14T19:56:25,0.19,Partially cloudy,Partly cloudy throughout the day.,partly-cloudy-day,"F6665,03781099999,03672099999,03772099999,03770099999",London
London,2024-04-15,56.0,45.8,49.6,56.0,39.2,45.4,37.1,63.4,0.08,100.0,16.67,rain,0.0,0.0,42.5,28.2,267.7,1008.8,52.4,12.7,144.9,12.6,7,,2024-04-15T06:03:56,2024-04-15T19:58:06,0.25,"Rain, Partially cloudy",Partly cloudy throughout the day with rain.,rain,"03769099999,F6665,03781099999,03672099999,03772099999,03770099999",London
London,2024-04-16,55.7,46.5,50.4,55.7,40.0,47.6,38.7,64.9,0.017,100.0,12.5,rain,0.0,0.0,35.8,18.8,308.4,1012.3,78.8,12.8,116.5,10.0,5,,2024-04-16T06:01:48,2024-04-16T19:59:46,0.25,"Rain, Partially cloudy",Partly cloudy throughout the day with rain.,rain,"F6665,03781099999,03672099999,03772099999,03770099999",London
London,2024-04-17,53.9,42.0,47.5,53.9,36.8,44.5,34.9,63.7,0.0,0.0,0.0,,0.0,0.0,28.2,14.7,314.2,1015.8,49.3,13.1,174.5,15.0,6,,2024-04-17T05:59:41,2024-04-17T20:01:26,0.29,Partially cloudy,Partly cloudy throughout the day.,partly-cloudy-day,"03680099999,03781099999,03672099999,F6665,03772099999,03770099999",London
London,2024-04-18,58.2,41.6,49.6,58.2,37.1,47.3,35.2,60.4,0.008,100.0,4.17,rain,0.0,0.0,30.0,15.7,299.5,1021.1,50.7,12.6,214.7,18.5,9,,2024-04-18T05:57:34,2024-04-18T20:03:07,0.32,"Rain, Partially cloudy",Partly cloudy throughout the day with late afternoon rain.,rain,"03680099999,F6665,03781099999,03672099999,03772099999,03770099999",London
London,2024-04-19,59.1,47.0,51.3,59.1,41.3,49.5,42.6,73.0,0.204,100.0,16.67,rain,0.0,0.0,30.0,17.2,308.7,1017.8,80.1,11.5,130.0,11.2,9,,2024-04-19T05:55:28,2024-04-19T20:04:47,0.35,"Rain, Partially cloudy",Partly cloudy throughout the day with rain.,rain,"F6665,03781099999,03672099999,03768099999,03772099999,03770099999",London
London,2024-04-20,52.4,41.1,46.9,52.4,36.9,43.9,32.2,56.8,0.0,0.0,0.0,,0.0,0.0,21.9,13.9,9.5,1027.7,52.1,11.3,124.4,10.8,7,,2024-04-20T05:53:23,2024-04-20T20:06:27,0.38,Partially cloudy,Partly cloudy throughout the day.,partly-cloudy-day,"F6665,03781099999,03672099999,03772099999,03770099999",London
London,2024-04-21,53.9,42.0,47.5,53.9,36.4,44.6,34.0,60.1,0.0,0.0,0.0,,0.0,0.0,24.2,14.7,19.4,1029.7,57.4,11.0,147.0,12.7,9,,2024-04-21T05:51:19,2024-04-21T20:08:07,0.42,Partially cloudy,Partly cloudy throughout the day.,partly-cloudy-day,"F6665,03781099999,03672099999,03772099999,03770099999",London
London,2024-04-22,49.4,41.2,46.1,47.0,38.9,43.5,35.9,67.9,0.0,0.0,0.0,,0.0,0.0,15.0,9.3,351.3,1028.1,64.7,10.5,109.3,9.2,4,,2024-04-22T05:49:16,2024-04-22T20:09:47,0.45,Partially cloudy,Partly cloudy throughout the day.,partly-cloudy-day,"F6665,03781099999,03672099999,03772099999,03770099999",London
London,2024-04-23,52.4,43.1,46.9,52.4,40.3,45.0,39.0,74.7,0.016,100.0,8.33,rain,0.0,0.0,21.9,10.7,350.5,1022.8,84.8,9.2,69.0,6.1,3,,2024-04-23T05:47:14,2024-04-23T20:11:27,0.48,"Rain, Partially cloudy",Partly cloudy throughout the day with rain clearing later.,rain,"F6665,03781099999,03672099999,03772099999,03770099999",London
London,2024-04-24,50.6,43.9,46.8,50.6,39.8,43.4,31.8,56.7,0.0,0.0,0.0,,0.0,0.0,19.7,11.7,342.2,1016.7,68.8,12.4,115.6,9.9,8,,2024-04-24T05:45:13,2024-04-24T20:13:06,0.5,Partially cloudy,Partly cloudy throughout the day.,partly-cloudy-day,"D5621,F6665,03781099999,03672099999,03772099999,03770099999",London
London,2024-04-25,53.7,38.9,46.2,53.7,36.8,44.9,37.3,72.1,0.055,100.0,12.5,rain,0.0,0.0,19.7,11.4,267.2,1005.2,73.7,10.0,83.8,7.2,6,,2024-04-25T05:43:13,2024-04-25T20:14:46,0.55,"Rain, Partially cloudy",Partly cloudy throughout the day with rain.,rain,"D5621,03781099999,03672099999,03772099999,03770099999",London
London,2024-04-26,55.7,42.0,48.4,55.7,40.9,47.6,35.3,62.4,0.0,0.0,0.0,,0.0,0.0,14.8,8.6,89.3,1003.2,58.9,9.4,136.5,11.9,8,,2024-04-26T05:41:14,2024-04-26T20:16:25,0.59,Partially cloudy,Partly cloudy throughout the day.,partly-cloudy-day,"03680099999,D5621,03781099999,03672099999,03772099999,03770099999",London
London,2024-04-27,52.8,43.1,47.6,52.8,37.5,44.1,42.8,83.8,0.135,100.0,25.0,rain,0.0,0.0,19.7,11.7,60.3,1002.7,95.4,5.8,42.6,3.9,2,,2024-04-27T05:39:17,2024-04-27T20:18:05,0.62,"Rain, Overcast",Cloudy skies throughout the day with rain.,rain,"D5621,03781099999,03672099999,03772099999,03770099999",London
London,2024-04-28,54.6,45.2,48.6,54.6,38.6,45.0,42.5,80.9,0.67,100.0,50.0,rain,0.0,0.0,23.0,15.4,291.1,1004.0,83.1,8.3,45.7,3.9,2,,2024-04-28T05:37:20,2024-04-28T20:19:44,0.66,"Rain, Partially cloudy",Partly cloudy throughout the day with a chance of rain throughout the day.,rain,"D5621,03781099999,03672099999,03772099999,03770099999",London
London,2024-04-29,61.4,44.3,53.1,61.4,40.4,51.7,41.3,66.6,0.0,0.0,0.0,,0.0,0.0,30.0,19.4,194.3,1014.7,28.1,12.4,193.7,16.8,9,,2024-04-29T05:35:25,2024-04-29T20:21:22,0.69,Partially cloudy,Partly cloudy throughout the day.,partly-cloudy-day,"D5621,03781099999,03672099999,03772099999,03770099999",London
London,2024-04-30,66.8,45.6,56.8,66.8,42.8,56.2,44.8,65.9,0.0,0.0,0.0,,0.0,0.0,23.0,14.3,155.5,1011.2,17.9,12.7,138.1,12.0,7,,2024-04-30T05:33:31,2024-04-30T20:23:01,0.73,Clear,Clear conditions throughout the day.,clear-day,"EGWU,EGLL,D5621,03781099999,03672099999,EGLC,03772099999,03770099999",London
London,2024-05-01,66.9,51.0,58.5,66.9,51.0,58.5,52.4,81.3,0.08,100.0,25.0,rain,0.0,0.0,14.5,9.2,61.7,1007.3,79.3,4.6,91.7,8.0,4,,2024-05-01T05:31:39,2024-05-01T20:24:39,0.75,"Rain, Partially cloudy",Partly cloudy throughout the day with rain.,rain,"EGWU,EGLL,D5621,03781099999,03672099999,EGLC,03772099999,03770099999",London
London,2024-05-02,61.1,52.4,56.1,61.1,52.4,56.1,51.7,85.4,0.268,100.0,20.83,rain,0.0,0.0,24.2,14.1,307.5,1001.8,87.8,4.7,53.0,4.6,2,,2024-05-02T05:29:47,2024-05-02T20:26:17,0.8,"Rain, Partially cloudy",Partly cloudy throughout the day with rain.,rain,"D5621,03781099999,03672099999,03772099999,03770099999",London
London,2024-05-03,55.5,48.8,51.6,55.5,43.7,49.9,47.9,87.5,0.214,100.0,50.0,rain,0.0,0.0,23.0,15.0,251.2,1008.4,86.6,8.8,43.9,3.9,2,,2024-05-03T05:27:58,2024-05-03T20:27:54,0.83,"Rain, Partially cloudy",Partly cloudy throughout the day with a chance of rain throughout the day.,rain,"D5621,03781099999,03672099999,03772099999,03770099999",London
London,2024-05-04,62.0,47.6,54.8,62.0,44.8,54.2,45.5,72.6,0.0,0.0,0.0,,0.0,0.0,15.0,8.0,187.4,1010.6,53.3,10.8,85.5,7.4,4,,2024-05-04T05:26:09,2024-05-04T20:29:31,0.87,Partially cloudy,Partly cloudy throughout the day.,partly-cloudy-day,"03680099999,D5621,03781099999,03672099999,03772099999,03770099999",London
London,2024-05-05,63.6,44.9,55.0,63.6,44.8,54.9,46.4,75.4,0.0,0.0,0.0,,0.0,0.0,15.0,9.9,172.2,1007.7,37.9,12.5,153.8,13.3,8,,2024-05-05T05:24:22,2024-05-05T20:31:08,0.91,Partially cloudy,Becoming cloudy in the afternoon.,partly-cloudy-day,"D5621,03781099999,03672099999,03772099999,03770099999",London
London,2024-05-06,58.7,48.5,54.4,58.7,48.5,54.4,51.4,89.8,0.291,100.0,29.17,rain,0.0,0.0,16.1,7.0,26.2,1007.9,78.2,6.0,48.0,4.2,2,,2024-05-06T05:22:37,2024-05-06T20:32:44,0.94,"Rain, Partially cloudy",Partly cloudy throughout the day with rain.,rain,"D5621,03781099999,03672099999,03772099999,03770099999",London
London,2024-05-07,67.7,50.6,59.1,67.7,50.6,59.1,49.3,71.7,0.039,100.0,12.5,rain,0.0,0.0,16.8,9.7,24.2,1020.8,31.1,8.3,197.7,17.1,8,,2024-05-07T05:20:54,2024-05-07T20:34:20,0.98,"Rain, Partially cloudy",Partly cloudy throughout the day with early morning rain.,rain,"EGWU,EGLL,D5621,03768399999,03781099999,03672099999,03768099999,EGLC,03658099999,03772099999,03770099999",London
London,2024-05-08,69.2,49.4,58.8,69.2,49.4,58.8,49.0,72.4,0.0,0.0,0.0,,0.0,0.0,12.8,8.9,101.6,1028.6,36.9,6.9,179.0,15.4,8,,2024-05-08T05:19:12,2024-05-08T20:35:55,0.0,Partially cloudy,Clearing in the afternoon.,partly-cloudy-day,"EGWU,03769099999,EGLL,03768399999,03781099999,03672099999,03768099999,03684099999,03772099999,03680099999,D5621,03761099999,EGLC,03770099999",London
London,2024-05-09,74.6,51.2,62.7,74.6,51.2,62.7,50.2,66.7,0.0,0.0,0.0,,0.0,0.0,12.8,8.3,236.3,1026.5,17.2,8.5,193.2,16.8,8,,2024-05-09T05:17:31,2024-05-09T20:37:30,0.04,Clear,Clear conditions throughout the day.,clear-day,"D5621,03781099999,03672099999,03772099999,03770099999",London
London,2024-05-10,75.3,52.4,63.6,75.3,52.4,63.6,50.6,65.0,0.0,0.0,0.0,,0.0,0.0,17.2,10.8,97.9,1023.4,1.6,11.4,198.4,17.3,8,,2024-05-10T05:15:53,2024-05-10T20:39:03,0.08,Clear,Clear conditions throughout the day.,clear-day,"03680099999,D5621,03781099999,03672099999,03772099999,03770099999",London
London,2024-05-11,72.8,52.8,61.3,72.8,52.8,61.3,51.8,72.5,0.0,0.0,0.0,,0.0,0.0,21.7,14.5,87.2,1020.6,12.3,6.1,161.0,13.8,7,,2024-05-11T05:14:16,2024-05-11T20:40:37,0.11,Clear,Clear conditions throughout the day.,clear-day,"03680099999,D5621,03781099999,03672099999,03772099999,03770099999",London
London,2024-05-12,77.3,55.1,66.6,77.3,55.1,66.6,52.5,62.9,0.0,0.0,0.0,,0.0,0.0,16.1,9.9,132.8,1012.7,9.0,9.9,196.0,16.8,8,,2024-05-12T05:12:41,2024-05-12T20:42:09,0.14,Clear,Clear conditions throughout the day.,clear-day,"D5621,03781099999,03672099999,03772099999,03770099999",London
London,2024-05-13,64.1,54.6,60.4,64.1,54.6,60.4,51.8,73.4,0.0,0.0,0.0,,0.0,0.0,23.0,13.8,184.6,1007.2,85.8,8.4,71.5,6.2,2,,2024-05-13T05:11:08,2024-05-13T20:43:41,0.17,Partially cloudy,Partly cloudy throughout the day.,partly-cloudy-day,"D5621,03781099999,03672099999,03772099999,03770099999",London
London,2024-05-14,62.9,57.8,60.2,62.9,57.8,60.2,53.1,77.8,0.141,100.0,25.0,rain,0.0,0.0,18.3,12.8,152.6,1001.1,82.1,8.8,76.1,6.5,4,,2024-05-14T05:09:37,2024-05-14T20:45:11,0.2,"Rain, Partially cloudy",Partly cloudy throughout the day with rain clearing later.,rain,"D5621,03781099999,03672099999,03772099999,03770099999",London
London,2024-05-15,69.5,56.6,62.1,69.5,56.6,62.1,50.9,69.7,0.032,100.0,8.33,rain,0.0,0.0,13.9,9.9,148.0,1004.2,49.3,10.7,118.8,10.3,9,,2024-05-15T05:08:08,2024-05-15T20:46:41,0.25,"Rain, Partially cloudy",Partly cloudy throughout the day with early morning rain.,rain,"D5621,03781099999,03672099999,03772099999,03770099999",London
London,2024-05-16,61.8,54.2,57.6,61.8,54.2,57.6,54.3,89.2,0.399,100.0,16.67,rain,0.0,0.0,12.1,6.9,221.6,1005.2,57.3,8.7,74.5,6.5,3,,2024-05-16T05:06:41,2024-05-16T20:48:10,0.27,"Rain, Partially cloudy",Partly cloudy throughout the day with rain.,rain,"03680099999,D5621,03781099999,03672099999,03772099999,03770099999",London
London,2024-05-17,70.9,50.1,61.5,70.9,50.1,61.5,50.6,70.4,0.0,0.0,0.0,,0.0,0.0,11.4,5.9,179.9,1009.2,36.4,13.1,177.8,15.5,10,,2024-05-17T05:05:17,2024-05-17T20:49:38,0.3,Partially cloudy,Partly cloudy throughout the day.,partly-cloudy-day,"03680099999,D5621,03781099999,03672099999,03772099999,03770099999",London
London,2024-05-18,68.3,56.0,60.4,68.3,56.0,60.4,53.3,78.1,0.008,100.0,4.17,rain,0.0,0.0,12.8,7.8,19.7,1012.8,64.7,8.3,76.1,6.7,3,,2024-05-18T05:03:54,2024-05-18T20:51:05,0.33,"Rain, Partially cloudy",Partly cloudy throughout the day with morning rain.,rain,"D5621,03781099999,03672099999,03772099999,03770099999",London
London,2024-05-19,73.5,53.3,62.6,73.5,53.3,62.6,49.2,63.5,0.0,0.0,0.0,,0.0,0.0,17.2,11.5,41.8,1013.8,40.5,9.3,225.0,19.3,9,,2024-05-19T05:02:33,2024-05-19T20:52:30,0.37,Partially cloudy,Clearing in the afternoon.,partly-cloudy-day,"D5621,03781099999,03672099999,03772099999,03770099999",London
London,2024-05-20,70.1,50.3,60.2,70.1,50.3,60.2,48.4,67.1,0.0,0.0,0.0,,0.0,0.0,19.0,8.9,37.4,1013.6,14.4,7.9,217.3,18.7,8,,2024-05-20T05:01:15,2024-05-20T20:53:55,0.4,Clear,Clear conditions throughout the day.,clear-day,"03680099999,D5621,03781099999,03672099999,03772099999,03770099999",London
London,2024-05-21,58.7,53.9,56.4,58.7,53.9,56.4,52.5,87.1,0.557,100.0,41.67,rain,0.0,0.0,12.8,8.1,0.9,1009.6,88.5,5.5,28.5,2.4,1,,2024-05-21T04:59:59,2024-05-21T20:55:18,0.43,"Rain, Partially cloudy",Partly cloudy throughout the day with rain.,rain,"D5621,03781099999,03672099999,03772099999,03770099999",London
London,2024-05-22,58.7,55.7,57.3,58.7,55.7,57.3,55.6,94.0,0.441,100.0,70.83,rain,0.0,0.0,23.0,14.6,254.5,1006.9,89.7,5.3,50.4,4.3,2,,2024-05-22T04:58:45,2024-05-22T20:56:40,0.46,"Rain, Partially cloudy",Partly cloudy throughout the day with a chance of rain throughout the day.,rain,"D5621,03781099999,03672099999,03772099999,03770099999",London
London,2024-05-23,65.0,53.3,58.4,65.0,53.3,58.4,49.2,73.0,0.0,0.0,0.0,,0.0,0.0,19.7,14.0,260.7,1013.1,73.6,10.9,116.1,10.2,8,,2024-05-23T04:57:34,2024-05-23T20:58:00,0.5,Partially cloudy,Partly cloudy throughout the day.,partly-cloudy-day,"03680099999,D5621,03781099999,03672099999,03772099999,03770099999",London
London,2024-05-24,65.4,49.7,58.2,65.4,46.9,58.0,45.3,63.6,0.0,0.0,0.0,,0.0,0.0,12.8,9.3,265.3,1018.2,59.7,11.7,168.4,14.5,10,,2024-05-24T04:56:25,2024-05-24T20:59:19,0.53,Partially cloudy,Partly cloudy throughout the day.,partly-cloudy-day,"D5621,03781099999,03672099999,03772099999,03770099999",London
London,2024-05-25,70.1,49.4,60.3,70.1,48.9,60.3,47.0,64.1,0.0,0.0,0.0,,0.0,0.0,12.8,9.9,179.6,1016.6,33.2,11.6,194.8,16.9,10,,2024-05-25T04:55:19,2024-05-25T21:00:37,0.57,Partially cloudy,Partly cloudy throughout the day.,partly-cloudy-day,"D5621,03781099999,03672099999,03772099999,03770099999",London
London,2024-05-26,67.2,54.6,60.2,67.2,54.6,60.2,51.5,74.4,0.22,100.0,33.33,rain,0.0,0.0,26.6,17.9,213.8,1011.6,75.1,9.1,168.0,14.4,10,,2024-05-26T04:54:15,2024-05-26T21:01:52,0.6,"Rain, Partially cloudy",Partly cloudy throughout the day with rain.,rain,"03680099999,D5621,03781099999,03672099999,03761099999,EGLC,03658099999,03772099999,03770099999",London
London,2024-05-27,62.0,53.0,56.9,62.0,53.0,56.9,47.9,72.8,0.008,100.0,4.17,rain,0.0,0.0,26.4,16.2,231.4,1014.9,59.9,10.4,136.2,11.8,8,,2024-05-27T04:53:14,2024-05-27T21:03:06,0.64,"Rain, Partially cloudy",Partly cloudy throughout the day with afternoon rain.,rain,"D5621,03781099999,03672099999,03772099999,03770099999",London
London,2024-05-28,63.6,51.2,57.7,63.6,51.2,57.7,53.9,87.4,0.071,100.0,16.67,rain,0.0,0.0,28.9,17.0,211.4,1012.5,85.1,6.4,62.3,5.3,3,,2024-05-28T04:52:15,2024-05-28T21:04:19,0.67,"Rain, Partially cloudy",Partly cloudy throughout the day with rain.,rain,"D5621,03781099999,03672099999,03772099999,03770099999",London
London,2024-05-29,69.1,56.6,61.7,69.1,56.6,61.7,50.7,68.8,0.008,100.0,4.17,rain,0.0,0.0,24.4,15.3,268.2,1008.8,69.2,11.4,147.8,12.8,9,,2024-05-29T04:51:19,2024-05-29T21:05:29,0.71,"Rain, Partially cloudy",Partly cloudy throughout the day with early morning rain.,rain,"03680099999,D5621,03781099999,03672099999,03772099999,03770099999",London
London,2024-05-30,66.3,56.0,59.3,66.3,56.0,59.3,49.4,70.0,0.008,100.0,4.17,rain,0.0,0.0,23.0,14.8,312.8,1010.3,82.5,12.6,105.3,9.0,9,,2024-05-30T04:50:26,2024-05-30T21:06:38,0.75,"Rain, Partially cloudy",Partly cloudy throughout the day with late afternoon rain.,rain,"D5621,03781099999,03672099999,03772099999,03770099999",London
London,2024-05-31,57.8,54.8,56.6,57.8,54.8,56.6,48.4,74.3,0.0,0.0,0.0,,0.0,0.0,27.7,15.9,348.4,1018.6,91.3,10.3,39.6,3.3,1,,2024-05-31T04:49:36,2024-05-31T21:07:44,0.78,Overcast,Cloudy skies throughout the day.,cloudy,"D5621,03781099999,03672099999,03772099999,03770099999",London
London,2024-06-01,62.0,50.6,56.1,62.0,50.6,56.1,46.9,71.5,0.0,0.0,0.0,,0.0,0.0,30.9,14.8,9.0,1025.1,82.1,9.7,112.5,10.0,6,,2024-06-01T04:48:48,2024-06-01T21:08:49,0.82,Partially cloudy,Partly cloudy throughout the day.,partly-cloudy-day,"03680099999,D5621,03781099999,03672099999,03772099999,03770099999",London
London,2024-06-02,74.0,51.5,62.5,74.0,51.5,62.5,47.2,60.1,0.0,0.0,0.0,,0.0,0.0,19.7,10.7,3.7,1026.4,26.3,9.7,230.1,19.7,9,,2024-06-02T04:48:03,2024-06-02T21:09:51,0.85,Partially cloudy,Partly cloudy throughout the day.,partly-cloudy-day,"D5621,03781099999,03672099999,03772099999,03770099999",London
London,2024-06-03,68.3,54.8,62.8,68.3,54.8,62.8,52.4,69.4,0.0,0.0,0.0,,0.0,0.0,15.0,8.2,318.9,1021.3,66.0,10.6,108.5,9.4,3,,2024-06-03T04:47:21,2024-06-03T21:10:52,0.89,Partially cloudy,Partly cloudy throughout the day.,partly-cloudy-day,"EGWU,EGLL,D5621,03781099999,03672099999,EGLC,03772099999,03770099999",London
London,2024-06-04,68.1,54.2,62.8,68.1,54.2,62.8,53.9,73.1,0.024,100.0,4.17,rain,0.0,0.0,27.7,15.6,249.0,1011.9,91.8,10.7,111.2,9.9,4,,2024-06-04T04:46:42,2024-06-04T21:11:50,0.93,"Rain, Overcast",Cloudy skies throughout the day with late afternoon rain.,rain,"D5621,03781099999,03672099999,03772099999,03770099999",London
London,2024-06-05,62.0,47.0,55.9,62.0,45.6,55.8,40.9,59.9,0.0,0.0,0.0,,0.0,0.0,20.8,13.6,279.2,1013.8,28.5,9.4,120.8,10.3,7,,2024-06-05T04:46:06,2024-06-05T21:12:46,0.96,Partially cloudy,Partly cloudy throughout the day.,partly-cloudy-day,"D5621,03781099999,03672099999,03772099999,03770099999",London
London,2024-06-06,64.5,50.6,58.1,64.5,50.6,58.1,43.4,59.2,0.0,0.0,0.0,,0.0,0.0,16.1,11.1,264.7,1016.9,43.7,8.8,130.0,11.1,7,,2024-06-06T04:45:33,2024-06-06T21:13:39,0.0,Partially cloudy,Partly cloudy throughout the day.,partly-cloudy-day,"D5621,03781099999,03672099999,03768099999,EGLC,03772099999,03770099999",London
London,2024-06-07,65.9,47.6,59.0,65.9,46.7,59.0,45.8,62.6,0.0,0.0,0.0,,0.0,0.0,18.3,13.6,255.1,1018.1,47.9,10.4,202.8,17.4,9,,2024-06-07T04:45:02,2024-06-07T21:14:30,0.03,Partially cloudy,Becoming cloudy in the afternoon.,partly-cloudy-day,"D5621,03781099999,03672099999,03772099999,03770099999",London
London,2024-06-08,65.9,51.9,59.2,65.9,51.9,59.2,45.9,63.0,0.0,0.0,0.0,,0.0,0.0,17.2,13.4,285.9,1013.4,40.5,12.7,124.4,10.5,8,,2024-06-08T04:44:35,2024-06-08T21:15:19,0.06,Partially cloudy,Partly cloudy throughout the day.,partly-cloudy-day,"03680099999,D5621,03781099999,03672099999,03772099999,03770099999",London
London,2024-06-09,61.4,45.7,56.4,61.4,45.6,56.2,42.5,60.2,0.0,0.0,0.0,,0.0,0.0,20.8,13.4,288.0,1013.0,49.1,12.0,101.2,8.7,6,,2024-06-09T04:44:11,2024-06-09T21:16:04,0.09,Partially cloudy,Partly cloudy throughout the day.,partly-cloudy-day,"03680099999,D5621,03781099999,03672099999,03772099999,03770099999",London
London,2024-06-10,61.4,47.9,54.5,61.4,47.9,54.5,46.8,76.0,0.22,100.0,29.17,rain,0.0,0.0,24.2,15.5,310.2,1010.9,74.8,11.9,98.5,8.5,7,,2024-06-10T04:43:50,2024-06-10T21:16:48,0.13,"Rain, Partially cloudy",Partly cloudy throughout the day with a chance of rain throughout the day.,rain,"D5621,03781099999,03672099999,03772099999,03770099999",London
London,2024-06-11,61.4,45.8,53.8,61.4,43.8,53.2,43.3,69.0,0.0,0.0,0.0,,0.0,0.0,16.1,11.1,318.9,1018.1,49.8,11.9,148.3,12.8,10,,2024-06-11T04:43:32,2024-06-11T21:17:28,0.16,Partially cloudy,Partly cloudy throughout the day.,partly-cloudy-day,"D5621,03781099999,03672099999,03772099999,03770099999",London
London,2024-06-12,62.7,47.9,55.6,62.7,47.9,55.6,43.0,64.1,0.0,0.0,0.0,,0.0,0.0,11.4,8.1,267.4,1020.6,52.3,10.6,62.2,5.2,3,,2024-06-12T04:43:17,2024-06-12T21:18:06,0.19,Partially cloudy,Partly cloudy throughout the day.,partly-cloudy-day,"D5621,03781099999,03672099999,03772099999,03770099999",London
London,2024-06-13,62.0,47.0,55.4,62.0,46.3,55.2,45.1,69.6,0.008,100.0,4.17,rain,0.0,0.0,36.9,17.0,196.7,1013.2,53.6,10.0,98.5,8.7,4,,2024-06-13T04:43:05,2024-06-13T21:18:42,0.22,"Rain, Partially cloudy",Partly cloudy throughout the day with late afternoon rain.,rain,"D5621,03781099999,03672099999,03772099999,03770099999",London
London,2024-06-14,66.8,53.7,59.6,66.8,53.7,59.6,50.0,72.1,0.04,100.0,12.5,rain,0.0,0.0,27.7,19.3,212.4,1001.1,80.2,8.6,117.4,10.1,9,,2024-06-14T04:42:56,2024-06-14T21:19:14,0.25,"Rain, Partially cloudy",Partly cloudy throughout the day with rain.,rain,"D5621,03781099999,03672099999,03768099999,EGLC,03772099999,03770099999",London
London,2024-06-15,64.6,50.3,56.7,64.6,50.3,56.7,49.6,77.8,0.221,100.0,25.0,rain,0.0,0.0,27.7,18.7,229.5,999.1,76.3,9.4,112.3,9.6,7,,2024-06-15T04:42:50,2024-06-15T21:19:43,0.29,"Rain, Partially cloudy",Partly cloudy throughout the day with a chance of rain throughout the day.,rain,"D5621,03781099999,03672099999,03772099999,03770099999",London
London,2024-06-16,69.0,52.4,60.7,69.0,52.4,60.7,48.3,65.6,0.0,0.0,0.0,,0.0,0.0,21.9,14.6,235.9,1002.2,53.5,10.2,142.8,12.2,9,,2024-06-16T04:42:47,2024-06-16T21:20:10,0.32,Partially cloudy,Partly cloudy throughout the day.,partly-cloudy-day,"D5621,03781099999,03672099999,03772099999,03770099999",London
London,2024-06-17,71.9,52.1,62.6,71.9,52.1,62.6,48.1,61.7,0.0,0.0,0.0,,0.0,0.0,19.2,10.7,236.0,1009.6,24.3,11.8,244.8,21.2,10,,2024-06-17T04:42:47,2024-06-17T21:20:34,0.35,Partially cloudy,Partly cloudy throughout the day.,partly-cloudy-day,"03680099999,D5621,03781099999,03672099999,03772099999,03770099999",London
London,2024-06-18,72.2,55.5,63.9,72.2,55.5,63.9,50.8,63.8,0.0,0.0,0.0,,0.0,0.0,15.0,10.6,16.0,1014.0,30.7,11.8,159.0,13.8,9,,2024-06-18T04:42:51,2024-06-18T21:20:54,0.38,Partially cloudy,Partly cloudy throughout the day.,partly-cloudy-day,"D5621,03781099999,03672099999,03772099999,03770099999",London
London,2024-06-19,69.5,55.7,61.3,69.5,55.7,61.3,49.0,65.5,0.0,0.0,0.0,,0.0,0.0,18.3,11.6,54.0,1020.5,52.2,10.9,175.5,15.2,8,,2024-06-19T04:42:57,2024-06-19T21:21:12,0.42,Partially cloudy,Partly cloudy throughout the day.,partly-cloudy-day,"03680099999,D5621,03781099999,03672099999,03772099999,03770099999",London
London,2024-06-20,72.6,52.8,62.6,72.6,52.8,62.6,47.6,60.1,0.0,0.0,0.0,,0.0,0.0,13.9,8.8,58.3,1019.9,2.0,11.5,218.8,18.8,8,,2024-06-20T04:43:06,2024-06-20T21:21:27,0.45,Clear,Clear conditions throughout the day.,clear-day,"03680099999,D5621,03781099999,03672099999,03768099999,EGLC,03772099999,03770099999",London
London,2024-06-21,74.9,52.1,64.9,74.9,52.1,64.9,50.5,63.1,0.0,0.0,0.0,,0.0,0.0,25.3,17.2,235.9,1013.5,18.2,12.0,238.8,20.6,9,,2024-06-21T04:43:19,2024-06-21T21:21:38,0.48,Clear,Clear conditions throughout the day.,clear-day,"03769099999,D5621,03781099999,03672099999,03772099999,03770099999",London
London,2024-06-22,72.6,57.8,64.0,72.6,57.8,64.0,52.5,68.2,0.0,0.0,0.0,,0.0,0.0,19.7,12.2,257.7,1012.7,67.2,10.6,81.3,7.0,3,,2024-06-22T04:43:34,2024-06-22T21:21:47,0.5,Partially cloudy,Partly cloudy throughout the day.,partly-cloudy-day,"D5621,03781099999,03672099999,03772099999,03770099999",London
London,2024-06-23,74.4,53.7,66.0,74.4,53.7,66.0,53.1,64.4,0.0,0.0,0.0,,0.0,0.0,13.9,8.7,252.7,1019.2,40.4,12.1,206.0,17.5,9,,2024-06-23T04:43:52,2024-06-23T21:21:52,0.55,Partially cloudy,Becoming cloudy in the afternoon.,partly-cloudy-day,"D5621,03781099999,03672099999,03772099999,03770099999",London
London,2024-06-24,81.2,60.5,71.8,81.4,60.5,71.8,58.4,64.8,0.0,0.0,0.0,,0.0,0.0,11.4,6.8,202.4,1019.0,50.4,12.3,185.9,16.1,9,,2024-06-24T04:44:14,2024-06-24T21:21:54,0.59,Partially cloudy,Partly cloudy throughout the day.,partly-cloudy-day,"03680099999,D5621,03781099999,03672099999,03772099999,03770099999",London
London,2024-06-25,83.5,58.4,72.1,83.2,58.4,72.0,56.1,59.5,0.0,0.0,0.0,,0.0,0.0,10.3,8.3,85.3,1015.6,6.7,11.7,201.1,17.5,9,,2024-06-25T04:44:38,2024-06-25T21:21:54,0.62,Clear,Clear conditions throughout the day.,clear-day,"D5621,03781099999,03672099999,03772099999,03770099999",London
London,2024-06-26,83.0,63.6,73.6,83.0,63.6,73.6,57.5,58.6,0.0,0.0,0.0,,0.0,0.0,15.0,10.1,152.0,1011.9,6.2,9.3,216.7,18.6,8,,2024-06-26T04:45:05,2024-06-26T21:21:50,0.66,Clear,Clear conditions throughout the day.,clear-day,"03680099999,D5621,03768399999,03781099999,03672099999,EGLC,03772099999,03770099999",London
London,2024-06-27,74.6,60.5,68.7,74.6,60.5,68.7,54.0,60.5,0.0,0.0,0.0,,0.0,0.0,24.2,17.8,255.2,1008.9,30.7,9.9,171.8,15.0,9,,2024-06-27T04:45:35,2024-06-27T21:21:43,0.69,Partially cloudy,Partly cloudy throughout the day.,partly-cloudy-day,"D5621,03781099999,03672099999,03772099999,03770099999",London
London,2024-06-28,68.3,55.1,62.1,68.3,55.1,62.1,47.5,59.5,0.0,0.0,0.0,,0.0,0.0,25.3,15.7,251.4,1015.5,43.9,11.4,90.6,7.7,4,,2024-06-28T04:46:07,2024-06-28T21:21:33,0.75,Partially cloudy,Partly cloudy throughout the day.,partly-cloudy-day,"D5621,03781099999,03672099999,03772099999,03770099999",London
London,2024-06-29,75.8,53.0,65.5,75.8,53.0,65.5,46.2,52.6,0.0,0.0,0.0,,0.0,0.0,12.8,6.6,275.0,1013.9,4.8,11.2,233.7,20.2,9,,2024-06-29T04:46:43,2024-06-29T21:21:19,0.77,Clear,Clear conditions throughout the day.,clear-day,"D5621,03781099999,03672099999,03772099999,03770099999",London
London,2024-06-30,67.7,58.4,63.6,67.7,58.4,63.6,50.9,64.1,0.008,100.0,4.17,rain,0.0,0.0,16.1,10.6,328.7,1012.9,79.8,11.9,142.1,12.3,10,,2024-06-30T04:47:21,2024-06-30T21:21:03,0.8,"Rain, Partially cloudy",Partly cloudy throughout the day with afternoon rain.,rain,"D5621,03781099999,03672099999,F6665,03772099999,03770099999",London
London,2024-07-01,67.4,57.3,62.4,67.4,57.3,62.4,49.1,62.1,0.0,0.0,0.0,,0.0,0.0,19.7,13.9,295.9,1017.7,79.0,12.3,130.0,11.2,4,,2024-07-01T04:48:01,2024-07-01T21:20:43,0.84,Partially cloudy,Partly cloudy throughout the day.,partly-cloudy-day,"03680099999,F6665,03781099999,03672099999,03772099999,03770099999",London
London,2024-07-02,66.3,56.4,60.3,66.3,56.4,60.3,49.7,68.7,0.008,100.0,4.17,rain,0.0,0.0,19.7,11.6,319.4,1017.9,73.3,10.2,84.0,7.2,3,,2024-07-02T04:48:44,2024-07-02T21:20:21,0.87,"Rain, Partially cloudy",Partly cloudy throughout the day with afternoon rain.,rain,"D5621,F6665,03781099999,03672099999,03772099999,03770099999",London
London,2024-07-03,67.2,55.1,60.8,67.2,55.1,60.8,52.8,75.4,0.032,100.0,12.5,rain,0.0,0.0,21.9,15.0,233.3,1009.3,80.4,9.5,72.9,6.5,4,,2024-07-03T04:49:30,2024-07-03T21:19:55,0.91,"Rain, Partially cloudy",Partly cloudy throughout the day with rain clearing later.,rain,"D5621,03781099999,03672099999,03772099999,03770099999",London
London,2024-07-04,69.5,54.6,62.3,69.5,54.6,62.3,45.5,56.7,0.0,0.0,0.0,,0.0,0.0,34.9,21.9,270.3,1009.0,28.6,10.9,198.5,17.1,9,,2024-07-04T04:50:18,2024-07-04T21:19:26,0.95,Partially cloudy,Partly cloudy throughout the day.,partly-cloudy-day,"03680099999,D5621,03781099999,03672099999,03772099999,03770099999",London
London,2024-07-05,69.2,55.7,62.0,69.2,55.7,62.0,56.0,81.6,0.442,100.0,41.67,rain,0.0,0.0,27.7,13.6,224.3,1006.1,93.5,7.1,55.2,4.9,3,,2024-07-05T04:51:09,2024-07-05T21:18:55,0.0,"Rain, Overcast",Cloudy skies throughout the day with rain.,rain,"D5621,03781099999,03672099999,03772099999,03770099999",London
London,2024-07-06,63.8,53.0,58.4,63.8,53.0,58.4,51.8,80.1,0.386,100.0,37.5,rain,0.0,0.0,38.3,21.4,271.8,1002.0,70.9,13.2,77.5,6.8,3,,2024-07-06T04:52:02,2024-07-06T21:18:20,0.02,"Rain, Partially cloudy",Partly cloudy throughout the day with a chance of rain throughout the day.,rain,"03680099999,D5621,03781099999,03672099999,03772099999,03770099999",London
London,2024-07-07,63.2,52.4,57.9,63.2,52.4,57.9,50.2,75.9,0.206,100.0,12.5,rain,0.0,0.0,23.9,14.2,224.2,1009.7,46.4,10.4,108.8,9.4,5,,2024-07-07T04:52:57,2024-07-07T21:17:42,0.05,"Rain, Partially cloudy",Partly cloudy throughout the day with rain.,rain,"03680099999,D5621,03781099999,03672099999,03772099999,03770099999",London
London,2024-07-08,66.8,51.5,59.5,66.8,51.5,59.5,52.8,79.7,0.064,100.0,12.5,rain,0.0,0.0,15.0,9.3,171.7,1014.8,58.6,9.2,102.5,8.9,6,,2024-07-08T04:53:54,2024-07-08T21:17:02,0.08,"Rain, Partially cloudy",Partly cloudy throughout the day with late afternoon rain.,rain,"D5621,03781099999,03672099999,03772099999,03770099999",London
London,2024-07-09,66.5,58.4,62.9,66.5,58.4,62.9,60.5,91.9,0.412,100.0,50.0,rain,0.0,0.0,21.9,12.7,167.1,1010.3,95.0,6.6,46.1,3.9,2,,2024-07-09T04:54:54,2024-07-09T21:16:18,0.11,"Rain, Overcast",Cloudy skies throughout the day with a chance of rain throughout the day.,rain,"D5621,03781099999,03672099999,03772099999,03770099999",London
London,2024-07-10,70.4,60.5,64.6,70.4,60.5,64.6,55.6,73.4,0.0,0.0,0.0,,0.0,0.0,31.1,16.0,226.9,1012.1,84.6,12.2,86.5,7.3,3,,2024-07-10T04:55:55,2024-07-10T21:15:32,0.15,Partially cloudy,Partly cloudy throughout the day.,partly-cloudy-day,"03680099999,D5621,03781099999,03672099999,03772099999,03770099999",London
London,2024-07-11,73.6,55.5,65.0,73.6,55.5,65.0,51.7,65.0,0.313,100.0,8.33,rain,0.0,0.0,18.3,11.1,279.3,1016.8,44.6,12.3,256.8,22.3,9,,2024-07-11T04:56:59,2024-07-11T21:14:43,0.18,"Rain, Partially cloudy",Partly cloudy throughout the day with late afternoon rain.,rain,"03680099999,D5621,03781099999,03672099999,03772099999,03770099999",London
London,2024-07-12,65.6,56.6,60.4,65.6,56.6,60.4,50.6,71.3,0.031,100.0,8.33,rain,0.0,0.0,18.8,10.9,26.8,1016.6,89.2,9.4,112.8,9.9,5,,2024-07-12T04:58:04,2024-07-12T21:13:51,0.21,"Rain, Partially cloudy",Partly cloudy throughout the day with early morning rain.,rain,"03769099999,03680099999,D5621,03781099999,03672099999,03768099999,EGLC,03772099999,03770099999",London
London,2024-07-13,67.4,55.7,60.8,67.4,55.7,60.8,48.7,65.1,0.0,0.0,0.0,,0.0,0.0,15.9,9.2,288.6,1013.9,71.1,11.4,106.0,9.2,5,,2024-07-13T04:59:11,2024-07-13T21:12:56,0.25,Partially cloudy,Partly cloudy throughout the day.,partly-cloudy-day,"EGWU,03769099999,EGLL,03768399999,03768099999,03781099999,03672099999,03658099999,03772099999,03680099999,D5621,03761099999,EGLC,03770099999",London
London,2024-07-14,71.0,54.2,63.3,71.0,54.2,63.3,51.4,67.4,0.0,0.0,0.0,,0.0,0.0,19.5,10.8,237.2,1011.8,30.2,10.8,139.0,12.1,7,,2024-07-14T05:00:21,2024-07-14T21:11:58,0.27,Partially cloudy,Partly cloudy throughout the day.,partly-cloudy-day,"03769099999,EGWU,EGLL,03768399999,03781099999,03672099999,03768099999,03684099999,03658099999,03772099999,03693099999,03680099999,D5621,03761099999,EGLC,03770099999",London
London,2024-07-15,70.8,52.8,63.0,70.8,52.8,63.0,55.6,78.4,0.709,100.0,20.83,rain,0.0,0.0,18.3,10.3,139.4,1008.2,48.9,9.7,77.6,6.6,3,,2024-07-15T05:01:31,2024-07-15T21:10:58,0.31,"Rain, Partially cloudy",Partly cloudy throughout the day with late afternoon rain.,rain,"03769099999,03680099999,D5621,03781099999,03672099999,03772099999,03770099999",London
London,2024-07-16,69.5,57.8,63.9,69.5,57.8,63.9,57.2,79.8,0.016,100.0,4.17,rain,0.0,0.0,20.8,13.8,255.9,1009.2,76.5,11.6,150.6,13.1,7,,2024-07-16T05:02:44,2024-07-16T21:09:55,0.34,"Rain, Partially cloudy",Partly cloudy throughout the day with early morning rain.,rain,"D5621,03781099999,03672099999,03772099999,03770099999",London
London,2024-07-17,75.5,56.9,66.4,75.5,56.9,66.4,54.9,68.6,0.0,0.0,0.0,,0.0,0.0,15.0,9.9,247.2,1019.7,22.9,11.1,150.7,13.0,8,,2024-07-17T05:03:58,2024-07-17T21:08:50,0.37,Partially cloudy,Partly cloudy throughout the day.,partly-cloudy-day,"D5621,03781099999,03672099999,03772099999,03770099999",London
London,2024-07-18,81.6,57.5,69.9,81.1,57.5,69.8,56.0,64.2,0.0,0.0,0.0,,0.0,0.0,19.7,10.7,181.0,1020.2,21.7,11.9,219.3,18.9,8,,2024-07-18T05:05:13,2024-07-18T21:07:42,0.4,Partially cloudy,Partly cloudy throughout the day.,partly-cloudy-day,"03680099999,D5621,03781099999,03672099999,F6665,03772099999,03770099999",London
London,2024-07-19,87.5,61.1,75.2,86.5,61.1,75.1,58.9,60.2,0.0,0.0,0.0,,0.0,0.0,17.2,11.4,174.7,1016.0,2.5,11.7,176.8,15.5,8,,2024-07-19T05:06:30,2024-07-19T21:06:32,0.44,Clear,Clear conditions throughout the day.,clear-day,"D5621,03781099999,03672099999,03772099999,03770099999",London
London,2024-07-20,74.6,62.9,68.9,74.6,62.9,68.9,61.0,76.5,0.0,0.0,0.0,,0.0,0.0,19.7,11.0,218.7,1008.4,69.7,10.0,124.2,10.7,8,,2024-07-20T05:07:49,2024-07-20T21:05:19,0.47,Partially cloudy,Partly cloudy throughout the day.,partly-cloudy-day,"EGWU,03769099999,EGLL,03768399999,03781099999,03672099999,03768099999,03658099999,03772099999,03876099999,03680099999,D5621,03761099999,EGLC,03770099999",London
London,2024-07-21,73.7,63.6,68.4,73.7,63.6,68.4,57.3,69.5,0.039,100.0,8.33,rain,0.0,0.0,17.2,11.2,284.5,1010.0,76.2,11.5,122.2,10.5,5,,2024-07-21T05:09:08,2024-07-21T21:04:04,0.5,"Rain, Partially cloudy",Partly cloudy throughout the day with early morning rain.,rain,"D5621,03781099999,03672099999,03768099999,03772099999,03770099999",London
London,2024-07-22,74.9,58.4,66.3,74.9,58.4,66.3,57.3,73.0,0.0,0.0,0.0,,0.0,0.0,31.1,17.1,214.4,1014.5,58.2,10.4,83.9,7.2,4,,2024-07-22T05:10:29,2024-07-22T21:02:46,0.54,Partially cloudy,Partly cloudy throughout the day.,partly-cloudy-day,"03680099999,D5621,03781099999,03672099999,03772099999,03770099999",London
London,2024-07-23,73.1,62.7,67.7,73.1,62.7,67.7,58.4,73.2,0.008,100.0,4.17,rain,0.0,0.0,17.2,11.8,280.7,1017.5,85.3,10.1,93.3,8.2,3,,2024-07-23T05:11:51,2024-07-23T21:01:26,0.57,"Rain, Partially cloudy",Partly cloudy throughout the day with morning rain.,rain,"D5621,03768399999,03781099999,03672099999,03768099999,EGLC,03772099999,03770099999",London
London,2024-07-24,76.4,61.4,68.1,76.4,61.4,68.1,58.0,71.5,0.0,0.0,0.0,,0.0,0.0,23.7,15.0,202.8,1020.0,48.8,10.6,126.8,11.0,6,,2024-07-24T05:13:14,2024-07-24T21:00:04,0.61,Partially cloudy,Becoming cloudy in the afternoon.,partly-cloudy-day,"03680099999,D5621,03781099999,03672099999,03772099999,03770099999",London
London,2024-07-25,68.3,61.1,64.4,68.3,61.1,64.4,60.0,85.9,0.008,100.0,4.17,rain,0.0,0.0,24.2,13.2,214.4,1011.6,96.8,7.0,53.8,4.7,2,,2024-07-25T05:14:39,2024-07-25T20:58:40,0.64,"Rain, Overcast",Cloudy skies throughout the day with late afternoon rain.,rain,"D5621,03781099999,03672099999,03772099999,03770099999",London
London,2024-07-26,72.7,56.9,65.4,72.7,56.9,65.4,54.2,69.0,0.0,0.0,0.0,,0.0,0.0,16.1,10.9,248.5,1010.7,29.5,10.4,165.7,14.1,8,,2024-07-26T05:16:04,2024-07-26T20:57:14,0.68,Partially cloudy,Partly cloudy throughout the day.,partly-cloudy-day,"D5621,03781099999,03672099999,03772099999,03770099999",London
London,2024-07-27,75.8,54.8,65.4,75.8,54.8,65.4,51.3,63.4,0.0,0.0,0.0,,0.0,0.0,17.4,11.4,289.6,1014.7,21.4,11.7,195.1,16.6,9,,2024-07-27T05:17:30,2024-07-27T20:55:45,0.71,Partially cloudy,Partly cloudy throughout the day.,partly-cloudy-day,"03680099999,D5621,03781099999,03672099999,03772099999,03770099999",London
London,2024-07-28,78.2,54.8,67.8,78.2,54.8,67.8,52.4,60.7,0.0,0.0,0.0,,0.0,0.0,11.4,7.6,206.2,1024.2,8.6,12.6,179.1,15.6,9,,2024-07-28T05:18:57,2024-07-28T20:54:15,0.75,Clear,Clear conditions throughout the day.,clear-day,"D5621,03781099999,03672099999,03772099999,03770099999",London
London,2024-07-29,83.9,59.3,71.5,82.5,59.3,71.3,54.4,57.4,0.0,0.0,0.0,,0.0,0.0,16.1,8.2,120.8,1020.8,1.6,12.5,165.3,14.5,8,,2024-07-29T05:20:25,2024-07-29T20:52:42,0.79,Clear,Clear conditions throughout the day.,clear-day,"03769099999,D5621,03781099999,03672099999,F6665,03772099999,03770099999",London
London,2024-07-30,88.4,63.2,75.1,87.3,63.2,74.9,58.2,58.4,0.0,0.0,0.0,,0.0,0.0,14.5,8.5,57.1,1016.5,3.0,9.2,171.8,14.9,8,,2024-07-30T05:21:53,2024-07-30T20:51:08,0.82,Clear,Clear conditions throughout the day.,clear-day,"03680099999,D5621,03781099999,03672099999,03768099999,03772099999,03770099999",London
London,2024-07-31,83.6,66.3,73.7,83.6,66.3,73.7,57.3,57.4,0.0,0.0,0.0,,0.0,0.0,21.5,12.2,79.3,1014.6,27.5,9.1,155.3,13.4,8,,2024-07-31T05:23:23,2024-07-31T20:49:31,0.86,Partially cloudy,Partly cloudy throughout the day.,partly-cloudy-day,"EGWU,03680099999,EGLL,D5621,03781099999,03672099999,EGLC,03772099999,03770099999",London
London,2024-08-01,82.7,65.6,72.3,84.5,65.6,72.5,61.4,69.9,0.04,100.0,4.17,rain,0.0,0.0,18.3,6.8,54.7,1012.6,46.0,8.1,128.1,11.1,6,,2024-08-01T05:24:53,2024-08-01T20:47:53,0.89,"Rain, Partially cloudy",Partly cloudy throughout the day with late afternoon rain.,rain,"03769099999,03680099999,D5621,03781099999,03672099999,03772099999,03770099999",London
London,2024-08-02,80.7,66.3,71.4,81.2,66.3,71.4,61.5,73.5,0.0,0.0,0.0,,0.0,0.0,16.1,12.8,245.6,1011.9,57.8,6.2,104.4,8.8,7,,2024-08-02T05:26:23,2024-08-02T20:46:13,0.93,Partially cloudy,Partly cloudy throughout the day.,partly-cloudy-day,"EGWU,03680099999,EGLL,D5621,03781099999,03672099999,EGLC,03772099999,03770099999",London
London,2024-08-03,74.9,64.7,69.7,74.9,64.7,69.7,56.3,64.4,0.0,0.0,0.0,,0.0,0.0,24.2,16.5,254.4,1011.4,56.7,9.8,119.2,10.4,8,,2024-08-03T05:27:54,2024-08-03T20:44:31,0.96,Partially cloudy,Partly cloudy throughout the day.,partly-cloudy-day,"EGWU,EGLL,D5621,03781099999,03672099999,EGLC,03772099999,03770099999",London
London,2024-08-04,74.9,56.6,65.3,74.9,56.6,65.3,50.2,58.9,0.0,0.0,0.0,,0.0,0.0,16.1,11.4,246.0,1015.2,20.9,10.7,119.8,10.2,7,,2024-08-04T05:29:26,2024-08-04T20:42:48,0.0,Partially cloudy,Becoming cloudy in the afternoon.,partly-cloudy-day,"D5621,03781099999,03672099999,F6665,03772099999,03770099999",London
London,2024-08-05,77.3,59.3,67.9,77.3,59.3,67.9,58.3,72.3,0.0,0.0,0.0,,0.0,0.0,21.9,13.8,215.0,1012.7,54.2,9.0,211.1,18.3,8,,2024-08-05T05:30:58,2024-08-05T20:41:03,0.03,Partially cloudy,Partly cloudy throughout the day.,partly-cloudy-day,"D5621,F6665,03781099999,03672099999,03772099999,03770099999",London
London,2024-08-06,72.2,61.1,67.0,72.2,61.1,67.0,58.9,75.8,0.025,100.0,12.5,rain,0.0,0.0,20.8,12.9,227.3,1009.6,67.7,8.9,87.9,7.7,5,,2024-08-06T05:32:31,2024-08-06T20:39:16,0.07,"Rain, Partially cloudy",Partly cloudy throughout the day with afternoon rain.,rain,"03680099999,D5621,03781099999,03672099999,03772099999,03770099999",London
London,2024-08-07,71.3,55.5,63.8,71.3,55.5,63.8,52.2,67.5,0.0,0.0,0.0,,0.0,0.0,21.9,14.9,237.4,1012.3,45.9,10.9,97.3,8.4,8,,2024-08-07T05:34:04,2024-08-07T20:37:28,0.1,Partially cloudy,Partly cloudy throughout the day.,partly-cloudy-day,"D5621,03781099999,03672099999,03772099999,03770099999",London
London,2024-08-08,69.9,56.9,64.3,69.9,56.9,64.3,56.8,77.3,0.016,100.0,8.33,rain,0.0,0.0,27.7,18.4,210.7,1013.8,57.9,7.6,95.8,8.4,4,,2024-08-08T05:35:37,2024-08-08T20:35:38,0.13,"Rain, Partially cloudy",Partly cloudy throughout the day with afternoon rain.,rain,"D5621,03781099999,03672099999,03772099999,03770099999",London
London,2024-08-09,76.7,65.6,70.1,76.7,65.6,70.1,56.8,65.1,0.0,0.0,0.0,,0.0,0.0,27.7,17.4,255.8,1013.8,54.0,10.5,120.3,10.6,8,,2024-08-09T05:37:11,2024-08-09T20:33:47,0.16,Partially cloudy,Partly cloudy throughout the day.,partly-cloudy-day,"03680099999,D5621,03781099999,03672099999,03772099999,03770099999",London
London,2024-08-10,76.4,59.3,67.4,76.4,59.3,67.4,57.2,70.2,0.0,0.0,0.0,,0.0,0.0,23.0,15.0,233.2,1019.4,50.7,10.2,93.8,8.0,5,,2024-08-10T05:38:45,2024-08-10T20:31:55,0.2,Partially cloudy,Partly cloudy throughout the day.,partly-cloudy-day,"D5621,03781099999,03672099999,03772099999,03770099999",London
London,2024-08-11,81.8,63.2,72.1,83.2,63.2,72.4,59.7,66.5,0.0,0.0,0.0,,0.0,0.0,21.5,16.1,95.2,1019.5,32.8,9.3,156.8,13.5,8,,2024-08-11T05:40:19,2024-08-11T20:30:01,0.23,Partially cloudy,Partly cloudy throughout the day.,partly-cloudy-day,"03769099999,EGWU,EGLL,D5621,03781099999,03672099999,EGLC,03772099999,03770099999",London
London,2024-08-12,90.6,65.4,77.0,94.9,65.4,78.3,64.2,66.7,0.0,0.0,0.0,,0.0,0.0,26.8,14.1,150.0,1008.7,16.4,6.4,164.7,14.4,7,,2024-08-12T05:41:54,2024-08-12T20:28:05,0.25,Clear,Clear conditions throughout the day.,clear-day,"EGWU,EGLL,D5621,03781099999,03672099999,EGLC,03772099999,03770099999",London
London,2024-08-13,80.0,59.3,69.3,80.0,59.3,69.3,54.5,61.0,0.0,0.0,0.0,,0.0,0.0,19.7,11.4,232.2,1009.3,18.0,11.4,160.1,13.8,8,,2024-08-13T05:43:28,2024-08-13T20:26:09,0.29,Clear,Clear conditions throughout the day.,clear-day,"D5621,03781099999,03672099999,03772099999,03770099999",London
London,2024-08-14,75.3,64.1,69.4,75.3,64.1,69.4,60.0,72.6,0.0,0.0,0.0,,0.0,0.0,12.8,9.2,261.6,1013.3,87.3,10.7,114.5,10.0,7,,2024-08-14T05:45:03,2024-08-14T20:24:11,0.33,Partially cloudy,Partly cloudy throughout the day.,partly-cloudy-day,"03680099999,D5621,03781099999,03672099999,03772099999,03770099999",London
London,2024-08-15,72.7,59.3,66.6,72.7,59.3,66.6,58.5,75.8,0.0,0.0,0.0,,0.0,0.0,36.0,17.2,223.4,1014.7,68.7,7.7,132.5,11.4,7,,2024-08-15T05:46:38,2024-08-15T20:22:12,0.36,Partially cloudy,Partly cloudy throughout the day.,partly-cloudy-day,"03680099999,D5621,03781099999,03672099999,03772099999,03770099999",London
London,2024-08-16,76.4,60.2,67.5,76.4,60.2,67.5,56.1,69.7,0.134,100.0,16.67,rain,0.0,0.0,17.2,10.5,282.9,1014.4,39.5,12.7,100.8,8.5,6,,2024-08-16T05:48:13,2024-08-16T20:20:12,0.39,"Rain, Partially cloudy",Partly cloudy throughout the day with rain.,rain,"03680099999,D5621,03781099999,03672099999,03772099999,03770099999",London
London,2024-08-17,74.0,56.9,65.0,74.0,56.9,65.0,49.1,58.6,0.0,0.0,0.0,,0.0,0.0,11.4,7.2,295.9,1013.6,10.2,14.4,152.3,13.2,7,,2024-08-17T05:49:49,2024-08-17T20:18:11,0.42,Clear,Clear conditions throughout the day.,clear-day,"D5621,03781099999,03672099999,F6665,03772099999,03770099999",London
London,2024-08-18,74.9,57.5,65.8,74.9,57.5,65.8,51.0,61.0,0.0,0.0,0.0,,0.0,0.0,17.2,12.3,274.6,1014.3,26.1,12.5,128.4,10.9,8,,2024-08-18T05:51:24,2024-08-18T20:16:08,0.46,Partially cloudy,Partly cloudy throughout the day.,partly-cloudy-day,"D5621,03781099999,03672099999,03772099999,03770099999",London
London,2024-08-19,68.6,54.6,63.1,68.6,54.6,63.1,53.5,71.6,0.0,0.0,0.0,,0.0,0.0,25.3,16.1,217.3,1015.8,43.6,7.0,105.8,9.0,5,,2024-08-19T05:52:59,2024-08-19T20:14:05,0.5,Partially cloudy,Becoming cloudy in the afternoon.,partly-cloudy-day,"03680099999,D5621,03781099999,03672099999,03772099999,03770099999",London
London,2024-08-20,74.0,60.5,67.5,74.0,60.5,67.5,54.1,64.4,0.0,0.0,0.0,,0.0,0.0,30.4,17.8,248.8,1009.7,62.4,12.0,125.5,11.0,9,,2024-08-20T05:54:35,2024-08-20T20:12:00,0.52,Partially cloudy,Partly cloudy throughout the day.,partly-cloudy-day,"EGWU,EGLL,03680099999,D5621,03781099999,03672099999,EGLC,03772099999,03770099999",London
London,2024-08-21,69.5,53.7,62.1,69.5,53.7,62.1,49.2,64.0,0.0,0.0,0.0,,0.0,0.0,23.0,16.3,247.7,1016.6,48.0,11.6,148.4,12.9,8,,2024-08-21T05:56:11,2024-08-21T20:09:55,0.56,Partially cloudy,Partly cloudy throughout the day.,partly-cloudy-day,"D5621,03781099999,03672099999,03772099999,03770099999",London
London,2024-08-22,67.4,60.0,64.2,67.4,60.0,64.2,57.1,77.8,0.0,0.0,0.0,,0.0,0.0,33.3,19.6,216.2,1007.2,81.9,7.7,32.6,2.9,1,,2024-08-22T05:57:46,2024-08-22T20:07:49,0.59,Partially cloudy,Partly cloudy throughout the day.,partly-cloudy-day,"D5621,03781099999,03672099999,03772099999,03770099999",London
London,2024-08-23,73.7,62.3,67.0,73.7,62.3,67.0,53.2,63.7,0.031,100.0,8.33,rain,0.0,0.0,34.4,21.5,235.8,1003.9,54.7,11.0,157.8,13.6,8,,2024-08-23T05:59:22,2024-08-23T20:05:42,0.63,"Rain, Partially cloudy",Clearing in the afternoon with morning rain.,rain,"03680099999,D5621,03781099999,03672099999,03772099999,03770099999",London
London,2024-08-24,63.6,54.8,59.6,63.6,54.8,59.6,56.0,88.4,0.38,100.0,54.17,rain,0.0,0.0,19.7,12.8,222.2,1005.2,72.5,9.6,33.9,2.8,1,,2024-08-24T06:00:57,2024-08-24T20:03:34,0.66,"Rain, Partially cloudy",Partly cloudy throughout the day with a chance of rain throughout the day.,rain,"D5621,03781099999,03672099999,03772099999,03770099999",London
London,2024-08-25,68.6,51.2,59.9,68.6,51.2,59.9,50.0,72.1,0.008,100.0,4.17,rain,0.0,0.0,34.4,19.4,229.7,1017.6,36.0,11.2,134.2,11.7,6,,2024-08-25T06:02:33,2024-08-25T20:01:25,0.7,"Rain, Partially cloudy",Partly cloudy throughout the day with early morning rain.,rain,"03680099999,D5621,03781099999,03672099999,03772099999,03770099999",London
London,2024-08-26,73.7,60.0,65.1,73.7,60.0,65.1,53.6,68.1,0.0,0.0,0.0,,0.0,0.0,23.3,13.5,228.9,1019.0,57.3,8.9,110.3,9.5,7,,2024-08-26T06:04:09,2024-08-26T19:59:15,0.75,Partially cloudy,Partly cloudy throughout the day.,partly-cloudy-day,"03680099999,D5621,03781099999,03672099999,03772099999,03770099999",London
London,2024-08-27,78.0,59.6,67.9,78.0,59.6,67.9,55.5,67.3,0.0,0.0,0.0,,0.0,0.0,28.6,14.6,191.2,1017.9,36.3,10.2,155.2,13.4,8,,2024-08-27T06:05:44,2024-08-27T19:57:05,0.77,Partially cloudy,Partly cloudy throughout the day.,partly-cloudy-day,"03680099999,D5621,03781099999,03672099999,03772099999,03770099999",London
London,2024-08-28,83.6,58.2,70.4,83.5,58.2,70.4,56.1,62.7,0.0,0.0,0.0,,0.0,0.0,21.0,12.0,187.4,1013.1,23.4,12.2,108.2,9.4,6,,2024-08-28T06:07:20,2024-08-28T19:54:54,0.8,Partially cloudy,Partly cloudy throughout the day.,partly-cloudy-day,"03680099999,D5621,03781099999,03672099999,03772099999,03770099999",London
London,2024-08-29,72.8,57.3,65.0,72.8,57.3,65.0,51.0,62.8,0.0,0.0,0.0,,0.0,0.0,17.2,12.2,275.3,1017.9,11.7,11.8,123.6,10.6,7,,2024-08-29T06:08:56,2024-08-29T19:52:42,0.84,Clear,Clear conditions throughout the day.,clear-day,"03680099999,D5621,03781099999,03672099999,03772099999,03770099999",London
London,2024-08-30,72.8,55.1,63.4,72.8,55.1,63.4,50.4,64.1,0.0,0.0,0.0,,0.0,0.0,16.1,9.6,64.4,1022.7,7.9,8.4,116.3,10.1,6,,2024-08-30T06:10:31,2024-08-30T19:50:30,0.87,Clear,Clear conditions throughout the day.,clear-day,"03680099999,D5621,03781099999,03672099999,03772099999,03770099999",London
London,2024-08-31,69.0,60.2,64.2,69.0,60.2,64.2,54.2,70.4,0.0,0.0,0.0,,0.0,0.0,25.3,15.2,61.4,1022.1,77.7,7.4,41.5,3.5,2,,2024-08-31T06:12:07,2024-08-31T19:48:17,0.91,Partially cloudy,Partly cloudy throughout the day.,partly-cloudy-day,"D5621,03781099999,03672099999,03772099999,03770099999",London
London,2024-09-01,83.0,62.9,70.9,84.8,62.9,71.2,62.0,74.8,0.0,0.0,0.0,,0.0,0.0,18.3,11.6,73.8,1013.6,49.9,6.7,112.1,9.7,6,,2024-09-01T06:13:43,2024-09-01T19:46:04,0.94,Partially cloudy,Clearing in the afternoon.,partly-cloudy-day,"D5621,03781099999,03672099999,03772099999,03770099999",London
London,2024-09-02,70.1,65.9,68.0,70.1,65.9,68.0,63.1,84.7,0.008,100.0,4.17,rain,0.0,0.0,18.3,12.6,193.0,1010.2,81.2,7.0,37.5,3.3,2,,2024-09-02T06:15:18,2024-09-02T19:43:50,0.98,"Rain, Partially cloudy",Partly cloudy throughout the day with afternoon rain.,rain,"03680099999,D5621,03781099999,03672099999,03772099999,03770099999",London
London,2024-09-03,74.5,62.7,66.7,74.5,62.7,66.7,59.2,77.9,0.016,100.0,8.33,rain,0.0,0.0,20.8,13.1,259.5,1012.5,88.4,11.3,84.0,7.2,8,,2024-09-03T06:16:54,2024-09-03T19:41:35,0.0,"Rain, Partially cloudy",Partly cloudy throughout the day with early morning rain.,rain,"D5621,03781099999,03672099999,03772099999,03770099999",London
London,2024-09-04,66.5,57.4,63.2,66.5,57.4,63.2,52.3,68.4,0.0,0.0,0.0,,0.0,0.0,13.9,8.9,349.9,1016.6,69.1,12.2,90.4,7.9,5,,2024-09-04T06:18:29,2024-09-04T19:39:20,0.05,Partially cloudy,Partly cloudy throughout the day.,partly-cloudy-day,"D5621,03781099999,03672099999,03772099999,03770099999",London
London,2024-09-05,67.2,57.5,62.4,67.2,57.5,62.4,59.4,90.1,0.417,100.0,37.5,rain,0.0,0.0,26.4,17.0,32.7,1012.4,92.4,5.4,17.4,1.6,1,,2024-09-05T06:20:05,2024-09-05T19:37:05,0.08,"Rain, Overcast",Cloudy skies throughout the day with a chance of rain throughout the day.,rain,"03680099999,D5621,03781099999,03672099999,03772099999,03770099999",London
London,2024-09-06,66.5,60.2,63.8,66.5,60.2,63.8,62.0,93.8,0.009,100.0,8.33,rain,0.0,0.0,15.0,9.3,246.6,1010.1,91.8,5.0,38.7,3.5,2,,2024-09-06T06:21:40,2024-09-06T19:34:49,0.11,"Rain, Overcast",Cloudy skies throughout the day with rain.,rain,"D5621,03781099999,03672099999,03772099999,03770099999",London
London,2024-09-07,69.5,56.9,63.0,69.5,56.9,63.0,58.5,85.9,0.0,0.0,0.0,,0.0,0.0,9.2,4.5,49.2,1009.6,60.2,9.4,46.4,3.9,2,,2024-09-07T06:23:16,2024-09-07T19:32:33,0.15,Partially cloudy,Partly cloudy throughout the day.,partly-cloudy-day,"D5621,03781099999,03672099999,03772099999,03770099999",London
London,2024-09-08,69.0,56.9,62.8,69.0,56.9,62.8,58.3,86.0,0.338,100.0,16.67,rain,0.0,0.0,17.2,9.2,180.2,1004.0,66.5,12.6,67.4,5.9,4,,2024-09-08T06:24:51,2024-09-08T19:30:16,0.18,"Rain, Partially cloudy",Partly cloudy throughout the day with rain.,rain,"03769099999,03680099999,D5621,03781099999,03672099999,03772099999,03770099999",London
London,2024-09-09,63.2,54.8,60.0,63.2,54.8,60.0,52.9,78.2,0.008,100.0,4.17,rain,0.0,0.0,24.6,14.8,299.0,1010.0,76.5,17.2,49.2,4.3,3,,2024-09-09T06:26:27,2024-09-09T19:27:59,0.21,"Rain, Partially cloudy",Partly cloudy throughout the day with morning rain.,rain,"03769099999,03680099999,D5621,03781099999,03672099999,03772099999,03770099999",London
London,2024-09-10,66.3,50.6,57.8,66.3,50.6,57.8,51.1,79.0,0.072,100.0,20.83,rain,0.0,0.0,23.9,18.0,245.3,1008.8,73.6,9.6,45.5,3.8,3,,2024-09-10T06:28:02,2024-09-10T19:25:42,0.25,"Rain, Partially cloudy",Partly cloudy throughout the day with rain.,rain,"03769099999,03680099999,D5621,03781099999,03672099999,03772099999,03770099999",London
London,2024-09-11,61.4,47.6,52.3,61.4,43.3,50.7,43.8,74.1,0.031,100.0,4.17,rain,0.0,0.0,24.2,17.9,278.4,1009.5,33.0,15.1,101.9,8.9,5,,2024-09-11T06:29:38,2024-09-11T19:23:24,0.25,"Rain, Partially cloudy",Partly cloudy throughout the day with afternoon rain.,rain,"03769099999,03680099999,D5621,03781099999,03672099999,03768099999,03772099999,03770099999",London
London,2024-09-12,59.6,44.0,51.3,59.6,39.8,49.6,41.4,70.4,0.0,0.0,0.0,,0.0,0.0,18.1,11.9,306.0,1016.2,21.7,17.2,112.0,9.6,6,,2024-09-12T06:31:13,2024-09-12T19:21:07,0.31,Partially cloudy,Becoming cloudy in the afternoon.,partly-cloudy-day,"03769099999,03680099999,D5621,03768399999,03781099999,03672099999,03768099999,03684099999,EGLC,03772099999,03770099999",London
London,2024-09-13,61.1,43.1,52.7,61.1,40.0,52.1,39.4,63.2,0.0,0.0,0.0,,0.0,0.0,19.7,6.7,310.9,1027.9,26.0,10.9,103.8,8.8,6,,2024-09-13T06:32:49,2024-09-13T19:18:49,0.35,Partially cloudy,Becoming cloudy in the afternoon.,partly-cloudy-day,"03769099999,EGWU,03680099999,EGLL,D5621,03781099999,03672099999,03768099999,EGLC,03772099999,03770099999",London
London,2024-09-14,67.4,43.4,55.0,67.4,43.4,55.0,44.4,70.4,0.0,0.0,0.0,,0.0,0.0,17.2,10.8,231.7,1030.4,12.3,15.1,108.6,9.5,6,,2024-09-14T06:34:25,2024-09-14T19:16:31,0.38,Clear,Clear conditions throughout the day.,clear-day,"03769099999,03680099999,D5621,03781099999,03672099999,03768099999,03684099999,03772099999,03770099999",London
London,2024-09-15,68.3,48.4,58.3,68.3,47.1,58.0,50.1,75.8,0.0,0.0,0.0,,0.0,0.0,15.8,11.5,243.7,1027.2,34.2,14.7,106.0,9.0,6,,2024-09-15T06:36:01,2024-09-15T19:14:12,0.41,Partially cloudy,Partly cloudy throughout the day.,partly-cloudy-day,"03769099999,03680099999,D5621,03781099999,03672099999,03768099999,03772099999,03770099999",London
London,2024-09-16,68.6,55.5,61.3,68.6,55.5,61.3,50.9,70.7,0.0,0.0,0.0,,0.0,0.0,14.2,9.5,27.1,1028.4,38.9,13.0,76.7,6.5,4,,2024-09-16T06:37:36,2024-09-16T19:11:54,0.45,Partially cloudy,Partly cloudy throughout the day.,partly-cloudy-day,"03769099999,03680099999,D5621,03781099999,03672099999,03768099999,03684099999,03772099999,03770099999",London
London,2024-09-17,71.3,52.0,61.1,71.3,52.0,61.1,50.0,68.2,0.0,0.0,0.0,,0.0,0.0,20.2,12.1,47.7,1030.7,37.9,14.2,106.0,9.0,6,,2024-09-17T06:39:12,2024-09-17T19:09:35,0.48,Partially cloudy,Partly cloudy throughout the day.,partly-cloudy-day,"03769099999,03680099999,D5621,03781099999,03672099999,03772099999,03770099999",London
London,2024-09-18,75.8,60.2,66.1,75.8,60.2,66.1,55.5,69.7,0.0,0.0,0.0,,0.0,0.0,23.0,13.2,49.2,1027.8,51.2,10.0,134.2,11.6,6,,2024-09-18T06:40:48,2024-09-18T19:07:17,0.5,Partially cloudy,Partly cloudy throughout the day.,partly-cloudy-day,"03769099999,03680099999,D5621,03781099999,03672099999,03772099999,03770099999",London
London,2024-09-19,78.0,61.4,67.5,78.0,61.4,67.5,57.4,72.1,0.0,0.0,0.0,,0.0,0.0,24.2,16.8,48.4,1024.3,51.4,6.7,58.9,5.0,4,,2024-09-19T06:42:24,2024-09-19T19:04:58,0.55,Partially cloudy,Clearing in the afternoon.,partly-cloudy-day,"03769099999,03680099999,D5621,03781099999,03672099999,03768099999,03772099999,03770099999",London
London,2024-09-20,74.0,60.9,65.8,74.0,60.9,65.8,55.9,71.4,0.0,0.0,0.0,,0.0,0.0,20.0,13.8,52.3,1020.8,58.6,6.3,43.3,3.6,2,,2024-09-20T06:44:00,2024-09-20T19:02:40,0.58,Partially cloudy,Partly cloudy throughout the day.,partly-cloudy-day,"03769099999,03680099999,D5621,03781099999,03672099999,03768099999,03772099999,03770099999",London
London,2024-09-21,75.3,60.2,66.6,75.3,60.2,66.6,58.1,75.6,0.0,0.0,0.0,,0.0,0.0,13.6,8.7,76.0,1017.3,54.9,7.7,63.6,5.5,3,,2024-09-21T06:45:37,2024-09-21T19:00:21,0.61,Partially cloudy,Partly cloudy throughout the day.,partly-cloudy-day,"03769099999,03680099999,D5621,03781099999,03672099999,03772099999,03770099999",London
London,2024-09-22,69.0,61.4,64.5,69.0,61.4,64.5,61.5,90.0,0.715,100.0,41.67,rain,0.0,0.0,12.8,8.5,99.9,1011.6,88.8,5.6,52.9,4.6,2,,2024-09-22T06:47:13,2024-09-22T18:58:03,0.65,"Rain, Partially cloudy",Partly cloudy throughout the day with a chance of rain throughout the day.,rain,"03769099999,03680099999,D5621,03781099999,03672099999,03772099999,03770099999",London
London,2024-09-23,66.4,60.1,62.6,66.4,60.1,62.6,58.0,85.7,1.012,100.0,41.67,rain,0.0,0.0,20.8,15.2,227.6,1003.9,91.5,7.7,54.0,4.9,2,,2024-09-23T06:48:50,2024-09-23T18:55:44,0.68,"Rain, Overcast",Cloudy skies throughout the day with a chance of rain throughout the day.,rain,"03769099999,03680099999,D5621,03781099999,03672099999,03772099999,03770099999",London
London,2024-09-24,62.3,56.9,59.1,62.3,56.9,59.1,52.4,79.1,0.023,100.0,4.17,rain,0.0,0.0,18.1,10.7,280.3,1003.1,96.4,9.9,37.3,3.1,2,,2024-09-24T06:50:26,2024-09-24T18:53:26,0.75,"Rain, Overcast",Cloudy skies throughout the day with early morning rain.,rain,"03769099999,EGWU,03680099999,EGLL,D5621,03781099999,03672099999,03768099999,EGLC,03772099999,03770099999",London
London,2024-09-25,62.0,51.5,57.2,62.0,51.5,57.2,51.6,82.2,0.228,100.0,20.83,rain,0.0,0.0,19.7,9.6,189.3,998.5,90.4,12.0,44.4,3.9,3,,2024-09-25T06:52:03,2024-09-25T18:51:08,0.75,"Rain, Overcast",Cloudy skies throughout the day with rain.,rain,"03769099999,03680099999,D5621,03781099999,03672099999,03772099999,03770099999",London
London,2024-09-26,63.7,55.1,58.1,63.7,55.1,58.1,54.5,88.1,0.513,100.0,50.0,rain,0.0,0.0,34.7,17.5,218.0,986.7,76.1,11.3,52.2,4.6,3,,2024-09-26T06:53:40,2024-09-26T18:48:50,0.78,"Rain, Partially cloudy",Partly cloudy throughout the day with a chance of rain throughout the day.,rain,"03769099999,03680099999,D5621,03781099999,03672099999,03768099999,03772099999,03770099999",London
London,2024-09-27,56.4,48.8,52.9,56.4,44.7,52.4,45.9,77.6,0.417,100.0,29.17,rain,0.0,0.0,21.9,13.6,307.7,1000.7,69.7,11.2,17.8,1.3,1,,2024-09-27T06:55:18,2024-09-27T18:46:32,0.82,"Rain, Partially cloudy",Partly cloudy throughout the day with a chance of rain throughout the day.,rain,"03769099999,03680099999,D5621,03781099999,03672099999,03772099999,03770099999",London
London,2024-09-28,59.3,40.4,49.6,59.3,38.2,48.5,40.7,73.6,0.0,0.0,0.0,,0.0,0.0,17.2,10.1,286.9,1022.9,18.9,16.2,55.5,5.1,3,,2024-09-28T06:56:55,2024-09-28T18:44:15,0.85,Clear,Clear conditions throughout the day.,clear-day,"03769099999,EGWU,EGLL,03768399999,03781099999,03672099999,03768099999,03684099999,03772099999,03680099999,D5621,EGLC,03770099999",London
London,2024-09-29,58.7,43.1,51.5,58.7,43.1,51.4,44.0,76.7,0.008,100.0,4.17,rain,0.0,0.0,26.1,16.7,134.8,1019.8,61.6,14.6,46.7,4.2,3,,2024-09-29T06:58:33,2024-09-29T18:41:58,0.89,"Rain, Partially cloudy",Partly cloudy throughout the day with late afternoon rain.,rain,"EGWU,03769099999,03680099999,D5621,03768399999,03672099999,03768099999,03684099999,03781099999,EGLC,03772099999,03770099999",London
London,2024-09-30,62.8,52.8,57.4,62.8,52.8,57.4,53.5,87.5,0.199,100.0,37.5,rain,0.0,0.0,32.7,19.3,226.2,1002.3,96.8,11.3,37.1,3.2,2,,2024-09-30T07:00:11,2024-09-30T18:39:41,0.92,"Rain, Overcast",Cloudy skies throughout the day with a chance of rain throughout the day.,rain,"03769099999,03680099999,D5621,03781099999,03672099999,03768099999,03684099999,EGLC,03772099999,03770099999",London
London,2024-10-01,56.9,53.3,54.9,56.9,53.3,54.9,51.2,87.4,0.55,100.0,33.33,rain,0.0,0.0,26.6,17.1,285.9,1007.3,95.0,12.8,25.5,2.2,1,,2024-10-01T07:01:49,2024-10-01T18:37:24,0.95,"Rain, Overcast",Cloudy skies throughout the day with rain.,rain,"03769099999,03680099999,D5621,03781099999,03672099999,03768099999,03772099999,03770099999",London
London,2024-10-02,64.4,56.0,58.0,64.4,56.0,58.0,53.1,84.3,0.078,100.0,12.5,rain,0.0,0.0,21.6,12.5,20.2,1013.1,89.4,8.9,42.7,3.8,2,,2024-10-02T07:03:27,2024-10-02T18:35:08,0.0,"Rain, Partially cloudy",Partly cloudy throughout the day with rain.,rain,"03769099999,03680099999,D5621,03781099999,03672099999,03772099999,03770099999",London
London,2024-10-03,60.5,49.7,53.9,60.5,49.7,53.9,46.5,76.3,0.0,0.0,0.0,,0.0,0.0,15.1,8.6,44.9,1021.0,55.3,12.4,37.8,3.2,2,,2024-10-03T07:05:06,2024-10-03T18:32:52,0.02,Partially cloudy,Partly cloudy throughout the day.,partly-cloudy-day,"03769099999,03680099999,D5621,03781099999,03672099999,03684099999,03772099999,03770099999",London
London,2024-10-04,61.4,43.9,51.8,61.4,43.9,51.8,45.2,80.3,0.008,100.0,4.17,rain,0.0,0.0,11.1,7.8,169.7,1021.2,28.5,12.9,63.4,5.4,4,,2024-10-04T07:06:44,2024-10-04T18:30:36,0.06,"Rain, Partially cloudy",Partly cloudy throughout the day with morning rain.,rain,"03769099999,03680099999,D5621,03781099999,03672099999,03772099999,03770099999",London
London,2024-10-05,63.6,48.4,55.5,63.6,48.4,55.4,45.9,71.3,0.0,0.0,0.0,,0.0,0.0,16.7,11.2,136.9,1014.8,59.5,15.2,57.0,5.0,4,,2024-10-05T07:08:23,2024-10-05T18:28:21,0.09,Partially cloudy,Partly cloudy throughout the day.,partly-cloudy-day,"03769099999,03680099999,D5621,03781099999,03672099999,03768099999,03772099999,03770099999",London
London,2024-10-06,59.6,53.0,56.5,59.6,53.0,56.5,51.4,83.4,0.016,100.0,8.33,rain,0.0,0.0,19.4,11.0,141.1,1000.3,85.4,11.5,28.8,2.6,1,,2024-10-06T07:10:03,2024-10-06T18:26:07,0.13,"Rain, Partially cloudy",Partly cloudy throughout the day with late afternoon rain.,rain,"03769099999,03680099999,D5621,03781099999,03672099999,03768099999,03772099999,03770099999",London
London,2024-10-07,67.3,52.1,58.8,67.3,52.1,58.8,53.9,84.5,0.047,100.0,8.33,rain,0.0,0.0,20.8,13.3,183.5,997.3,60.5,9.3,52.1,4.6,3,,2024-10-07T07:11:42,2024-10-07T18:23:53,0.16,"Rain, Partially cloudy",Partly cloudy throughout the day with rain.,rain,"03769099999,03680099999,D5621,03781099999,03672099999,03772099999,03770099999",London
London,2024-10-08,65.0,54.8,59.0,65.0,54.8,59.0,54.9,87.3,0.355,100.0,41.67,rain,0.0,0.0,26.6,14.8,179.8,992.3,78.2,9.3,60.0,5.2,4,,2024-10-08T07:13:22,2024-10-08T18:21:40,0.19,"Rain, Partially cloudy",Partly cloudy throughout the day with a chance of rain throughout the day.,rain,"03769099999,03680099999,D5621,03781099999,03672099999,03684099999,03772099999,03770099999",London
London,2024-10-09,60.9,55.7,57.7,60.9,55.7,57.7,52.7,83.7,0.016,100.0,8.33,rain,0.0,0.0,22.8,10.8,262.5,987.1,92.5,13.4,33.1,2.8,1,,2024-10-09T07:15:03,2024-10-09T18:19:27,0.23,"Rain, Overcast",Cloudy skies throughout the day with early morning rain.,rain,"03769099999,03680099999,D5621,03781099999,03672099999,03768099999,03772099999,03770099999",London
London,2024-10-10,56.4,47.5,51.8,56.4,45.8,51.5,43.6,73.9,0.016,100.0,8.33,rain,0.0,0.0,16.4,9.6,344.6,1004.7,70.2,11.5,40.7,3.5,2,,2024-10-10T07:16:43,2024-10-10T18:17:14,0.25,"Rain, Partially cloudy",Partly cloudy throughout the day with morning rain.,rain,"03769099999,03680099999,D5621,03781099999,03672099999,03772099999,03770099999",London
London,2024-10-11,55.7,38.9,46.9,55.7,38.9,46.6,38.6,75.5,0.0,0.0,0.0,,0.0,0.0,10.9,5.9,220.4,1016.1,27.0,11.7,63.0,5.4,5,,2024-10-11T07:18:24,2024-10-11T18:15:03,0.3,Partially cloudy,Partly cloudy throughout the day.,partly-cloudy-day,"03769099999,03680099999,D5621,03781099999,03672099999,03768099999,03772099999,03770099999",London
London,2024-10-12,59.3,47.0,52.3,59.3,43.2,51.1,45.1,76.3,0.024,100.0,4.17,rain,0.0,0.0,18.9,13.2,216.3,1008.5,61.2,16.3,35.1,3.1,2,,2024-10-12T07:20:05,2024-10-12T18:12:52,0.33,"Rain, Partially cloudy",Partly cloudy throughout the day with afternoon rain.,rain,"03769099999,03680099999,D5621,03781099999,03672099999,03772099999,03770099999",London
London,2024-10-13,52.1,42.5,47.4,52.1,38.6,45.1,38.4,71.5,0.0,0.0,0.0,,0.0,0.0,19.1,10.8,266.5,1017.6,22.3,13.9,44.5,3.8,2,,2024-10-13T07:21:46,2024-10-13T18:10:42,0.36,Partially cloudy,Partly cloudy throughout the day.,partly-cloudy-day,"03769099999,03680099999,D5621,03781099999,03672099999,03772099999,03770099999",London
London,2024-10-14,53.9,47.4,50.9,53.9,43.6,49.7,47.7,88.9,0.339,100.0,33.33,rain,0.0,0.0,14.1,9.5,83.7,1015.0,94.6,7.9,16.2,1.4,1,,2024-10-14T07:23:28,2024-10-14T18:08:32,0.4,"Rain, Overcast",Cloudy skies throughout the day with rain clearing later.,rain,"03769099999,03680099999,D5621,03781099999,03672099999,03772099999,03770099999",London
London,2024-10-15,63.8,52.4,56.8,63.8,52.4,56.8,53.7,89.4,0.008,100.0,4.17,rain,0.0,0.0,19.4,11.9,103.2,1013.6,87.2,6.3,31.6,2.7,2,,2024-10-15T07:25:10,2024-10-15T18:06:24,0.43,"Rain, Partially cloudy",Partly cloudy throughout the day with late afternoon rain.,rain,"03769099999,03680099999,D5621,03781099999,03672099999,03772099999,03770099999",London
London,2024-10-16,72.2,58.4,64.1,72.2,58.4,64.1,59.4,85.2,0.0,0.0,0.0,,0.0,0.0,23.9,12.6,149.5,1002.3,89.4,8.5,33.8,3.0,2,,2024-10-16T07:26:53,2024-10-16T18:04:16,0.47,Partially cloudy,Partly cloudy throughout the day.,partly-cloudy-day,"03769099999,03680099999,D5621,03781099999,03672099999,03772099999,03770099999",London
London,2024-10-17,65.4,53.3,60.1,65.4,53.3,60.1,54.6,83.1,0.047,100.0,12.5,rain,0.0,0.0,14.7,10.0,228.4,1009.0,49.6,9.5,45.0,3.8,2,,2024-10-17T07:28:35,2024-10-17T18:02:09,0.5,"Rain, Partially cloudy",Clearing in the afternoon with early morning rain.,rain,"03769099999,03680099999,D5621,03781099999,03672099999,03772099999,03770099999",London
Tokyo,2024-04-01,87.2,75.6,79.5,98.0,75.6,82.7,75.7,89.0,0.494,100.0,41.67,rain,0.0,0.0,17.0,6.9,223.2,1011.8,67.2,14.1,191.1,16.4,7,30.0,2024-04-01T05:39:33,2024-04-01T17:41:11,0.74,"Rain, Partially cloudy",Partly cloudy throughout the day with rain.,rain,remote,Tokyo
Tokyo,2024-04-02,89.1,75.3,80.4,101.1,75.3,84.8,76.4,88.4,0.619,100.0,41.67,rain,0.0,0.0,16.3,6.3,217.9,1010.6,83.6,13.3,188.2,16.4,7,60.0,2024-04-02T05:39:27,2024-04-02T17:40:41,0.75,"Rain, Partially cloudy",Partly cloudy throughout the day with a chance of rain throughout the day.,rain,remote,Tokyo
Tokyo,2024-04-03,90.2,75.8,81.9,100.2,75.8,87.2,76.1,83.8,0.104,100.0,54.17,rain,0.0,0.0,14.8,4.3,206.5,1010.2,78.3,13.4,229.4,19.9,8,30.0,2024-04-03T05:39:22,2024-04-03T17:40:11,0.81,"Rain, Partially cloudy",Partly cloudy throughout the day with rain.,rain,remote,Tokyo
Tokyo,2024-04-04,88.8,73.7,81.5,100.3,73.7,87.3,75.9,84.3,0.155,100.0,54.17,rain,0.0,0.0,15.0,6.5,211.7,1009.5,90.7,15.0,241.6,20.9,8,30.0,2024-04-04T05:39:17,2024-04-04T17:39:42,0.84,"Rain, Overcast",Cloudy skies throughout the day with a chance of rain throughout the day.,rain,remote,Tokyo
Tokyo,2024-04-05,89.0,75.8,81.3,103.5,75.8,87.1,76.4,85.8,0.06,100.0,41.67,rain,0.0,0.0,14.5,5.4,218.8,1009.5,89.8,13.9,191.7,16.5,7,30.0,2024-04-05T05:39:12,2024-04-05T17:39:12,0.88,"Rain, Partially cloudy",Partly cloudy throughout the day with rain.,rain,remote,Tokyo
Tokyo,2024-04-06,89.7,74.7,80.8,99.0,74.7,84.5,74.5,82.5,0.0,0.0,0.0,,0.0,0.0,16.8,7.4,220.7,1009.3,81.4,15.0,263.4,22.8,9,10.0,2024-04-06T05:39:08,2024-04-06T17:38:43,0.91,Partially cloudy,Partly cloudy throughout the day.,partly-cloudy-day,remote,Tokyo
Tokyo,2024-04-07,88.8,76.6,81.4,98.6,76.6,86.0,75.5,83.3,0.124,100.0,50.0,rain,0.0,0.0,15.4,6.5,220.5,1008.3,65.8,12.8,240.9,20.8,8,30.0,2024-04-07T05:39:03,2024-04-07T17:38:14,0.95,"Rain, Partially cloudy",Partly cloudy throughout the day with rain.,rain,remote,Tokyo
Tokyo,2024-04-08,87.9,74.6,80.1,99.7,74.6,84.7,75.9,87.8,0.189,100.0,41.67,rain,0.0,0.0,14.1,5.1,227.4,1009.2,97.9,13.5,210.1,18.1,8,30.0,2024-04-08T05:38:59,2024-04-08T17:37:45,0.98,"Rain, Overcast",Cloudy skies throughout the day with a chance of rain throughout the day.,rain,remote,Tokyo
Tokyo,2024-04-09,85.0,74.6,78.6,94.5,74.6,80.6,75.7,91.2,0.509,100.0,62.5,rain,0.0,0.0,13.6,4.9,250.5,1010.1,98.7,9.7,143.7,12.5,6,30.0,2024-04-09T05:38:54,2024-04-09T17:37:17,0.0,"Rain, Overcast",Cloudy skies throughout the day with a chance of rain throughout the day.,rain,remote,Tokyo
Tokyo,2024-04-10,87.9,74.7,79.8,100.0,74.7,84.0,75.9,88.3,0.26,100.0,37.5,rain,0.0,0.0,13.6,5.8,212.0,1010.5,96.0,9.8,187.0,16.2,7,30.0,2024-04-10T05:38:50,2024-04-10T17:36:49,0.05,"Rain, Overcast",Cloudy skies throughout the day with rain.,rain,remote,Tokyo
Tokyo,2024-04-11,89.1,75.5,80.2,102.5,75.5,84.0,76.1,88.1,0.524,100.0,66.67,rain,0.0,0.0,13.6,4.3,235.0,1010.5,98.4,10.8,177.9,15.5,7,60.0,2024-04-11T05:38:47,2024-04-11T17:36:21,0.08,"Rain, Overcast",Cloudy skies throughout the day with rain.,rain,remote,Tokyo
Tokyo,2024-04-12,90.2,75.3,80.1,100.8,75.3,83.9,75.6,86.9,0.557,100.0,75.0,rain,0.0,0.0,14.3,5.6,220.9,1010.1,73.4,14.5,202.0,17.6,7,30.0,2024-04-12T05:38:43,2024-04-12T17:35:54,0.11,"Rain, Partially cloudy",Partly cloudy throughout the day with a chance of rain throughout the day.,rain,remote,Tokyo
Tokyo,2024-04-13,90.8,74.7,81.3,102.8,74.7,86.7,76.2,85.7,0.431,100.0,66.67,rain,0.0,0.0,12.5,4.9,242.4,1010.1,73.8,13.8,213.9,18.4,7,30.0,2024-04-13T05:38:40,2024-04-13T17:35:27,0.15,"Rain, Partially cloudy",Partly cloudy throughout the day with a chance of rain throughout the day.,rain,remote,Tokyo
Tokyo,2024-04-14,90.8,77.1,82.1,106.5,77.1,87.5,76.4,83.8,0.679,100.0,79.17,rain,0.0,0.0,13.0,2.9,199.6,1011.4,72.3,11.5,195.9,17.0,7,30.0,2024-04-14T05:38:37,2024-04-14T17:35:00,0.18,"Rain, Partially cloudy",Partly cloudy throughout the day with a chance of rain throughout the day.,rain,remote,Tokyo
Tokyo,2024-04-15,90.1,76.2,81.8,101.8,76.2,87.5,76.2,84.3,0.151,100.0,45.83,rain,0.0,0.0,13.4,3.1,9.0,1011.7,53.3,14.0,230.9,20.1,8,30.0,2024-04-15T05:38:34,2024-04-15T17:34:34,0.21,"Rain, Partially cloudy",Partly cloudy throughout the day with a chance of rain throughout the day.,rain,remote,Tokyo
Tokyo,2024-04-16,90.9,76.6,82.3,105.1,76.6,88.2,76.7,84.2,0.047,100.0,12.5,rain,0.0,0.0,14.8,4.9,178.9,1010.8,48.9,14.5,238.9,20.6,8,60.0,2024-04-16T05:38:31,2024-04-16T17:34:08,0.25,"Rain, Partially cloudy",Partly cloudy throughout the day with afternoon rain.,rain,remote,Tokyo
Tokyo,2024-04-17,90.2,77.1,81.8,101.2,77.1,85.9,75.6,82.8,0.028,100.0,16.67,rain,0.0,0.0,19.2,6.0,174.5,1010.0,79.1,14.5,219.0,18.9,8,30.0,2024-04-17T05:38:29,2024-04-17T17:33:43,0.28,"Rain, Partially cloudy",Partly cloudy throughout the day with afternoon rain.,rain,remote,Tokyo
Tokyo,2024-04-18,91.1,76.2,80.8,102.4,76.2,84.5,75.5,84.8,1.148,100.0,54.17,rain,0.0,0.0,14.8,4.0,203.7,1009.8,89.3,12.5,200.5,17.3,7,30.0,2024-04-18T05:38:27,2024-04-18T17:33:18,0.31,"Rain, Partially cloudy",Partly cloudy throughout the day with rain.,rain,remote,Tokyo
Tokyo,2024-04-19,89.5,75.5,80.6,102.6,75.5,84.2,75.7,85.6,0.446,100.0,41.67,rain,0.0,0.0,17.0,3.8,249.5,1009.0,77.6,12.8,202.1,17.5,8,30.0,2024-04-19T05:38:26,2024-04-19T17:32:54,0.34,"Rain, Partially cloudy",Partly cloudy throughout the day with rain.,rain,remote,Tokyo
Tokyo,2024-04-20,91.7,76.0,82.7,104.6,76.0,89.7,76.8,83.6,0.488,100.0,37.5,rain,0.0,0.0,13.9,3.1,76.4,1008.7,79.4,13.1,224.3,19.4,8,60.0,2024-04-20T05:38:25,2024-04-20T17:32:30,0.38,"Rain, Partially cloudy",Partly cloudy throughout the day with rain in the morning and afternoon.,rain,remote,Tokyo
Tokyo,2024-04-21,88.4,76.7,81.1,101.3,76.7,85.9,76.7,87.1,1.241,100.0,54.17,rain,0.0,0.0,16.1,6.5,230.6,1009.8,91.1,10.7,192.1,16.5,8,60.0,2024-04-21T05:38:24,2024-04-21T17:32:07,0.41,"Rain, Overcast",Cloudy skies throughout the day with rain.,rain,remote,Tokyo
Tokyo,2024-04-22,90.4,76.0,81.7,106.0,76.0,87.5,76.5,85.1,0.056,100.0,29.17,rain,0.0,0.0,14.5,3.6,204.1,1009.5,76.3,14.6,198.9,17.3,8,60.0,2024-04-22T05:38:23,2024-04-22T17:31:44,0.44,"Rain, Partially cloudy",Partly cloudy throughout the day with rain.,rain,remote,Tokyo
Tokyo,2024-04-23,89.5,76.6,80.9,101.4,76.6,85.8,76.5,87.0,0.469,100.0,37.5,rain,0.0,0.0,12.8,4.0,207.2,1009.1,97.1,12.7,157.9,13.6,7,60.0,2024-04-23T05:38:23,2024-04-23T17:31:22,0.47,"Rain, Overcast",Cloudy skies throughout the day with rain.,rain,remote,Tokyo
Tokyo,2024-04-24,89.0,75.3,81.4,103.3,75.3,87.7,76.4,85.6,0.287,100.0,33.33,rain,0.0,0.0,11.0,2.9,318.5,1009.1,96.4,14.1,166.0,14.3,7,60.0,2024-04-24T05:38:23,2024-04-24T17:31:00,0.5,"Rain, Overcast",Cloudy skies throughout the day with rain.,rain,remote,Tokyo
Tokyo,2024-04-25,84.8,77.6,80.4,95.2,77.6,84.2,76.8,89.1,0.395,100.0,58.33,rain,0.0,0.0,17.2,4.0,25.3,1009.0,96.7,10.5,140.7,12.1,6,30.0,2024-04-25T05:38:24,2024-04-25T17:30:39,0.54,"Rain, Overcast",Cloudy skies throughout the day with rain.,rain,remote,Tokyo
Tokyo,2024-04-26,89.3,76.2,81.8,100.4,76.2,86.8,76.0,83.6,0.091,100.0,41.67,rain,0.0,0.0,14.8,5.6,42.0,1008.7,83.6,11.8,205.1,17.6,7,30.0,2024-04-26T05:38:25,2024-04-26T17:30:19,0.58,"Rain, Partially cloudy",Partly cloudy throughout the day with a chance of rain throughout the day.,rain,remote,Tokyo
Tokyo,2024-04-27,90.9,77.3,82.6,101.7,77.3,88.1,76.2,82.3,0.126,100.0,20.83,rain,0.0,0.0,14.3,4.7,29.1,1009.3,64.2,13.3,226.7,19.6,8,30.0,2024-04-27T05:38:26,2024-04-27T17:29:59,0.61,"Rain, Partially cloudy",Partly cloudy throughout the day with rain.,rain,remote,Tokyo
Tokyo,2024-04-28,90.4,76.7,82.2,104.3,76.7,88.2,76.8,84.4,0.363,100.0,29.17,rain,0.0,0.0,13.6,4.9,234.4,1010.4,87.9,12.9,235.5,20.4,8,30.0,2024-04-28T05:38:28,2024-04-28T17:29:39,0.65,"Rain, Partially cloudy",Partly cloudy throughout the day with rain.,rain,remote,Tokyo
Tokyo,2024-04-29,89.7,75.3,82.6,100.1,75.3,88.7,76.0,81.5,0.008,100.0,4.17,rain,0.0,0.0,10.7,4.3,164.0,1009.8,94.3,15.0,246.2,21.4,8,30.0,2024-04-29T05:38:30,2024-04-29T17:29:21,0.68,"Rain, Overcast",Cloudy skies throughout the day with late afternoon rain.,rain,remote,Tokyo
Tokyo,2024-04-30,89.7,77.6,82.5,98.8,77.6,87.3,75.3,79.9,0.028,100.0,29.17,rain,0.0,0.0,14.1,6.0,172.2,1009.1,77.4,14.4,210.3,18.2,7,30.0,2024-04-30T05:38:33,2024-04-30T17:29:03,0.72,"Rain, Partially cloudy",Partly cloudy throughout the day with rain in the morning and afternoon.,rain,remote,Tokyo
Tokyo,2024-05-01,89.7,75.5,82.3,100.7,75.5,87.5,75.1,80.3,0.008,100.0,8.33,rain,0.0,0.0,10.7,4.5,172.8,1008.5,82.3,14.8,229.3,19.7,8,30.0,2024-05-01T05:38:36,2024-05-01T17:28:45,0.75,"Rain, Partially cloudy",Partly cloudy throughout the day with rain in the morning and afternoon.,rain,remote,Tokyo
Tokyo,2024-05-02,87.9,76.2,81.4,97.2,76.2,85.9,75.3,82.7,0.02,100.0,20.83,rain,0.0,0.0,16.1,6.9,174.7,1009.4,51.8,14.5,211.8,18.2,7,30.0,2024-05-02T05:38:39,2024-05-02T17:28:28,0.79,"Rain, Partially cloudy",Partly cloudy throughout the day with rain in the morning and afternoon.,rain,remote,Tokyo
Tokyo,2024-05-03,88.4,73.7,80.9,98.3,73.7,85.8,74.8,82.8,0.012,100.0,12.5,rain,0.0,0.0,14.3,6.5,182.6,1009.8,89.7,15.0,212.8,18.3,8,30.0,2024-05-03T05:38:43,2024-05-03T17:28:12,0.83,"Rain, Partially cloudy",Partly cloudy throughout the day with rain.,rain,remote,Tokyo
Tokyo,2024-05-04,87.0,73.1,79.6,96.9,73.1,82.7,74.2,84.3,0.012,100.0,8.33,rain,0.0,0.0,17.7,7.8,191.7,1010.0,57.8,15.0,236.0,20.2,8,10.0,2024-05-04T05:38:47,2024-05-04T17:27:57,0.86,"Rain, Partially cloudy",Clearing in the afternoon with early morning rain.,rain,remote,Tokyo
Tokyo,2024-05-05,86.8,70.2,78.0,94.6,70.2,80.7,72.8,84.9,0.0,0.0,0.0,,0.0,0.0,15.9,7.2,204.5,1010.6,87.7,15.0,223.0,19.1,8,10.0,2024-05-05T05:38:52,2024-05-05T17:27:42,0.9,Partially cloudy,Partly cloudy throughout the day.,partly-cloudy-day,remote,Tokyo
Tokyo,2024-05-06,87.5,71.9,78.7,93.6,71.9,81.2,72.2,81.8,0.0,0.0,0.0,,0.0,0.0,15.9,7.2,196.8,1011.3,24.9,15.0,215.7,18.5,8,10.0,2024-05-06T05:38:57,2024-05-06T17:27:28,0.93,Partially cloudy,Partly cloudy throughout the day.,partly-cloudy-day,remote,Tokyo
Tokyo,2024-05-07,87.2,71.7,78.6,94.4,71.7,81.1,72.8,83.8,0.004,100.0,4.17,rain,0.0,0.0,15.4,6.9,193.9,1011.1,58.7,15.0,217.2,18.7,8,10.0,2024-05-07T05:39:03,2024-05-07T17:27:15,0.97,"Rain, Partially cloudy",Partly cloudy throughout the day with afternoon rain.,rain,remote,Tokyo
Tokyo,2024-05-08,89.5,72.8,80.7,98.2,72.8,84.8,73.8,80.8,0.02,100.0,16.67,rain,0.0,0.0,9.6,3.6,224.2,1010.7,38.4,14.5,225.2,19.4,8,10.0,2024-05-08T05:39:09,2024-05-08T17:27:02,0.0,"Rain, Partially cloudy",Partly cloudy throughout the day with rain in the morning and afternoon.,rain,remote,Tokyo
Tokyo,2024-05-09,88.4,75.3,80.1,99.0,75.3,83.4,75.2,85.7,0.138,100.0,20.83,rain,0.0,0.0,11.9,4.0,63.4,1010.7,27.5,14.0,201.4,17.4,8,30.0,2024-05-09T05:39:15,2024-05-09T17:26:50,0.03,"Rain, Partially cloudy",Partly cloudy throughout the day with rain.,rain,remote,Tokyo
Tokyo,2024-05-10,88.1,76.9,82.2,98.5,76.9,87.6,75.5,81.0,0.024,100.0,25.0,rain,0.0,0.0,13.2,4.0,102.2,1010.8,50.7,14.9,202.0,17.4,7,30.0,2024-05-10T05:39:22,2024-05-10T17:26:39,0.07,"Rain, Partially cloudy",Clearing in the afternoon with rain in the morning and afternoon.,rain,remote,Tokyo
Tokyo,2024-05-11,87.2,78.2,81.8,98.8,78.2,87.1,76.3,83.8,0.06,100.0,54.17,rain,0.0,0.0,13.2,2.7,161.4,1011.8,77.1,14.1,168.3,14.6,6,30.0,2024-05-11T05:39:29,2024-05-11T17:26:29,0.1,"Rain, Partially cloudy",Partly cloudy throughout the day with rain.,rain,remote,Tokyo
Tokyo,2024-05-12,88.8,75.1,81.8,99.0,75.1,86.7,75.1,80.9,0.04,100.0,33.33,rain,0.0,0.0,13.0,4.0,145.8,1011.4,39.7,14.4,230.0,19.8,8,30.0,2024-05-12T05:39:37,2024-05-12T17:26:19,0.13,"Rain, Partially cloudy",Partly cloudy throughout the day with rain.,rain,remote,Tokyo
Tokyo,2024-05-13,87.0,76.2,81.0,96.8,76.2,85.1,75.3,83.6,0.036,100.0,16.67,rain,0.0,0.0,10.1,3.4,173.9,1010.2,79.0,15.0,232.5,20.2,8,30.0,2024-05-13T05:39:45,2024-05-13T17:26:10,0.16,"Rain, Partially cloudy",Partly cloudy throughout the day with rain in the morning and afternoon.,rain,remote,Tokyo
Tokyo,2024-05-14,88.1,76.6,81.1,100.5,76.6,85.3,75.6,84.2,0.036,100.0,16.67,rain,0.0,0.0,10.5,3.4,191.7,1010.9,59.8,15.0,233.8,20.3,8,30.0,2024-05-14T05:39:53,2024-05-14T17:26:02,0.2,"Rain, Partially cloudy",Partly cloudy throughout the day with rain in the morning and afternoon.,rain,remote,Tokyo
Tokyo,2024-05-15,87.5,75.8,80.6,95.0,75.8,83.4,74.1,82.0,0.02,100.0,16.67,rain,0.0,0.0,12.5,4.7,186.1,1011.9,94.7,15.0,208.5,18.0,7,10.0,2024-05-15T05:40:02,2024-05-15T17:25:54,0.25,"Rain, Overcast",Cloudy skies throughout the day with rain in the morning and afternoon.,rain,remote,Tokyo
Tokyo,2024-05-16,87.5,71.1,79.0,95.3,71.1,81.5,73.1,83.6,0.0,0.0,0.0,,0.0,0.0,13.2,4.0,188.1,1011.4,59.0,15.0,244.7,21.0,9,10.0,2024-05-16T05:40:12,2024-05-16T17:25:47,0.26,Partially cloudy,Partly cloudy throughout the day.,partly-cloudy-day,remote,Tokyo
Tokyo,2024-05-17,88.4,72.6,79.9,96.9,72.6,83.1,73.9,83.5,0.0,0.0,0.0,,0.0,0.0,13.0,5.6,178.6,1010.4,45.2,15.0,237.5,20.4,9,10.0,2024-05-17T05:40:21,2024-05-17T17:25:41,0.29,Partially cloudy,Partly cloudy throughout the day.,partly-cloudy-day,remote,Tokyo
Tokyo,2024-05-18,88.8,73.5,80.4,96.2,73.5,83.7,74.4,83.5,0.0,0.0,0.0,,0.0,0.0,14.1,6.9,161.3,1010.0,66.0,15.0,222.9,19.1,8,10.0,2024-05-18T05:40:31,2024-05-18T17:25:36,0.33,Partially cloudy,Partly cloudy throughout the day.,partly-cloudy-day,remote,Tokyo
Tokyo,2024-05-19,87.9,71.7,79.3,92.9,71.7,81.3,71.5,78.7,0.0,0.0,0.0,,0.0,0.0,14.1,6.7,163.1,1009.1,56.8,15.0,233.9,20.2,9,10.0,2024-05-19T05:40:42,2024-05-19T17:25:31,0.36,Partially cloudy,Becoming cloudy in the afternoon.,partly-cloudy-day,remote,Tokyo
Tokyo,2024-05-20,87.9,70.1,79.0,93.6,70.1,81.1,71.7,79.8,0.0,0.0,0.0,rain,0.0,0.0,16.6,7.8,169.2,1009.6,51.2,15.0,228.0,19.9,8,10.0,2024-05-20T05:40:53,2024-05-20T17:25:27,0.39,Partially cloudy,Partly cloudy throughout the day.,partly-cloudy-day,remote,Tokyo
Tokyo,2024-05-21,87.5,70.1,78.7,93.4,70.1,80.8,72.2,82.3,0.0,0.0,0.0,,0.0,0.0,13.6,4.9,174.4,1009.6,40.4,15.0,229.5,19.8,8,10.0,2024-05-21T05:41:04,2024-05-21T17:25:24,0.42,Partially cloudy,Clearing in the afternoon.,partly-cloudy-day,remote,Tokyo
Tokyo,2024-05-22,88.1,72.4,79.8,94.3,72.4,82.6,73.0,81.6,0.0,0.0,0.0,rain,0.0,0.0,10.5,4.3,183.1,1009.6,71.1,14.9,209.9,18.2,8,10.0,2024-05-22T05:41:15,2024-05-22T17:25:22,0.46,Partially cloudy,Partly cloudy throughout the day.,partly-cloudy-day,remote,Tokyo
Tokyo,2024-05-23,88.8,75.8,80.5,100.1,75.8,84.0,75.4,85.7,0.183,100.0,54.17,rain,0.0,0.0,11.4,3.6,207.5,1009.8,82.7,13.4,174.5,15.0,7,10.0,2024-05-23T05:41:27,2024-05-23T17:25:20,0.5,"Rain, Partially cloudy",Partly cloudy throughout the day with rain.,rain,remote,Tokyo
Tokyo,2024-05-24,89.3,76.2,81.2,98.7,76.2,85.3,75.6,84.4,0.213,100.0,45.83,rain,0.0,0.0,13.9,4.3,99.3,1009.8,68.1,10.2,165.6,14.4,7,10.0,2024-05-24T05:41:39,2024-05-24T17:25:19,0.52,"Rain, Partially cloudy",Partly cloudy throughout the day with rain.,rain,remote,Tokyo
Tokyo,2024-05-25,85.9,75.5,79.5,95.2,75.5,82.1,75.3,87.5,0.044,100.0,16.67,rain,0.0,0.0,12.1,4.3,204.8,1011.0,96.6,12.5,116.7,10.3,5,10.0,2024-05-25T05:41:52,2024-05-25T17:25:18,0.56,"Rain, Overcast",Cloudy skies throughout the day with early morning rain.,rain,remote,Tokyo
Tokyo,2024-05-26,88.6,74.2,80.0,97.4,74.2,83.0,73.7,82.3,0.0,0.0,0.0,,0.0,0.0,14.8,6.5,183.8,1011.5,63.0,15.0,192.9,16.6,7,10.0,2024-05-26T05:42:05,2024-05-26T17:25:19,0.59,Partially cloudy,Partly cloudy throughout the day.,partly-cloudy-day,remote,Tokyo
Tokyo,2024-05-27,89.9,72.4,80.0,98.1,72.4,83.5,73.8,83.1,0.004,100.0,4.17,rain,0.0,0.0,12.5,2.9,181.0,1010.9,41.1,15.0,215.3,18.6,8,30.0,2024-05-27T05:42:18,2024-05-27T17:25:20,0.63,"Rain, Partially cloudy",Partly cloudy throughout the day with morning rain.,rain,remote,Tokyo
Tokyo,2024-05-28,90.2,75.1,81.6,97.8,75.1,85.1,74.6,81.1,0.004,100.0,4.17,rain,0.0,0.0,14.8,4.0,305.1,1010.6,41.6,14.6,204.7,17.7,7,10.0,2024-05-28T05:42:31,2024-05-28T17:25:21,0.67,"Rain, Partially cloudy",Partly cloudy throughout the day with afternoon rain.,rain,remote,Tokyo
Tokyo,2024-05-29,90.1,75.3,82.1,97.0,75.3,85.8,74.2,79.0,0.0,0.0,0.0,rain,0.0,0.0,12.1,6.7,278.4,1010.5,21.1,15.0,212.1,18.3,7,30.0,2024-05-29T05:42:44,2024-05-29T17:25:24,0.7,Partially cloudy,Partly cloudy throughout the day.,partly-cloudy-day,remote,Tokyo
Tokyo,2024-05-30,88.8,74.4,80.5,95.7,74.4,83.1,74.5,83.6,0.0,0.0,0.0,rain,0.0,0.0,15.7,7.4,207.0,1011.1,52.1,15.0,202.7,17.4,8,10.0,2024-05-30T05:42:58,2024-05-30T17:25:27,0.74,Partially cloudy,Partly cloudy throughout the day.,partly-cloudy-day,remote,Tokyo
Tokyo,2024-05-31,89.5,72.9,80.6,98.8,72.9,84.4,74.1,82.1,0.02,100.0,20.83,rain,0.0,0.0,12.5,5.8,190.0,1011.6,93.2,14.7,204.1,17.5,7,30.0,2024-05-31T05:43:12,2024-05-31T17:25:30,0.75,"Rain, Overcast",Cloudy skies throughout the day with rain in the morning and afternoon.,rain,remote,Tokyo
Tokyo,2024-06-01,88.6,74.9,80.8,98.0,74.9,85.2,75.5,84.8,0.036,100.0,29.17,rain,0.0,0.0,12.5,4.0,189.9,1011.7,88.4,14.5,203.3,17.5,7,30.0,2024-06-01T05:43:26,2024-06-01T17:25:35,0.81,"Rain, Partially cloudy",Partly cloudy throughout the day with a chance of rain throughout the day.,rain,remote,Tokyo
Tokyo,2024-06-02,88.1,75.5,80.3,97.5,75.5,83.8,75.3,86.0,0.048,100.0,37.5,rain,0.0,0.0,16.8,6.5,206.4,1012.2,82.5,13.7,190.0,16.4,7,60.0,2024-06-02T05:43:40,2024-06-02T17:25:40,0.85,"Rain, Partially cloudy",Partly cloudy throughout the day with a chance of rain throughout the day.,rain,remote,Tokyo
Tokyo,2024-06-03,89.3,74.7,79.6,99.2,74.7,82.4,73.8,83.8,0.024,100.0,20.83,rain,0.0,0.0,20.8,8.7,172.6,1012.1,92.8,15.0,200.4,17.2,7,10.0,2024-06-03T05:43:55,2024-06-03T17:25:45,0.88,"Rain, Overcast",Cloudy skies throughout the day with rain in the morning and afternoon.,rain,remote,Tokyo
Tokyo,2024-06-04,90.6,72.8,80.9,96.7,72.8,84.2,72.5,77.5,0.0,0.0,0.0,rain,0.0,0.0,13.4,4.5,177.0,1012.8,90.4,15.0,231.1,19.9,9,30.0,2024-06-04T05:44:09,2024-06-04T17:25:51,0.92,Overcast,Cloudy skies throughout the day.,cloudy,remote,Tokyo
Tokyo,2024-06-05,89.0,71.5,79.4,94.8,71.5,81.4,72.0,80.1,0.0,0.0,0.0,,0.0,0.0,19.7,8.9,188.0,1013.5,33.7,15.0,228.8,19.5,8,10.0,2024-06-05T05:44:24,2024-06-05T17:25:58,0.95,Partially cloudy,Partly cloudy throughout the day.,partly-cloudy-day,remote,Tokyo
Tokyo,2024-06-06,88.4,71.1,80.1,94.4,71.1,83.3,71.7,77.3,0.004,100.0,4.17,rain,0.0,0.0,11.0,4.7,169.3,1012.3,52.8,15.0,208.3,18.1,8,10.0,2024-06-06T05:44:39,2024-06-06T17:26:05,0.0,"Rain, Partially cloudy",Partly cloudy throughout the day with afternoon rain.,rain,remote,Tokyo
Tokyo,2024-06-07,89.3,72.8,79.9,96.0,72.8,82.3,72.7,80.2,0.012,100.0,12.5,rain,0.0,0.0,15.0,6.7,194.2,1011.8,51.9,14.6,205.1,17.8,7,10.0,2024-06-07T05:44:53,2024-06-07T17:26:13,0.02,"Rain, Partially cloudy",Partly cloudy throughout the day with rain in the morning and afternoon.,rain,remote,Tokyo
Tokyo,2024-06-08,91.1,72.4,81.0,97.5,72.4,83.9,72.4,77.4,0.004,100.0,4.17,rain,0.0,0.0,11.9,4.3,125.8,1011.0,51.4,14.8,194.4,16.7,7,30.0,2024-06-08T05:45:08,2024-06-08T17:26:21,0.05,"Rain, Partially cloudy",Partly cloudy throughout the day with morning rain.,rain,remote,Tokyo
Tokyo,2024-06-09,89.0,74.7,80.4,97.5,74.7,83.7,74.3,82.8,0.032,100.0,25.0,rain,0.0,0.0,14.1,6.3,174.9,1011.9,49.1,14.5,187.7,16.1,7,30.0,2024-06-09T05:45:23,2024-06-09T17:26:30,0.09,"Rain, Partially cloudy",Partly cloudy throughout the day with rain in the morning and afternoon.,rain,remote,Tokyo
Tokyo,2024-06-10,91.1,74.0,81.6,99.3,74.0,85.9,73.8,79.2,0.0,0.0,0.0,,0.0,0.0,13.6,3.6,163.7,1012.2,52.6,15.0,206.3,17.8,7,30.0,2024-06-10T05:45:38,2024-06-10T17:26:39,0.12,Partially cloudy,Partly cloudy throughout the day.,partly-cloudy-day,remote,Tokyo
Tokyo,2024-06-11,92.2,78.7,83.6,102.3,78.7,88.5,74.4,75.1,0.112,100.0,50.0,rain,0.0,0.0,12.5,2.9,150.6,1012.8,48.3,14.5,193.7,16.7,6,30.0,2024-06-11T05:45:53,2024-06-11T17:26:49,0.15,"Rain, Partially cloudy",Partly cloudy throughout the day with rain.,rain,remote,Tokyo
Tokyo,2024-06-12,90.6,75.5,81.2,98.8,75.5,84.3,74.2,80.7,0.135,100.0,58.33,rain,0.0,0.0,14.8,5.1,176.1,1013.5,81.0,14.2,196.6,16.9,7,30.0,2024-06-12T05:46:07,2024-06-12T17:26:59,0.18,"Rain, Partially cloudy",Partly cloudy throughout the day with a chance of rain throughout the day.,rain,remote,Tokyo
Tokyo,2024-06-13,91.3,74.7,80.9,99.4,74.7,84.2,73.5,79.6,0.036,100.0,29.17,rain,0.0,0.0,16.6,6.0,19.9,1012.3,72.7,13.6,148.3,13.0,5,30.0,2024-06-13T05:46:22,2024-06-13T17:27:09,0.22,"Rain, Partially cloudy",Partly cloudy throughout the day with a chance of rain throughout the day.,rain,remote,Tokyo
Tokyo,2024-06-14,91.5,74.2,81.4,98.5,74.2,84.8,73.6,78.9,0.052,100.0,25.0,rain,0.0,0.0,15.2,4.9,21.7,1010.8,55.8,15.0,202.2,17.6,7,30.0,2024-06-14T05:46:37,2024-06-14T17:27:20,0.25,"Rain, Partially cloudy",Partly cloudy throughout the day with rain in the morning and afternoon.,rain,remote,Tokyo
Tokyo,2024-06-15,87.5,75.8,79.9,95.6,75.8,83.1,74.5,84.4,0.147,100.0,37.5,rain,0.0,0.0,15.9,6.0,232.9,1010.5,45.7,14.8,168.1,14.4,6,30.0,2024-06-15T05:46:51,2024-06-15T17:27:31,0.28,"Rain, Partially cloudy",Partly cloudy throughout the day with rain in the morning and afternoon.,rain,remote,Tokyo
Tokyo,2024-06-16,90.1,74.7,80.7,94.3,74.7,82.8,72.3,77.9,0.0,0.0,0.0,,0.0,0.0,14.8,6.5,202.3,1010.8,41.9,15.0,230.4,19.8,9,10.0,2024-06-16T05:47:05,2024-06-16T17:27:43,0.31,Partially cloudy,Clearing in the afternoon.,partly-cloudy-day,remote,Tokyo
Tokyo,2024-06-17,91.5,73.3,82.2,95.7,73.3,84.9,70.7,70.7,0.0,0.0,0.0,,0.0,0.0,14.8,5.1,26.4,1011.3,41.9,15.0,201.7,17.5,7,30.0,2024-06-17T05:47:19,2024-06-17T17:27:55,0.34,Partially cloudy,Becoming cloudy in the afternoon.,partly-cloudy-day,remote,Tokyo
Tokyo,2024-06-18,88.8,76.4,81.6,96.0,76.4,84.8,73.0,76.0,0.056,100.0,37.5,rain,0.0,0.0,16.1,7.8,172.1,1011.6,36.4,14.9,207.7,17.8,7,30.0,2024-06-18T05:47:33,2024-06-18T17:28:07,0.38,"Rain, Partially cloudy",Becoming cloudy in the afternoon with a chance of rain throughout the day.,rain,remote,Tokyo
Tokyo,2024-06-19,87.7,71.5,79.2,90.0,71.5,80.2,69.3,74.3,0.0,0.0,0.0,,0.0,0.0,17.0,7.6,161.4,1010.9,47.9,15.0,207.9,18.0,7,10.0,2024-06-19T05:47:47,2024-06-19T17:28:20,0.41,Partially cloudy,Partly cloudy throughout the day.,partly-cloudy-day,remote,Tokyo
Tokyo,2024-06-20,88.1,70.8,79.1,90.7,70.8,80.3,68.5,72.3,0.0,0.0,0.0,,0.0,0.0,17.0,7.4,156.1,1010.4,41.7,15.0,194.2,16.8,7,10.0,2024-06-20T05:48:00,2024-06-20T17:28:33,0.44,Partially cloudy,Becoming cloudy in the afternoon.,partly-cloudy-day,remote,Tokyo
Tokyo,2024-06-21,87.2,71.0,78.4,89.0,71.0,79.3,68.4,73.7,0.0,0.0,0.0,,0.0,0.0,19.7,8.3,168.3,1011.6,74.0,15.0,197.7,17.1,7,10.0,2024-06-21T05:48:14,2024-06-21T17:28:46,0.47,Partially cloudy,Partly cloudy throughout the day.,partly-cloudy-day,remote,Tokyo
Tokyo,2024-06-22,86.1,68.8,77.0,88.2,68.8,77.8,69.0,78.7,0.0,0.0,0.0,,0.0,0.0,20.1,9.2,174.2,1012.1,65.1,15.0,185.3,16.0,6,10.0,2024-06-22T05:48:26,2024-06-22T17:28:59,0.5,Partially cloudy,Partly cloudy throughout the day.,partly-cloudy-day,remote,Tokyo
Tokyo,2024-06-23,85.0,70.1,77.0,88.6,70.1,78.2,70.0,80.3,0.004,100.0,4.17,rain,0.0,0.0,20.6,9.2,164.3,1011.5,77.8,15.0,162.6,14.0,6,10.0,2024-06-23T05:48:39,2024-06-23T17:29:13,0.54,"Rain, Partially cloudy",Partly cloudy throughout the day with afternoon rain.,rain,remote,Tokyo
Tokyo,2024-06-24,86.1,73.5,79.2,91.8,73.5,81.2,71.1,77.2,0.024,100.0,12.5,rain,0.0,0.0,19.5,7.8,157.6,1011.0,75.6,15.0,176.7,15.4,7,10.0,2024-06-24T05:48:51,2024-06-24T17:29:26,0.58,"Rain, Partially cloudy",Partly cloudy throughout the day with afternoon rain.,rain,remote,Tokyo
Tokyo,2024-06-25,88.4,70.8,78.9,93.8,70.8,80.7,72.0,81.1,0.048,100.0,33.33,rain,0.0,0.0,14.3,6.9,174.7,1010.4,82.1,15.0,163.2,14.1,7,10.0,2024-06-25T05:49:03,2024-06-25T17:29:40,0.61,"Rain, Partially cloudy",Partly cloudy throughout the day with rain.,rain,remote,Tokyo
Tokyo,2024-06-26,90.4,72.4,81.7,96.5,72.4,85.1,72.0,74.6,0.0,0.0,0.0,,0.0,0.0,13.9,4.3,58.8,1009.6,48.2,15.0,184.0,16.0,6,30.0,2024-06-26T05:49:15,2024-06-26T17:29:54,0.65,Partially cloudy,Partly cloudy throughout the day.,partly-cloudy-day,remote,Tokyo
Tokyo,2024-06-27,90.9,75.6,82.5,97.5,75.6,86.1,72.2,72.2,0.004,100.0,4.17,rain,0.0,0.0,16.6,6.3,26.5,1010.6,27.1,15.0,194.7,16.7,7,10.0,2024-06-27T05:49:26,2024-06-27T17:30:08,0.69,"Rain, Partially cloudy",Partly cloudy throughout the day with afternoon rain.,rain,remote,Tokyo
Tokyo,2024-06-28,89.3,77.4,81.6,98.3,77.4,85.1,74.0,78.6,0.083,100.0,33.33,rain,0.0,0.0,13.0,3.6,170.4,1011.8,78.0,14.5,174.2,15.0,7,30.0,2024-06-28T05:49:36,2024-06-28T17:30:22,0.72,"Rain, Partially cloudy",Partly cloudy throughout the day with rain.,rain,remote,Tokyo
Tokyo,2024-06-29,88.8,75.8,80.2,98.4,75.8,83.0,74.7,84.6,0.052,100.0,33.33,rain,0.0,0.0,18.6,7.8,181.1,1012.5,52.3,14.7,198.1,17.1,7,30.0,2024-06-29T05:49:46,2024-06-29T17:30:36,0.75,"Rain, Partially cloudy",Partly cloudy throughout the day with a chance of rain throughout the day.,rain,remote,Tokyo
Tokyo,2024-06-30,87.7,73.5,79.4,93.3,73.5,81.7,72.8,82.0,0.0,0.0,0.0,rain,0.0,0.0,18.8,8.1,180.2,1012.0,80.9,15.0,192.6,16.7,7,30.0,2024-06-30T05:49:56,2024-06-30T17:30:50,0.79,Partially cloudy,Partly cloudy throughout the day.,partly-cloudy-day,remote,Tokyo
Tokyo,2024-07-01,90.8,71.1,80.7,92.8,71.1,82.5,70.0,73.2,0.0,0.0,0.0,,0.0,0.0,12.1,4.9,159.0,1010.5,87.9,15.0,209.5,17.9,8,10.0,2024-07-01T05:50:05,2024-07-01T17:31:04,0.83,Partially cloudy,Partly cloudy throughout the day.,partly-cloudy-day,remote,Tokyo
Tokyo,2024-07-02,88.2,74.9,80.5,95.0,74.9,83.3,72.6,77.6,0.15,100.0,25.0,rain,0.0,0.0,17.4,7.2,163.5,1011.5,98.2,13.1,151.9,13.0,6,30.0,2024-07-02T05:50:14,2024-07-02T17:31:19,0.87,"Rain, Overcast",Cloudy skies throughout the day with afternoon rain.,rain,remote,Tokyo
Tokyo,2024-07-03,89.5,72.6,80.7,97.0,72.6,83.9,73.1,79.3,0.0,0.0,0.0,rain,0.0,0.0,22.8,8.3,167.0,1012.3,71.0,14.9,191.9,16.6,7,30.0,2024-07-03T05:50:22,2024-07-03T17:31:33,0.9,Partially cloudy,Partly cloudy throughout the day.,partly-cloudy-day,remote,Tokyo
Tokyo,2024-07-04,85.9,75.5,78.4,93.5,75.5,80.1,74.0,86.8,0.528,100.0,58.33,rain,0.0,0.0,19.2,6.7,172.2,1012.3,95.6,13.0,112.9,9.9,5,10.0,2024-07-04T05:50:30,2024-07-04T17:31:47,0.94,"Rain, Overcast",Cloudy skies throughout the day with a chance of rain throughout the day.,rain,remote,Tokyo
Tokyo,2024-07-05,87.0,72.8,80.4,91.8,72.8,82.8,71.2,75.4,0.0,0.0,0.0,,0.0,0.0,15.7,4.7,95.1,1009.7,49.7,15.0,190.9,16.4,7,10.0,2024-07-05T05:50:37,2024-07-05T17:32:01,0.97,Partially cloudy,Partly cloudy throughout the day.,partly-cloudy-day,remote,Tokyo
Tokyo,2024-07-06,89.5,76.4,80.8,94.7,76.4,82.6,70.7,72.3,0.0,0.0,0.0,,0.0,0.0,20.1,8.1,37.3,1009.9,46.5,15.0,182.8,15.5,7,10.0,2024-07-06T05:50:43,2024-07-06T17:32:14,0.0,Partially cloudy,Becoming cloudy in the afternoon.,partly-cloudy-day,remote,Tokyo
Tokyo,2024-07-07,87.7,73.1,79.7,93.7,73.1,82.1,72.3,79.6,0.051,100.0,20.83,rain,0.0,0.0,14.5,4.0,54.2,1011.2,80.6,15.0,186.2,16.0,7,30.0,2024-07-07T05:50:49,2024-07-07T17:32:28,0.04,"Rain, Partially cloudy",Partly cloudy throughout the day with rain.,rain,remote,Tokyo
Tokyo,2024-07-08,88.4,73.8,79.7,93.4,73.8,81.6,72.2,79.6,0.012,100.0,12.5,rain,0.0,0.0,17.0,7.6,161.3,1010.3,63.1,15.0,197.8,17.1,7,10.0,2024-07-08T05:50:55,2024-07-08T17:32:41,0.07,"Rain, Partially cloudy",Partly cloudy throughout the day with morning rain.,rain,remote,Tokyo
Tokyo,2024-07-09,89.1,69.5,79.1,93.0,69.5,80.7,69.7,75.5,0.0,0.0,0.0,rain,0.0,0.0,12.3,4.3,180.2,1011.9,71.1,15.0,215.9,18.7,8,10.0,2024-07-09T05:50:59,2024-07-09T17:32:55,0.11,Partially cloudy,Partly cloudy throughout the day.,partly-cloudy-day,remote,Tokyo
Tokyo,2024-07-10,88.8,71.3,79.2,92.6,71.3,80.6,70.8,77.7,0.0,0.0,0.0,,0.0,0.0,21.5,10.1,153.0,1013.2,85.1,15.0,217.5,18.7,8,10.0,2024-07-10T05:51:03,2024-07-10T17:33:08,0.14,Partially cloudy,Partly cloudy throughout the day.,partly-cloudy-day,remote,Tokyo
Tokyo,2024-07-11,86.6,70.1,77.5,88.5,70.1,78.3,68.0,74.6,0.0,0.0,0.0,,0.0,0.0,25.5,11.4,167.0,1013.1,44.2,15.0,217.2,18.7,8,10.0,2024-07-11T05:51:06,2024-07-11T17:33:21,0.17,Partially cloudy,Becoming cloudy in the afternoon.,partly-cloudy-day,remote,Tokyo
Tokyo,2024-07-12,86.6,67.9,76.4,88.5,67.9,77.1,67.3,76.0,0.0,0.0,0.0,,0.0,0.0,19.9,9.2,163.6,1011.1,75.4,15.0,215.0,18.6,8,10.0,2024-07-12T05:51:09,2024-07-12T17:33:34,0.2,Partially cloudy,Partly cloudy throughout the day.,partly-cloudy-day,remote,Tokyo
Tokyo,2024-07-13,86.3,69.2,76.1,88.0,69.2,76.8,66.4,73.6,0.0,0.0,0.0,,0.0,0.0,25.7,11.2,174.9,1011.3,45.5,15.0,200.8,17.4,7,10.0,2024-07-13T05:51:11,2024-07-13T17:33:46,0.23,Partially cloudy,Partly cloudy throughout the day.,partly-cloudy-day,remote,Tokyo
Tokyo,2024-07-14,84.3,65.0,74.7,84.9,65.0,75.0,64.3,72.7,0.0,0.0,0.0,,0.0,0.0,22.1,9.8,163.3,1010.8,51.1,15.0,223.7,19.3,8,10.0,2024-07-14T05:51:12,2024-07-14T17:33:58,0.25,Partially cloudy,Partly cloudy throughout the day.,partly-cloudy-day,remote,Tokyo
Tokyo,2024-07-15,84.1,66.6,75.2,85.0,66.6,75.6,65.0,73.0,0.0,0.0,0.0,,0.0,0.0,24.2,11.4,178.8,1011.9,34.2,15.0,199.8,17.3,8,10.0,2024-07-15T05:51:13,2024-07-15T17:34:10,0.3,Partially cloudy,Becoming cloudy in the afternoon.,partly-cloudy-day,remote,Tokyo
Tokyo,2024-07-16,86.1,67.4,76.6,88.2,67.4,77.3,67.0,73.9,0.0,0.0,0.0,,0.0,0.0,17.0,7.6,161.8,1011.3,29.2,15.0,202.1,17.4,8,10.0,2024-07-16T05:51:13,2024-07-16T17:34:22,0.33,Partially cloudy,Becoming cloudy in the afternoon.,partly-cloudy-day,remote,Tokyo
Tokyo,2024-07-17,88.2,68.6,78.2,89.8,68.6,79.1,67.7,72.8,0.0,0.0,0.0,,0.0,0.0,14.5,7.6,149.5,1011.2,44.2,15.0,217.6,18.8,8,10.0,2024-07-17T05:51:12,2024-07-17T17:34:33,0.36,Partially cloudy,Becoming cloudy in the afternoon.,partly-cloudy-day,remote,Tokyo
Tokyo,2024-07-18,87.7,71.9,78.8,89.4,71.9,79.9,69.6,76.0,0.0,0.0,0.0,,0.0,0.0,16.3,6.9,170.3,1013.1,38.4,15.0,208.8,18.2,7,10.0,2024-07-18T05:51:10,2024-07-18T17:34:44,0.4,Partially cloudy,Partly cloudy throughout the day.,partly-cloudy-day,remote,Tokyo
Tokyo,2024-07-19,87.9,67.9,77.0,89.1,67.9,77.7,67.5,75.4,0.0,0.0,0.0,,0.0,0.0,20.4,8.9,161.1,1012.1,71.0,15.0,250.4,21.5,9,10.0,2024-07-19T05:51:08,2024-07-19T17:34:54,0.43,Partially cloudy,Partly cloudy throughout the day.,partly-cloudy-day,remote,Tokyo
Tokyo,2024-07-20,86.6,68.1,76.3,88.7,68.1,77.0,67.3,75.8,0.0,0.0,0.0,,0.0,0.0,18.8,8.9,178.6,1012.9,24.4,15.0,236.9,20.4,9,10.0,2024-07-20T05:51:05,2024-07-20T17:35:04,0.46,Partially cloudy,Becoming cloudy in the afternoon.,partly-cloudy-day,remote,Tokyo
Tokyo,2024-07-21,87.9,65.4,76.2,89.9,65.4,76.9,66.6,74.7,0.0,0.0,0.0,,0.0,0.0,22.1,10.3,187.9,1013.5,38.0,15.0,233.2,20.4,8,10.0,2024-07-21T05:51:01,2024-07-21T17:35:14,0.5,Partially cloudy,Partly cloudy throughout the day.,partly-cloudy-day,remote,Tokyo
Tokyo,2024-07-22,86.6,67.4,76.5,88.7,67.4,77.4,67.6,75.7,0.0,0.0,0.0,,0.0,0.0,21.5,9.8,195.6,1013.8,39.9,15.0,209.0,18.2,8,10.0,2024-07-22T05:50:56,2024-07-22T17:35:24,0.53,Partially cloudy,Becoming cloudy in the afternoon.,partly-cloudy-day,remote,Tokyo
Tokyo,2024-07-23,87.5,69.0,77.6,90.4,69.0,78.7,68.8,76.5,0.0,0.0,0.0,,0.0,0.0,18.3,9.2,200.7,1012.9,67.4,15.0,200.5,17.2,7,10.0,2024-07-23T05:50:51,2024-07-23T17:35:33,0.56,Partially cloudy,Partly cloudy throughout the day.,partly-cloudy-day,remote,Tokyo
Tokyo,2024-07-24,86.4,70.4,77.1,88.8,70.4,78.0,68.8,77.5,0.0,0.0,0.0,rain,0.0,0.0,20.1,9.6,210.3,1011.3,65.1,15.0,210.7,18.2,8,10.0,2024-07-24T05:50:45,2024-07-24T17:35:41,0.6,Partially cloudy,Partly cloudy throughout the day.,partly-cloudy-day,remote,Tokyo
Tokyo,2024-07-25,88.8,68.4,77.4,90.2,68.4,78.0,67.8,75.5,0.0,0.0,0.0,,0.0,0.0,18.8,8.9,202.5,1010.5,57.2,15.0,223.2,19.4,8,10.0,2024-07-25T05:50:38,2024-07-25T17:35:50,0.63,Partially cloudy,Partly cloudy throughout the day.,partly-cloudy-day,remote,Tokyo
Tokyo,2024-07-26,89.0,67.9,77.6,90.2,67.9,78.4,67.8,74.8,0.0,0.0,0.0,,0.0,0.0,20.8,9.2,179.2,1011.5,25.2,15.0,231.2,20.0,9,10.0,2024-07-26T05:50:30,2024-07-26T17:35:57,0.67,Partially cloudy,Partly cloudy throughout the day.,partly-cloudy-day,remote,Tokyo
Tokyo,2024-07-27,89.9,70.1,78.2,92.4,70.1,79.3,69.4,77.4,0.0,0.0,0.0,,0.0,0.0,20.8,9.6,171.7,1012.7,25.5,15.0,228.3,19.8,8,10.0,2024-07-27T05:50:21,2024-07-27T17:36:05,0.71,Partially cloudy,Partly cloudy throughout the day.,partly-cloudy-day,remote,Tokyo
Tokyo,2024-07-28,87.2,71.0,77.2,90.1,71.0,78.3,69.2,78.3,0.0,0.0,0.0,,0.0,0.0,21.7,9.6,180.7,1012.6,32.0,15.0,213.8,18.5,7,10.0,2024-07-28T05:50:12,2024-07-28T17:36:12,0.75,Partially cloudy,Partly cloudy throughout the day.,partly-cloudy-day,remote,Tokyo
Tokyo,2024-07-29,87.3,69.7,77.0,89.5,69.7,77.8,69.0,78.6,0.0,0.0,0.0,,0.0,0.0,19.7,9.2,184.3,1011.3,39.8,15.0,202.9,17.5,7,10.0,2024-07-29T05:50:02,2024-07-29T17:36:18,0.78,Partially cloudy,Partly cloudy throughout the day.,partly-cloudy-day,remote,Tokyo
Tokyo,2024-07-30,87.9,69.0,77.7,91.7,69.0,79.1,70.2,80.0,0.004,100.0,4.17,rain,0.0,0.0,19.9,9.2,191.1,1012.8,36.0,15.0,222.9,19.2,8,10.0,2024-07-30T05:49:51,2024-07-30T17:36:24,0.81,"Rain, Partially cloudy",Partly cloudy throughout the day with afternoon rain.,rain,remote,Tokyo
Tokyo,2024-07-31,88.6,71.0,78.9,93.6,71.0,80.9,71.6,80.5,0.0,0.0,0.0,,0.0,0.0,14.8,6.5,193.5,1013.6,51.0,15.0,201.3,17.4,7,10.0,2024-07-31T05:49:40,2024-07-31T17:36:30,0.85,Partially cloudy,Partly cloudy throughout the day.,partly-cloudy-day,remote,Tokyo
Tokyo,2024-08-01,88.8,74.0,79.0,95.7,74.0,81.6,73.3,83.9,0.048,100.0,20.83,rain,0.0,0.0,17.7,7.6,204.9,1013.3,60.5,15.0,189.8,16.2,7,10.0,2024-08-01T05:49:28,2024-08-01T17:36:35,0.88,"Rain, Partially cloudy",Partly cloudy throughout the day with rain in the morning and afternoon.,rain,remote,Tokyo
Tokyo,2024-08-02,87.2,72.9,79.0,94.0,72.9,81.5,72.7,82.4,0.08,100.0,54.17,rain,0.0,0.0,15.9,7.8,200.8,1012.7,84.1,14.5,194.4,16.7,7,10.0,2024-08-02T05:49:15,2024-08-02T17:36:39,0.92,"Rain, Partially cloudy",Partly cloudy throughout the day with rain.,rain,remote,Tokyo
Tokyo,2024-08-03,89.0,73.7,79.3,94.8,73.7,81.6,72.9,82.1,0.091,100.0,25.0,rain,0.0,0.0,15.7,6.7,204.5,1013.5,51.5,15.0,197.4,17.0,7,10.0,2024-08-03T05:49:01,2024-08-03T17:36:44,0.96,"Rain, Partially cloudy",Partly cloudy throughout the day with a chance of rain throughout the day.,rain,remote,Tokyo
Tokyo,2024-08-04,87.9,70.8,77.8,92.2,70.8,79.3,71.3,82.5,0.008,100.0,8.33,rain,0.0,0.0,21.3,9.4,194.6,1013.5,40.7,15.0,229.1,19.8,8,10.0,2024-08-04T05:48:46,2024-08-04T17:36:47,0.0,"Rain, Partially cloudy",Clearing in the afternoon with rain in the morning and afternoon.,rain,remote,Tokyo
Tokyo,2024-08-05,88.8,68.8,77.3,90.7,68.8,78.3,69.1,79.1,0.0,0.0,0.0,,0.0,0.0,17.2,7.6,189.6,1012.5,61.7,15.0,261.7,22.6,9,10.0,2024-08-05T05:48:31,2024-08-05T17:36:51,0.02,Partially cloudy,Partly cloudy throughout the day.,partly-cloudy-day,remote,Tokyo
Tokyo,2024-08-06,88.8,69.3,77.5,90.6,69.3,78.0,68.8,78.0,0.0,0.0,0.0,,0.0,0.0,19.7,8.9,178.7,1012.4,67.3,15.0,251.4,21.9,9,10.0,2024-08-06T05:48:15,2024-08-06T17:36:53,0.06,Partially cloudy,Partly cloudy throughout the day.,partly-cloudy-day,remote,Tokyo
Tokyo,2024-08-07,88.4,68.3,77.6,91.5,68.3,78.9,68.9,76.7,0.0,0.0,0.0,,0.0,0.0,16.6,7.4,173.5,1013.0,84.6,15.0,207.9,18.0,7,10.0,2024-08-07T05:47:58,2024-08-07T17:36:56,0.09,Partially cloudy,Partly cloudy throughout the day.,partly-cloudy-day,remote,Tokyo
Tokyo,2024-08-08,85.7,73.5,78.9,90.7,73.5,80.6,71.0,77.7,0.044,100.0,25.0,rain,0.0,0.0,21.5,9.4,164.4,1013.7,70.7,15.0,198.4,17.1,7,10.0,2024-08-08T05:47:41,2024-08-08T17:36:58,0.12,"Rain, Partially cloudy",Partly cloudy throughout the day with rain in the morning and afternoon.,rain,remote,Tokyo
Tokyo,2024-08-09,87.5,72.9,78.9,91.4,72.9,80.2,70.2,76.2,0.0,0.0,0.0,,0.0,0.0,18.6,9.2,160.5,1012.5,45.3,15.0,196.7,16.9,7,10.0,2024-08-09T05:47:23,2024-08-09T17:36:59,0.15,Partially cloudy,Becoming cloudy in the afternoon.,partly-cloudy-day,remote,Tokyo
Tokyo,2024-08-10,87.5,71.7,78.1,91.1,71.7,79.4,70.1,78.2,0.0,0.0,0.0,,0.0,0.0,18.8,8.3,173.3,1011.6,55.6,15.0,217.0,18.7,8,10.0,2024-08-10T05:47:04,2024-08-10T17:37:00,0.19,Partially cloudy,Partly cloudy throughout the day.,partly-cloudy-day,remote,Tokyo
Tokyo,2024-08-11,85.6,69.7,76.3,87.7,69.7,77.0,66.5,73.2,0.0,0.0,0.0,,0.0,0.0,23.5,10.3,170.3,1011.4,37.4,15.0,260.8,22.6,9,10.0,2024-08-11T05:46:44,2024-08-11T17:37:00,0.22,Partially cloudy,Partly cloudy throughout the day.,partly-cloudy-day,remote,Tokyo
Tokyo,2024-08-12,86.8,64.8,75.2,85.6,64.8,75.0,62.2,67.6,0.0,0.0,0.0,,0.0,0.0,17.4,7.8,192.2,1011.7,28.2,15.0,280.8,24.2,10,10.0,2024-08-12T05:46:24,2024-08-12T17:37:00,0.25,Partially cloudy,Partly cloudy throughout the day.,partly-cloudy-day,remote,Tokyo
Tokyo,2024-08-13,88.6,64.8,75.9,90.4,64.8,76.6,66.5,75.5,0.0,0.0,0.0,,0.0,0.0,20.4,9.2,184.0,1012.3,22.7,15.0,250.4,21.6,9,10.0,2024-08-13T05:46:03,2024-08-13T17:37:00,0.29,Partially cloudy,Becoming cloudy in the afternoon.,partly-cloudy-day,remote,Tokyo
Tokyo,2024-08-14,88.2,68.6,76.6,90.8,68.6,77.5,68.1,77.2,0.0,0.0,0.0,,0.0,0.0,20.1,9.4,171.7,1011.6,30.9,15.0,239.0,20.6,9,10.0,2024-08-14T05:45:42,2024-08-14T17:36:59,0.32,Partially cloudy,Becoming cloudy in the afternoon.,partly-cloudy-day,remote,Tokyo
Tokyo,2024-08-15,86.6,69.0,75.6,88.7,69.0,76.3,66.2,74.3,0.0,0.0,0.0,,0.0,0.0,21.7,9.6,177.6,1011.4,32.7,15.0,241.8,21.0,9,10.0,2024-08-15T05:45:19,2024-08-15T17:36:58,0.35,Partially cloudy,Partly cloudy throughout the day.,partly-cloudy-day,remote,Tokyo
Tokyo,2024-08-16,86.1,66.3,74.8,87.6,66.3,75.3,65.5,75.0,0.0,0.0,0.0,,0.0,0.0,20.6,8.9,199.4,1011.5,50.6,15.0,243.2,21.0,9,10.0,2024-08-16T05:44:57,2024-08-16T17:36:56,0.38,Partially cloudy,Partly cloudy throughout the day.,partly-cloudy-day,remote,Tokyo
Tokyo,2024-08-17,88.6,66.5,75.7,90.6,66.5,76.4,67.7,79.0,0.0,0.0,0.0,,0.0,0.0,20.1,8.7,195.4,1011.8,25.7,15.0,263.0,22.8,9,10.0,2024-08-17T05:44:33,2024-08-17T17:36:54,0.42,Partially cloudy,Partly cloudy throughout the day.,partly-cloudy-day,remote,Tokyo
Tokyo,2024-08-18,88.1,67.6,75.5,90.7,67.6,76.5,67.7,79.2,0.0,0.0,0.0,,0.0,0.0,23.7,11.2,196.1,1012.2,58.0,15.0,256.7,22.2,9,10.0,2024-08-18T05:44:09,2024-08-18T17:36:52,0.45,Partially cloudy,Partly cloudy throughout the day.,partly-cloudy-day,remote,Tokyo
Tokyo,2024-08-19,88.6,67.9,75.9,92.1,67.9,76.8,67.9,78.5,0.0,0.0,0.0,,0.0,0.0,21.0,9.6,188.5,1011.7,60.0,15.0,263.1,22.8,9,10.0,2024-08-19T05:43:45,2024-08-19T17:36:49,0.48,Partially cloudy,Partly cloudy throughout the day.,partly-cloudy-day,remote,Tokyo
Tokyo,2024-08-20,88.1,66.8,76.1,91.0,66.8,77.0,67.5,77.5,0.0,0.0,0.0,,0.0,0.0,17.7,7.8,197.3,1012.3,22.9,15.0,273.5,23.7,9,10.0,2024-08-20T05:43:19,2024-08-20T17:36:45,0.5,Partially cloudy,Clearing in the afternoon.,partly-cloudy-day,remote,Tokyo
Tokyo,2024-08-21,88.4,68.4,77.3,92.1,68.4,78.6,68.7,77.1,0.0,0.0,0.0,,0.0,0.0,17.9,7.6,194.7,1012.8,26.7,15.0,243.5,21.1,8,10.0,2024-08-21T05:42:54,2024-08-21T17:36:42,0.55,Partially cloudy,Partly cloudy throughout the day.,partly-cloudy-day,remote,Tokyo
Tokyo,2024-08-22,88.6,69.7,77.8,92.3,69.7,79.1,68.5,75.1,0.0,0.0,0.0,,0.0,0.0,20.6,9.8,194.7,1012.8,93.4,15.0,251.5,21.6,8,10.0,2024-08-22T05:42:27,2024-08-22T17:36:37,0.59,Overcast,Cloudy skies throughout the day.,cloudy,remote,Tokyo
Tokyo,2024-08-23,89.5,69.5,77.3,91.4,69.5,78.1,67.7,74.9,0.0,0.0,0.0,,0.0,0.0,22.4,10.1,201.9,1013.9,81.6,15.0,242.6,21.0,9,10.0,2024-08-23T05:42:01,2024-08-23T17:36:33,0.62,Partially cloudy,Partly cloudy throughout the day.,partly-cloudy-day,remote,Tokyo
Tokyo,2024-08-24,87.9,70.1,77.1,90.3,70.1,78.0,69.2,79.2,0.0,0.0,0.0,,0.0,0.0,23.3,10.5,192.2,1013.8,47.8,15.0,235.7,20.3,8,10.0,2024-08-24T05:41:33,2024-08-24T17:36:28,0.66,Partially cloudy,Partly cloudy throughout the day.,partly-cloudy-day,remote,Tokyo
Tokyo,2024-08-25,86.8,70.6,77.1,89.5,70.6,78.1,68.9,77.7,0.0,0.0,0.0,,0.0,0.0,24.6,10.7,182.9,1012.8,47.2,15.0,203.4,17.4,7,10.0,2024-08-25T05:41:06,2024-08-25T17:36:23,0.69,Partially cloudy,Partly cloudy throughout the day.,partly-cloudy-day,remote,Tokyo
Tokyo,2024-08-26,88.1,70.4,77.7,91.9,70.4,79.1,69.8,78.5,0.0,0.0,0.0,,0.0,0.0,22.1,10.1,178.9,1012.3,44.3,15.0,228.2,19.7,8,10.0,2024-08-26T05:40:37,2024-08-26T17:36:18,0.75,Partially cloudy,Becoming cloudy in the afternoon.,partly-cloudy-day,remote,Tokyo
Tokyo,2024-08-27,87.2,70.2,77.2,89.4,70.2,78.1,69.0,77.9,0.0,0.0,0.0,,0.0,0.0,25.5,11.4,194.1,1013.4,95.2,15.0,242.9,21.1,9,10.0,2024-08-27T05:40:09,2024-08-27T17:36:12,0.76,Overcast,Cloudy skies throughout the day.,cloudy,remote,Tokyo
Tokyo,2024-08-28,87.5,69.9,76.7,90.2,69.9,77.7,68.8,78.5,0.004,100.0,4.17,rain,0.0,0.0,21.9,10.3,200.2,1013.0,86.9,14.8,272.0,23.4,10,10.0,2024-08-28T05:39:40,2024-08-28T17:36:06,0.79,"Rain, Partially cloudy",Partly cloudy throughout the day with afternoon rain.,rain,remote,Tokyo
Tokyo,2024-08-29,85.9,71.9,77.4,89.2,71.9,78.5,69.7,79.0,0.0,0.0,0.0,,0.0,0.0,22.8,10.3,196.2,1013.0,83.0,15.0,233.0,20.1,8,10.0,2024-08-29T05:39:10,2024-08-29T17:35:59,0.83,Partially cloudy,Partly cloudy throughout the day.,partly-cloudy-day,remote,Tokyo
Tokyo,2024-08-30,89.1,70.4,77.3,90.2,70.4,78.0,68.4,77.3,0.0,0.0,0.0,,0.0,0.0,23.0,10.5,200.5,1012.9,89.0,15.0,269.3,23.2,9,10.0,2024-08-30T05:38:40,2024-08-30T17:35:53,0.86,Partially cloudy,Partly cloudy throughout the day.,partly-cloudy-day,remote,Tokyo
Tokyo,2024-08-31,88.2,70.1,77.4,90.2,70.1,78.2,68.1,75.6,0.0,0.0,0.0,,0.0,0.0,20.4,10.3,200.3,1012.1,61.6,15.0,234.2,20.2,9,10.0,2024-08-31T05:38:10,2024-08-31T17:35:46,0.9,Partially cloudy,Partly cloudy throughout the day.,partly-cloudy-day,remote,Tokyo
Tokyo,2024-09-01,84.6,70.8,76.7,88.7,70.8,78.0,69.4,79.1,0.008,100.0,8.33,rain,0.0,0.0,21.7,9.6,201.3,1012.0,53.6,15.0,192.8,16.7,6,10.0,2024-09-01T05:37:39,2024-09-01T17:35:39,0.93,"Rain, Partially cloudy",Partly cloudy throughout the day with afternoon rain.,rain,remote,Tokyo
Tokyo,2024-09-02,89.5,70.2,77.8,94.3,70.2,79.4,70.7,81.0,0.0,0.0,0.0,,0.0,0.0,22.1,10.1,200.1,1012.5,40.5,15.0,271.9,23.6,9,10.0,2024-09-02T05:37:08,2024-09-02T17:35:31,0.97,Partially cloudy,Partly cloudy throughout the day.,partly-cloudy-day,remote,Tokyo
Tokyo,2024-09-03,87.2,69.7,77.3,89.7,69.7,78.2,69.0,78.0,0.0,0.0,0.0,,0.0,0.0,23.9,10.5,198.1,1012.8,46.3,15.0,258.2,22.3,9,10.0,2024-09-03T05:36:37,2024-09-03T17:35:24,0.0,Partially cloudy,Partly cloudy throughout the day.,partly-cloudy-day,remote,Tokyo
Tokyo,2024-09-04,90.2,70.8,78.9,93.8,70.8,80.3,70.5,77.9,0.0,0.0,0.0,,0.0,0.0,20.1,8.9,202.7,1011.4,31.4,15.0,223.4,19.3,8,10.0,2024-09-04T05:36:05,2024-09-04T17:35:16,0.04,Partially cloudy,Partly cloudy throughout the day.,partly-cloudy-day,remote,Tokyo
Tokyo,2024-09-05,87.7,72.4,78.9,95.7,72.4,81.3,72.4,81.6,0.075,100.0,16.67,rain,0.0,0.0,20.8,8.5,191.1,1011.4,62.9,15.0,221.8,19.0,8,10.0,2024-09-05T05:35:33,2024-09-05T17:35:08,0.07,"Rain, Partially cloudy",Partly cloudy throughout the day with afternoon rain.,rain,remote,Tokyo
Tokyo,2024-09-06,90.8,72.2,79.7,94.6,72.2,81.1,69.7,73.8,0.0,0.0,0.0,,0.0,0.0,20.4,10.1,159.8,1011.8,77.9,15.0,271.8,23.6,10,10.0,2024-09-06T05:35:01,2024-09-06T17:35:00,0.1,Partially cloudy,Partly cloudy throughout the day.,partly-cloudy-day,remote,Tokyo
Tokyo,2024-09-07,91.1,71.0,79.4,93.8,71.0,80.5,69.6,74.5,0.0,0.0,0.0,,0.0,0.0,24.2,10.7,158.7,1012.9,39.6,15.0,248.0,21.6,9,10.0,2024-09-07T05:34:28,2024-09-07T17:34:52,0.14,Partially cloudy,Partly cloudy throughout the day.,partly-cloudy-day,remote,Tokyo
Tokyo,2024-09-08,89.1,73.1,79.3,95.8,73.1,81.7,72.4,80.7,0.19,100.0,45.83,rain,0.0,0.0,19.0,7.8,182.3,1012.8,45.0,13.9,217.8,18.8,8,10.0,2024-09-08T05:33:55,2024-09-08T17:34:43,0.17,"Rain, Partially cloudy",Partly cloudy throughout the day with rain.,rain,remote,Tokyo
Tokyo,2024-09-09,90.2,73.3,79.4,97.0,73.3,81.8,72.5,80.9,0.099,100.0,12.5,rain,0.0,0.0,18.8,7.6,196.5,1011.7,64.1,13.4,234.6,20.1,9,10.0,2024-09-09T05:33:22,2024-09-09T17:34:35,0.2,"Rain, Partially cloudy",Partly cloudy throughout the day with afternoon rain.,rain,remote,Tokyo
Tokyo,2024-09-10,86.3,74.0,79.4,92.8,74.0,82.0,72.7,81.0,0.155,100.0,70.83,rain,0.0,0.0,16.3,6.7,197.7,1011.8,82.3,13.1,192.3,16.5,7,10.0,2024-09-10T05:32:49,2024-09-10T17:34:26,0.24,"Rain, Partially cloudy",Partly cloudy throughout the day with a chance of rain throughout the day.,rain,remote,Tokyo
Tokyo,2024-09-11,89.7,73.7,80.2,94.1,73.7,82.2,71.6,76.8,0.036,100.0,12.5,rain,0.0,0.0,18.3,7.8,186.5,1012.7,44.0,15.0,222.1,19.0,7,10.0,2024-09-11T05:32:16,2024-09-11T17:34:17,0.25,"Rain, Partially cloudy",Partly cloudy throughout the day with rain clearing later.,rain,remote,Tokyo
Tokyo,2024-09-12,90.9,70.6,79.3,93.0,70.6,80.4,69.2,74.5,0.0,0.0,0.0,,0.0,0.0,22.4,9.8,177.4,1012.8,68.6,15.0,276.4,23.9,10,10.0,2024-09-12T05:31:43,2024-09-12T17:34:08,0.3,Partially cloudy,Partly cloudy throughout the day.,partly-cloudy-day,remote,Tokyo
Tokyo,2024-09-13,91.1,70.1,79.4,93.1,70.1,80.5,69.2,74.3,0.0,0.0,0.0,rain,0.0,0.0,21.9,10.3,186.5,1012.2,21.6,15.0,288.3,24.9,10,10.0,2024-09-13T05:31:09,2024-09-13T17:33:59,0.34,Partially cloudy,Partly cloudy throughout the day.,partly-cloudy-day,remote,Tokyo
Tokyo,2024-09-14,90.4,71.0,79.2,90.8,71.0,80.1,69.1,74.5,0.004,100.0,4.17,rain,0.0,0.0,19.0,8.5,196.5,1011.1,71.6,15.0,266.1,23.0,9,10.0,2024-09-14T05:30:35,2024-09-14T17:33:51,0.37,"Rain, Partially cloudy",Partly cloudy throughout the day with afternoon rain.,rain,remote,Tokyo
Tokyo,2024-09-15,89.9,71.0,79.2,90.9,71.0,79.9,68.9,74.3,0.0,0.0,0.0,,0.0,0.0,20.6,9.6,183.0,1010.5,51.1,15.0,262.0,22.7,9,10.0,2024-09-15T05:30:02,2024-09-15T17:33:42,0.4,Partially cloudy,Clearing in the afternoon.,partly-cloudy-day,remote,Tokyo
Tokyo,2024-09-16,88.6,71.7,78.7,89.3,71.7,79.3,67.9,73.0,0.0,0.0,0.0,,0.0,0.0,23.7,10.1,199.8,1010.7,40.0,15.0,278.4,23.9,9,10.0,2024-09-16T05:29:28,2024-09-16T17:33:33,0.44,Partially cloudy,Partly cloudy throughout the day.,partly-cloudy-day,remote,Tokyo
Tokyo,2024-09-17,89.5,70.1,78.2,89.1,70.1,78.3,66.4,71.7,0.0,0.0,0.0,,0.0,0.0,22.6,9.6,199.0,1009.6,65.4,15.0,289.3,24.9,10,10.0,2024-09-17T05:28:54,2024-09-17T17:33:24,0.47,Partially cloudy,Partly cloudy throughout the day.,partly-cloudy-day,remote,Tokyo
Tokyo,2024-09-18,88.4,70.8,78.0,87.9,70.8,78.1,66.3,71.6,0.0,0.0,0.0,,0.0,0.0,23.3,9.4,202.0,1009.8,93.6,15.0,287.4,24.8,10,10.0,2024-09-18T05:28:20,2024-09-18T17:33:15,0.5,Overcast,Cloudy skies throughout the day.,cloudy,remote,Tokyo
Tokyo,2024-09-19,90.1,69.2,78.2,90.6,69.2,78.7,67.2,72.9,0.0,0.0,0.0,,0.0,0.0,23.3,10.7,210.3,1009.5,64.2,15.0,303.1,26.2,10,10.0,2024-09-19T05:27:46,2024-09-19T17:33:06,0.54,Partially cloudy,Clearing in the afternoon.,partly-cloudy-day,remote,Tokyo
Tokyo,2024-09-20,92.7,69.5,79.8,95.0,69.5,80.9,68.4,72.0,0.0,0.0,0.0,,0.0,0.0,18.6,8.9,219.4,1009.5,40.7,15.0,302.1,26.1,10,10.0,2024-09-20T05:27:12,2024-09-20T17:32:57,0.57,Partially cloudy,Clearing in the afternoon.,partly-cloudy-day,remote,Tokyo
Tokyo,2024-09-21,92.6,72.8,80.8,95.5,72.8,82.3,69.9,72.1,0.0,0.0,0.0,,0.0,0.0,20.4,8.9,212.6,1010.0,79.5,15.0,222.2,19.2,8,10.0,2024-09-21T05:26:38,2024-09-21T17:32:48,0.61,Partially cloudy,Partly cloudy throughout the day.,partly-cloudy-day,remote,Tokyo
Tokyo,2024-09-22,94.2,75.3,83.0,99.7,75.3,85.9,71.7,71.2,0.0,0.0,0.0,,0.0,0.0,13.4,5.1,213.5,1010.2,89.6,15.0,248.8,21.4,9,30.0,2024-09-22T05:26:05,2024-09-22T17:32:40,0.64,Partially cloudy,Partly cloudy throughout the day.,partly-cloudy-day,remote,Tokyo
Tokyo,2024-09-23,91.7,76.9,82.7,98.4,76.9,87.0,73.4,75.1,0.04,100.0,20.83,rain,0.0,0.0,13.4,2.7,20.2,1011.1,88.9,13.4,204.4,17.8,7,30.0,2024-09-23T05:25:31,2024-09-23T17:32:31,0.67,"Rain, Partially cloudy",Partly cloudy throughout the day with rain in the morning and afternoon.,rain,remote,Tokyo
Tokyo,2024-09-24,90.6,75.8,81.3,98.6,75.8,83.9,73.0,76.8,0.323,100.0,20.83,rain,0.0,0.0,18.8,7.2,195.5,1011.3,73.9,13.1,185.1,15.7,7,30.0,2024-09-24T05:24:57,2024-09-24T17:32:23,0.71,"Rain, Partially cloudy",Partly cloudy throughout the day with rain.,rain,remote,Tokyo
Tokyo,2024-09-25,90.9,73.7,80.3,96.7,73.7,83.0,72.5,78.9,0.366,100.0,58.33,rain,0.0,0.0,15.7,6.3,195.8,1011.5,72.4,14.0,221.7,19.2,8,30.0,2024-09-25T05:24:24,2024-09-25T17:32:15,0.75,"Rain, Partially cloudy",Partly cloudy throughout the day with rain.,rain,remote,Tokyo
Tokyo,2024-09-26,89.1,74.0,79.5,97.4,74.0,82.2,73.8,83.8,0.784,100.0,54.17,rain,0.0,0.0,17.2,6.3,191.7,1011.5,89.3,13.9,194.4,16.8,7,10.0,2024-09-26T05:23:51,2024-09-26T17:32:07,0.78,"Rain, Partially cloudy",Partly cloudy throughout the day with rain.,rain,remote,Tokyo
Tokyo,2024-09-27,89.3,74.7,80.7,99.4,74.7,84.4,74.0,81.2,0.46,100.0,50.0,rain,0.0,0.0,15.9,6.0,195.5,1011.7,61.2,13.5,216.8,18.7,8,30.0,2024-09-27T05:23:17,2024-09-27T17:31:59,0.81,"Rain, Partially cloudy",Partly cloudy throughout the day with a chance of rain throughout the day.,rain,remote,Tokyo
Tokyo,2024-09-28,90.9,75.1,82.2,98.2,75.1,85.9,73.5,77.0,0.016,100.0,16.67,rain,0.0,0.0,14.3,6.7,164.7,1011.1,37.1,14.7,268.7,23.3,10,30.0,2024-09-28T05:22:45,2024-09-28T17:31:51,0.84,"Rain, Partially cloudy",Clearing in the afternoon with rain in the morning and afternoon.,rain,remote,Tokyo
Tokyo,2024-09-29,92.6,74.0,82.0,98.2,74.0,85.2,72.2,74.3,0.004,100.0,4.17,rain,0.0,0.0,14.5,6.3,161.2,1011.0,34.7,14.8,263.7,22.8,9,30.0,2024-09-29T05:22:12,2024-09-29T17:31:44,0.88,"Rain, Partially cloudy",Partly cloudy throughout the day with morning rain.,rain,remote,Tokyo
Tokyo,2024-09-30,92.7,74.4,82.2,96.7,74.4,84.9,71.7,73.0,0.008,100.0,8.33,rain,0.0,0.0,14.5,5.6,167.1,1010.9,66.6,14.1,271.4,23.7,9,10.0,2024-09-30T05:21:39,2024-09-30T17:31:37,0.91,"Rain, Partially cloudy",Partly cloudy throughout the day with afternoon rain.,rain,remote,Tokyo
Tokyo,2024-10-01,89.7,74.7,80.7,97.2,74.7,83.9,73.3,79.6,0.032,100.0,20.83,rain,0.0,0.0,20.8,9.8,181.9,1010.9,98.0,14.1,255.8,22.3,9,30.0,2024-10-01T05:21:07,2024-10-01T17:31:30,0.95,"Rain, Overcast",Cloudy skies throughout the day with rain in the morning and afternoon.,rain,remote,Tokyo
Tokyo,2024-10-02,90.6,73.7,80.3,95.2,73.7,82.3,71.1,75.6,0.052,100.0,20.83,rain,0.0,0.0,19.7,15.9,197.4,1011.0,77.2,15.0,234.0,20.2,9,30.0,2024-10-02T05:20:35,2024-10-02T17:31:23,0.98,"Rain, Partially cloudy",Partly cloudy throughout the day with rain.,rain,remote,Tokyo
Tokyo,2024-10-03,89.3,76.2,81.2,93.1,76.2,83.3,71.2,73.1,0.004,100.0,4.17,rain,0.0,0.0,18.6,8.9,185.2,1011.4,93.3,15.0,268.0,23.2,9,30.0,2024-10-03T05:20:04,2024-10-03T17:31:17,0.0,"Rain, Overcast",Cloudy skies throughout the day with early morning rain.,rain,remote,Tokyo
Tokyo,2024-10-04,90.6,73.7,81.1,94.5,73.7,83.2,71.4,74.5,0.004,100.0,4.17,rain,0.0,0.0,18.1,8.1,176.6,1011.2,93.2,14.5,267.2,23.1,9,10.0,2024-10-04T05:19:32,2024-10-04T17:31:11,0.05,"Rain, Overcast",Cloudy skies throughout the day with afternoon rain.,rain,remote,Tokyo
Tokyo,2024-10-05,93.5,72.9,81.6,96.0,72.9,83.2,69.6,70.1,0.016,100.0,12.5,rain,0.0,0.0,11.6,14.5,197.4,1010.5,95.0,15.0,277.3,24.0,10,10.0,2024-10-05T05:19:02,2024-10-05T17:31:05,0.08,"Rain, Overcast",Cloudy skies throughout the day with rain.,rain,remote,Tokyo
Tokyo,2024-10-06,90.9,75.5,81.4,96.1,75.5,83.9,71.5,73.4,0.028,100.0,25.0,rain,0.0,0.0,16.1,8.1,180.8,1011.1,45.9,14.9,267.3,22.9,9,10.0,2024-10-06T05:18:31,2024-10-06T17:31:00,0.12,"Rain, Partially cloudy",Partly cloudy throughout the day with a chance of rain throughout the day.,rain,remote,Tokyo
Tokyo,2024-10-07,90.8,72.6,80.9,94.3,72.6,82.7,71.4,75.4,0.02,100.0,12.5,rain,0.0,0.0,21.5,10.3,168.0,1012.9,54.9,15.0,276.5,24.0,10,10.0,2024-10-07T05:18:01,2024-10-07T17:30:55,0.15,"Rain, Partially cloudy",Becoming cloudy in the afternoon with rain in the morning and afternoon.,rain,remote,Tokyo
Tokyo,2024-10-08,89.9,73.5,80.7,95.1,73.5,83.1,72.1,77.0,0.0,0.0,0.0,,0.0,0.0,20.4,8.9,170.8,1012.4,78.0,15.0,254.2,21.8,9,10.0,2024-10-08T05:17:31,2024-10-08T17:30:51,0.18,Partially cloudy,Partly cloudy throughout the day.,partly-cloudy-day,remote,Tokyo
Tokyo,2024-10-09,92.0,72.4,81.0,96.5,72.4,83.1,71.5,75.9,0.0,0.0,0.0,,0.0,0.0,19.7,9.2,181.2,1011.1,47.4,15.0,247.3,21.4,9,10.0,2024-10-09T05:17:02,2024-10-09T17:30:47,0.22,Partially cloudy,Partly cloudy throughout the day.,partly-cloudy-day,remote,Tokyo
Tokyo,2024-10-10,93.3,73.1,81.7,98.6,73.1,84.9,72.7,76.8,0.016,100.0,12.5,rain,0.0,0.0,18.8,8.9,187.1,1010.5,63.8,15.0,275.7,23.9,9,10.0,2024-10-10T05:16:33,2024-10-10T17:30:43,0.25,"Rain, Partially cloudy",Partly cloudy throughout the day with afternoon rain.,rain,remote,Tokyo
Tokyo,2024-10-11,90.6,73.7,82.1,97.6,73.7,85.3,72.7,75.3,0.0,0.0,0.0,,0.0,0.0,15.4,6.3,166.2,1010.1,79.7,15.0,271.9,23.7,9,10.0,2024-10-11T05:16:05,2024-10-11T17:30:40,0.25,Partially cloudy,Partly cloudy throughout the day.,partly-cloudy-day,remote,Tokyo
Tokyo,2024-10-12,94.2,75.3,83.6,99.7,75.3,87.5,73.2,73.6,0.036,100.0,29.17,rain,0.0,0.0,17.9,8.3,171.2,1010.1,59.0,14.6,274.5,23.8,10,10.0,2024-10-12T05:15:37,2024-10-12T17:30:37,0.32,"Rain, Partially cloudy",Partly cloudy throughout the day with rain.,rain,remote,Tokyo
Tokyo,2024-10-13,98.9,75.6,84.5,100.4,75.6,86.6,69.9,66.3,0.048,100.0,20.83,rain,0.0,0.0,19.7,20.6,191.2,1009.3,72.1,15.0,313.8,27.2,10,10.0,2024-10-13T05:15:10,2024-10-13T17:30:35,0.35,"Rain, Partially cloudy",Partly cloudy throughout the day with rain.,rain,remote,Tokyo
Tokyo,2024-10-14,92.6,76.4,82.9,97.9,76.4,86.1,72.5,72.6,0.036,100.0,12.5,rain,0.0,0.0,17.2,8.1,183.8,1010.0,99.4,15.0,266.5,22.9,9,10.0,2024-10-14T05:14:43,2024-10-14T17:30:33,0.39,"Rain, Overcast",Cloudy skies throughout the day with early morning rain.,rain,remote,Tokyo
Tokyo,2024-10-15,91.7,72.9,81.0,93.7,72.9,82.1,68.3,68.4,0.0,0.0,0.0,,0.0,0.0,21.5,9.6,187.1,1011.7,98.2,15.0,260.0,22.7,10,10.0,2024-10-15T05:14:17,2024-10-15T17:30:32,0.42,Overcast,Cloudy skies throughout the day.,cloudy,remote,Tokyo
Tokyo,2024-10-16,90.4,68.8,78.7,90.3,68.8,79.2,66.1,68.4,0.0,0.0,0.0,,0.0,0.0,25.1,11.4,193.2,1013.0,50.5,15.0,304.4,26.5,10,10.0,2024-10-16T05:13:52,2024-10-16T17:30:31,0.46,Partially cloudy,Partly cloudy throughout the day.,partly-cloudy-day,remote,Tokyo
Tokyo,2024-10-17,87.9,71.1,78.6,89.0,71.1,79.1,66.0,67.5,0.0,0.0,0.0,,0.0,0.0,24.2,11.4,198.6,1013.0,68.8,15.0,280.5,24.3,10,10.0,2024-10-17T05:13:27,2024-10-17T17:30:31,0.5,Partially cloudy,Partly cloudy throughout the day.,partly-cloudy-day,remote,Tokyo
Berlin,2024-04-01,67.5,48.3,55.8,67.5,45.5,55.2,47.7,77.3,0.037,100.0,8.33,rain,0.0,0.0,30.9,18.7,172.8,995.1,80.7,14.3,111.0,9.7,5,,2024-04-01T06:39:58,2024-04-01T19:41:38,0.75,"Rain, Partially cloudy",Partly cloudy throughout the day with late afternoon rain.,rain,"00427,03987,00403,E2835,00433,00400",Berlin
Berlin,2024-04-02,57.1,48.2,52.7,57.1,43.7,51.6,42.4,68.6,0.015,100.0,16.67,rain,0.0,0.0,41.8,19.4,255.1,1002.6,45.5,25.6,92.4,8.0,5,,2024-04-02T06:37:38,2024-04-02T19:43:23,0.75,"Rain, Partially cloudy",Partly cloudy throughout the day with rain.,rain,"00427,03987,00403,E2835,00433,00400",Berlin
Berlin,2024-04-03,53.2,48.0,50.8,53.2,43.3,49.8,46.4,84.8,0.174,100.0,58.33,rain,0.0,0.0,26.2,14.8,247.9,1006.7,89.8,19.7,83.0,7.0,5,,2024-04-03T06:35:18,2024-04-03T19:45:08,0.82,"Rain, Partially cloudy",Partly cloudy throughout the day with a chance of rain throughout the day.,rain,"00427,03987,00403,E2835,00433,00400",Berlin
Berlin,2024-04-04,58.8,49.3,53.4,58.8,46.0,52.7,48.3,83.4,0.157,100.0,37.5,rain,0.0,0.0,26.8,13.5,207.9,1007.5,87.2,17.9,88.5,7.6,4,,2024-04-04T06:32:59,2024-04-04T19:46:53,0.85,"Rain, Partially cloudy",Partly cloudy throughout the day with rain.,rain,"00427,03987,00403,E2835,00433,00400",Berlin
Berlin,2024-04-05,65.5,51.4,58.2,65.5,51.4,58.2,49.0,72.1,0.078,100.0,4.17,rain,0.0,0.0,35.8,12.7,216.2,1011.4,84.2,26.1,109.5,9.4,8,,2024-04-05T06:30:40,2024-04-05T19:48:38,0.88,"Rain, Partially cloudy",Partly cloudy throughout the day with late afternoon rain.,rain,"00427,03987,00403,E2835,00433,00400",Berlin
Berlin,2024-04-06,73.7,53.2,63.0,73.7,53.2,63.0,52.4,70.4,0.0,0.0,0.0,,0.0,0.0,25.1,9.3,206.7,1014.6,78.2,26.8,224.3,19.6,8,,2024-04-06T06:28:21,2024-04-06T19:50:23,0.92,Partially cloudy,Partly cloudy throughout the day.,partly-cloudy-day,"00427,03987,00403,E2835,00433",Berlin
Berlin,2024-04-07,73.5,57.3,65.6,73.5,57.3,65.6,50.7,60.2,0.0,0.0,0.0,,0.0,0.0,20.8,13.2,198.4,1014.5,77.1,24.8,164.4,14.2,6,,2024-04-07T06:26:03,2024-04-07T19:52:08,0.95,Partially cloudy,Partly cloudy throughout the day.,partly-cloudy-day,"00427,03987,00403,E2835,00433",Berlin
Berlin,2024-04-08,80.0,58.5,67.3,79.7,58.5,67.3,52.5,61.3,0.0,0.0,0.0,,0.0,0.0,13.9,10.3,166.3,1010.7,57.7,23.0,160.1,13.9,7,,2024-04-08T06:23:45,2024-04-08T19:53:53,0.0,Partially cloudy,Partly cloudy throughout the day.,partly-cloudy-day,"00427,03987,00403,E2835,00433,00400",Berlin
Berlin,2024-04-09,78.9,53.9,64.5,78.9,53.9,64.5,52.8,67.4,0.0,0.0,0.0,,0.0,0.0,33.8,22.2,252.7,1008.4,56.4,22.0,153.2,13.2,6,,2024-04-09T06:21:28,2024-04-09T19:55:38,0.02,Partially cloudy,Partly cloudy throughout the day.,partly-cloudy-day,"00427,03987,00403,E2835,00433,00400",Berlin
Berlin,2024-04-10,56.7,48.2,53.5,56.7,46.4,53.4,41.9,65.0,0.02,100.0,8.33,rain,0.0,0.0,28.6,16.7,261.1,1024.7,79.8,28.5,117.8,10.0,7,,2024-04-10T06:19:11,2024-04-10T19:57:23,0.05,"Rain, Partially cloudy",Partly cloudy throughout the day with early morning rain.,rain,"00427,03987,00403,E2835,00433,00400",Berlin
Berlin,2024-04-11,62.3,41.4,53.6,62.3,38.3,52.5,40.0,63.2,0.0,0.0,0.0,,0.0,0.0,26.4,12.4,230.1,1031.6,53.4,25.8,138.3,11.8,6,,2024-04-11T06:16:55,2024-04-11T19:59:08,0.09,Partially cloudy,Partly cloudy throughout the day.,partly-cloudy-day,"00427,03987,00403,E2835,00433,00400",Berlin
Berlin,2024-04-12,67.4,55.4,60.5,67.4,55.4,60.5,50.3,69.6,0.0,0.0,0.0,,0.0,0.0,24.2,11.7,247.4,1029.7,98.9,27.0,110.5,9.5,4,,2024-04-12T06:14:40,2024-04-12T20:00:52,0.12,Overcast,Cloudy skies throughout the day.,cloudy,"00427,03987,00403,E2835,00433,00400",Berlin
Berlin,2024-04-13,72.3,53.3,63.1,72.3,53.3,63.1,51.7,68.2,0.0,0.0,0.0,,0.0,0.0,28.9,15.7,245.4,1023.2,97.6,27.5,215.9,18.7,8,,2024-04-13T06:12:25,2024-04-13T20:02:37,0.15,Overcast,Cloudy skies throughout the day.,cloudy,"00427,03987,00403,E2835,00433,00400",Berlin
Berlin,2024-04-14,63.3,49.1,59.5,63.3,46.2,59.3,41.6,53.6,0.0,0.0,0.0,,0.0,0.0,30.4,19.1,274.8,1016.8,84.2,26.0,163.3,14.0,5,,2024-04-14T06:10:11,2024-04-14T20:04:22,0.19,Partially cloudy,Partly cloudy throughout the day.,partly-cloudy-day,"00427,03987,00403,E2835,00433,00400",Berlin
Berlin,2024-04-15,57.3,45.0,51.2,57.3,41.5,50.2,39.4,64.1,0.009,100.0,20.83,rain,0.0,0.0,21.7,16.0,213.8,1007.8,81.0,24.5,156.5,13.4,9,,2024-04-15T06:07:57,2024-04-15T20:06:07,0.25,"Rain, Partially cloudy",Partly cloudy throughout the day with rain.,rain,"00427,03987,00403,E2835,00433,00400",Berlin
Berlin,2024-04-16,49.3,41.1,44.5,44.4,34.5,38.6,37.7,77.2,0.135,100.0,33.33,rain,0.0,0.0,37.6,17.4,265.9,1000.2,78.2,20.0,109.9,9.5,4,,2024-04-16T06:05:44,2024-04-16T20:07:52,0.25,"Rain, Partially cloudy",Partly cloudy throughout the day with rain.,rain,"00427,03987,00403,E2835,00433,00400",Berlin
Berlin,2024-04-17,51.5,36.2,43.3,51.5,30.5,40.0,34.3,72.5,0.006,100.0,12.5,rain,0.0,0.0,17.4,13.1,334.8,1007.7,42.3,27.8,200.2,17.1,8,,2024-04-17T06:03:32,2024-04-17T20:09:37,0.28,"Rain, Partially cloudy",Partly cloudy throughout the day with rain in the morning and afternoon.,rain,"00427,03987,00403,E2835,00433,00400",Berlin
Berlin,2024-04-18,52.3,33.5,44.0,52.3,28.1,40.8,31.6,65.0,0.0,0.0,0.0,,0.0,0.0,19.0,13.5,314.4,1014.3,31.2,27.7,167.8,14.4,8,,2024-04-18T06:01:21,2024-04-18T20:11:22,0.32,Partially cloudy,Partly cloudy throughout the day.,partly-cloudy-day,"00427,03987,00403,E2835,00433,00400",Berlin
Berlin,2024-04-19,46.8,41.5,43.5,43.7,35.7,38.9,39.3,85.2,0.267,100.0,58.33,rain,0.0,0.0,31.1,13.5,228.8,1006.2,99.7,19.7,79.5,6.8,5,,2024-04-19T05:59:11,2024-04-19T20:13:06,0.35,"Rain, Overcast",Cloudy skies throughout the day with rain.,rain,"00427,03987,00403,E2835,00433,00400",Berlin
Berlin,2024-04-20,48.7,37.7,42.9,44.9,30.9,37.3,34.0,72.4,0.096,100.0,25.0,rain,0.0,0.0,28.2,17.2,3.8,1012.7,74.2,24.1,189.9,16.4,9,,2024-04-20T05:57:01,2024-04-20T20:14:51,0.38,"Rain, Partially cloudy",Partly cloudy throughout the day with rain clearing later.,rain,"00427,03987,00403,E2835,00433,00400",Berlin
Berlin,2024-04-21,47.3,30.8,39.4,42.4,24.1,33.3,28.0,65.0,0.0,0.0,0.0,,0.0,0.0,26.4,17.7,53.6,1022.8,31.9,27.0,152.9,13.2,7,,2024-04-21T05:54:53,2024-04-21T20:16:35,0.42,Partially cloudy,Becoming cloudy in the afternoon.,partly-cloudy-day,"00427,03987,00403,E2835,00433,00400",Berlin
Berlin,2024-04-22,41.1,29.2,36.5,40.3,23.8,32.5,28.7,73.9,0.034,100.0,33.33,rain,0.0,0.0,20.6,10.2,12.5,1024.5,41.0,22.8,87.7,7.5,5,,2024-04-22T05:52:45,2024-04-22T20:18:20,0.45,"Rain, Partially cloudy",Partly cloudy throughout the day with rain.,rain,"00427,03987,00403,E2835,00433,00400",Berlin
Berlin,2024-04-23,48.1,31.3,40.6,45.5,26.0,37.7,28.8,66.5,0.0,0.0,0.0,,0.0,0.0,15.7,8.6,277.3,1019.4,44.8,26.2,263.1,22.9,10,,2024-04-23T05:50:38,2024-04-23T20:20:04,0.48,Partially cloudy,Becoming cloudy in the afternoon.,partly-cloudy-day,"00427,03987,00403,E2835,00433,00400",Berlin
Berlin,2024-04-24,49.1,39.5,44.1,46.2,35.7,40.9,33.0,65.7,0.013,100.0,12.5,rain,0.0,0.0,22.4,9.3,164.2,1007.9,56.6,23.8,135.6,11.7,6,,2024-04-24T05:48:33,2024-04-24T20:21:49,0.5,"Rain, Partially cloudy",Partly cloudy throughout the day with rain.,rain,"00427,03987,00403,E2835,00433,00400",Berlin
Berlin,2024-04-25,50.3,36.2,42.6,50.3,32.3,39.2,35.7,77.5,0.009,100.0,16.67,rain,0.0,0.0,21.0,11.5,210.6,1004.8,77.9,17.4,169.6,14.7,10,,2024-04-25T05:46:28,2024-04-25T20:23:33,0.55,"Rain, Partially cloudy",Partly cloudy throughout the day with rain.,rain,"00427,03987,00403,E2835,00433,00400",Berlin
Berlin,2024-04-26,58.4,38.0,48.7,58.4,34.5,47.1,35.0,63.1,0.0,0.0,0.0,,0.0,0.0,24.4,11.5,185.1,1007.2,65.2,28.6,210.8,18.3,8,,2024-04-26T05:44:25,2024-04-26T20:25:17,0.59,Partially cloudy,Partly cloudy throughout the day.,partly-cloudy-day,"00427,03987,00403,E2835,00433,00400",Berlin
Berlin,2024-04-27,70.1,37.4,55.0,70.1,35.4,54.4,38.6,58.1,0.0,0.0,0.0,,0.0,0.0,19.5,10.0,154.8,1010.7,15.3,29.0,253.5,22.0,9,,2024-04-27T05:42:23,2024-04-27T20:27:00,0.62,Clear,Clear conditions throughout the day.,clear-day,"00427,03987,00403,E2835,00433,00400",Berlin
Berlin,2024-04-28,74.3,47.6,61.6,74.3,44.3,61.0,43.5,53.3,0.0,0.0,0.0,,0.0,0.0,21.9,10.9,130.1,1012.8,65.3,28.5,231.8,20.2,8,,2024-04-28T05:40:22,2024-04-28T20:28:44,0.66,Partially cloudy,Partly cloudy throughout the day.,partly-cloudy-day,"00427,03987,00403,E2835,00433,00400",Berlin
Berlin,2024-04-29,69.9,57.0,62.8,69.9,57.0,62.8,46.7,56.0,0.0,0.0,0.0,,0.0,0.0,17.2,11.2,352.4,1021.4,86.8,29.4,237.3,20.5,9,,2024-04-29T05:38:22,2024-04-29T20:30:27,0.69,Partially cloudy,Partly cloudy throughout the day.,partly-cloudy-day,"00427,03987,00403,E2835,00433,00400",Berlin
Berlin,2024-04-30,82.7,52.1,67.3,80.9,52.1,67.0,48.1,53.8,0.0,0.0,0.0,,0.0,0.0,22.8,13.0,104.9,1018.3,11.6,24.9,274.8,23.8,8,,2024-04-30T05:36:24,2024-04-30T20:32:10,0.73,Clear,Clear conditions throughout the day.,clear-day,"00427,03987,00403,E2835,00433,00400",Berlin
Berlin,2024-05-01,79.4,57.4,69.7,79.4,57.4,69.7,47.8,47.0,0.0,0.0,0.0,,0.0,0.0,30.2,17.9,115.5,1011.4,28.7,24.0,279.9,24.4,8,,2024-05-01T05:34:26,2024-05-01T20:33:53,0.75,Partially cloudy,Partly cloudy throughout the day.,partly-cloudy-day,"00427,03987,00403,E2835,00433,00400",Berlin
Berlin,2024-05-02,78.6,58.6,69.0,78.6,58.6,69.0,48.1,48.5,0.0,0.0,0.0,,0.0,0.0,32.4,17.4,109.6,1005.2,11.8,25.6,286.4,24.8,9,,2024-05-02T05:32:31,2024-05-02T20:35:35,0.8,Clear,Clear conditions throughout the day.,clear-day,"00427,03987,00403,E2835,00433,00400",Berlin
Berlin,2024-05-03,73.5,59.5,66.0,73.5,59.5,66.0,52.2,61.9,0.044,100.0,8.33,rain,0.0,0.0,22.4,10.5,163.9,1008.6,33.7,25.0,235.2,20.5,10,,2024-05-03T05:30:36,2024-05-03T20:37:17,0.83,"Rain, Partially cloudy",Becoming cloudy in the afternoon with late afternoon rain.,rain,"00427,03987,00403,E2835,00433,00400",Berlin
Berlin,2024-05-04,69.3,53.4,60.8,69.3,53.4,60.8,51.7,73.2,0.004,100.0,4.17,rain,0.0,0.0,14.5,9.6,298.1,1015.2,78.8,19.9,211.9,18.3,9,,2024-05-04T05:28:44,2024-05-04T20:38:59,0.87,"Rain, Partially cloudy",Partly cloudy throughout the day with early morning rain.,rain,"00427,03987,00403,E2835,00433,00400",Berlin
Berlin,2024-05-05,68.8,55.1,61.4,68.8,55.1,61.4,50.8,70.6,0.015,100.0,16.67,rain,0.0,0.0,28.2,13.9,211.5,1008.9,60.0,21.1,180.5,15.8,9,,2024-05-05T05:26:52,2024-05-05T20:40:40,0.9,"Rain, Partially cloudy",Partly cloudy throughout the day with rain.,rain,"00427,03987,00403,E2835,00433,00400",Berlin
Berlin,2024-05-06,66.3,47.2,56.8,66.3,44.2,56.3,43.7,63.7,0.0,0.0,0.0,,0.0,0.0,17.2,8.5,291.4,1009.3,73.2,24.1,275.1,23.6,9,,2024-05-06T05:25:02,2024-05-06T20:42:21,0.94,Partially cloudy,Partly cloudy throughout the day.,partly-cloudy-day,"00427,03987,00403,E2835,00433,00400",Berlin
Berlin,2024-05-07,60.0,48.4,53.4,60.0,45.1,52.6,44.5,72.5,0.0,0.0,0.0,,0.0,0.0,19.9,11.3,50.8,1017.2,84.4,26.9,96.5,8.3,6,,2024-05-07T05:23:14,2024-05-07T20:44:01,0.97,Partially cloudy,Partly cloudy throughout the day.,partly-cloudy-day,"00427,03987,00403,E2835,00433,00400",Berlin
Berlin,2024-05-08,64.3,45.6,55.2,64.3,42.5,54.4,38.7,56.6,0.0,0.0,0.0,,0.0,0.0,18.3,9.5,48.4,1024.8,63.7,28.8,263.3,22.8,9,,2024-05-08T05:21:28,2024-05-08T20:45:40,0.0,Partially cloudy,Partly cloudy throughout the day.,partly-cloudy-day,"00427,03987,00403,E2835,00433,00400",Berlin
Berlin,2024-05-09,67.5,42.7,56.7,67.5,40.3,56.1,38.8,54.4,0.0,0.0,0.0,,0.0,0.0,10.1,7.0,345.9,1026.0,37.4,29.9,294.6,25.5,9,,2024-05-09T05:19:43,2024-05-09T20:47:19,0.04,Partially cloudy,Clearing in the afternoon.,partly-cloudy-day,"00427,03987,00403,E2835,00433,00400",Berlin
Berlin,2024-05-10,71.2,50.9,61.6,71.2,50.9,61.6,44.8,55.7,0.0,0.0,0.0,,0.0,0.0,13.9,7.2,325.8,1023.2,77.1,27.4,192.6,16.8,9,,2024-05-10T05:18:00,2024-05-10T20:48:58,0.07,Partially cloudy,Partly cloudy throughout the day.,partly-cloudy-day,"00427,03987,00403,E2835,00433,00400",Berlin
Berlin,2024-05-11,65.9,53.2,59.3,65.9,53.2,59.3,49.3,70.8,0.0,0.0,0.0,,0.0,0.0,18.3,10.1,37.7,1023.0,65.9,18.3,156.3,13.6,6,,2024-05-11T05:16:19,2024-05-11T20:50:35,0.11,Partially cloudy,Partly cloudy throughout the day.,partly-cloudy-day,"00427,03987,00403,E2835,00433,00400",Berlin
Berlin,2024-05-12,69.8,48.6,59.6,69.8,45.0,59.1,41.0,54.6,0.0,0.0,0.0,,0.0,0.0,22.1,13.3,85.8,1022.3,7.1,28.8,301.0,26.0,9,,2024-05-12T05:14:40,2024-05-12T20:52:12,0.14,Clear,Clear conditions throughout the day.,clear-day,"00427,03987,00403,E2835,00433,00400",Berlin
Berlin,2024-05-13,74.9,47.0,62.2,74.9,42.8,61.5,36.7,41.3,0.0,0.0,0.0,,0.0,0.0,21.3,9.6,104.1,1017.7,6.9,28.0,308.3,26.6,8,,2024-05-13T05:13:03,2024-05-13T20:53:48,0.17,Clear,Clear conditions throughout the day.,clear-day,"00427,03987,00403,remote,E2835,00433,00400",Berlin
Berlin,2024-05-14,77.6,51.8,65.6,77.6,51.8,65.6,37.6,37.8,0.0,0.0,0.0,,0.0,0.0,25.3,14.9,107.3,1013.7,0.9,28.2,301.9,26.2,9,,2024-05-14T05:11:27,2024-05-14T20:55:23,0.2,Clear,Clear conditions throughout the day.,clear-day,"00427,03987,remote,00403,E2835,00433,00400",Berlin
Berlin,2024-05-15,78.3,54.9,68.1,78.3,54.9,68.1,40.4,38.0,0.0,0.0,0.0,,0.0,0.0,32.9,17.2,101.1,1012.3,3.9,29.7,303.2,26.1,9,,2024-05-15T05:09:54,2024-05-15T20:56:57,0.25,Clear,Clear conditions throughout the day.,clear-day,"00427,03987,00403,E2835,00433,00400",Berlin
Berlin,2024-05-16,78.3,57.0,68.3,78.3,57.0,68.3,41.4,38.5,0.0,0.0,0.0,,0.0,0.0,38.9,19.4,111.8,1011.0,33.3,29.1,229.3,19.8,9,,2024-05-16T05:08:23,2024-05-16T20:58:30,0.27,Partially cloudy,Becoming cloudy in the afternoon.,partly-cloudy-day,"00427,03987,00403,E2835,00433,00400",Berlin
Berlin,2024-05-17,77.2,58.4,67.1,77.2,58.4,67.1,42.4,42.6,0.0,0.0,0.0,,0.0,0.0,33.3,18.6,101.5,1010.4,34.9,27.0,285.8,24.6,9,,2024-05-17T05:06:54,2024-05-17T21:00:02,0.3,Partially cloudy,Becoming cloudy in the afternoon.,partly-cloudy-day,"00427,03987,00403,E2835,00433,00400",Berlin
Berlin,2024-05-18,66.1,54.9,61.6,66.1,54.9,61.6,48.1,61.6,0.0,0.0,0.0,,0.0,0.0,25.3,10.9,102.9,1010.5,59.1,29.7,181.9,15.7,8,,2024-05-18T05:05:27,2024-05-18T21:01:33,0.33,Partially cloudy,Partly cloudy throughout the day.,partly-cloudy-day,"00427,03987,00403,E2835,00433,00400",Berlin
Berlin,2024-05-19,68.2,53.8,61.6,68.2,53.8,61.6,54.0,76.8,0.146,100.0,29.17,rain,0.0,0.0,16.6,9.6,148.8,1009.7,65.4,23.6,172.9,15.1,7,,2024-05-19T05:04:02,2024-05-19T21:03:03,0.37,"Rain, Partially cloudy",Partly cloudy throughout the day with rain.,rain,"00427,03987,00403,E2835,00433,00400",Berlin
Berlin,2024-05-20,70.3,52.3,62.3,70.3,52.3,62.3,54.1,76.1,0.037,100.0,20.83,rain,0.0,0.0,13.6,8.9,127.3,1011.4,49.5,18.3,137.2,11.8,8,,2024-05-20T05:02:40,2024-05-20T21:04:31,0.4,"Rain, Partially cloudy",Partly cloudy throughout the day with rain.,rain,"00427,03987,00403,E2835,00433,00400",Berlin
Berlin,2024-05-21,80.8,55.5,69.0,80.2,55.5,69.0,54.1,63.4,0.0,0.0,0.0,,0.0,0.0,28.4,17.5,81.6,1010.5,53.6,19.9,254.9,22.0,8,,2024-05-21T05:01:20,2024-05-21T21:05:58,0.43,Partially cloudy,Partly cloudy throughout the day.,partly-cloudy-day,"00427,03987,00403,E2835,00433,00400",Berlin
Berlin,2024-05-22,75.9,59.9,69.0,75.9,59.9,69.0,57.8,68.4,0.156,100.0,25.0,rain,0.0,0.0,28.0,13.9,87.6,1006.9,91.2,22.4,117.8,10.1,6,,2024-05-22T05:00:02,2024-05-22T21:07:24,0.46,"Rain, Overcast",Cloudy skies throughout the day with rain.,rain,"00427,03987,00403,E2835,00433,00400",Berlin
Berlin,2024-05-23,74.5,59.1,65.8,74.5,59.1,65.8,54.1,69.1,0.038,100.0,12.5,rain,0.0,0.0,20.6,11.9,274.7,1013.4,78.4,18.8,292.7,25.2,9,,2024-05-23T04:58:47,2024-05-23T21:08:48,0.5,"Rain, Partially cloudy",Partly cloudy throughout the day with early morning rain.,rain,"00427,03987,00403,E2835,00433,00400",Berlin
Berlin,2024-05-24,76.5,55.0,66.0,76.5,55.0,66.0,55.0,71.3,0.222,100.0,20.83,rain,0.0,0.0,22.1,14.5,88.6,1018.0,78.0,18.1,215.0,18.7,9,,2024-05-24T04:57:34,2024-05-24T21:10:11,0.53,"Rain, Partially cloudy",Partly cloudy throughout the day with late afternoon rain.,rain,"00427,03987,00403,E2835,00433,00400",Berlin
Berlin,2024-05-25,74.3,59.1,65.6,74.3,59.1,65.6,57.6,77.9,0.532,100.0,41.67,rain,0.0,0.0,18.8,10.8,172.1,1017.3,62.5,13.6,275.6,23.9,10,,2024-05-25T04:56:24,2024-05-25T21:11:32,0.57,"Rain, Partially cloudy",Clearing in the afternoon with rain.,rain,"00427,03987,00403,E2835,00433,00400",Berlin
Berlin,2024-05-26,76.6,55.1,67.6,76.6,55.1,67.6,56.5,70.1,0.008,100.0,4.17,rain,0.0,0.0,19.7,9.0,155.9,1017.9,46.0,20.4,260.1,22.3,9,,2024-05-26T04:55:17,2024-05-26T21:12:51,0.6,"Rain, Partially cloudy",Partly cloudy throughout the day with early morning rain.,rain,"00427,03987,00403,E2835,00433,00400",Berlin
Berlin,2024-05-27,75.3,61.9,68.1,75.3,61.9,68.1,56.7,67.5,0.046,100.0,20.83,rain,0.0,0.0,17.0,12.1,152.5,1016.8,95.3,17.5,199.0,17.1,8,,2024-05-27T04:54:12,2024-05-27T21:14:09,0.64,"Rain, Overcast",Cloudy skies throughout the day with rain.,rain,"00427,03987,00403,E2835,00433,00400",Berlin
Berlin,2024-05-28,66.0,58.3,61.8,66.0,58.3,61.8,55.4,80.6,0.146,100.0,37.5,rain,0.0,0.0,18.6,10.2,254.8,1016.2,82.8,19.7,130.8,11.2,7,,2024-05-28T04:53:10,2024-05-28T21:15:24,0.67,"Rain, Partially cloudy",Partly cloudy throughout the day with a chance of rain throughout the day.,rain,"00427,03987,00403,E2835,00433,00400",Berlin
Berlin,2024-05-29,72.0,51.3,62.6,72.0,51.3,62.6,51.2,69.5,0.0,0.0,0.0,,0.0,0.0,27.5,12.3,180.6,1013.6,70.9,23.8,212.0,18.3,9,,2024-05-29T04:52:10,2024-05-29T21:16:38,0.71,Partially cloudy,Partly cloudy throughout the day.,partly-cloudy-day,"00427,03987,00403,E2835,00433,00400",Berlin
Berlin,2024-05-30,67.3,56.6,62.2,67.3,56.6,62.2,57.4,84.7,0.302,100.0,37.5,rain,0.0,0.0,19.9,8.2,99.8,1006.1,65.9,21.1,99.0,8.5,4,,2024-05-30T04:51:14,2024-05-30T21:17:50,0.75,"Rain, Partially cloudy",Partly cloudy throughout the day with a chance of rain throughout the day.,rain,"00427,03987,00403,E2835,00433,00400",Berlin
Berlin,2024-05-31,72.7,55.8,64.1,72.7,55.8,64.1,55.6,76.0,0.001,100.0,4.17,rain,0.0,0.0,12.3,7.5,171.1,1007.0,80.4,23.0,243.7,21.0,9,,2024-05-31T04:50:20,2024-05-31T21:19:00,0.78,"Rain, Partially cloudy",Partly cloudy throughout the day with early morning rain.,rain,"00427,03987,00403,E2835,00433,00400",Berlin
Berlin,2024-06-01,78.3,60.1,69.4,78.3,60.1,69.4,58.7,70.5,0.007,100.0,8.33,rain,0.0,0.0,25.1,13.6,17.0,1009.8,48.0,22.5,218.9,19.1,10,,2024-06-01T04:49:29,2024-06-01T21:20:07,0.82,"Rain, Partially cloudy",Partly cloudy throughout the day with afternoon rain.,rain,"00427,03987,00403,E2835,00433,00400",Berlin
Berlin,2024-06-02,75.6,61.4,67.9,75.6,61.4,67.9,59.5,75.3,0.0,0.0,0.0,,0.0,0.0,25.5,18.1,308.6,1013.9,39.2,21.7,254.5,22.0,9,,2024-06-02T04:48:42,2024-06-02T21:21:13,0.85,Partially cloudy,Becoming cloudy in the afternoon.,partly-cloudy-day,"00427,03987,00403,E2835,00433,00400",Berlin
Berlin,2024-06-03,61.1,54.9,58.2,61.1,54.9,58.2,50.7,76.1,0.0,0.0,0.0,,0.0,0.0,19.5,12.9,283.0,1016.8,82.7,20.3,80.2,7.1,3,,2024-06-03T04:47:57,2024-06-03T21:22:16,0.89,Partially cloudy,Partly cloudy throughout the day.,partly-cloudy-day,"00427,03987,00403,E2835,00433,00400",Berlin
Berlin,2024-06-04,68.6,55.4,61.5,68.6,55.4,61.5,50.8,69.4,0.0,0.0,0.0,,0.0,0.0,12.8,7.0,247.4,1014.2,85.4,24.0,178.7,15.6,8,,2024-06-04T04:47:15,2024-06-04T21:23:17,0.92,Partially cloudy,Partly cloudy throughout the day.,partly-cloudy-day,"00427,03987,00403,E2835,00433,00400",Berlin
Berlin,2024-06-05,69.0,53.3,60.9,69.0,53.3,60.9,53.4,77.2,0.186,100.0,25.0,rain,0.0,0.0,26.2,15.9,240.0,1010.6,62.1,21.3,132.7,11.6,5,,2024-06-05T04:46:36,2024-06-05T21:24:15,0.96,"Rain, Partially cloudy",Partly cloudy throughout the day with rain.,rain,"00427,03987,00403,E2835,00433,00400",Berlin
Berlin,2024-06-06,68.5,52.8,60.6,68.5,52.8,60.6,47.6,66.0,0.02,100.0,8.33,rain,0.0,0.0,17.0,12.4,283.8,1016.4,59.7,17.8,288.0,24.7,10,,2024-06-06T04:46:00,2024-06-06T21:25:11,0.0,"Rain, Partially cloudy",Partly cloudy throughout the day with rain.,rain,"00427,03987,00403,E2835,00433,00400",Berlin
Berlin,2024-06-07,68.7,52.8,61.1,68.7,52.8,61.1,46.4,61.4,0.007,100.0,8.33,rain,0.0,0.0,15.9,12.4,316.3,1017.1,55.7,24.5,280.2,24.2,9,,2024-06-07T04:45:28,2024-06-07T21:26:04,0.03,"Rain, Partially cloudy",Partly cloudy throughout the day with early morning rain.,rain,"00427,03987,00403,E2835,00433,00400",Berlin
Berlin,2024-06-08,78.3,48.2,64.9,78.3,47.3,64.8,46.8,56.3,0.0,0.0,0.0,,0.0,0.0,20.4,12.4,213.3,1011.5,23.7,22.2,235.1,20.3,8,,2024-06-08T04:44:58,2024-06-08T21:26:54,0.06,Partially cloudy,Partly cloudy throughout the day.,partly-cloudy-day,"00427,03987,00403,E2835,00433,00400",Berlin
Berlin,2024-06-09,68.9,51.9,60.9,68.9,51.9,60.9,42.0,52.9,0.0,0.0,0.0,,0.0,0.0,22.6,14.4,288.6,1008.4,17.1,30.7,321.1,28.0,9,,2024-06-09T04:44:32,2024-06-09T21:27:42,0.09,Clear,Clear conditions throughout the day.,clear-day,"00427,03987,00403,E2835,00433,00400",Berlin
Berlin,2024-06-10,66.3,50.6,58.6,66.3,50.6,58.6,44.7,61.7,0.062,100.0,12.5,rain,0.0,0.0,18.1,10.7,295.3,1006.4,50.0,22.2,182.8,15.8,9,,2024-06-10T04:44:09,2024-06-10T21:28:27,0.13,"Rain, Partially cloudy",Partly cloudy throughout the day with late afternoon rain.,rain,"00427,03987,00403,E2835,00433,00400",Berlin
Berlin,2024-06-11,63.9,50.9,56.6,63.9,50.9,56.6,46.1,69.7,0.019,100.0,12.5,rain,0.0,0.0,34.0,18.3,253.1,1009.3,53.8,25.0,139.6,12.1,8,,2024-06-11T04:43:49,2024-06-11T21:29:10,0.16,"Rain, Partially cloudy",Partly cloudy throughout the day with rain.,rain,"00427,03987,00403,E2835,00433,00400",Berlin
Berlin,2024-06-12,63.2,47.4,55.7,63.2,45.1,55.2,44.2,66.7,0.008,100.0,20.83,rain,0.0,0.0,24.8,13.8,259.4,1016.5,17.5,29.2,286.8,24.7,10,,2024-06-12T04:43:32,2024-06-12T21:29:49,0.19,Rain,Clear conditions throughout the day with rain in the morning and afternoon.,rain,"00427,03987,00403,E2835,00433,00400",Berlin
Berlin,2024-06-13,65.8,49.6,57.4,65.8,49.6,57.4,42.0,59.3,0.0,0.0,0.0,,0.0,0.0,21.0,11.2,278.1,1017.4,43.7,29.9,282.7,24.4,10,,2024-06-13T04:43:18,2024-06-13T21:30:26,0.22,Partially cloudy,Partly cloudy throughout the day.,partly-cloudy-day,"00427,03987,00403,E2835,00433,00400",Berlin
Berlin,2024-06-14,67.8,49.0,57.7,67.8,48.4,57.7,48.4,72.0,0.081,100.0,8.33,rain,0.0,0.0,23.9,13.8,144.6,1013.5,85.8,24.9,126.1,11.0,6,,2024-06-14T04:43:08,2024-06-14T21:30:59,0.25,"Rain, Partially cloudy",Partly cloudy throughout the day with afternoon rain.,rain,"00427,03987,00403,E2835,00433,00400",Berlin
Berlin,2024-06-15,72.7,54.5,62.9,72.7,54.5,62.9,52.0,70.2,0.131,100.0,12.5,rain,0.0,0.0,34.0,14.5,196.2,1007.2,59.1,22.5,165.0,14.3,10,,2024-06-15T04:43:01,2024-06-15T21:31:30,0.29,"Rain, Partially cloudy",Partly cloudy throughout the day with rain in the morning and afternoon.,rain,"00427,03987,00403,E2835,00433,00400",Berlin
Berlin,2024-06-16,75.7,52.2,65.4,75.7,52.2,65.4,48.0,57.0,0.001,100.0,4.17,rain,0.0,0.0,22.4,15.1,207.2,1009.9,41.4,27.8,294.0,25.2,10,,2024-06-16T04:42:57,2024-06-16T21:31:57,0.32,"Rain, Partially cloudy",Partly cloudy throughout the day with late afternoon rain.,rain,"00427,03987,00403,E2835,00433,00400",Berlin
Berlin,2024-06-17,75.1,61.3,67.5,75.1,61.3,67.5,54.8,64.3,0.03,100.0,16.67,rain,0.0,0.0,22.8,12.6,210.9,1012.1,77.7,25.8,174.8,15.1,10,,2024-06-17T04:42:57,2024-06-17T21:32:22,0.35,"Rain, Partially cloudy",Partly cloudy throughout the day with rain.,rain,"00427,03987,00403,E2835,00433,00400",Berlin
Berlin,2024-06-18,81.1,56.5,68.0,81.0,56.5,68.0,58.0,74.1,0.409,100.0,20.83,rain,0.0,0.0,21.7,8.0,191.7,1014.1,75.9,24.8,224.0,19.3,10,,2024-06-18T04:42:59,2024-06-18T21:32:43,0.38,"Rain, Partially cloudy",Partly cloudy throughout the day with late afternoon rain.,rain,"00427,03987,00403,E2835,00433,00400",Berlin
Berlin,2024-06-19,64.3,58.0,61.9,64.3,58.0,61.9,58.0,87.4,0.058,100.0,29.17,rain,0.0,0.0,22.8,10.2,310.7,1014.8,81.9,18.6,88.4,7.6,5,,2024-06-19T04:43:05,2024-06-19T21:33:01,0.42,"Rain, Partially cloudy",Partly cloudy throughout the day with rain.,rain,"00427,03987,00403,E2835,00433,00400",Berlin
Berlin,2024-06-20,72.6,50.9,63.3,72.6,50.9,63.3,50.9,67.1,0.0,0.0,0.0,,0.0,0.0,12.8,6.7,236.4,1021.6,67.6,27.4,296.0,25.4,10,,2024-06-20T04:43:14,2024-06-20T21:33:16,0.45,Partially cloudy,Partly cloudy throughout the day.,partly-cloudy-day,"00427,03987,00403,E2835,00433,00400",Berlin
Berlin,2024-06-21,80.9,61.4,69.2,82.4,61.4,69.3,61.1,76.3,0.157,100.0,16.67,rain,0.0,0.0,17.0,9.3,109.4,1013.8,77.7,21.5,129.7,11.2,8,,2024-06-21T04:43:27,2024-06-21T21:33:27,0.48,"Rain, Partially cloudy",Partly cloudy throughout the day with rain.,rain,"00427,03987,00403,E2835,00433,00400",Berlin
Berlin,2024-06-22,72.3,59.3,67.1,72.3,59.3,67.1,58.6,76.4,0.357,100.0,25.0,rain,0.0,0.0,31.3,15.7,261.5,1009.8,72.5,20.6,198.0,17.1,10,,2024-06-22T04:43:42,2024-06-22T21:33:36,0.5,"Rain, Partially cloudy",Partly cloudy throughout the day with a chance of rain throughout the day.,rain,"00427,03987,00403,E2835,00433,00400",Berlin
Berlin,2024-06-23,72.3,60.2,66.1,72.3,60.2,66.1,54.1,66.6,0.0,0.0,0.0,,0.0,0.0,25.3,14.2,297.5,1016.8,54.9,26.8,254.4,21.9,10,,2024-06-23T04:44:01,2024-06-23T21:33:41,0.55,Partially cloudy,Partly cloudy throughout the day.,partly-cloudy-day,"00427,03987,00403,E2835,00433,00400",Berlin
Berlin,2024-06-24,76.5,56.8,67.2,76.5,56.8,67.2,53.6,64.3,0.0,0.0,0.0,,0.0,0.0,11.0,5.6,353.0,1020.2,42.0,28.3,265.3,22.8,10,,2024-06-24T04:44:22,2024-06-24T21:33:43,0.59,Partially cloudy,Partly cloudy throughout the day.,partly-cloudy-day,"00427,03987,00403,E2835,00433,00400",Berlin
Berlin,2024-06-25,80.3,58.5,69.9,80.3,58.5,69.9,55.1,62.0,0.0,0.0,0.0,,0.0,0.0,22.4,12.3,89.5,1018.5,8.7,27.9,284.5,24.4,10,,2024-06-25T04:44:47,2024-06-25T21:33:41,0.62,Clear,Clear conditions throughout the day.,clear-day,"00427,03987,00403,E2835,00433,00400",Berlin
Berlin,2024-06-26,87.3,63.0,76.2,87.1,63.0,76.1,58.9,57.2,0.0,0.0,0.0,,0.0,0.0,20.8,11.6,87.3,1013.2,14.8,23.0,318.4,27.6,9,,2024-06-26T04:45:15,2024-06-26T21:33:36,0.66,Clear,Clear conditions throughout the day.,clear-day,"00427,03987,00403,E2835,00433,00400",Berlin
Berlin,2024-06-27,87.0,70.2,77.2,88.0,70.2,77.6,64.1,65.3,0.184,100.0,25.0,rain,0.0,0.0,17.7,9.0,129.6,1009.2,75.7,21.4,203.6,17.5,9,,2024-06-27T04:45:45,2024-06-27T21:33:28,0.69,"Rain, Partially cloudy",Partly cloudy throughout the day with rain.,rain,"00427,03987,00403,E2835,00433,00400",Berlin
Berlin,2024-06-28,82.0,67.2,74.2,84.5,67.2,74.4,61.0,67.0,0.018,100.0,8.33,rain,0.0,0.0,26.6,17.7,272.6,1011.8,34.5,21.3,229.5,19.9,9,,2024-06-28T04:46:19,2024-06-28T21:33:17,0.75,"Rain, Partially cloudy",Partly cloudy throughout the day with afternoon rain.,rain,"00427,03987,00403,E2835,00433,00400",Berlin
Berlin,2024-06-29,85.5,58.6,73.2,84.6,58.6,73.0,56.0,57.8,0.0,0.0,0.0,,0.0,0.0,14.3,9.2,93.7,1015.6,30.6,27.9,305.8,26.2,9,,2024-06-29T04:46:55,2024-06-29T21:33:03,0.76,Partially cloudy,Partly cloudy throughout the day.,partly-cloudy-day,"00427,03987,00403,E2835,00433,00400",Berlin
Berlin,2024-06-30,79.6,64.1,72.2,79.6,64.1,72.2,64.6,77.9,0.17,100.0,33.33,rain,0.0,0.0,33.6,15.2,230.8,1004.7,83.0,18.3,166.1,14.4,10,,2024-06-30T04:47:35,2024-06-30T21:32:45,0.8,"Rain, Partially cloudy",Partly cloudy throughout the day with rain.,rain,"00427,03987,00403,E2835,00433,00400",Berlin
Berlin,2024-07-01,66.9,58.1,63.5,66.9,58.1,63.5,58.7,84.5,0.221,100.0,50.0,rain,0.0,0.0,24.4,10.2,273.7,1010.7,88.1,18.6,98.5,8.7,3,,2024-07-01T04:48:17,2024-07-01T21:32:24,0.84,"Rain, Partially cloudy",Partly cloudy throughout the day with rain.,rain,"00427,03987,00403,E2835,00433,00400",Berlin
Berlin,2024-07-02,62.7,56.1,58.9,62.7,56.1,58.9,55.2,87.8,0.119,100.0,29.17,rain,0.0,0.0,29.3,12.9,262.8,1011.0,81.3,18.3,116.2,9.9,5,,2024-07-02T04:49:02,2024-07-02T21:31:59,0.87,"Rain, Partially cloudy",Partly cloudy throughout the day with rain.,rain,"00427,03987,00403,E2835,00433,00400",Berlin
Berlin,2024-07-03,64.3,54.2,59.2,64.3,54.2,59.2,50.0,73.2,0.005,100.0,8.33,rain,0.0,0.0,21.0,11.8,266.8,1009.0,95.0,25.5,152.3,13.2,5,,2024-07-03T04:49:49,2024-07-03T21:31:32,0.91,"Rain, Overcast",Cloudy skies throughout the day with early morning rain.,rain,"00427,03987,00403,E2835,00433,00400",Berlin
Berlin,2024-07-04,65.6,54.4,60.2,65.6,54.4,60.2,52.2,75.5,0.04,100.0,12.5,rain,0.0,0.0,33.6,16.7,226.4,1006.9,65.2,27.2,155.1,13.2,9,,2024-07-04T04:50:39,2024-07-04T21:31:01,0.94,"Rain, Partially cloudy",Partly cloudy throughout the day with late afternoon rain.,rain,"00427,03987,00403,E2835,00433,00400",Berlin
Berlin,2024-07-05,71.1,50.4,62.0,71.1,50.4,62.0,47.9,63.6,0.0,0.0,0.0,,0.0,0.0,27.1,13.3,230.7,1010.4,49.7,27.4,214.5,18.5,7,,2024-07-05T04:51:32,2024-07-05T21:30:27,0.98,Partially cloudy,Partly cloudy throughout the day.,partly-cloudy-day,"00427,03987,00403,E2835,00433,00400",Berlin
Berlin,2024-07-06,87.7,58.2,70.7,85.9,58.2,70.5,56.7,64.5,0.06,100.0,12.5,rain,0.0,0.0,29.3,16.7,184.1,1005.4,54.7,27.3,247.4,21.2,9,,2024-07-06T04:52:27,2024-07-06T21:29:50,0.0,"Rain, Partially cloudy",Becoming cloudy in the afternoon with late afternoon rain.,rain,"00427,03987,00403,E2835,00433,00400",Berlin
Berlin,2024-07-07,73.8,58.9,66.5,73.8,58.9,66.5,45.3,48.1,0.0,0.0,0.0,,0.0,0.0,22.4,13.5,241.9,1012.8,69.6,27.2,285.7,24.7,9,,2024-07-07T04:53:24,2024-07-07T21:29:10,0.05,Partially cloudy,Partly cloudy throughout the day.,partly-cloudy-day,"00427,03987,00403,E2835,00433,00400",Berlin
Berlin,2024-07-08,79.9,54.6,68.5,79.9,54.6,68.5,46.3,47.9,0.0,0.0,0.0,,0.0,0.0,19.0,7.9,231.3,1017.7,43.5,26.4,302.2,26.0,10,,2024-07-08T04:54:24,2024-07-08T21:28:27,0.08,Partially cloudy,Becoming cloudy in the afternoon.,partly-cloudy-day,"00427,03987,00403,E2835,00433,00400",Berlin
Berlin,2024-07-09,88.5,64.7,77.0,86.3,64.7,76.4,53.7,45.9,0.0,0.0,0.0,,0.0,0.0,17.7,10.7,115.6,1018.0,33.2,30.2,312.2,27.0,9,,2024-07-09T04:55:26,2024-07-09T21:27:41,0.11,Partially cloudy,Clearing in the afternoon.,partly-cloudy-day,"00427,03987,00403,E2835,00433,00400",Berlin
Berlin,2024-07-10,84.4,68.1,75.8,87.1,68.1,76.5,65.0,70.4,0.513,100.0,20.83,rain,0.0,0.0,20.8,11.2,125.6,1014.4,59.2,19.6,205.8,17.8,9,,2024-07-10T04:56:31,2024-07-10T21:26:52,0.14,"Rain, Partially cloudy",Partly cloudy throughout the day with rain.,rain,"00427,03987,00403,E2835,00433,00400",Berlin
Berlin,2024-07-11,79.7,66.8,72.7,79.7,66.8,72.7,63.8,76.5,0.002,100.0,8.33,rain,0.0,0.0,19.7,10.7,284.2,1015.8,64.3,17.2,243.0,21.2,10,,2024-07-11T04:57:37,2024-07-11T21:26:00,0.18,"Rain, Partially cloudy",Partly cloudy throughout the day with morning rain.,rain,"00427,03987,00403,E2835,00433,00400",Berlin
Berlin,2024-07-12,76.6,65.2,69.3,76.6,65.2,69.3,64.8,86.0,0.898,100.0,37.5,rain,0.0,0.0,26.4,11.8,100.7,1012.3,98.3,18.0,101.3,8.8,5,,2024-07-12T04:58:45,2024-07-12T21:25:04,0.21,"Rain, Overcast",Cloudy skies throughout the day with rain.,rain,"00427,03987,00403,E2835,00433,00400",Berlin
Berlin,2024-07-13,72.9,57.6,65.2,72.9,57.6,65.2,54.6,70.9,0.045,100.0,8.33,rain,0.0,0.0,25.9,16.4,260.4,1011.0,78.5,23.0,175.0,15.2,9,,2024-07-13T04:59:56,2024-07-13T21:24:07,0.24,"Rain, Partially cloudy",Partly cloudy throughout the day with morning rain.,rain,"00427,03987,00403,E2835,00433,00400",Berlin
Berlin,2024-07-14,74.9,56.1,66.1,74.9,56.1,66.1,54.6,68.7,0.043,100.0,12.5,rain,0.0,0.0,18.8,11.9,306.6,1013.7,39.5,26.4,203.7,17.7,9,,2024-07-14T05:01:08,2024-07-14T21:23:06,0.25,"Rain, Partially cloudy",Partly cloudy throughout the day with rain in the morning and afternoon.,rain,"00427,03987,00403,E2835,00433,00400",Berlin
Berlin,2024-07-15,84.2,59.0,72.7,82.0,59.0,72.2,54.7,58.0,0.0,0.0,0.0,,0.0,0.0,16.1,8.1,182.1,1012.9,26.3,25.6,288.9,25.0,9,,2024-07-15T05:02:22,2024-07-15T21:22:02,0.31,Partially cloudy,Partly cloudy throughout the day.,partly-cloudy-day,"00427,03987,00403,E2835,00433,00400",Berlin
Berlin,2024-07-16,82.3,63.8,71.4,83.0,63.8,71.5,60.1,68.4,0.191,100.0,4.17,rain,0.0,0.0,24.4,17.7,278.3,1010.7,68.0,19.2,150.5,13.1,7,,2024-07-16T05:03:38,2024-07-16T21:20:56,0.34,"Rain, Partially cloudy",Partly cloudy throughout the day with late afternoon rain.,rain,"00427,03987,00403,E2835,00433,00400",Berlin
Berlin,2024-07-17,75.4,58.7,67.3,75.4,58.7,67.3,56.4,69.9,0.0,0.0,0.0,,0.0,0.0,26.2,12.7,247.0,1018.2,60.6,30.9,213.2,18.5,8,,2024-07-17T05:04:55,2024-07-17T21:19:47,0.37,Partially cloudy,Partly cloudy throughout the day.,partly-cloudy-day,"00427,03987,00403,E2835,00433,00400",Berlin
Berlin,2024-07-18,78.7,56.3,68.8,78.7,56.3,68.8,55.3,65.1,0.0,0.0,0.0,,0.0,0.0,14.1,7.4,311.2,1023.3,44.8,29.1,301.5,26.1,9,,2024-07-18T05:06:14,2024-07-18T21:18:36,0.4,Partially cloudy,Partly cloudy throughout the day.,partly-cloudy-day,"00427,03987,00403,E2835,00433,00400",Berlin
Berlin,2024-07-19,83.3,59.6,72.6,82.0,59.6,72.4,55.9,59.2,0.0,0.0,0.0,,0.0,0.0,12.5,5.6,72.0,1020.9,44.7,29.2,263.5,22.8,10,,2024-07-19T05:07:35,2024-07-19T21:17:22,0.43,Partially cloudy,Becoming cloudy in the afternoon.,partly-cloudy-day,"00427,03987,00403,E2835,00433,00400",Berlin
Berlin,2024-07-20,85.6,65.3,75.7,84.2,65.3,75.3,56.8,54.6,0.0,0.0,0.0,,0.0,0.0,16.1,9.1,92.3,1013.4,56.3,27.9,254.2,22.0,9,,2024-07-20T05:08:57,2024-07-20T21:16:05,0.47,Partially cloudy,Partly cloudy throughout the day.,partly-cloudy-day,"00427,03987,00403,E2835,00433,00400",Berlin
Berlin,2024-07-21,89.8,64.6,76.9,89.3,64.6,76.7,59.4,57.1,0.005,100.0,8.33,rain,0.0,0.0,17.7,12.8,100.9,1008.3,30.9,25.7,256.3,22.1,8,,2024-07-21T05:10:20,2024-07-21T21:14:47,0.5,"Rain, Partially cloudy",Partly cloudy throughout the day with late afternoon rain.,rain,"00427,03987,00403,E2835,00433,00400",Berlin
Berlin,2024-07-22,73.5,64.2,69.8,73.5,64.2,69.8,62.8,79.2,0.012,100.0,12.5,rain,0.0,0.0,30.6,15.8,274.1,1012.7,62.2,21.2,81.1,6.9,3,,2024-07-22T05:11:45,2024-07-22T21:13:25,0.54,"Rain, Partially cloudy",Partly cloudy throughout the day with rain.,rain,"00427,03987,00403,E2835,00433,00400",Berlin
Berlin,2024-07-23,81.5,55.7,67.3,81.0,55.7,67.3,56.3,71.5,0.085,100.0,16.67,rain,0.0,0.0,17.9,12.9,212.3,1016.7,44.5,24.2,254.0,22.1,10,,2024-07-23T05:13:11,2024-07-23T21:12:01,0.57,"Rain, Partially cloudy",Partly cloudy throughout the day with late afternoon rain.,rain,"00427,03987,00403,E2835,00433,00400",Berlin
Berlin,2024-07-24,74.0,61.7,67.0,74.0,61.7,67.0,57.6,74.2,0.183,100.0,20.83,rain,0.0,0.0,25.5,16.2,299.5,1015.8,70.0,22.5,265.4,22.7,9,,2024-07-24T05:14:38,2024-07-24T21:10:35,0.61,"Rain, Partially cloudy",Partly cloudy throughout the day with rain clearing later.,rain,"00427,03987,00403,E2835,00433,00400",Berlin
Berlin,2024-07-25,73.2,54.9,64.3,73.2,54.9,64.3,49.7,61.2,0.0,0.0,0.0,,0.0,0.0,18.6,9.1,290.3,1015.8,30.0,27.7,277.0,24.0,8,,2024-07-25T05:16:06,2024-07-25T21:09:07,0.64,Partially cloudy,Becoming cloudy in the afternoon.,partly-cloudy-day,"00427,03987,00403,E2835,00433,00400",Berlin
Berlin,2024-07-26,75.5,57.3,67.9,75.5,57.3,67.9,55.5,65.6,0.0,0.0,0.0,,0.0,0.0,17.2,8.0,164.4,1012.2,77.4,27.5,152.4,13.1,8,,2024-07-26T05:17:35,2024-07-26T21:07:37,0.68,Partially cloudy,Partly cloudy throughout the day.,partly-cloudy-day,"00427,03987,00403,E2835,00433,00400",Berlin
Berlin,2024-07-27,73.3,62.8,67.8,73.3,62.8,67.8,63.4,86.0,0.304,100.0,41.67,rain,0.0,0.0,15.7,5.3,191.5,1014.1,99.9,17.3,95.0,8.2,3,,2024-07-27T05:19:06,2024-07-27T21:06:04,0.71,"Rain, Overcast",Cloudy skies throughout the day with rain.,rain,"00427,03987,00403,E2835,00433,00400",Berlin
Berlin,2024-07-28,72.9,59.1,66.1,72.9,59.1,66.1,57.5,76.3,1.163,100.0,45.83,rain,0.0,0.0,29.3,16.1,310.2,1019.0,56.2,19.4,237.3,20.4,10,,2024-07-28T05:20:37,2024-07-28T21:04:30,0.75,"Rain, Partially cloudy",Partly cloudy throughout the day with a chance of rain throughout the day.,rain,"00427,03987,00403,E2835,00433,00400",Berlin
Berlin,2024-07-29,74.7,55.9,65.6,74.7,55.9,65.6,52.1,63.9,0.0,0.0,0.0,,0.0,0.0,22.1,12.1,307.3,1024.0,12.0,29.4,300.3,25.9,9,,2024-07-29T05:22:09,2024-07-29T21:02:53,0.78,Clear,Clear conditions throughout the day.,clear-day,"00427,03987,00403,E2835,00433,00400",Berlin
Berlin,2024-07-30,81.1,53.2,68.2,80.4,53.2,68.1,53.1,62.4,0.0,0.0,0.0,,0.0,0.0,11.4,6.3,152.7,1019.5,5.2,30.8,294.5,25.6,8,,2024-07-30T05:23:42,2024-07-30T21:01:14,0.82,Clear,Clear conditions throughout the day.,clear-day,"00427,03987,00403,E2835,00433,00400",Berlin
Berlin,2024-07-31,83.8,59.9,73.3,83.0,59.9,73.1,57.6,60.7,0.0,0.0,0.0,,0.0,0.0,10.5,6.5,190.9,1014.4,56.2,28.6,230.7,20.0,8,,2024-07-31T05:25:15,2024-07-31T20:59:34,0.86,Partially cloudy,Partly cloudy throughout the day.,partly-cloudy-day,"00427,03987,00403,E2835,00433,00400",Berlin
Berlin,2024-08-01,81.3,63.4,73.2,81.5,63.4,73.3,57.6,59.3,0.0,0.0,0.0,,0.0,0.0,14.5,9.4,53.9,1012.0,42.9,28.9,241.0,20.6,9,,2024-08-01T05:26:49,2024-08-01T20:57:51,0.89,Partially cloudy,Partly cloudy throughout the day.,partly-cloudy-day,"00427,03987,00403,E2835,00433,00400",Berlin
Berlin,2024-08-02,70.9,63.8,67.5,70.9,63.8,67.5,55.2,64.9,0.0,0.0,0.0,,0.0,0.0,16.1,9.5,22.8,1010.7,93.3,22.4,108.5,9.5,4,,2024-08-02T05:28:24,2024-08-02T20:56:07,0.93,Overcast,Cloudy skies throughout the day.,cloudy,"00427,03987,00403,E2835,00433,00400",Berlin
Berlin,2024-08-03,77.4,58.3,68.6,77.4,58.3,68.6,56.2,66.1,0.0,0.0,0.0,,0.0,0.0,13.6,6.6,308.3,1011.2,50.7,27.2,235.3,20.1,9,,2024-08-03T05:30:00,2024-08-03T20:54:21,0.96,Partially cloudy,Becoming cloudy in the afternoon.,partly-cloudy-day,"00427,03987,00403,E2835,00433,00400",Berlin
Berlin,2024-08-04,74.6,62.9,67.8,74.6,62.9,67.8,60.4,78.5,0.84,100.0,41.67,rain,0.0,0.0,22.8,16.3,281.4,1011.0,81.1,19.7,126.7,11.0,10,,2024-08-04T05:31:36,2024-08-04T20:52:33,0.0,"Rain, Partially cloudy",Partly cloudy throughout the day with a chance of rain throughout the day.,rain,"00427,03987,00403,E2835,00433,00400",Berlin
Berlin,2024-08-05,73.1,57.8,65.4,73.1,57.8,65.4,52.8,65.0,0.0,0.0,0.0,,0.0,0.0,19.9,10.9,303.2,1014.9,45.8,28.9,285.8,24.5,10,,2024-08-05T05:33:12,2024-08-05T20:50:44,0.03,Partially cloudy,Partly cloudy throughout the day.,partly-cloudy-day,"00427,03987,00403,E2835,00433,00400",Berlin
Berlin,2024-08-06,77.7,55.1,67.6,77.7,55.1,67.6,53.9,65.0,0.0,0.0,0.0,,0.0,0.0,12.3,6.3,149.5,1014.5,6.9,27.6,288.0,24.9,9,,2024-08-06T05:34:49,2024-08-06T20:48:53,0.06,Clear,Clear conditions throughout the day.,clear-day,"00427,03987,00403,E2835,00433,00400",Berlin
Berlin,2024-08-07,83.8,58.8,72.2,83.3,58.8,72.1,57.5,62.6,0.154,100.0,4.17,rain,0.0,0.0,15.9,8.1,113.6,1011.3,46.9,29.5,272.2,23.5,8,,2024-08-07T05:36:27,2024-08-07T20:47:00,0.1,"Rain, Partially cloudy",Becoming cloudy in the afternoon with late afternoon rain.,rain,"00427,03987,00403,E2835,00433,00400",Berlin
Berlin,2024-08-08,74.0,62.2,68.6,74.0,62.2,68.6,58.2,71.6,0.0,0.0,0.0,,0.0,0.0,21.5,11.5,301.0,1014.7,71.1,24.5,184.9,16.0,7,,2024-08-08T05:38:05,2024-08-08T20:45:06,0.13,Partially cloudy,Partly cloudy throughout the day.,partly-cloudy-day,"00427,03987,00403,E2835,00433,00400",Berlin
Berlin,2024-08-09,76.0,59.7,67.5,76.0,59.7,67.5,59.1,76.0,0.077,100.0,20.83,rain,0.0,0.0,26.4,15.0,215.2,1015.1,78.7,24.1,153.5,13.1,7,,2024-08-09T05:39:43,2024-08-09T20:43:11,0.16,"Rain, Partially cloudy",Partly cloudy throughout the day with rain.,rain,"00427,03987,00403,E2835,00433,00400",Berlin
Berlin,2024-08-10,78.7,59.9,69.9,78.7,59.9,69.9,58.8,70.6,0.0,0.0,0.0,,0.0,0.0,20.6,12.2,269.5,1018.4,28.9,24.9,275.6,23.8,9,,2024-08-10T05:41:21,2024-08-10T20:41:14,0.19,Partially cloudy,Becoming cloudy in the afternoon.,partly-cloudy-day,"00427,03987,00403,E2835,00433,00400",Berlin
Berlin,2024-08-11,77.6,63.2,70.3,77.6,63.2,70.3,56.0,61.6,0.0,0.0,0.0,,0.0,0.0,20.8,10.7,299.9,1020.8,40.7,28.3,240.2,20.8,8,,2024-08-11T05:43:00,2024-08-11T20:39:15,0.23,Partially cloudy,Partly cloudy throughout the day.,partly-cloudy-day,"00427,03987,00403,E2835,00433,00400",Berlin
Berlin,2024-08-12,81.2,55.8,69.4,80.5,55.8,69.3,53.3,60.0,0.0,0.0,0.0,,0.0,0.0,13.0,7.3,25.2,1016.8,3.5,28.9,273.6,23.6,8,,2024-08-12T05:44:39,2024-08-12T20:37:16,0.25,Clear,Clear conditions throughout the day.,clear-day,"00427,03987,00403,E2835,00433,00400",Berlin
Berlin,2024-08-13,85.4,59.8,72.8,83.6,59.8,72.4,53.8,54.2,0.0,0.0,0.0,,0.0,0.0,20.1,12.1,93.4,1013.6,15.2,27.1,269.3,23.4,8,,2024-08-13T05:46:18,2024-08-13T20:35:15,0.29,Clear,Clear conditions throughout the day.,clear-day,"00427,03987,00403,E2835,00433,00400",Berlin
Berlin,2024-08-14,89.9,63.9,76.2,89.6,63.9,76.1,57.1,52.9,0.007,100.0,8.33,rain,0.0,0.0,22.8,10.9,111.8,1011.7,70.6,25.4,241.7,20.9,8,,2024-08-14T05:47:57,2024-08-14T20:33:12,0.33,"Rain, Partially cloudy",Partly cloudy throughout the day with late afternoon rain.,rain,"00427,03987,00403,E2835,00433,00400",Berlin
Berlin,2024-08-15,83.5,66.8,75.0,86.1,66.8,75.4,65.9,75.1,0.015,100.0,8.33,rain,0.0,0.0,20.1,11.4,260.1,1014.4,27.7,22.5,185.4,16.1,9,,2024-08-15T05:49:37,2024-08-15T20:31:09,0.36,"Rain, Partially cloudy",Partly cloudy throughout the day with early morning rain.,rain,"00427,03987,00403,E2835,00433,00400",Berlin
Berlin,2024-08-16,85.7,63.6,74.7,85.7,63.6,74.9,61.8,67.5,0.0,0.0,0.0,,0.0,0.0,26.4,12.6,259.6,1014.8,22.1,23.9,248.9,21.5,9,,2024-08-16T05:51:16,2024-08-16T20:29:04,0.39,Partially cloudy,Partly cloudy throughout the day.,partly-cloudy-day,"00427,03987,00403,E2835,00433,00400",Berlin
Berlin,2024-08-17,82.9,65.9,74.0,83.9,65.9,74.2,63.6,71.4,0.072,100.0,12.5,rain,0.0,0.0,19.7,11.3,348.4,1012.2,61.8,24.8,228.8,19.9,10,,2024-08-17T05:52:56,2024-08-17T20:26:59,0.42,"Rain, Partially cloudy",Partly cloudy throughout the day with rain.,rain,"00427,03987,00403,E2835,00433,00400",Berlin
Berlin,2024-08-18,74.0,63.1,68.4,74.0,63.1,68.4,62.6,82.2,0.0,0.0,0.0,,0.0,0.0,19.9,13.7,3.9,1010.0,91.1,16.5,148.6,12.8,5,,2024-08-18T05:54:36,2024-08-18T20:24:52,0.46,Overcast,Cloudy skies throughout the day.,cloudy,"00427,03987,00403,E2835,00433,00400",Berlin
Berlin,2024-08-19,73.4,60.8,66.9,73.4,60.8,66.9,54.0,64.8,0.0,0.0,0.0,,0.0,0.0,18.6,11.1,326.4,1016.5,62.7,27.0,203.3,17.6,7,,2024-08-19T05:56:16,2024-08-19T20:22:44,0.5,Partially cloudy,Partly cloudy throughout the day.,partly-cloudy-day,"00427,03987,00403,E2835,00433,00400",Berlin
Berlin,2024-08-20,80.2,53.2,68.0,80.5,53.2,68.0,56.1,68.6,0.0,0.0,0.0,,0.0,0.0,15.4,9.0,131.8,1014.9,9.2,22.6,245.0,21.2,8,,2024-08-20T05:57:56,2024-08-20T20:20:35,0.52,Clear,Clear conditions throughout the day.,clear-day,"00427,03987,00403,E2835,00433,00400",Berlin
Berlin,2024-08-21,73.5,60.9,69.2,73.5,60.9,69.2,54.6,61.4,0.006,100.0,4.17,rain,0.0,0.0,32.2,19.4,273.0,1011.4,46.0,26.0,175.3,15.1,9,,2024-08-21T05:59:36,2024-08-21T20:18:26,0.56,"Rain, Partially cloudy",Partly cloudy throughout the day with morning rain.,rain,"00427,03987,00403,E2835,00433,00400",Berlin
Berlin,2024-08-22,75.3,57.1,65.4,75.3,57.1,65.4,48.5,56.3,0.0,0.0,0.0,,0.0,0.0,24.8,11.3,217.8,1013.6,81.3,28.5,176.7,15.4,7,,2024-08-22T06:01:16,2024-08-22T20:16:15,0.59,Partially cloudy,Partly cloudy throughout the day.,partly-cloudy-day,"00427,03987,00403,E2835,00433,00400",Berlin
Berlin,2024-08-23,86.5,61.7,73.4,83.8,61.7,72.8,50.1,46.8,0.0,0.0,0.0,,0.0,0.0,30.6,17.4,210.6,1009.2,78.2,25.9,223.1,19.3,7,,2024-08-23T06:02:56,2024-08-23T20:14:03,0.63,Partially cloudy,Partly cloudy throughout the day.,partly-cloudy-day,"00427,03987,00403,E2835,00433,00400",Berlin
Berlin,2024-08-24,90.6,64.2,77.6,89.1,64.2,77.4,60.0,58.0,0.0,0.0,0.0,,0.0,0.0,24.4,13.6,174.7,1011.5,9.4,30.5,238.9,20.6,7,,2024-08-24T06:04:36,2024-08-24T20:11:51,0.66,Clear,Clear conditions throughout the day.,clear-day,"00427,03987,00403,E2835,00433,00400",Berlin
Berlin,2024-08-25,77.7,62.4,70.8,77.7,62.4,70.8,54.6,57.3,0.004,100.0,8.33,rain,0.0,0.0,29.8,17.4,268.9,1015.7,68.0,28.7,156.5,13.4,8,,2024-08-25T06:06:17,2024-08-25T20:09:38,0.7,"Rain, Partially cloudy",Partly cloudy throughout the day with morning rain.,rain,"00427,03987,00403,E2835,00433,00400",Berlin
Berlin,2024-08-26,77.2,52.7,65.8,77.2,52.7,65.8,48.8,57.5,0.0,0.0,0.0,,0.0,0.0,14.8,7.8,187.9,1022.6,41.9,27.5,204.3,17.6,8,,2024-08-26T06:07:57,2024-08-26T20:07:24,0.75,Partially cloudy,Partly cloudy throughout the day.,partly-cloudy-day,"00427,03987,00403,E2835,00433,00400",Berlin
Berlin,2024-08-27,79.8,55.8,67.8,79.8,55.8,67.8,51.8,60.8,0.0,0.0,0.0,,0.0,0.0,16.8,8.9,114.2,1023.8,2.8,27.3,234.1,20.1,7,,2024-08-27T06:09:37,2024-08-27T20:05:09,0.77,Clear,Clear conditions throughout the day.,clear-day,"00427,03987,00403,E2835,00433,00400",Berlin
Berlin,2024-08-28,86.4,59.9,72.6,87.0,59.9,72.8,56.7,58.7,0.0,0.0,0.0,,0.0,0.0,22.1,11.1,104.6,1020.1,0.9,25.8,218.3,18.8,7,,2024-08-28T06:11:17,2024-08-28T20:02:54,0.8,Clear,Clear conditions throughout the day.,clear-day,"00427,03987,00403,E2835,00433,00400",Berlin
Berlin,2024-08-29,93.1,68.6,79.7,91.4,68.6,79.3,61.7,59.4,0.0,0.0,0.0,,0.0,0.0,14.8,6.9,174.3,1016.5,11.1,21.8,224.1,19.2,7,,2024-08-29T06:12:57,2024-08-29T20:00:38,0.84,Clear,Clear conditions throughout the day.,clear-day,"00427,03987,00403,E2835,00433,00400",Berlin
Berlin,2024-08-30,84.0,66.1,73.9,84.3,66.1,74.0,60.9,64.9,0.0,0.0,0.0,,0.0,0.0,21.7,18.5,339.8,1019.1,75.8,23.7,194.8,16.9,7,,2024-08-30T06:14:37,2024-08-30T19:58:21,0.87,Partially cloudy,Partly cloudy throughout the day.,partly-cloudy-day,"00427,03987,00403,E2835,00433,00400",Berlin
Berlin,2024-08-31,74.9,59.2,66.5,74.9,59.2,66.5,53.1,63.8,0.036,100.0,8.33,rain,0.0,0.0,17.2,12.4,41.4,1024.8,81.4,23.6,206.2,17.7,7,,2024-08-31T06:16:17,2024-08-31T19:56:04,0.91,"Rain, Partially cloudy",Partly cloudy throughout the day with early morning rain.,rain,"00427,03987,00403,E2835,00433,00400",Berlin
Berlin,2024-09-01,76.6,58.4,67.1,76.6,58.4,67.1,52.5,61.5,0.0,0.0,0.0,,0.0,0.0,20.4,11.7,79.1,1021.6,52.5,24.6,204.4,17.5,7,,2024-09-01T06:17:57,2024-09-01T19:53:46,0.94,Partially cloudy,Partly cloudy throughout the day.,partly-cloudy-day,"00427,03987,00403,E2835,00433,00400",Berlin
Berlin,2024-09-02,80.4,53.8,67.4,80.2,53.8,67.4,52.9,62.2,0.0,0.0,0.0,,0.0,0.0,17.9,11.5,84.6,1016.2,59.6,24.8,218.8,18.9,7,,2024-09-02T06:19:37,2024-09-02T19:51:27,0.98,Partially cloudy,Partly cloudy throughout the day.,partly-cloudy-day,"00427,03987,00403,E2835,00433,00400",Berlin
Berlin,2024-09-03,90.3,63.3,75.7,91.2,63.3,76.1,61.7,64.3,0.0,0.0,0.0,,0.0,0.0,19.7,8.7,112.8,1014.9,30.8,19.9,202.2,17.4,7,,2024-09-03T06:21:17,2024-09-03T19:49:08,0.0,Partially cloudy,Partly cloudy throughout the day.,partly-cloudy-day,"00427,03987,00403,E2835,00433,00400",Berlin
Berlin,2024-09-04,93.0,67.3,79.2,90.5,67.3,78.5,58.0,53.1,0.0,0.0,0.0,,0.0,0.0,25.9,14.1,104.1,1014.4,9.9,20.4,200.3,17.2,7,,2024-09-04T06:22:57,2024-09-04T19:46:49,0.04,Clear,Clear conditions throughout the day.,clear-day,"00427,03987,00403,E2835,00433,00400",Berlin
Berlin,2024-09-05,88.2,69.0,78.2,86.0,69.0,77.4,52.6,42.9,0.0,0.0,0.0,,0.0,0.0,34.9,20.8,88.0,1014.8,0.6,21.4,204.2,17.5,7,,2024-09-05T06:24:37,2024-09-05T19:44:29,0.08,Clear,Clear conditions throughout the day.,clear-day,"00427,03987,00403,E2835,00433,00400",Berlin
Berlin,2024-09-06,84.8,66.4,74.8,82.5,66.4,74.2,49.9,42.8,0.0,0.0,0.0,,0.0,0.0,27.5,15.9,90.3,1015.0,2.7,21.0,183.8,16.0,7,,2024-09-06T06:26:17,2024-09-06T19:42:09,0.11,Clear,Clear conditions throughout the day.,clear-day,"00427,03987,00403,E2835,00433,00400",Berlin
Berlin,2024-09-07,88.1,59.9,73.9,86.2,59.9,73.5,54.9,54.2,0.0,0.0,0.0,,0.0,0.0,21.0,10.1,107.7,1014.1,15.6,21.7,184.3,16.1,7,,2024-09-07T06:27:57,2024-09-07T19:39:48,0.14,Clear,Clear conditions throughout the day.,clear-day,"00427,03987,00403,E2835,00433,00400",Berlin
Berlin,2024-09-08,89.8,65.7,77.5,88.4,65.7,77.3,58.3,53.4,0.0,0.0,0.0,,0.0,0.0,21.3,9.2,122.2,1009.0,24.5,22.2,186.0,16.2,7,,2024-09-08T06:29:37,2024-09-08T19:37:27,0.18,Partially cloudy,Partly cloudy throughout the day.,partly-cloudy-day,"00427,03987,00403,E2835,00433,00400",Berlin
Berlin,2024-09-09,74.4,58.9,66.4,74.4,58.9,66.4,60.6,82.5,0.424,100.0,45.83,rain,0.0,0.0,23.7,13.7,282.5,1001.4,91.7,18.7,50.1,4.2,3,,2024-09-09T06:31:17,2024-09-09T19:35:06,0.21,"Rain, Overcast",Cloudy skies throughout the day with rain in the morning and afternoon.,rain,"00427,03987,00403,E2835,00433,00400",Berlin
Berlin,2024-09-10,65.9,57.5,61.8,65.9,57.5,61.8,52.4,73.0,0.007,100.0,12.5,rain,0.0,0.0,22.4,13.5,255.2,1007.6,58.3,21.6,146.0,12.9,9,,2024-09-10T06:32:57,2024-09-10T19:32:45,0.24,"Rain, Partially cloudy",Partly cloudy throughout the day with morning rain.,rain,"00427,03987,00403,E2835,00433,00400",Berlin
Berlin,2024-09-11,61.6,53.5,58.9,61.6,53.5,58.9,49.6,71.6,0.021,100.0,29.17,rain,0.0,0.0,29.5,17.0,221.1,1004.5,96.5,17.2,73.0,6.3,3,,2024-09-11T06:34:37,2024-09-11T19:30:23,0.25,"Rain, Overcast",Cloudy skies throughout the day with rain in the morning and afternoon.,rain,"00427,03987,00403,E2835,00433,00400",Berlin
Berlin,2024-09-12,60.1,48.1,53.6,60.1,45.2,52.9,43.1,69.0,0.0,0.0,0.0,,0.0,0.0,17.2,8.2,268.3,1012.0,86.4,28.4,150.0,13.0,7,,2024-09-12T06:36:17,2024-09-12T19:28:01,0.31,Partially cloudy,Partly cloudy throughout the day.,partly-cloudy-day,"00427,03987,00403,E2835,00433,00400",Berlin
Berlin,2024-09-13,59.3,48.3,53.4,59.3,45.4,52.9,45.9,76.2,0.05,100.0,29.17,rain,0.0,0.0,28.0,17.9,338.8,1017.5,99.8,21.3,59.6,5.1,2,,2024-09-13T06:37:57,2024-09-13T19:25:38,0.34,"Rain, Overcast",Cloudy skies throughout the day with rain.,rain,"00427,03987,00403,E2835,00433,00400",Berlin
Berlin,2024-09-14,64.2,52.9,57.7,64.2,52.9,57.7,44.6,62.4,0.0,0.0,0.0,,0.0,0.0,34.9,21.5,337.5,1022.2,68.4,28.8,175.8,15.2,7,,2024-09-14T06:39:37,2024-09-14T19:23:16,0.38,Partially cloudy,Partly cloudy throughout the day.,partly-cloudy-day,"00427,03987,00403,E2835,00433,00400",Berlin
Berlin,2024-09-15,64.4,48.3,56.4,64.4,43.2,55.2,45.2,68.6,0.039,100.0,12.5,rain,0.0,0.0,34.2,19.2,338.2,1021.9,39.0,27.9,122.8,10.5,7,,2024-09-15T06:41:17,2024-09-15T19:20:53,0.41,"Rain, Partially cloudy",Becoming cloudy in the afternoon with late afternoon rain.,rain,"00427,03987,00403,E2835,00433,00400",Berlin
Berlin,2024-09-16,63.9,54.3,59.1,63.9,54.3,59.1,55.7,88.6,0.182,100.0,25.0,rain,0.0,0.0,28.4,16.3,352.8,1020.0,95.3,18.8,37.5,3.3,1,,2024-09-16T06:42:57,2024-09-16T19:18:31,0.44,"Rain, Overcast",Cloudy skies throughout the day with rain clearing later.,rain,"00427,03987,00403,E2835,00433,00400",Berlin
Berlin,2024-09-17,77.1,60.2,66.7,77.1,60.2,66.7,58.5,76.7,0.0,0.0,0.0,,0.0,0.0,25.5,12.9,27.3,1025.9,30.1,13.2,165.2,14.2,6,,2024-09-17T06:44:37,2024-09-17T19:16:08,0.48,Partially cloudy,Clearing in the afternoon.,partly-cloudy-day,"00427,03987,00403,E2835,00433,00400",Berlin
Berlin,2024-09-18,77.2,58.2,65.6,77.2,58.2,65.6,58.3,79.3,0.0,0.0,0.0,,0.0,0.0,19.5,11.6,41.0,1029.0,30.6,8.9,150.9,13.1,6,,2024-09-18T06:46:17,2024-09-18T19:13:45,0.5,Partially cloudy,Partly cloudy throughout the day.,partly-cloudy-day,"00427,03987,00403,E2835,00433,00400",Berlin
Berlin,2024-09-19,75.1,59.8,65.4,75.1,59.8,65.4,56.1,74.4,0.0,0.0,0.0,,0.0,0.0,26.6,13.9,60.1,1027.1,27.9,14.9,143.1,12.4,6,,2024-09-19T06:47:58,2024-09-19T19:11:22,0.54,Partially cloudy,Clearing in the afternoon.,partly-cloudy-day,"00427,03987,00403,E2835,00433,00400",Berlin
Berlin,2024-09-20,75.4,55.4,63.9,75.4,55.4,63.9,45.8,55.2,0.0,0.0,0.0,,0.0,0.0,25.5,15.7,89.1,1026.4,1.4,22.7,171.0,14.6,6,,2024-09-20T06:49:38,2024-09-20T19:08:59,0.58,Clear,Clear conditions throughout the day.,clear-day,"00427,03987,00403,E2835,00433,00400",Berlin
Berlin,2024-09-21,74.7,50.8,62.2,74.7,50.8,62.2,45.2,55.7,0.0,0.0,0.0,,0.0,0.0,19.2,11.7,98.7,1024.0,2.8,21.4,165.4,14.4,6,,2024-09-21T06:51:19,2024-09-21T19:06:36,0.61,Clear,Clear conditions throughout the day.,clear-day,"00427,03987,00403,E2835,00433,00400",Berlin
Berlin,2024-09-22,75.9,49.8,62.0,75.9,47.9,62.0,48.2,63.6,0.0,0.0,0.0,,0.0,0.0,15.4,10.6,107.4,1017.7,2.6,21.5,158.4,13.7,6,,2024-09-22T06:53:00,2024-09-22T19:04:14,0.65,Clear,Clear conditions throughout the day.,clear-day,"00427,03987,00403,E2835,00433,00400",Berlin
Berlin,2024-09-23,76.8,49.3,63.0,76.8,49.3,63.0,51.7,70.1,0.0,0.0,0.0,,0.0,0.0,9.8,7.0,134.1,1010.1,80.4,21.6,161.5,14.1,6,,2024-09-23T06:54:41,2024-09-23T19:01:51,0.68,Partially cloudy,Partly cloudy throughout the day.,partly-cloudy-day,"00427,03987,00403,E2835,00433,00400",Berlin
Berlin,2024-09-24,64.0,52.5,59.0,64.0,52.5,59.0,55.5,88.5,0.359,100.0,25.0,rain,0.0,0.0,19.9,12.3,203.6,1004.8,68.5,17.2,47.0,3.9,2,,2024-09-24T06:56:22,2024-09-24T18:59:28,0.75,"Rain, Partially cloudy",Partly cloudy throughout the day with rain in the morning and afternoon.,rain,"00427,03987,00403,E2835,00433,00400",Berlin
Berlin,2024-09-25,65.2,55.6,59.5,65.2,55.6,59.5,55.1,85.5,0.397,100.0,16.67,rain,0.0,0.0,24.4,11.7,208.8,1005.6,74.6,23.6,72.2,6.2,3,,2024-09-25T06:58:03,2024-09-25T18:57:06,0.75,"Rain, Partially cloudy",Partly cloudy throughout the day with rain.,rain,"00427,03987,00403,E2835,00433,00400",Berlin
Berlin,2024-09-26,67.0,55.9,61.6,67.0,55.9,61.6,55.8,81.7,0.013,100.0,12.5,rain,0.0,0.0,29.8,14.1,186.3,997.0,99.8,24.1,49.3,4.3,2,,2024-09-26T06:59:44,2024-09-26T18:54:44,0.78,"Rain, Overcast",Cloudy skies throughout the day with rain.,rain,"00427,03987,00403,E2835,00433,00400",Berlin
Berlin,2024-09-27,67.6,57.3,62.3,67.6,57.3,62.3,50.1,65.8,0.025,100.0,20.83,rain,0.0,0.0,40.0,19.3,220.0,997.9,38.6,28.5,106.9,9.3,5,,2024-09-27T07:01:26,2024-09-27T18:52:21,0.82,"Rain, Partially cloudy",Becoming cloudy in the afternoon with rain.,rain,"00427,03987,00403,E2835,00433,00400",Berlin
Berlin,2024-09-28,59.9,47.2,55.0,59.9,42.6,54.6,44.3,67.9,0.029,100.0,29.17,rain,0.0,0.0,38.9,17.3,271.0,1011.5,41.3,28.4,94.8,8.2,5,,2024-09-28T07:03:08,2024-09-28T18:50:00,0.85,"Rain, Partially cloudy",Partly cloudy throughout the day with rain.,rain,"00427,03987,00403,E2835,00433,00400",Berlin
Berlin,2024-09-29,58.7,42.7,48.9,58.7,38.6,46.9,40.8,75.4,0.0,0.0,0.0,,0.0,0.0,18.6,11.1,285.8,1026.9,13.2,28.4,125.0,10.8,6,,2024-09-29T07:04:50,2024-09-29T18:47:38,0.89,Clear,Clear conditions throughout the day.,clear-day,"00427,03987,00403,E2835,00433,00400",Berlin
Berlin,2024-09-30,60.2,42.0,50.2,60.2,37.7,48.5,39.8,70.1,0.0,0.0,0.0,,0.0,0.0,32.0,15.1,113.8,1022.8,50.8,28.3,143.5,12.4,6,,2024-09-30T07:06:32,2024-09-30T18:45:17,0.92,Partially cloudy,Partly cloudy throughout the day.,partly-cloudy-day,"00427,03987,00403,E2835,00433,00400",Berlin
Berlin,2024-10-01,51.8,46.5,49.4,51.8,41.2,46.7,44.9,85.2,0.212,100.0,41.67,rain,0.0,0.0,25.5,12.2,111.1,1012.3,84.5,15.7,24.7,2.2,1,,2024-10-01T07:08:14,2024-10-01T18:42:56,0.95,"Rain, Partially cloudy",Partly cloudy throughout the day with rain.,rain,"00427,03987,00403,E2835,00433,00400",Berlin
Berlin,2024-10-02,50.9,48.0,49.6,50.9,43.1,47.5,47.6,92.9,0.233,100.0,62.5,rain,0.0,0.0,15.9,11.6,51.0,1010.1,99.0,12.0,33.1,2.8,2,,2024-10-02T07:09:57,2024-10-02T18:40:35,0.0,"Rain, Overcast",Cloudy skies throughout the day with a chance of rain throughout the day.,rain,"00427,03987,00403,E2835,00433,00400",Berlin
Berlin,2024-10-03,57.1,49.2,52.3,57.1,45.0,51.8,49.5,90.1,0.031,100.0,37.5,rain,0.0,0.0,24.4,12.6,342.3,1014.8,95.0,16.2,59.0,5.3,4,,2024-10-03T07:11:40,2024-10-03T18:38:15,0.02,"Rain, Overcast",Cloudy skies throughout the day with a chance of rain throughout the day.,rain,"00427,03987,00403,E2835,00433,00400",Berlin
Berlin,2024-10-04,57.2,48.8,53.1,57.2,45.4,52.8,48.9,85.9,0.019,100.0,12.5,rain,0.0,0.0,25.3,10.4,9.0,1018.7,80.0,23.1,68.6,5.8,3,,2024-10-04T07:13:23,2024-10-04T18:35:55,0.06,"Rain, Partially cloudy",Partly cloudy throughout the day with afternoon rain.,rain,"00427,03987,00403,E2835,00433,00400",Berlin
Berlin,2024-10-05,56.1,46.8,51.3,56.1,43.6,50.5,46.6,84.5,0.0,0.0,0.0,,0.0,0.0,14.3,8.4,22.1,1019.5,84.8,30.1,50.4,4.3,2,,2024-10-05T07:15:07,2024-10-05T18:33:36,0.09,Partially cloudy,Partly cloudy throughout the day.,partly-cloudy-day,"00427,03987,00403,E2835,00433,00400",Berlin
Berlin,2024-10-06,53.2,43.9,48.8,53.2,41.5,47.6,43.7,82.5,0.0,0.0,0.0,,0.0,0.0,13.4,8.0,103.5,1014.4,66.5,27.3,54.7,4.6,3,,2024-10-06T07:16:50,2024-10-06T18:31:17,0.12,Partially cloudy,Partly cloudy throughout the day.,partly-cloudy-day,"00427,03987,00403,E2835,00433,00400",Berlin
Berlin,2024-10-07,59.9,44.1,52.1,59.9,39.5,50.3,48.7,88.9,0.002,100.0,8.33,rain,0.0,0.0,18.1,9.3,146.1,1007.6,54.0,16.9,75.8,6.6,4,,2024-10-07T07:18:34,2024-10-07T18:28:58,0.16,"Rain, Partially cloudy",Partly cloudy throughout the day with afternoon rain.,rain,"00427,03987,00403,E2835,00433,00400",Berlin
Berlin,2024-10-08,70.4,52.8,60.5,70.4,52.8,60.5,56.5,88.0,0.12,100.0,16.67,rain,0.0,0.0,16.1,7.8,159.1,1003.2,90.0,14.1,114.4,9.9,5,,2024-10-08T07:20:19,2024-10-08T18:26:41,0.19,"Rain, Partially cloudy",Partly cloudy throughout the day with rain.,rain,"00427,03987,00403,E2835,00433,00400",Berlin
Berlin,2024-10-09,67.9,56.6,61.4,67.9,56.6,61.4,56.0,83.5,0.258,100.0,37.5,rain,0.0,0.0,27.7,11.6,189.4,997.0,84.8,20.3,104.5,9.1,5,,2024-10-09T07:22:03,2024-10-09T18:24:23,0.23,"Rain, Partially cloudy",Partly cloudy throughout the day with rain.,rain,"00427,03987,00403,E2835,00433,00400",Berlin
Berlin,2024-10-10,65.8,50.4,60.2,65.8,50.4,60.2,53.1,77.7,0.06,100.0,41.67,rain,0.0,0.0,38.7,20.8,231.4,991.8,81.1,21.5,50.7,4.3,4,,2024-10-10T07:23:48,2024-10-10T18:22:07,0.25,"Rain, Partially cloudy",Partly cloudy throughout the day with a chance of rain throughout the day.,rain,"00427,03987,00403,E2835,00433,00400",Berlin
Berlin,2024-10-11,55.8,43.9,48.9,55.8,40.8,46.7,41.7,77.2,0.0,0.0,0.0,,0.0,0.0,20.6,11.8,269.8,1013.0,26.5,24.6,89.5,7.7,5,,2024-10-11T07:25:33,2024-10-11T18:19:51,0.29,Partially cloudy,Clearing in the afternoon.,partly-cloudy-day,"00427,03987,00403,E2835,00433,00400",Berlin
Berlin,2024-10-12,56.1,35.9,46.8,56.1,33.5,45.7,39.1,76.7,0.0,0.0,0.0,,0.0,0.0,24.4,12.6,145.7,1018.2,43.6,26.6,112.0,9.7,5,,2024-10-12T07:27:19,2024-10-12T18:17:35,0.33,Partially cloudy,Becoming cloudy in the afternoon.,partly-cloudy-day,"00427,03987,00403,E2835,00433,00400",Berlin
Berlin,2024-10-13,53.4,47.3,50.7,53.4,42.1,49.5,44.3,78.7,0.109,100.0,33.33,rain,0.0,0.0,45.2,19.8,247.8,1007.5,86.4,20.8,54.5,4.6,2,,2024-10-13T07:29:05,2024-10-13T18:15:21,0.36,"Rain, Partially cloudy",Partly cloudy throughout the day with a chance of rain throughout the day.,rain,"00427,03987,00403,E2835,00433,00400",Berlin
Berlin,2024-10-14,53.0,44.7,48.8,53.0,39.3,46.0,41.9,77.0,0.0,0.0,0.0,,0.0,0.0,28.0,15.2,263.7,1017.7,73.6,27.3,64.3,5.5,3,,2024-10-14T07:30:51,2024-10-14T18:13:07,0.4,Partially cloudy,Partly cloudy throughout the day.,partly-cloudy-day,"00427,03987,00403,E2835,00433,00400",Berlin
Berlin,2024-10-15,54.5,40.1,46.3,54.5,36.2,44.3,39.8,79.6,0.0,0.0,0.0,,0.0,0.0,12.1,7.6,338.3,1024.1,9.8,24.3,109.7,9.4,5,,2024-10-15T07:32:37,2024-10-15T18:10:54,0.43,Clear,Clear conditions throughout the day.,clear-day,"00427,03987,00403,E2835,00433,00400",Berlin
Berlin,2024-10-16,58.1,39.5,48.2,58.1,34.4,45.6,39.8,73.9,0.0,0.0,0.0,,0.0,0.0,28.2,15.8,115.6,1023.8,20.1,25.4,119.3,10.4,5,,2024-10-16T07:34:24,2024-10-16T18:08:42,0.46,Partially cloudy,Clearing in the afternoon.,partly-cloudy-day,"00427,03987,00403,E2835,00433,00400",Berlin
Berlin,2024-10-17,62.4,45.6,52.9,62.4,41.2,51.0,44.8,74.4,0.0,0.0,0.0,,0.0,0.0,25.7,13.4,128.5,1018.2,41.0,26.5,95.1,8.3,5,,2024-10-17T07:36:11,2024-10-17T18:06:31,0.5,Partially cloudy,Becoming cloudy in the afternoon.,partly-cloudy-day,"00427,03987,00403,E2835,00433,00400",Berlin
Tokyo,2024-10-16,78.1,67.3,73.2,78.1,67.3,73.2,65.0,75.9,0.0,0.0,0.0,,0.0,0.0,10.1,7.4,292.3,1019.8,77.7,8.3,153.8,13.3,6,10.0,2024-10-16T05:48:06,2024-10-16T17:04:04,0.45,Partially cloudy,Partly cloudy throughout the day.,partly-cloudy-day,"47662099999,47671099999,47727099999,47642043313,47680099999,RJTT",
Tokyo,2024-10-17,77.2,71.0,73.3,77.2,71.0,73.3,66.2,78.7,0.0,0.0,0.0,,0.0,0.0,15.2,11.2,30.7,1022.5,81.3,9.7,131.6,11.3,5,10.0,2024-10-17T05:48:58,2024-10-17T17:02:47,0.5,Partially cloudy,Partly cloudy throughout the day.,partly-cloudy-day,"47662099999,47671099999,47727099999,47670099999,47642043313,47680099999,47626099999,47682099999,RJTT",
Tokyo,2024-10-18,72.9,69.3,71.0,72.9,69.3,71.0,68.3,91.5,0.082,100.0,12.5,rain,0.0,0.0,14.5,5.8,336.0,1022.6,95.7,7.3,73.4,6.3,3,10.0,2024-10-18T05:49:51,2024-10-18T17:01:30,0.52,"Rain, Overcast",Cloudy skies throughout the day with rain.,rain,"47662099999,47671099999,47670099999,47642043313,47680099999,47626099999,47682099999",
Tokyo,2024-10-19,84.4,70.4,75.6,90.0,70.4,76.4,70.4,85.1,0.058,100.0,12.5,rain,0.0,0.0,22.1,12.5,229.4,1012.1,82.2,9.1,148.9,12.9,7,10.0,2024-10-19T05:50:44,2024-10-19T17:00:15,0.55,"Rain, Partially cloudy",Partly cloudy throughout the day with rain.,rain,"47662099999,47671099999,47670099999,47642043313,47680099999,47626099999,47682099999",
Tokyo,2024-10-20,72.3,57.8,64.0,72.3,57.8,64.0,47.6,55.6,0.005,100.0,4.17,rain,0.0,0.0,28.6,11.5,28.4,1025.7,42.8,12.1,135.0,11.7,6,10.0,2024-10-20T05:51:37,2024-10-20T16:59:00,0.59,"Rain, Partially cloudy",Partly cloudy throughout the day with morning rain.,rain,"47662099999,47670099999,47642043313,47680099999,47626099999,47682099999",
Tokyo,2024-10-21,67.7,52.9,60.9,67.7,52.9,60.9,46.9,60.4,0.0,0.0,0.0,rain,0.0,0.0,18.1,9.1,345.0,1032.3,53.6,13.4,101.4,8.8,4,10.0,2024-10-21T05:52:31,2024-10-21T16:57:46,0.62,Partially cloudy,Partly cloudy throughout the day.,partly-cloudy-day,"47662099999,47670099999,47642043313,47680099999,47626099999,47682099999",
Tokyo,2024-10-22,75.0,59.1,67.3,75.0,59.1,67.3,56.1,68.3,0.0,0.0,0.0,rain,0.0,0.0,16.6,10.1,338.8,1025.3,78.4,13.4,135.8,11.7,6,10.0,2024-10-22T05:53:25,2024-10-22T16:56:34,0.65,Partially cloudy,Partly cloudy throughout the day.,partly-cloudy-day,"47662099999,47670099999,47642043313,47680099999,47626099999,47682099999",
Tokyo,2024-10-23,76.3,66.0,71.4,76.3,66.0,71.4,68.0,89.3,0.27,100.0,16.67,rain,0.0,0.0,27.5,12.7,209.3,1015.4,85.6,9.9,87.6,7.6,4,10.0,2024-10-23T05:54:20,2024-10-23T16:55:22,0.69,"Rain, Partially cloudy",Partly cloudy throughout the day with rain.,rain,"47662099999,47670099999,47642043313,47680099999,47626099999,47682099999",
Tokyo,2024-10-24,77.3,68.8,72.7,77.3,68.8,72.7,65.8,79.3,0.0,0.0,0.0,rain,0.0,0.0,15.2,9.1,31.7,1016.0,64.7,11.0,65.8,5.7,3,10.0,2024-10-24T05:55:15,2024-10-24T16:54:12,0.75,Partially cloudy,Partly cloudy throughout the day.,partly-cloudy-day,"47662099999,47671099999,47670099999,47642043313,47680099999,47626099999,47682099999",
Tokyo,2024-10-25,71.0,66.0,68.7,71.0,66.0,68.7,61.1,77.1,0.019,100.0,4.17,rain,0.0,0.0,14.5,7.9,21.3,1023.8,92.9,11.9,25.8,2.2,1,10.0,2024-10-25T05:56:10,2024-10-25T16:53:02,0.75,"Rain, Overcast",Cloudy skies throughout the day with morning rain.,rain,"47662099999,47670099999,47642043313,47680099999,47626099999,47682099999",
Tokyo,2024-10-26,68.7,63.6,66.3,68.7,63.6,66.3,59.6,79.2,0.0,0.0,0.0,,0.0,0.0,13.4,6.9,342.3,1022.2,76.7,11.2,51.4,4.3,2,10.0,2024-10-26T05:57:06,2024-10-26T16:51:54,0.79,Partially cloudy,Partly cloudy throughout the day.,partly-cloudy-day,"47662099999,47670099999,47642043313,47680099999,47626099999,47682099999",
Tokyo,2024-10-27,73.1,62.7,67.7,73.1,62.7,67.7,63.2,86.0,0.076,100.0,4.17,rain,0.0,0.0,10.7,7.6,320.7,1014.7,79.0,9.3,121.3,10.3,5,10.0,2024-10-27T05:58:02,2024-10-27T16:50:46,0.82,"Rain, Partially cloudy",Partly cloudy throughout the day with late afternoon rain.,rain,"47662099999,47671099999,47670099999,47680099999,47642043313,RJTY,47626099999,47682099999,RJTT",
Tokyo,2024-10-28,68.3,63.3,65.9,68.3,63.3,65.9,61.9,87.8,0.392,100.0,20.83,rain,0.0,0.0,18.6,6.8,4.9,1008.9,99.0,9.4,12.9,1.0,1,10.0,2024-10-28T05:58:58,2024-10-28T16:49:40,0.85,"Rain, Overcast",Cloudy skies throughout the day with rain clearing later.,rain,"47662099999,47670099999,47642043313,47680099999,47626099999,47682099999",
Tokyo,2024-10-29,65.9,54.3,60.2,65.9,54.3,60.2,53.0,78.2,0.712,100.0,37.5,rain,0.0,0.0,19.0,10.2,27.8,1020.1,99.1,8.8,72.8,6.3,4,10.0,2024-10-29T05:59:55,2024-10-29T16:48:35,0.89,"Rain, Overcast",Cloudy skies throughout the day with rain.,rain,"47662099999,47671099999,47670099999,47642043313,47680099999,47626099999,47682099999",
Tokyo,2024-10-30,71.3,54.8,62.0,71.3,54.8,62.0,54.8,80.4,0.938,100.0,45.83,rain,0.0,0.0,28.0,15.7,330.3,1015.2,61.6,8.9,52.6,4.5,2,10.0,2024-10-30T06:00:52,2024-10-30T16:47:32,0.92,"Rain, Partially cloudy",Partly cloudy throughout the day with a chance of rain throughout the day.,rain,"47662099999,47670099999,47642043313,47680099999,47626099999,47682099999",
Tokyo,2024-10-31,67.8,56.0,61.4,67.8,56.0,61.4,48.4,63.5,0.0,0.0,0.0,,0.0,0.0,18.1,7.2,55.1,1024.5,25.7,13.4,152.1,13.2,6,10.0,2024-10-31T06:01:49,2024-10-31T16:46:29,0.95,Partially cloudy,Partly cloudy throughout the day.,partly-cloudy-day,"47662099999,47670099999,47642043313,47680099999,47626099999,47682099999",
Tokyo,2024-11-01,70.7,54.3,62.6,70.7,54.3,62.6,54.4,75.2,0.0,0.0,0.0,rain,0.0,0.0,10.5,5.7,321.8,1023.9,62.1,11.5,126.8,10.9,6,10.0,2024-11-01T06:02:47,2024-11-01T16:45:28,0.0,Partially cloudy,Partly cloudy throughout the day.,partly-cloudy-day,"47662099999,47670099999,47642043313,47680099999,47626099999,47682099999",
Tokyo,2024-11-02,62.4,59.1,60.8,62.4,59.1,60.8,60.4,98.5,1.021,100.0,50.0,rain,0.0,0.0,32.2,7.2,344.9,1013.1,99.5,4.4,18.5,1.6,1,10.0,2024-11-02T06:03:45,2024-11-02T16:44:29,0.02,"Rain, Overcast",Cloudy skies throughout the day with a chance of rain throughout the day.,rain,"47662099999,47671099999,47670099999,47642043313,47680099999,47626099999,47682099999",
Tokyo,2024-11-03,71.6,58.3,63.6,71.6,58.3,63.6,51.6,67.7,0.039,100.0,4.17,rain,0.0,0.0,18.8,9.3,21.2,1018.2,18.8,12.6,160.5,14.0,6,10.0,2024-11-03T06:04:43,2024-11-03T16:43:30,0.06,Rain,Clear conditions throughout the day with early morning rain.,rain,"47662099999,47670099999,47642043313,47680099999,47626099999,47682099999",
Tokyo,2024-11-04,72.2,53.0,62.9,72.2,53.0,62.9,53.0,70.9,0.0,0.0,0.0,,0.0,0.0,21.7,11.3,214.2,1020.0,10.2,11.7,157.3,13.6,6,10.0,2024-11-04T06:05:42,2024-11-04T16:42:33,0.09,Clear,Clear conditions throughout the day.,clear-day,"47662099999,47670099999,47642043313,47680099999,47626099999,47682099999",
Tokyo,2024-11-05,66.8,57.0,62.2,66.8,57.0,62.2,52.9,72.1,0.0,0.0,0.0,rain,0.0,0.0,17.7,9.1,31.9,1016.2,54.2,10.8,104.3,9.0,5,10.0,2024-11-05T06:06:41,2024-11-05T16:41:38,0.13,Partially cloudy,Partly cloudy throughout the day.,partly-cloudy-day,"47662099999,47670099999,47642043313,47680099999,47626099999,47682099999,RJTT",
Tokyo,2024-11-06,60.2,56.1,58.1,60.2,56.1,58.1,48.8,71.1,0.02,100.0,4.17,rain,0.0,0.0,19.7,8.1,1.2,1015.5,71.4,12.9,38.7,3.1,1,10.0,2024-11-06T06:07:40,2024-11-06T16:40:44,0.16,"Rain, Partially cloudy",Partly cloudy throughout the day with early morning rain.,rain,"47662099999,47671099999,47670099999,47642043313,47680099999,47626099999,47682099999",
Tokyo,2024-11-07,62.9,52.1,56.4,62.9,52.1,56.4,38.4,53.0,0.0,0.0,0.0,,0.0,0.0,28.6,16.9,323.8,1022.4,15.1,14.4,146.3,12.6,6,10.0,2024-11-07T06:08:39,2024-11-07T16:39:51,0.19,Clear,Clear conditions throughout the day.,clear-day,"47662099999,47671099999,47670099999,47642043313,47680099999,47626099999,47682099999",
Tokyo,2024-11-08,59.1,47.7,53.3,59.1,45.6,52.9,37.4,55.4,0.0,0.0,0.0,,0.0,0.0,14.8,7.3,21.0,1028.7,17.2,13.2,120.9,10.4,5,10.0,2024-11-08T06:09:38,2024-11-08T16:39:00,0.23,Clear,Clear conditions throughout the day.,clear-day,"47662099999,47670099999,47642043313,47680099999,47626099999,47682099999",
Tokyo,2024-11-09,62.0,46.6,54.7,62.0,45.8,54.2,42.1,63.6,0.0,0.0,0.0,,0.0,0.0,13.2,8.0,3.2,1028.7,31.4,12.3,126.8,11.1,5,10.0,2024-11-09T06:10:38,2024-11-09T16:38:11,0.25,Partially cloudy,Partly cloudy throughout the day.,partly-cloudy-day,"47662099999,47670099999,47642043313,47680099999,47626099999,47682099999",
Tokyo,2024-11-10,61.1,53.0,56.8,61.1,53.0,56.8,45.6,67.0,0.0,0.0,0.0,rain,0.0,0.0,13.9,8.0,328.7,1025.6,97.4,10.3,62.8,5.3,3,10.0,2024-11-10T06:11:38,2024-11-10T16:37:23,0.3,Overcast,Cloudy skies throughout the day.,cloudy,"47662099999,47671099999,47670099999,47642043313,47680099999,47626099999,47682099999",
Tokyo,2024-11-11,69.0,56.1,61.4,69.0,56.1,61.4,57.0,86.3,0.078,100.0,8.33,rain,0.0,0.0,20.8,4.8,343.1,1016.0,51.6,9.4,93.9,8.1,4,10.0,2024-11-11T06:12:38,2024-11-11T16:36:36,0.33,"Rain, Partially cloudy",Partly cloudy throughout the day with rain clearing later.,rain,"47662099999,47670099999,47642043313,47680099999,47626099999,47682099999",
Tokyo,2024-11-12,68.2,53.7,61.3,68.2,53.7,61.3,53.6,76.7,0.0,0.0,0.0,,0.0,0.0,12.3,8.0,54.0,1015.5,19.0,11.6,86.3,7.5,4,10.0,2024-11-12T06:13:38,2024-11-12T16:35:52,0.37,Clear,Clear conditions throughout the day.,clear-day,"47662099999,47670099999,47642043313,47680099999,47626099999,47682099999",
Tokyo,2024-11-13,68.3,55.2,61.7,68.3,55.2,61.7,48.9,64.3,0.0,0.0,0.0,,0.0,0.0,21.5,9.1,57.1,1019.3,22.6,12.4,145.0,12.5,6,10.0,2024-11-13T06:14:38,2024-11-13T16:35:09,0.4,Partially cloudy,Partly cloudy throughout the day.,partly-cloudy-day,"47662099999,47671099999,47727099999,47643099999,47670099999,47642043313,47680099999,47626099999,47682099999,RJTT",
Tokyo,2024-11-14,64.5,53.9,60.5,64.5,53.9,60.5,50.0,68.5,0.0,0.0,0.0,rain,0.0,0.0,15.0,5.8,334.0,1023.5,62.6,11.3,95.1,8.3,4,10.0,2024-11-14T06:15:38,2024-11-14T16:34:27,0.44,Partially cloudy,Becoming cloudy in the afternoon.,partly-cloudy-day,"47662099999,47670099999,47642043313,47680099999,47626099999,47682099999",
Tokyo,2024-11-15,63.2,57.0,60.5,63.2,57.0,60.5,57.9,91.3,0.011,100.0,16.67,rain,0.0,0.0,22.8,5.9,335.7,1018.9,96.9,6.5,62.4,5.3,3,10.0,2024-11-15T06:16:38,2024-11-15T16:33:48,0.47,"Rain, Overcast",Cloudy skies throughout the day with rain clearing later.,rain,"47662099999,47670099999,47642043313,47680099999,47626099999,47682099999",
Tokyo,2024-11-16,65.5,58.7,62.2,65.5,58.7,62.2,54.3,75.5,0.0,0.0,0.0,rain,0.0,0.0,17.4,7.9,341.0,1021.7,85.7,11.0,69.5,6.1,3,10.0,2024-11-16T06:17:38,2024-11-16T16:33:10,0.5,Partially cloudy,Partly cloudy throughout the day.,partly-cloudy-day,"47662099999,47671099999,47670099999,47642043313,47680099999,47626099999,47682099999",
Tokyo,2024-11-17,74.0,59.7,65.8,74.0,59.7,65.8,59.0,79.5,0.0,0.0,0.0,rain,0.0,0.0,17.2,5.9,324.7,1013.6,55.0,12.3,100.0,8.7,6,10.0,2024-11-17T06:18:38,2024-11-17T16:32:34,0.54,Partially cloudy,Partly cloudy throughout the day.,partly-cloudy-day,"47662099999,47671099999,47670099999,47642043313,47680099999,47626099999,47682099999",
Tokyo,2024-11-18,65.9,52.8,58.2,65.9,52.8,58.2,42.9,57.0,0.119,100.0,25.0,rain,0.0,0.0,36.9,24.1,12.4,1015.2,80.1,8.0,54.1,4.6,3,10.0,2024-11-18T06:19:38,2024-11-18T16:32:00,0.57,"Rain, Partially cloudy",Partly cloudy throughout the day with rain in the morning and afternoon.,rain,"47662099999,47670099999,47642043313,47680099999,RJTY,RJTI,47626099999,47682099999,RJTT",
Tokyo,2024-11-19,53.6,48.5,51.0,53.6,42.2,48.6,32.2,49.0,0.0,0.0,0.0,,0.0,0.0,41.4,27.5,17.6,1025.2,51.7,6.6,130.3,11.2,5,10.0,2024-11-19T06:20:37,2024-11-19T16:31:27,0.61,Partially cloudy,Partly cloudy throughout the day.,partly-cloudy-day,"RJTY,RJTI,RJTT",
Tokyo,2024-11-20,48.1,44.7,47.3,44.7,39.9,42.4,38.7,72.7,0.108,100.0,54.17,rain,0.0,0.0,15.9,15.4,344.7,1022.7,84.8,6.3,36.5,3.1,2,10.0,2024-11-20T06:21:37,2024-11-20T16:30:56,0.64,"Rain, Partially cloudy",Partly cloudy throughout the day with rain.,rain,"47642043313,RJTY,RJTI,RJTT",
Tokyo,2024-11-21,55.5,48.1,52.2,55.5,42.5,50.9,49.7,91.0,0.2,100.0,58.33,rain,0.0,0.0,16.6,18.2,337.9,1014.2,74.5,5.8,30.0,2.6,1,10.0,2024-11-21T06:22:36,2024-11-21T16:30:27,0.67,"Rain, Partially cloudy",Partly cloudy throughout the day with a chance of rain throughout the day.,rain,"47642043313,47680099999,RJTY,RJTI,RJTT",
Tokyo,2024-11-22,62.1,46.8,55.0,62.1,45.2,54.9,47.9,78.2,0.039,100.0,4.17,rain,0.0,0.0,28.2,13.0,327.3,1011.6,24.1,7.7,133.9,11.4,6,10.0,2024-11-22T06:23:36,2024-11-22T16:30:01,0.7,"Rain, Partially cloudy",Partly cloudy throughout the day with morning rain.,rain,"47662099999,47671099999,47727099999,47642043313,47680099999,RJTY,RJTT",
Tokyo,2024-11-23,60.8,50.2,54.6,60.8,50.2,54.6,34.3,47.3,0.0,0.0,0.0,,0.0,0.0,36.9,21.9,339.4,1016.4,52.5,10.3,99.2,8.5,4,10.0,2024-11-23T06:24:34,2024-11-23T16:29:35,0.75,Partially cloudy,Partly cloudy throughout the day.,partly-cloudy-day,"47662099999,47671099999,47727099999,47642043313,47680099999,RJTT",
Tokyo,2024-11-24,57.4,47.2,52.2,57.4,43.9,50.9,36.4,55.4,0.0,0.0,0.0,,0.0,0.0,14.1,11.8,24.9,1023.4,49.1,9.6,115.0,9.7,5,10.0,2024-11-24T06:25:33,2024-11-24T16:29:12,0.77,Partially cloudy,Partly cloudy throughout the day.,partly-cloudy-day,"47662099999,47671099999,47727099999,47642043313,47680099999,RJTT",
Tokyo,2024-11-25,57.0,44.9,51.2,57.0,39.7,49.7,35.8,56.4,0.0,0.0,0.0,,0.0,0.0,11.4,13.4,34.7,1028.3,20.8,9.8,140.0,11.9,6,10.0,2024-11-25T06:26:31,2024-11-25T16:28:51,0.8,Partially cloudy,Partly cloudy throughout the day.,partly-cloudy-day,"47662099999,47671099999,47727099999,47642043313,47680099999,RJTT",
Tokyo,2024-11-26,57.3,43.1,51.0,57.3,39.3,49.5,40.0,66.9,0.186,100.0,16.67,rain,0.0,0.0,20.6,9.2,334.2,1023.4,55.4,8.4,86.5,7.4,4,10.0,2024-11-26T06:27:29,2024-11-26T16:28:32,0.83,"Rain, Partially cloudy",Becoming cloudy in the afternoon with late afternoon rain.,rain,"47662099999,47671099999,47727099999,47643099999,47642043313,47680099999,RJTT",
Tokyo,2024-11-27,70.7,49.2,59.4,70.7,46.5,59.2,50.3,75.1,1.438,100.0,25.0,rain,0.0,0.0,41.8,17.3,238.8,1005.7,50.7,6.9,119.5,10.2,5,10.0,2024-11-27T06:28:26,2024-11-27T16:28:14,0.87,"Rain, Partially cloudy",Clearing in the afternoon with early morning rain.,rain,"47662099999,47671099999,47727099999,47642043313,47680099999,RJTY,RJTT",
Tokyo,2024-11-28,63.7,50.3,56.7,63.7,50.3,56.7,32.8,41.8,0.0,0.0,0.0,,0.0,0.0,23.0,14.1,234.3,1005.1,8.8,12.6,133.8,11.6,6,10.0,2024-11-28T06:29:22,2024-11-28T16:27:59,0.9,Clear,Clear conditions throughout the day.,clear-day,"47662099999,47671099999,47727099999,47670099999,47642043313,47680099999,47626099999,47682099999,RJTT",
Tokyo,2024-11-29,61.1,47.0,52.8,61.1,43.7,52.0,30.6,43.3,0.0,0.0,0.0,,0.0,0.0,18.3,11.4,278.9,1002.2,5.6,13.9,116.8,10.0,5,10.0,2024-11-29T06:30:18,2024-11-29T16:27:45,0.93,Clear,Clear conditions throughout the day.,clear-day,"47662099999,47670099999,47642043313,47680099999,47626099999,47682099999",
Tokyo,2024-11-30,60.9,42.6,50.7,60.9,40.7,50.0,33.8,53.7,0.0,0.0,0.0,,0.0,0.0,14.5,10.1,264.2,1004.0,3.1,13.7,132.4,11.4,5,10.0,2024-11-30T06:31:14,2024-11-30T16:27:34,0.96,Clear,Clear conditions throughout the day.,clear-day,"47662099999,47670099999,47642043313,47680099999,47626099999,47682099999",
Tokyo,2024-12-01,61.0,44.7,53.3,61.0,42.2,52.4,38.2,56.8,0.0,0.0,0.0,,0.0,0.0,13.4,8.1,304.9,1013.0,19.0,8.6,131.9,11.4,6,10.0,2024-12-01T06:32:09,2024-12-01T16:27:24,0.0,Clear,Clear conditions throughout the day.,clear-day,"47662099999,47670099999,47642043313,47680099999,RJTY,RJTI,47626099999,47682099999,RJTT",
Tokyo,2024-12-02,61.1,47.6,53.3,61.1,44.5,52.5,43.3,69.7,0.0,0.0,0.0,,0.0,0.0,12.1,9.8,312.5,1017.5,31.3,11.6,124.5,10.7,5,10.0,2024-12-02T06:33:03,2024-12-02T16:27:17,0.03,Partially cloudy,Clearing in the afternoon.,partly-cloudy-day,"47662099999,47670099999,47680099999,47642043313,RJTY,47626099999,47682099999,RJTT",
Tokyo,2024-12-03,62.3,45.8,53.5,62.3,43.3,53.2,45.9,76.5,0.0,0.0,0.0,,0.0,0.0,12.5,6.9,294.6,1014.8,5.1,12.0,121.9,10.5,5,10.0,2024-12-03T06:33:56,2024-12-03T16:27:11,0.07,Clear,Clear conditions throughout the day.,clear-day,"47662099999,47670099999,47642043313,47680099999,47626099999,47682099999",
Tokyo,2024-12-04,63.3,47.1,55.6,63.3,47.1,55.5,41.0,59.7,0.0,0.0,0.0,,0.0,0.0,14.5,11.3,342.5,1010.6,40.0,10.3,113.3,9.7,5,10.0,2024-12-04T06:34:48,2024-12-04T16:27:08,0.1,Partially cloudy,Clearing in the afternoon.,partly-cloudy-day,"47662099999,47671099999,47670099999,47642043313,47680099999,RJTY,47626099999,47682099999,RJTT",
Tokyo,2024-12-05,58.4,48.8,52.8,58.4,47.0,52.6,37.1,55.4,0.0,0.0,0.0,rain,0.0,0.0,9.6,6.8,328.7,1008.2,52.7,13.5,77.8,6.7,3,10.0,2024-12-05T06:35:40,2024-12-05T16:27:06,0.14,Partially cloudy,Partly cloudy throughout the day.,partly-cloudy-day,"47662099999,47671099999,47670099999,47642043313,47680099999,47626099999,47682099999",
Tokyo,2024-12-06,61.0,42.1,51.9,61.0,40.3,51.1,33.4,50.5,0.0,0.0,0.0,,0.0,0.0,19.9,10.0,252.8,1008.9,14.4,13.8,131.0,11.3,5,10.0,2024-12-06T06:36:31,2024-12-06T16:27:07,0.17,Clear,Clear conditions throughout the day.,clear-day,"47662099999,47671099999,47670099999,47642043313,47680099999,47626099999,47682099999",
Tokyo,2024-12-07,53.3,43.8,48.3,53.3,39.2,46.9,32.3,54.4,0.0,0.0,0.0,rain,0.0,0.0,14.3,8.0,2.0,1012.3,22.0,13.6,108.2,9.3,5,10.0,2024-12-07T06:37:21,2024-12-07T16:27:09,0.21,Partially cloudy,Partly cloudy throughout the day.,partly-cloudy-day,"47662099999,47671099999,47670099999,47680099999,47642043313,47626099999,47682099999",
Tokyo,2024-12-08,56.4,39.5,46.1,56.4,37.2,44.2,30.3,55.2,0.0,0.0,0.0,,0.0,0.0,25.9,13.0,324.9,1010.5,21.9,13.3,122.4,10.6,5,10.0,2024-12-08T06:38:09,2024-12-08T16:27:13,0.24,Partially cloudy,Clearing in the afternoon.,partly-cloudy-day,"47662099999,47671099999,47727099999,47670099999,47642043313,47680099999,47626099999,47682099999,RJTT",
Tokyo,2024-12-09,54.8,37.8,45.7,54.8,33.6,43.4,25.9,46.8,0.0,0.0,0.0,,0.0,0.0,16.1,9.1,316.8,1016.7,3.6,14.2,133.3,11.4,5,10.0,2024-12-09T06:38:57,2024-12-09T16:27:20,0.25,Clear,Clear conditions throughout the day.,clear-day,"47662099999,47671099999,47670099999,47642043313,47680099999,47626099999,47682099999",
Tokyo,2024-12-10,56.1,40.8,47.4,56.1,38.7,46.2,30.4,52.5,0.0,0.0,0.0,,0.0,0.0,13.9,5.8,313.2,1016.3,12.4,12.8,129.5,11.1,5,10.0,2024-12-10T06:39:43,2024-12-10T16:27:28,0.31,Clear,Clear conditions throughout the day.,clear-day,"47662099999,47671099999,47670099999,47642043313,47680099999,47626099999,47682099999",
Tokyo,2024-12-11,55.2,43.0,47.9,55.2,39.7,46.2,30.8,52.2,0.0,0.0,0.0,,0.0,0.0,21.7,12.2,328.9,1013.1,46.1,12.0,117.9,10.1,5,10.0,2024-12-11T06:40:29,2024-12-11T16:27:38,0.35,Partially cloudy,Partly cloudy throughout the day.,partly-cloudy-day,"47662099999,47671099999,47727099999,47643099999,47670099999,47642043313,47680099999,47626099999,47682099999,RJTT",
Tokyo,2024-12-12,50.6,40.9,45.0,50.6,36.1,41.5,22.0,40.6,0.0,0.0,0.0,,0.0,0.0,29.8,10.9,339.7,1016.3,18.6,12.4,108.7,9.4,4,10.0,2024-12-12T06:41:13,2024-12-12T16:27:51,0.38,Clear,Clear conditions throughout the day.,clear-day,"47662099999,47671099999,47670099999,47642043313,47680099999,47626099999,47682099999",
Tokyo,2024-12-13,46.2,35.4,41.5,45.0,33.2,39.7,25.3,52.6,0.0,0.0,0.0,,0.0,0.0,10.7,6.3,330.0,1015.0,45.1,12.1,77.8,6.5,3,10.0,2024-12-13T06:41:56,2024-12-13T16:28:05,0.42,Partially cloudy,Partly cloudy throughout the day.,partly-cloudy-day,"47662099999,47671099999,47670099999,47642043313,47680099999,47626099999,47682099999",
Tokyo,2024-12-14,53.0,38.9,45.0,53.0,34.5,42.1,23.8,45.0,0.0,0.0,0.0,,0.0,0.0,31.3,15.1,330.9,1009.9,17.8,13.2,127.1,10.8,5,10.0,2024-12-14T06:42:38,2024-12-14T16:28:21,0.46,Clear,Clear conditions throughout the day.,clear-day,"47662099999,47670099999,47642043313,47680099999,47626099999,47682099999",
Tokyo,2024-12-15,53.0,34.0,43.8,53.0,34.0,42.3,26.2,50.2,0.0,0.0,0.0,,0.0,0.0,14.1,9.2,217.0,1011.4,2.5,13.9,127.4,10.9,5,10.0,2024-12-15T06:43:18,2024-12-15T16:28:39,0.5,Clear,Clear conditions throughout the day.,clear-day,"47662099999,47670099999,47642043313,47680099999,47626099999,47682099999",
Tokyo,2024-12-16,53.7,39.5,46.0,53.7,37.7,45.3,31.2,57.4,0.0,0.0,0.0,,0.0,0.0,12.8,4.8,4.9,1012.9,1.6,14.3,112.5,9.7,5,10.0,2024-12-16T06:43:57,2024-12-16T16:28:59,0.52,Clear,Clear conditions throughout the day.,clear-day,"47662099999,47670099999,47642043313,47680099999,47626099999,47682099999",
Tokyo,2024-12-17,55.7,37.6,46.4,55.7,35.2,45.1,33.1,61.4,0.0,0.0,0.0,,0.0,0.0,12.3,7.9,233.8,1014.6,2.7,12.9,119.8,10.5,5,10.0,2024-12-17T06:44:34,2024-12-17T16:29:20,0.56,Clear,Clear conditions throughout the day.,clear-day,"47662099999,47671099999,47670099999,47642043313,47680099999,47626099999,47682099999",
Tokyo,2024-12-18,54.7,37.6,46.4,54.7,35.8,44.1,30.8,56.9,0.0,0.0,0.0,rain,0.0,0.0,18.8,20.8,0.1,1014.3,28.1,11.7,115.1,10.0,5,10.0,2024-12-18T06:45:10,2024-12-18T16:29:44,0.59,Partially cloudy,Becoming cloudy in the afternoon.,partly-cloudy-day,"47662099999,47671099999,47670099999,47642043313,47680099999,47626099999,47682099999,RJTT",
Tokyo,2024-12-19,46.2,37.5,41.6,44.3,32.3,37.8,28.2,60.3,0.019,100.0,4.17,"rain,snow",0.0,0.0,23.0,10.1,4.5,1017.5,40.1,13.1,104.5,8.9,5,10.0,2024-12-19T06:45:45,2024-12-19T16:30:09,0.62,"Snow, Rain, Partially cloudy",Clearing in the afternoon with morning rain or snow.,rain,"47662099999,47670099999,47642043313,47680099999,47626099999,47682099999",
Tokyo,2024-12-20,52.0,34.1,43.6,52.0,31.3,42.3,29.1,57.6,0.0,0.0,0.0,,0.0,0.0,11.6,6.9,246.7,1020.9,24.6,13.7,117.2,10.1,5,10.0,2024-12-20T06:46:18,2024-12-20T16:30:36,0.65,Partially cloudy,Partly cloudy throughout the day.,partly-cloudy-day,"47662099999,47670099999,47642043313,47680099999,47626099999,47682099999",
Tokyo,2024-12-21,61.0,37.8,49.0,61.0,34.1,48.1,35.3,60.4,0.0,0.0,0.0,,0.0,0.0,30.2,15.1,209.3,1009.2,10.5,13.1,123.3,10.7,5,10.0,2024-12-21T06:46:49,2024-12-21T16:31:05,0.68,Clear,Clear conditions throughout the day.,clear-day,"47662099999,47670099999,47642043313,47680099999,47626099999,47682099999",
Tokyo,2024-12-22,50.7,38.0,44.9,50.7,34.1,41.4,26.6,49.9,0.0,0.0,0.0,,0.0,0.0,38.0,14.8,328.0,1006.4,7.2,14.1,122.3,10.5,5,10.0,2024-12-22T06:47:19,2024-12-22T16:31:35,0.72,Clear,Clear conditions throughout the day.,clear-day,"47662099999,47670099999,47642043313,47680099999,47626099999,47682099999",
Tokyo,2024-12-23,51.1,36.8,43.0,51.1,29.9,39.4,19.2,39.7,0.0,0.0,0.0,,0.0,0.0,19.0,11.3,290.3,1014.3,2.7,14.4,127.8,11.0,5,10.0,2024-12-23T06:47:47,2024-12-23T16:32:07,0.75,Clear,Clear conditions throughout the day.,clear-day,"47662099999,47670099999,47642043313,47680099999,47626099999,47682099999",
Tokyo,2024-12-24,52.4,35.9,43.9,52.4,31.0,41.0,24.1,48.2,0.0,0.0,0.0,,0.0,0.0,23.0,11.4,319.5,1016.9,3.3,13.6,126.8,11.0,5,10.0,2024-12-24T06:48:13,2024-12-24T16:32:41,0.78,Clear,Clear conditions throughout the day.,clear-day,"47662099999,47670099999,47642043313,47680099999,47626099999,47682099999",
Tokyo,2024-12-25,51.5,41.1,46.0,51.5,36.1,43.4,25.3,44.8,0.0,0.0,0.0,,0.0,0.0,11.6,12.6,327.3,1024.2,25.1,13.5,114.6,9.8,5,10.0,2024-12-25T06:48:38,2024-12-25T16:33:17,0.81,Partially cloudy,Partly cloudy throughout the day.,partly-cloudy-day,"47662099999,47671099999,47670099999,47642043313,47680099999,47626099999,47682099999",
Tokyo,2024-12-26,58.2,39.0,47.9,58.2,36.7,46.7,31.7,53.9,0.0,0.0,0.0,,0.0,0.0,10.7,7.0,323.7,1011.8,19.3,12.6,122.5,10.4,5,10.0,2024-12-26T06:49:01,2024-12-26T16:33:54,0.85,Clear,Clear conditions throughout the day.,clear-day,"47662099999,47670099999,47642043313,47680099999,47626099999,47682099999",
Tokyo,2024-12-27,53.2,39.8,45.6,53.2,36.6,43.4,28.2,51.0,0.0,0.0,0.0,rain,0.0,0.0,19.5,10.2,326.9,1009.8,9.5,14.4,105.7,9.2,4,10.0,2024-12-27T06:49:22,2024-12-27T16:34:32,0.88,Clear,Clear conditions throughout the day.,clear-day,"47662099999,47670099999,47642043313,47680099999,47626099999,47682099999",
Tokyo,2024-12-28,51.0,35.4,41.7,51.0,32.6,39.9,27.7,58.2,0.0,0.0,0.0,,0.0,0.0,18.8,6.8,316.5,1010.9,16.1,14.2,116.0,10.0,5,10.0,2024-12-28T06:49:41,2024-12-28T16:35:12,0.91,Clear,Clear conditions throughout the day.,clear-day,"47662099999,47670099999,47642043313,47680099999,47626099999,47682099999",
Tokyo,2024-12-29,52.5,33.5,42.8,52.5,33.1,41.3,26.8,54.6,0.0,0.0,0.0,,0.0,0.0,22.4,8.3,326.4,1016.1,2.3,13.8,127.2,10.9,5,10.0,2024-12-29T06:49:59,2024-12-29T16:35:53,0.94,Clear,Clear conditions throughout the day.,clear-day,"47662099999,47670099999,47642043313,47680099999,47626099999,47682099999",
Tokyo,2024-12-30,49.4,38.8,43.1,48.6,33.2,40.9,26.7,52.7,0.0,0.0,0.0,,0.0,0.0,13.4,7.9,323.4,1020.4,28.5,13.8,105.0,9.1,5,10.0,2024-12-30T06:50:14,2024-12-30T16:36:36,0.97,Partially cloudy,Partly cloudy throughout the day.,partly-cloudy-day,"47662099999,47670099999,47642043313,47680099999,47626099999,47682099999",
Tokyo,2024-12-31,57.1,37.5,46.5,57.1,37.2,45.3,30.8,55.5,0.0,0.0,0.0,,0.0,0.0,31.1,9.5,325.7,1006.6,18.8,13.1,118.1,10.3,5,10.0,2024-12-31T06:50:28,2024-12-31T16:37:20,0.0,Clear,Clear conditions throughout the day.,clear-day,"47662099999,47671099999,47670099999,47642043313,47680099999,47626099999,47682099999",
Lagos,2024-10-16,87.8,76.6,80.5,99.9,76.6,84.7,76.1,86.9,0.028,100.0,4.17,rain,0.0,0.0,12.3,10.3,217.3,1013.8,64.6,6.4,161.4,13.8,6,30.0,2024-10-16T06:32:41,2024-10-16T18:31:07,0.47,"Rain, Partially cloudy",Partly cloudy throughout the day with morning rain.,rain,"DNMM,remote,65201099999",
Lagos,2024-10-17,82.4,75.2,78.2,90.9,75.2,79.4,75.7,92.0,1.968,100.0,12.5,rain,0.0,0.0,23.5,10.7,195.4,1014.1,77.6,9.3,54.4,4.8,3,10.0,2024-10-17T06:32:38,2024-10-17T18:30:44,0.5,"Rain, Partially cloudy",Partly cloudy throughout the day with rain.,rain,"DNMM,remote,65201099999",
Lagos,2024-10-18,87.8,73.4,80.0,97.8,73.4,83.5,74.3,83.8,0.004,100.0,4.17,rain,0.0,0.0,15.7,11.4,211.8,1013.7,49.7,6.2,225.5,19.5,8,10.0,2024-10-18T06:32:37,2024-10-18T18:30:23,0.53,"Rain, Partially cloudy",Partly cloudy throughout the day with early morning rain.,rain,"DNMM,remote,65201099999",
Lagos,2024-10-19,86.6,76.6,81.1,99.4,76.6,86.4,76.3,85.8,0.008,100.0,4.17,rain,0.0,0.0,18.8,11.4,222.3,1012.6,60.3,7.4,211.3,18.2,7,30.0,2024-10-19T06:32:35,2024-10-19T18:30:02,0.57,"Rain, Partially cloudy",Partly cloudy throughout the day with afternoon rain.,rain,"DNMM,remote,65201099999",
Lagos,2024-10-20,87.8,77.0,81.0,99.9,77.0,86.4,76.9,87.8,0.157,100.0,8.33,rain,0.0,0.0,17.0,12.8,217.4,1012.5,69.5,7.8,178.9,15.3,7,30.0,2024-10-20T06:32:35,2024-10-20T18:29:42,0.6,"Rain, Partially cloudy",Partly cloudy throughout the day with rain.,rain,"DNMM,remote,65201099999",
Lagos,2024-10-21,89.6,77.0,81.3,102.4,77.0,86.7,76.6,86.4,0.354,100.0,4.17,rain,0.0,0.0,13.2,10.3,193.8,1012.8,59.0,5.9,276.9,23.9,10,30.0,2024-10-21T06:32:35,2024-10-21T18:29:22,0.63,"Rain, Partially cloudy",Partly cloudy throughout the day with early morning rain.,rain,"DNMM,65201099999",
Lagos,2024-10-22,84.2,74.8,78.6,96.1,74.8,81.1,75.8,91.3,0.315,100.0,4.17,rain,0.0,0.0,51.9,10.3,203.8,1012.4,72.7,7.2,178.5,15.5,6,30.0,2024-10-22T06:32:35,2024-10-22T18:29:03,0.67,"Rain, Partially cloudy",Partly cloudy throughout the day with late afternoon rain.,rain,"DNMM,remote,65201099999",
Lagos,2024-10-23,89.6,71.9,80.5,102.6,71.9,86.3,75.4,85.3,0.0,0.0,0.0,,0.0,0.0,15.7,10.3,199.1,1012.7,46.9,5.1,197.4,17.1,7,30.0,2024-10-23T06:32:37,2024-10-23T18:28:45,0.7,Partially cloudy,Partly cloudy throughout the day.,partly-cloudy-day,"DNMM,65201099999",
Lagos,2024-10-24,91.4,77.0,82.8,107.8,77.0,90.2,76.7,82.5,0.0,0.0,0.0,rain,0.0,0.0,18.8,10.3,224.7,1012.4,59.4,6.0,210.8,18.2,7,30.0,2024-10-24T06:32:39,2024-10-24T18:28:28,0.75,Partially cloudy,Partly cloudy throughout the day.,partly-cloudy-day,"DNMM,65201099999,VRJT5",
Lagos,2024-10-25,91.0,75.2,80.5,106.6,75.2,85.3,76.8,89.1,1.103,100.0,8.33,rain,0.0,0.0,19.7,17.2,228.6,1012.8,64.7,4.9,162.8,14.0,7,30.0,2024-10-25T06:32:41,2024-10-25T18:28:12,0.77,"Rain, Partially cloudy",Partly cloudy throughout the day with rain.,rain,"DNMM,65201099999",
Lagos,2024-10-26,91.4,73.4,80.5,102.7,73.4,85.2,74.7,84.1,0.945,100.0,4.17,rain,0.0,0.0,18.3,12.8,288.1,1012.5,39.4,5.7,160.2,13.8,6,10.0,2024-10-26T06:32:44,2024-10-26T18:27:56,0.8,"Rain, Partially cloudy",Partly cloudy throughout the day with early morning rain.,rain,"DNMM,65201099999",
Lagos,2024-10-27,91.4,73.5,82.7,107.8,73.5,89.2,75.9,80.9,0.0,0.0,0.0,rain,0.0,0.0,15.4,9.2,215.4,1011.7,47.7,6.4,236.1,20.3,8,30.0,2024-10-27T06:32:48,2024-10-27T18:27:41,0.83,Partially cloudy,Partly cloudy throughout the day.,partly-cloudy-day,"DNMM,remote,65201099999",
Lagos,2024-10-28,87.8,77.0,80.4,99.9,77.0,85.2,77.0,89.6,0.197,100.0,4.17,rain,0.0,,19.7,16.1,230.8,1011.4,58.1,5.4,270.2,23.3,9,30.0,2024-10-28T06:32:53,2024-10-28T18:27:27,0.86,"Rain, Partially cloudy",Partly cloudy throughout the day with afternoon rain.,rain,"DNMM,65201099999",
Lagos,2024-10-29,89.2,73.4,79.5,101.6,73.4,83.6,75.8,88.9,1.024,100.0,12.5,rain,0.0,0.0,15.7,8.1,218.9,1011.9,51.7,4.7,192.0,16.6,6,30.0,2024-10-29T06:32:58,2024-10-29T18:27:14,0.9,"Rain, Partially cloudy",Partly cloudy throughout the day with rain.,rain,"DNMM,65201099999",
Lagos,2024-10-30,89.6,75.2,81.4,102.6,75.2,87.5,76.7,86.4,0.0,0.0,0.0,rain,0.0,0.0,15.9,10.3,191.6,1011.9,59.9,5.4,211.9,18.4,8,30.0,2024-10-30T06:33:04,2024-10-30T18:27:02,0.93,Partially cloudy,Partly cloudy throughout the day.,partly-cloudy-day,"DNMM,65201099999,VRJT5",
Lagos,2024-10-31,91.4,77.0,83.4,110.9,77.0,91.3,77.6,83.6,0.0,0.0,0.0,rain,0.0,0.0,17.4,13.9,191.2,1012.0,57.5,5.8,222.2,19.1,8,60.0,2024-10-31T06:33:11,2024-10-31T18:26:50,0.96,Partially cloudy,Partly cloudy throughout the day.,partly-cloudy-day,"DNMM,65201099999",
Lagos,2024-11-01,91.4,78.8,82.0,105.1,78.8,89.1,77.7,87.2,0.008,100.0,8.33,rain,0.0,0.0,14.8,8.1,223.6,1011.5,63.2,7.1,230.3,19.7,9,60.0,2024-11-01T06:33:18,2024-11-01T18:26:40,0.0,"Rain, Partially cloudy",Partly cloudy throughout the day with rain in the morning and afternoon.,rain,"DNMM,remote,65201099999",
Lagos,2024-11-02,89.6,78.6,82.7,102.0,78.6,90.1,77.6,85.4,0.0,0.0,0.0,rain,0.0,0.0,19.5,15.0,192.3,1011.2,57.5,5.6,209.4,18.0,8,30.0,2024-11-02T06:33:26,2024-11-02T18:26:30,0.03,Partially cloudy,Partly cloudy throughout the day.,partly-cloudy-day,"DNMM,65201099999",
Lagos,2024-11-03,91.4,78.4,82.7,104.6,78.4,90.0,77.5,85.1,0.236,100.0,4.17,rain,0.0,0.0,15.4,8.1,254.3,1012.6,63.9,6.3,218.9,19.0,8,30.0,2024-11-03T06:33:35,2024-11-03T18:26:22,0.07,"Rain, Partially cloudy",Partly cloudy throughout the day with late afternoon rain.,rain,"DNMM,remote,65201099999,VRJT5",
Lagos,2024-11-04,90.6,73.8,81.2,100.2,73.8,87.6,76.6,87.1,1.26,100.0,4.17,rain,0.0,0.0,28.9,11.4,243.8,1012.2,41.4,8.3,245.0,21.1,9,30.0,2024-11-04T06:33:45,2024-11-04T18:26:14,0.1,"Rain, Partially cloudy",Partly cloudy throughout the day with early morning rain.,rain,"DNMM,remote,65201099999",
Lagos,2024-11-05,95.0,77.0,83.9,105.6,77.0,90.6,76.3,79.8,0.0,0.0,0.0,,0.0,0.0,12.5,8.1,269.5,1010.6,42.7,5.1,254.2,21.8,9,30.0,2024-11-05T06:33:55,2024-11-05T18:26:07,0.14,Partially cloudy,Partly cloudy throughout the day.,partly-cloudy-day,"DNMM,65201099999",
Lagos,2024-11-06,89.6,77.0,81.8,102.6,77.0,88.0,76.7,85.3,0.016,100.0,12.5,rain,0.0,0.0,13.4,8.1,258.8,1009.4,41.1,7.9,234.2,20.3,8,30.0,2024-11-06T06:34:06,2024-11-06T18:26:01,0.17,"Rain, Partially cloudy",Partly cloudy throughout the day with rain in the morning and afternoon.,rain,"DNMM,remote,65201099999",
Lagos,2024-11-07,89.9,78.4,82.8,99.9,78.4,88.6,76.0,81.4,0.0,0.0,0.0,rain,0.0,0.0,15.2,6.9,272.8,1010.7,42.6,4.7,155.0,13.3,6,30.0,2024-11-07T06:34:18,2024-11-07T18:25:57,0.21,Partially cloudy,Partly cloudy throughout the day.,partly-cloudy-day,"DNMM,remote,65201099999",
Lagos,2024-11-08,93.2,76.6,83.5,105.1,76.6,90.8,76.6,81.0,0.0,0.0,0.0,rain,0.0,0.0,17.9,11.4,210.7,1011.8,44.6,4.3,229.1,19.7,8,30.0,2024-11-08T06:34:31,2024-11-08T18:25:53,0.24,Partially cloudy,Partly cloudy throughout the day.,partly-cloudy-day,"DNMM,65201099999",
Lagos,2024-11-09,91.4,78.4,82.8,105.1,78.4,90.9,77.3,83.7,0.0,0.0,0.0,rain,0.0,0.0,17.0,8.1,212.8,1012.1,57.1,6.1,154.1,13.2,6,30.0,2024-11-09T06:34:44,2024-11-09T18:25:50,0.25,Partially cloudy,Partly cloudy throughout the day.,partly-cloudy-day,"DNMM,remote,65201099999",
Lagos,2024-11-10,91.4,73.2,81.5,102.7,73.2,87.2,75.3,82.8,1.024,100.0,4.17,rain,0.0,0.0,32.2,13.9,135.2,1012.5,53.1,5.1,224.0,19.3,8,30.0,2024-11-10T06:34:58,2024-11-10T18:25:48,0.31,"Rain, Partially cloudy",Partly cloudy throughout the day with morning rain.,rain,"DNMM,65201099999",
Lagos,2024-11-11,91.2,77.0,82.0,102.6,77.0,87.7,76.7,84.6,0.0,0.0,0.0,rain,0.0,0.0,16.1,9.2,180.4,1010.8,51.9,4.9,228.2,19.6,8,30.0,2024-11-11T06:35:13,2024-11-11T18:25:47,0.35,Partially cloudy,Partly cloudy throughout the day.,partly-cloudy-day,"DNMM,65201099999",
Lagos,2024-11-12,91.4,76.6,82.5,107.8,76.6,90.1,77.5,85.5,0.354,100.0,4.17,rain,0.0,0.0,20.8,18.3,230.4,1010.2,51.4,5.2,223.6,19.4,9,60.0,2024-11-12T06:35:29,2024-11-12T18:25:47,0.38,"Rain, Partially cloudy",Partly cloudy throughout the day with late afternoon rain.,rain,"DNMM,65201099999",
Lagos,2024-11-13,91.4,77.0,83.8,107.8,77.0,92.8,77.8,83.2,0.0,0.0,0.0,rain,0.0,0.0,17.4,8.1,210.1,1010.3,48.8,4.6,228.2,19.8,8,60.0,2024-11-13T06:35:45,2024-11-13T18:25:48,0.42,Partially cloudy,Partly cloudy throughout the day.,partly-cloudy-day,"DNMM,65201099999",
Lagos,2024-11-14,93.2,78.8,84.0,107.5,78.8,94.0,78.1,83.3,0.004,100.0,4.17,rain,0.0,0.0,19.5,11.4,216.9,1010.3,57.5,5.6,201.8,17.5,8,75.0,2024-11-14T06:36:02,2024-11-14T18:25:50,0.45,"Rain, Partially cloudy",Partly cloudy throughout the day with morning rain.,rain,"DNMM,remote,65201099999",
Lagos,2024-11-15,91.4,76.8,82.9,105.1,76.8,89.0,75.7,80.0,0.0,0.0,0.0,rain,0.0,0.0,16.8,10.3,179.3,1011.0,50.1,5.4,223.0,19.2,8,75.0,2024-11-15T06:36:20,2024-11-15T18:25:53,0.5,Partially cloudy,Partly cloudy throughout the day.,partly-cloudy-day,"DNMM,65201099999",
Lagos,2024-11-16,93.2,77.0,83.7,105.1,77.0,91.6,76.9,81.2,0.0,0.0,0.0,rain,0.0,0.0,15.4,11.4,190.0,1010.7,48.2,5.3,238.3,20.4,8,60.0,2024-11-16T06:36:38,2024-11-16T18:25:57,0.52,Partially cloudy,Partly cloudy throughout the day.,partly-cloudy-day,"DNMM,65201099999",
Lagos,2024-11-17,86.0,78.4,81.8,101.9,78.4,88.9,77.5,87.1,0.157,100.0,8.33,rain,0.0,0.0,13.9,11.4,246.5,1010.9,50.8,5.8,266.9,23.1,9,30.0,2024-11-17T06:36:57,2024-11-17T18:26:02,0.55,"Rain, Partially cloudy",Partly cloudy throughout the day with rain.,rain,"DNMM,65201099999",
Lagos,2024-11-18,91.3,76.9,82.9,104.9,76.9,90.0,77.2,84.1,0.032,100.0,25.0,rain,0.0,0.0,13.6,8.1,197.6,1011.1,41.5,5.6,232.0,20.1,8,30.0,2024-11-18T06:37:17,2024-11-18T18:26:08,0.58,"Rain, Partially cloudy",Partly cloudy throughout the day with a chance of rain throughout the day.,rain,"DNMM,VRJT5",
Lagos,2024-11-19,94.9,76.9,83.0,102.4,76.9,89.1,76.2,81.9,0.008,100.0,8.33,rain,0.0,0.0,13.4,8.1,248.2,1011.5,46.4,4.6,225.3,19.3,8,30.0,2024-11-19T06:37:38,2024-11-19T18:26:15,0.62,"Rain, Partially cloudy",Partly cloudy throughout the day with morning rain.,rain,"DNMM,remote",
Lagos,2024-11-20,96.7,76.9,84.5,102.9,76.9,91.4,75.6,77.2,0.0,0.0,0.0,,0.0,0.0,17.9,9.2,232.4,1012.3,25.0,4.6,244.6,21.1,9,30.0,2024-11-20T06:37:59,2024-11-20T18:26:23,0.65,Partially cloudy,Partly cloudy throughout the day.,partly-cloudy-day,DNMM,
Lagos,2024-11-21,93.1,76.9,84.2,107.3,76.9,92.5,76.8,79.8,0.0,0.0,0.0,,0.0,0.0,17.9,11.4,219.0,1011.7,37.6,3.9,232.0,19.9,9,60.0,2024-11-21T06:38:21,2024-11-21T18:26:32,0.68,Partially cloudy,Partly cloudy throughout the day.,partly-cloudy-day,"DNMM,65201099999",
Lagos,2024-11-22,91.5,77.4,82.9,105.2,77.4,91.0,77.0,83.2,0.157,100.0,4.17,rain,0.0,0.0,16.1,8.1,259.7,1012.0,54.4,4.8,264.8,22.9,9,30.0,2024-11-22T06:38:43,2024-11-22T18:26:42,0.71,"Rain, Partially cloudy",Partly cloudy throughout the day with late afternoon rain.,rain,"DNMM,65201099999",
Lagos,2024-11-23,93.2,78.4,82.6,105.1,78.4,88.9,77.1,84.5,0.0,0.0,0.0,rain,0.0,0.0,16.1,13.9,226.0,1012.2,53.2,4.0,228.3,19.6,8,30.0,2024-11-23T06:39:06,2024-11-23T18:26:53,0.75,Partially cloudy,Partly cloudy throughout the day.,partly-cloudy-day,"DNMM,65201099999",
Lagos,2024-11-24,95.0,76.6,83.1,107.4,76.6,89.5,76.5,82.0,0.0,0.0,0.0,rain,0.0,0.0,15.0,10.3,210.7,1012.4,51.6,4.7,228.6,19.7,8,60.0,2024-11-24T06:39:30,2024-11-24T18:27:05,0.78,Partially cloudy,Partly cloudy throughout the day.,partly-cloudy-day,"DNMM,remote,65201099999",
Lagos,2024-11-25,95.0,76.8,83.6,105.2,76.8,90.8,76.6,80.8,0.0,0.0,0.0,,0.0,0.0,19.5,10.3,255.4,1012.7,47.6,4.6,238.6,20.4,9,60.0,2024-11-25T06:39:54,2024-11-25T18:27:17,0.81,Partially cloudy,Partly cloudy throughout the day.,partly-cloudy-day,"DNMM,65201099999",
Lagos,2024-11-26,93.2,77.0,83.5,105.6,77.0,90.6,76.7,81.5,0.0,0.0,0.0,,0.0,0.0,19.0,11.4,204.5,1012.7,48.7,6.1,230.4,19.8,9,60.0,2024-11-26T06:40:19,2024-11-26T18:27:31,0.84,Partially cloudy,Partly cloudy throughout the day.,partly-cloudy-day,"DNMM,remote,65201099999",
Lagos,2024-11-27,93.2,77.0,83.5,100.5,77.0,89.2,75.0,77.8,0.0,0.0,0.0,,0.0,0.0,15.2,10.3,258.3,1012.8,44.5,5.5,231.0,19.8,8,60.0,2024-11-27T06:40:44,2024-11-27T18:27:45,0.88,Partially cloudy,Partly cloudy throughout the day.,partly-cloudy-day,"DNMM,remote,65201099999",
Lagos,2024-11-28,93.2,77.0,83.2,97.7,77.0,86.4,72.9,74.3,0.0,0.0,0.0,rain,0.0,0.0,17.2,8.1,15.7,1013.0,43.0,3.3,220.9,19.2,8,30.0,2024-11-28T06:41:10,2024-11-28T18:28:01,0.91,Partially cloudy,Partly cloudy throughout the day.,partly-cloudy-day,"DNMM,65201099999",
Lagos,2024-11-29,93.5,75.2,82.8,95.4,75.2,84.2,69.5,68.2,0.0,0.0,0.0,,0.0,0.0,15.0,12.8,48.0,1013.5,31.7,2.5,258.0,22.2,9,10.0,2024-11-29T06:41:36,2024-11-29T18:28:17,0.94,Partially cloudy,Partly cloudy throughout the day.,partly-cloudy-day,"DNMM,65201099999",
Lagos,2024-11-30,95.0,73.2,83.1,97.3,73.2,83.7,66.0,60.7,0.0,0.0,0.0,,0.0,0.0,16.1,11.4,34.8,1013.1,26.1,2.7,259.3,22.2,9,10.0,2024-11-30T06:42:03,2024-11-30T18:28:34,0.97,Partially cloudy,Partly cloudy throughout the day.,partly-cloudy-day,"DNMM,65201099999",
Lagos,2024-12-01,96.7,73.3,81.9,98.1,73.3,82.5,65.9,62.4,0.0,0.0,0.0,,0.0,0.0,16.6,11.4,12.7,1011.5,29.5,2.8,258.6,22.2,9,10.0,2024-12-01T06:42:30,2024-12-01T18:28:52,0.0,Partially cloudy,Partly cloudy throughout the day.,partly-cloudy-day,"DNMM,65201099999",
Lagos,2024-12-02,95.0,73.0,82.8,103.2,73.0,86.3,70.6,69.1,0.0,0.0,0.0,,0.0,0.0,18.8,10.3,213.7,1010.9,9.6,5.4,256.6,22.1,9,30.0,2024-12-02T06:42:58,2024-12-02T18:29:11,0.04,Clear,Clear conditions throughout the day.,clear-day,"DNMM,remote,65201099999",
Lagos,2024-12-03,95.0,77.0,83.7,107.4,77.0,91.3,76.1,79.0,0.0,0.0,0.0,,0.0,0.0,18.8,10.3,218.0,1010.7,23.3,8.2,233.9,20.3,9,30.0,2024-12-03T06:43:26,2024-12-03T18:29:31,0.08,Partially cloudy,Partly cloudy throughout the day.,partly-cloudy-day,"DNMM,remote,65201099999",
Lagos,2024-12-04,93.2,77.0,84.5,107.5,77.0,93.6,77.3,80.1,0.0,0.0,0.0,,0.0,0.0,19.9,8.1,200.1,1011.4,52.1,3.8,207.4,18.0,7,30.0,2024-12-04T06:43:55,2024-12-04T18:29:51,0.11,Partially cloudy,Partly cloudy throughout the day.,partly-cloudy-day,"DNMM,65201099999",
Lagos,2024-12-05,91.0,77.3,83.3,102.6,77.3,90.8,77.0,82.4,0.0,0.0,0.0,,0.0,0.0,16.3,12.8,233.7,1011.8,50.5,5.4,211.8,18.3,7,30.0,2024-12-05T06:44:23,2024-12-05T18:30:13,0.15,Partially cloudy,Partly cloudy throughout the day.,partly-cloudy-day,"DNMM,remote,65201099999",
Lagos,2024-12-06,91.0,76.6,82.7,102.1,76.6,89.2,76.4,82.5,0.024,100.0,8.33,rain,0.0,0.0,15.9,11.4,206.3,1011.3,38.5,4.8,217.2,18.8,7,30.0,2024-12-06T06:44:52,2024-12-06T18:30:34,0.18,"Rain, Partially cloudy",Partly cloudy throughout the day with afternoon rain.,rain,"DNMM,remote,65201099999",
Lagos,2024-12-07,95.0,75.2,84.2,107.1,75.2,89.4,73.6,73.2,0.0,0.0,0.0,,0.0,0.0,17.0,11.4,118.8,1011.1,32.2,5.4,239.7,20.7,8,60.0,2024-12-07T06:45:22,2024-12-07T18:30:57,0.22,Partially cloudy,Partly cloudy throughout the day.,partly-cloudy-day,"DNMM,remote,65201099999",
Lagos,2024-12-08,95.0,75.0,84.1,97.3,75.0,86.0,69.0,64.4,0.0,0.0,0.0,,0.0,0.0,15.9,11.4,55.1,1011.3,25.1,2.6,243.5,21.0,9,30.0,2024-12-08T06:45:51,2024-12-08T18:31:20,0.25,Partially cloudy,Partly cloudy throughout the day.,partly-cloudy-day,"DNMM,65201099999",
Lagos,2024-12-09,91.7,73.4,82.5,94.3,73.4,84.1,68.9,66.5,0.0,0.0,0.0,,0.0,0.0,17.2,9.2,26.2,1011.6,34.5,2.6,247.9,21.3,9,30.0,2024-12-09T06:46:21,2024-12-09T18:31:44,0.29,Partially cloudy,Partly cloudy throughout the day.,partly-cloudy-day,"DNMM,65201099999",
Lagos,2024-12-10,95.0,69.8,81.9,97.5,69.8,84.1,68.4,67.1,0.0,0.0,0.0,,0.0,0.0,19.2,11.4,183.9,1011.1,26.3,3.3,251.4,21.8,9,10.0,2024-12-10T06:46:51,2024-12-10T18:32:09,0.33,Partially cloudy,Partly cloudy throughout the day.,partly-cloudy-day,"DNMM,65201099999",
Lagos,2024-12-11,93.2,76.6,83.1,107.5,76.6,89.8,75.8,79.9,0.0,0.0,0.0,,0.0,0.0,21.0,10.3,198.7,1011.1,38.3,3.6,209.7,18.2,7,60.0,2024-12-11T06:47:21,2024-12-11T18:32:34,0.36,Partially cloudy,Partly cloudy throughout the day.,partly-cloudy-day,"DNMM,65201099999",
Lagos,2024-12-12,93.5,78.8,84.7,107.9,78.8,93.9,77.2,79.4,0.0,0.0,0.0,rain,0.0,0.0,18.6,10.3,188.8,1010.6,46.4,5.2,215.9,18.6,8,60.0,2024-12-12T06:47:52,2024-12-12T18:33:00,0.4,Partially cloudy,Partly cloudy throughout the day.,partly-cloudy-day,"DNMM,remote,65201099999",
Lagos,2024-12-13,91.4,78.4,83.3,105.1,78.4,91.3,77.3,83.0,0.039,100.0,4.17,rain,0.0,0.0,17.2,13.9,208.0,1010.9,46.7,5.1,199.5,17.1,8,60.0,2024-12-13T06:48:22,2024-12-13T18:33:27,0.43,"Rain, Partially cloudy",Partly cloudy throughout the day with late afternoon rain.,rain,"DNMM,remote,65201099999",
Lagos,2024-12-14,93.2,77.0,83.6,107.5,77.0,90.5,76.6,81.2,0.0,0.0,0.0,rain,0.0,0.0,17.7,10.3,205.7,1010.8,41.2,3.5,247.1,21.2,9,60.0,2024-12-14T06:48:52,2024-12-14T18:33:53,0.47,Partially cloudy,Partly cloudy throughout the day.,partly-cloudy-day,"DNMM,65201099999",
Lagos,2024-12-15,95.0,75.2,83.3,107.4,75.2,90.3,76.5,81.6,0.0,0.0,0.0,,0.0,0.0,15.4,11.4,237.2,1011.3,44.2,3.9,220.5,19.1,8,60.0,2024-12-15T06:49:23,2024-12-15T18:34:21,0.5,Partially cloudy,Partly cloudy throughout the day.,partly-cloudy-day,"DNMM,65201099999",
Lagos,2024-12-16,95.6,76.8,84.3,105.1,76.8,91.1,75.8,77.9,0.0,0.0,0.0,,0.0,0.0,17.2,10.3,239.0,1012.2,38.9,4.0,245.3,21.4,8,60.0,2024-12-16T06:49:53,2024-12-16T18:34:49,0.53,Partially cloudy,Partly cloudy throughout the day.,partly-cloudy-day,"DNMM,remote,65201099999",
Lagos,2024-12-17,95.0,77.0,83.8,103.3,77.0,88.9,74.3,75.5,0.0,0.0,0.0,,0.0,0.0,18.3,12.8,229.9,1012.2,33.5,2.5,244.1,21.2,9,30.0,2024-12-17T06:50:24,2024-12-17T18:35:17,0.57,Partially cloudy,Partly cloudy throughout the day.,partly-cloudy-day,"DNMM,65201099999",
Lagos,2024-12-18,95.0,75.0,83.5,99.4,75.0,86.3,71.8,71.2,0.0,0.0,0.0,,0.0,0.0,19.5,9.2,195.4,1012.4,22.2,1.9,247.8,21.5,9,30.0,2024-12-18T06:50:54,2024-12-18T18:35:46,0.6,Partially cloudy,Partly cloudy throughout the day.,partly-cloudy-day,"DNMM,remote,65201099999",
Lagos,2024-12-19,93.5,73.4,82.4,95.7,73.4,83.0,66.4,62.5,0.0,0.0,0.0,,0.0,0.0,16.8,11.4,36.3,1013.2,29.2,1.8,254.6,22.0,9,10.0,2024-12-19T06:51:24,2024-12-19T18:36:15,0.63,Partially cloudy,Partly cloudy throughout the day.,partly-cloudy-day,"DNMM,65201099999",
Lagos,2024-12-20,93.2,68.3,79.8,92.6,68.3,79.5,59.1,52.4,0.0,0.0,0.0,,0.0,0.0,17.7,13.9,7.5,1013.0,21.7,3.4,257.7,22.2,9,10.0,2024-12-20T06:51:54,2024-12-20T18:36:44,0.66,Partially cloudy,Partly cloudy throughout the day.,partly-cloudy-day,"DNMM,remote,65201099999",
Lagos,2024-12-21,95.0,69.8,81.2,93.2,69.8,80.5,58.8,51.0,0.0,0.0,0.0,,0.0,0.0,19.7,18.3,27.1,1012.0,26.2,5.2,251.8,21.6,9,10.0,2024-12-21T06:52:24,2024-12-21T18:37:14,0.7,Partially cloudy,Partly cloudy throughout the day.,partly-cloudy-day,"DNMM,remote,65201099999,VRJT5",
Lagos,2024-12-22,95.0,69.8,80.9,93.7,69.8,80.7,61.7,56.3,0.0,0.0,0.0,,0.0,0.0,16.1,13.9,29.7,1012.1,24.3,1.3,255.2,22.0,9,10.0,2024-12-22T06:52:54,2024-12-22T18:37:44,0.75,Partially cloudy,Partly cloudy throughout the day.,partly-cloudy-day,"DNMM,65201099999,VRJT5",
Lagos,2024-12-23,96.8,71.9,81.7,97.3,71.9,83.1,67.2,64.3,0.0,0.0,0.0,,0.0,0.0,18.3,9.2,51.7,1011.6,25.3,1.8,252.7,21.7,9,10.0,2024-12-23T06:53:23,2024-12-23T18:38:14,0.76,Partially cloudy,Partly cloudy throughout the day.,partly-cloudy-day,"DNMM,remote,65201099999,VRJT5",
Lagos,2024-12-24,95.0,73.8,82.7,105.2,73.8,86.0,72.2,73.0,0.0,0.0,0.0,,0.0,0.0,17.2,10.3,199.1,1011.4,31.0,2.0,240.9,20.9,9,10.0,2024-12-24T06:53:53,2024-12-24T18:38:45,0.79,Partially cloudy,Partly cloudy throughout the day.,partly-cloudy-day,"DNMM,remote,65201099999,VRJT5",
Lagos,2024-12-25,96.4,75.5,83.4,104.8,75.5,87.6,73.5,74.5,0.0,0.0,0.0,,0.0,0.0,19.0,9.2,259.8,1011.1,23.4,3.1,236.2,20.3,8,10.0,2024-12-25T06:54:21,2024-12-25T18:39:15,0.82,Partially cloudy,Partly cloudy throughout the day.,partly-cloudy-day,"DNMM,remote,65201099999,VRJT5",
Lagos,2024-12-26,93.5,62.5,80.8,100.1,62.5,85.0,74.0,81.1,0.0,0.0,0.0,,0.0,0.0,21.5,18.3,217.9,1011.7,39.2,9.2,240.0,20.7,8,60.0,2024-12-26T06:54:50,2024-12-26T18:39:46,0.86,Partially cloudy,Partly cloudy throughout the day.,partly-cloudy-day,"DNMM,remote,65201099999,VRJT5",
Lagos,2024-12-27,96.8,62.5,83.8,105.2,62.5,90.0,75.2,77.7,0.0,0.0,0.0,,0.0,0.0,19.5,17.2,224.3,1011.3,49.7,5.9,225.3,19.4,8,60.0,2024-12-27T06:55:18,2024-12-27T18:40:17,0.89,Partially cloudy,Partly cloudy throughout the day.,partly-cloudy-day,"DNMM,remote,65201099999,VRJT5",
Lagos,2024-12-28,94.1,75.2,83.3,105.2,75.2,89.0,75.3,78.8,0.0,0.0,0.0,rain,0.0,0.0,17.4,8.1,208.4,1011.8,40.0,2.5,221.5,19.3,8,60.0,2024-12-28T06:55:46,2024-12-28T18:40:48,0.92,Partially cloudy,Partly cloudy throughout the day.,partly-cloudy-day,"DNMM,65201099999,VRJT5",
Lagos,2024-12-29,95.0,76.6,84.0,105.2,76.6,89.5,75.3,77.6,0.0,0.0,0.0,,0.0,0.0,18.6,9.6,197.0,1011.7,34.2,3.9,238.4,20.6,8,60.0,2024-12-29T06:56:13,2024-12-29T18:41:18,0.95,Partially cloudy,Partly cloudy throughout the day.,partly-cloudy-day,"DNMM,remote,65201099999,VRJT5",
Lagos,2024-12-30,95.4,77.0,84.3,103.2,77.0,90.6,75.8,78.6,0.0,0.0,0.0,,0.0,0.0,19.2,15.0,134.7,1011.6,35.9,3.8,234.7,20.5,8,60.0,2024-12-30T06:56:40,2024-12-30T18:41:49,0.0,Partially cloudy,Partly cloudy throughout the day.,partly-cloudy-day,"DNMM,remote,65201099999,VRJT5",
Lagos,2024-12-31,93.1,76.8,83.4,107.4,76.8,90.3,76.6,81.5,0.0,0.0,0.0,,0.0,0.0,19.2,12.8,198.7,1011.2,34.8,3.0,234.7,20.3,9,30.0,2024-12-31T06:57:06,2024-12-31T18:42:20,0.02,Partially cloudy,Partly cloudy throughout the day.,partly-cloudy-day,"DNMM,65201099999,VRJT5",
New York,2024-10-16,58.1,44.1,51.1,58.1,38.4,48.9,32.4,49.6,0.0,0.0,0.0,,0.0,0.0,31.1,14.3,306.0,1016.7,21.7,9.9,143.0,12.5,7,10.0,2024-10-16T07:08:53,2024-10-16T18:13:28,0.47,Partially cloudy,Partly cloudy throughout the day.,partly-cloudy-day,"72505394728,KEWR,KLGA,72502014734,F1417,KNYC,72503014732",
New York,2024-10-17,58.6,43.5,51.5,58.6,41.0,50.2,31.6,47.8,0.0,0.0,0.0,,0.0,0.0,22.2,13.4,8.5,1023.3,15.1,9.9,164.5,14.2,7,10.0,2024-10-17T07:09:58,2024-10-17T18:11:58,0.5,Clear,Clear conditions throughout the day.,clear-day,"72505394728,KEWR,KLGA,72502014734,F1417,KNYC,72503014732",
New York,2024-10-18,66.8,48.6,57.3,66.8,46.2,57.1,32.0,40.1,0.0,0.0,0.0,,0.0,0.0,20.8,10.4,357.8,1029.2,4.1,9.9,169.3,14.7,7,10.0,2024-10-18T07:11:04,2024-10-18T18:10:30,0.54,Clear,Clear conditions throughout the day.,clear-day,"72505394728,KEWR,KLGA,72502014734,F1417,KNYC,72503014732",
New York,2024-10-19,70.6,50.9,59.5,70.6,50.9,59.5,38.0,46.7,0.0,0.0,0.0,,0.0,0.0,12.1,5.7,24.3,1032.1,7.4,9.9,167.4,14.5,7,10.0,2024-10-19T07:12:11,2024-10-19T18:09:02,0.57,Clear,Clear conditions throughout the day.,clear-day,"72505394728,KEWR,KLGA,72502014734,F1417,KNYC,72503014732",
New York,2024-10-20,73.6,51.5,62.0,73.6,51.5,62.0,39.0,45.5,0.0,0.0,0.0,,0.0,0.0,11.2,4.9,253.6,1026.1,8.8,9.9,168.6,14.7,7,10.0,2024-10-20T07:13:17,2024-10-20T18:07:35,0.61,Clear,Clear conditions throughout the day.,clear-day,"72505394728,KEWR,KLGA,72502014734,F1417,KNYC,72503014732",
New York,2024-10-21,79.7,55.9,67.4,79.7,55.9,67.4,39.0,36.3,0.0,0.0,0.0,,0.0,0.0,19.7,7.1,271.1,1022.0,2.7,9.9,155.9,13.4,6,10.0,2024-10-21T07:14:24,2024-10-21T18:06:09,0.64,Clear,Clear conditions throughout the day.,clear-day,"72505394728,KEWR,KLGA,72502014734,F1417,KNYC,72503014732",
New York,2024-10-22,79.8,62.7,70.3,79.8,62.7,70.3,48.5,47.2,0.0,0.0,0.0,,0.0,0.0,17.2,8.0,83.3,1023.2,2.9,9.9,154.6,13.4,6,10.0,2024-10-22T07:15:32,2024-10-22T18:04:44,0.67,Clear,Clear conditions throughout the day.,clear-day,"72505394728,KEWR,KLGA,72502014734,F1417,KNYC,72503014732",
New York,2024-10-23,74.8,59.2,66.9,74.8,59.2,66.9,52.1,59.5,0.0,0.0,0.0,,0.0,0.0,25.3,13.5,175.0,1017.4,9.2,9.9,156.7,13.6,6,10.0,2024-10-23T07:16:39,2024-10-23T18:03:20,0.71,Clear,Clear conditions throughout the day.,clear-day,"72505394728,KEWR,KLGA,72502014734,F1417,KNYC,72503014732",
New York,2024-10-24,68.7,56.4,64.0,68.7,56.4,64.0,43.9,49.4,0.0,0.0,0.0,,0.0,0.0,31.1,16.6,341.6,1013.4,31.2,9.9,157.0,13.4,6,10.0,2024-10-24T07:17:47,2024-10-24T18:01:57,0.75,Partially cloudy,Clearing in the afternoon.,partly-cloudy-day,"72505394728,KEWR,KLGA,72502014734,F1417,KNYC,72503014732",
New York,2024-10-25,63.4,47.6,55.3,63.4,45.4,54.9,35.1,47.9,0.0,0.0,0.0,,0.0,0.0,20.8,9.9,328.3,1019.1,12.9,9.9,162.0,14.0,6,10.0,2024-10-25T07:18:55,2024-10-25T18:00:36,0.77,Clear,Clear conditions throughout the day.,clear-day,"72505394728,KEWR,KLGA,72502014734,F1417,KNYC,72503014732",
New York,2024-10-26,63.7,54.4,58.8,63.7,54.4,58.8,32.8,38.4,0.0,0.0,0.0,,0.0,0.0,31.8,18.8,307.0,1019.5,29.9,9.9,160.0,13.8,7,10.0,2024-10-26T07:20:04,2024-10-26T17:59:16,0.81,Partially cloudy,Clearing in the afternoon.,partly-cloudy-day,"72505394728,KEWR,KLGA,72502014734,F1417,KNYC,72503014732",
New York,2024-10-27,57.6,45.5,51.5,57.6,40.6,50.5,27.4,41.5,0.0,0.0,0.0,,0.0,0.0,24.2,11.8,302.3,1028.0,18.8,9.9,165.8,14.4,6,10.0,2024-10-27T07:21:13,2024-10-27T17:57:56,0.84,Clear,Clear conditions throughout the day.,clear-day,"72505394728,KEWR,KLGA,72502014734,F1417,KNYC,72503014732",
New York,2024-10-28,60.3,47.1,53.2,60.3,45.6,53.0,31.3,44.0,0.0,0.0,0.0,,0.0,0.0,16.1,8.2,87.7,1029.8,39.7,9.9,134.2,11.6,6,10.0,2024-10-28T07:22:22,2024-10-28T17:56:39,0.87,Partially cloudy,Clearing in the afternoon.,partly-cloudy-day,"72505394728,KEWR,KLGA,72502014734,F1417,KNYC,72503014732",
New York,2024-10-29,62.9,52.0,58.0,62.9,52.0,58.0,48.9,71.7,0.007,100.0,4.17,rain,0.0,0.0,27.8,12.5,117.9,1030.5,83.4,9.9,101.4,8.8,9,10.0,2024-10-29T07:23:31,2024-10-29T17:55:22,0.9,"Rain, Partially cloudy",Partly cloudy throughout the day with afternoon rain.,rain,"72505394728,KEWR,KLGA,72502014734,F1417,KNYC,72503014732",
New York,2024-10-30,76.3,57.8,66.0,76.3,57.8,66.0,53.1,65.1,0.0,0.0,0.0,,0.0,0.0,13.4,9.4,230.7,1025.7,34.8,9.7,135.7,11.7,6,10.0,2024-10-30T07:24:41,2024-10-30T17:54:07,0.94,Partially cloudy,Partly cloudy throughout the day.,partly-cloudy-day,"72505394728,KEWR,KLGA,72502014734,F1417,KNYC,72503014732",
New York,2024-10-31,81.3,60.9,70.9,80.8,60.9,70.8,54.0,56.4,0.0,0.0,0.0,,0.0,0.0,25.3,11.8,233.4,1019.1,29.4,9.8,134.5,11.7,6,10.0,2024-10-31T07:25:51,2024-10-31T17:52:53,0.97,Partially cloudy,Partly cloudy throughout the day.,partly-cloudy-day,"72505394728,KEWR,KLGA,72502014734,F1417,KNYC,72503014732",
New York,2024-11-01,79.2,60.7,71.5,79.2,60.7,71.5,48.0,46.3,0.0,0.0,0.0,,0.0,0.0,31.0,15.2,254.6,1014.4,27.9,9.9,105.7,9.0,6,10.0,2024-11-01T07:27:01,2024-11-01T17:51:40,0.0,Partially cloudy,Clearing in the afternoon.,partly-cloudy-day,"72505394728,KEWR,KLGA,72502014734,F1417,KNYC,72503014732",
New York,2024-11-02,59.9,49.5,55.5,59.9,46.0,55.4,33.5,43.6,0.0,0.0,0.0,,0.0,0.0,25.8,14.3,325.3,1025.1,12.9,9.9,145.9,12.7,6,10.0,2024-11-02T07:28:11,2024-11-02T17:50:29,0.04,Clear,Clear conditions throughout the day.,clear-day,"72505394728,KEWR,KLGA,72502014734,F1417,KNYC,72503014732",
New York,2024-11-03,54.2,40.8,47.6,54.2,36.1,45.1,24.0,41.7,0.0,0.0,0.0,,0.0,0.0,19.0,11.5,23.3,1031.1,10.8,9.9,139.8,12.7,6,10.0,2024-11-03T06:29:22,2024-11-03T16:49:20,0.07,Clear,Clear conditions throughout the day.,clear-day,"72505394728,KEWR,KLGA,72502014734,F1417,KNYC,72503014732",
New York,2024-11-04,56.7,45.0,51.8,56.7,42.1,50.9,37.9,59.6,0.0,0.0,0.0,,0.0,0.0,21.9,9.5,91.3,1031.1,48.0,9.9,96.3,8.4,5,10.0,2024-11-04T06:30:33,2024-11-04T16:48:12,0.11,Partially cloudy,Partly cloudy throughout the day.,partly-cloudy-day,"72505394728,KEWR,KLGA,72502014734,F1417,KNYC,72503014732",
New York,2024-11-05,73.1,55.0,63.2,73.1,55.0,63.2,52.7,69.7,0.0,0.0,0.0,,0.0,0.0,25.3,15.0,223.0,1022.5,34.2,9.4,122.3,10.6,5,10.0,2024-11-05T06:31:43,2024-11-05T16:47:05,0.15,Partially cloudy,Clearing in the afternoon.,partly-cloudy-day,"72505394728,KEWR,KLGA,72502014734,F1417,KNYC,72503014732",
New York,2024-11-06,80.4,65.2,72.1,80.5,65.2,72.1,56.0,58.0,0.0,0.0,0.0,,0.0,0.0,29.8,15.2,224.4,1016.4,48.0,9.9,129.3,11.1,5,10.0,2024-11-06T06:32:54,2024-11-06T16:46:00,0.18,Partially cloudy,Partly cloudy throughout the day.,partly-cloudy-day,"72505394728,KEWR,KLGA,72502014734,F1417,KNYC,72503014732",
New York,2024-11-07,73.0,56.1,67.6,73.0,56.1,67.6,48.3,51.5,0.0,0.0,0.0,,0.0,0.0,31.1,12.0,303.0,1017.3,24.4,9.9,127.8,11.1,5,10.0,2024-11-07T06:34:06,2024-11-07T16:44:57,0.21,Partially cloudy,Partly cloudy throughout the day.,partly-cloudy-day,"72505394728,KEWR,KLGA,72502014734,F1417,KNYC,72503014732",
New York,2024-11-08,68.9,50.8,59.0,68.9,50.8,59.0,34.4,42.0,0.0,0.0,0.0,,0.0,0.0,42.7,23.7,290.1,1014.7,7.4,9.9,130.3,11.4,6,10.0,2024-11-08T06:35:17,2024-11-08T16:43:55,0.25,Clear,Clear conditions throughout the day.,clear-day,"72505394728,KEWR,KLGA,72502014734,F1417,KNYC,72503014732",
New York,2024-11-09,55.3,43.7,49.9,55.3,39.1,48.2,20.1,31.4,0.0,0.0,0.0,,0.0,0.0,34.1,20.7,325.6,1025.5,25.2,9.0,127.3,11.2,5,10.0,2024-11-09T06:36:28,2024-11-09T16:42:55,0.25,Partially cloudy,Partly cloudy throughout the day.,partly-cloudy-day,"72505394728,KEWR,KLGA,72502014734,F1417,KNYC,72503014732",
New York,2024-11-10,57.8,45.1,52.5,57.8,43.5,52.3,32.0,46.6,0.043,100.0,8.33,rain,0.0,0.0,21.9,10.8,199.3,1023.1,48.7,9.7,75.0,6.6,4,10.0,2024-11-10T06:37:39,2024-11-10T16:41:57,0.32,"Rain, Partially cloudy",Becoming cloudy in the afternoon with late afternoon rain.,rain,"72505394728,KEWR,KLGA,72502014734,F1417,KNYC,72503014732",
New York,2024-11-11,67.9,55.0,61.3,67.9,55.0,61.3,47.9,64.2,0.138,100.0,25.0,rain,0.0,0.0,31.6,16.3,250.8,1007.1,51.8,9.3,133.3,11.7,6,10.0,2024-11-11T06:38:50,2024-11-11T16:41:01,0.35,"Rain, Partially cloudy",Clearing in the afternoon with early morning rain.,rain,"72505394728,KEWR,KLGA,72502014734,F1417,KNYC,72503014732",
New York,2024-11-12,58.6,42.5,50.6,58.6,36.2,48.8,29.3,44.2,0.0,0.0,0.0,,0.0,0.0,40.0,24.5,316.2,1016.7,11.5,9.9,132.0,11.6,6,10.0,2024-11-12T06:40:01,2024-11-12T16:40:06,0.39,Clear,Clear conditions throughout the day.,clear-day,"72505394728,KEWR,KLGA,72502014734,F1417,KNYC,72503014732",
New York,2024-11-13,49.5,36.9,42.9,48.4,28.9,37.7,18.8,38.6,0.0,0.0,0.0,,0.0,0.0,26.5,14.3,21.2,1030.9,6.0,9.9,132.5,11.4,6,10.0,2024-11-13T06:41:12,2024-11-13T16:39:13,0.42,Clear,Clear conditions throughout the day.,clear-day,"72505394728,KEWR,KLGA,72502014734,F1417,KNYC,72503014732",
New York,2024-11-14,46.3,37.3,42.7,46.0,32.4,39.0,24.3,47.9,0.0,0.0,0.0,,0.0,0.0,23.0,10.9,34.0,1024.8,28.2,9.9,76.6,6.5,4,10.0,2024-11-14T06:42:23,2024-11-14T16:38:22,0.46,Partially cloudy,Partly cloudy throughout the day.,partly-cloudy-day,"72505394728,KEWR,KLGA,72502014734,F1417,KNYC,72503014732",
New York,2024-11-15,58.6,41.7,49.5,58.6,38.4,48.3,24.1,37.0,0.0,0.0,0.0,,0.0,0.0,29.9,14.1,319.2,1012.0,26.0,9.8,111.2,9.6,6,10.0,2024-11-15T06:43:34,2024-11-15T16:37:33,0.5,Partially cloudy,Partly cloudy throughout the day.,partly-cloudy-day,"72505394728,KEWR,KLGA,72502014734,F1417,KNYC,72503014732",
New York,2024-11-16,62.6,46.3,53.3,62.6,40.6,51.5,26.1,35.6,0.0,0.0,0.0,,0.0,0.0,33.3,19.8,309.7,1011.4,3.3,9.9,125.5,10.8,5,10.0,2024-11-16T06:44:44,2024-11-16T16:36:46,0.53,Clear,Clear conditions throughout the day.,clear-day,"72505394728,KEWR,KLGA,72502014734,F1417,KNYC,72503014732",
New York,2024-11-17,62.9,45.4,53.9,62.9,42.6,52.8,26.5,35.9,0.0,0.0,0.0,,0.0,0.0,21.8,10.8,293.3,1016.0,20.2,9.6,100.2,8.7,5,10.0,2024-11-17T06:45:54,2024-11-17T16:36:01,0.56,Partially cloudy,Partly cloudy throughout the day.,partly-cloudy-day,"72505394728,KEWR,KLGA,72502014734,F1417,KNYC,72503014732",
New York,2024-11-18,66.4,50.2,57.3,66.4,50.2,57.3,33.7,41.7,0.0,0.0,0.0,,0.0,0.0,32.2,17.4,298.4,1011.4,21.5,9.9,116.7,10.1,5,10.0,2024-11-18T06:47:04,2024-11-18T16:35:17,0.59,Partially cloudy,Partly cloudy throughout the day.,partly-cloudy-day,"72505394728,KEWR,KLGA,72502014734,F1417,KNYC,72503014732",
New York,2024-11-19,59.9,47.2,53.6,59.9,44.6,53.3,33.0,46.4,0.0,0.0,0.0,,0.0,0.0,19.7,9.8,325.9,1012.6,30.1,9.9,98.9,8.5,5,10.0,2024-11-19T06:48:14,2024-11-19T16:34:36,0.62,Partially cloudy,Partly cloudy throughout the day.,partly-cloudy-day,"72505394728,KEWR,KLGA,72502014734,F1417,KNYC,72503014732",
New York,2024-11-20,58.5,53.6,55.9,58.5,53.6,55.9,39.6,54.7,0.0,0.0,0.0,,0.0,0.0,26.4,10.7,77.9,1007.9,97.4,9.9,43.5,3.6,3,10.0,2024-11-20T06:49:23,2024-11-20T16:33:57,0.66,Overcast,Cloudy skies throughout the day.,cloudy,"72505394728,KEWR,KLGA,72502014734,F1417,KNYC,72503014732",
New York,2024-11-21,54.3,38.5,47.1,54.3,30.9,43.3,43.0,85.7,1.318,100.0,95.83,rain,0.0,0.0,33.3,16.0,5.6,999.6,100.0,5.3,22.9,1.9,1,10.0,2024-11-21T06:50:32,2024-11-21T16:33:20,0.69,"Rain, Overcast",Cloudy skies throughout the day with a chance of rain throughout the day.,rain,"72505394728,KEWR,KLGA,72502014734,F1417,KNYC,72503014732",
New York,2024-11-22,40.1,37.3,38.9,38.2,29.8,33.1,33.6,81.2,0.575,100.0,75.0,rain,0.1,0.0,35.3,16.6,232.6,993.7,100.0,8.7,27.8,2.3,2,10.0,2024-11-22T06:51:40,2024-11-22T16:32:45,0.75,"Rain, Overcast",Cloudy skies throughout the day with a chance of rain or snow throughout the day.,snow,"72505394728,KEWR,KLGA,72502014734,F1417,KNYC,72503014732",
New York,2024-11-23,49.6,37.9,44.3,43.8,33.7,38.9,33.7,67.4,0.03,100.0,16.67,rain,0.0,0.0,43.4,25.9,295.0,1000.4,61.9,9.6,97.9,8.4,4,10.0,2024-11-23T06:52:47,2024-11-23T16:32:12,0.75,"Rain, Partially cloudy",Partly cloudy throughout the day with early morning rain.,rain,"72505394728,KEWR,KLGA,72502014734,F1417,KNYC,72503014732",
New York,2024-11-24,53.4,45.3,49.0,53.4,38.7,45.6,31.2,50.5,0.0,0.0,0.0,,0.0,0.0,35.6,21.7,280.9,1011.4,53.6,9.9,84.8,7.3,5,10.0,2024-11-24T06:53:55,2024-11-24T16:31:41,0.79,Partially cloudy,Partly cloudy throughout the day.,partly-cloudy-day,"72505394728,KEWR,KLGA,72502014734,F1417,KNYC,72503014732",
New York,2024-11-25,54.2,41.9,48.3,54.2,36.5,46.6,28.7,47.7,0.0,0.0,0.0,,0.0,0.0,25.3,10.5,281.4,1016.9,37.1,9.9,114.5,9.8,5,10.0,2024-11-25T06:55:01,2024-11-25T16:31:13,0.82,Partially cloudy,Partly cloudy throughout the day.,partly-cloudy-day,"72505394728,KEWR,KLGA,72502014734,F1417,KNYC,72503014732",
New York,2024-11-26,58.3,48.0,54.1,58.3,44.5,53.8,41.2,63.3,0.2,100.0,16.67,rain,0.0,0.0,24.2,13.0,275.5,1011.5,74.1,9.1,37.2,3.3,2,10.0,2024-11-26T06:56:07,2024-11-26T16:30:46,0.85,"Rain, Partially cloudy",Partly cloudy throughout the day with morning rain.,rain,"72505394728,KEWR,KLGA,72502014734,F1417,KNYC,72503014732",
New York,2024-11-27,51.7,42.7,47.3,51.7,37.4,45.0,27.7,46.8,0.0,0.0,0.0,,0.0,0.0,21.9,10.7,249.7,1016.1,35.5,9.9,112.8,9.6,5,10.0,2024-11-27T06:57:12,2024-11-27T16:30:22,0.88,Partially cloudy,Becoming cloudy in the afternoon.,partly-cloudy-day,"72505394728,KEWR,KLGA,72502014734,F1417,KNYC,72503014732",
New York,2024-11-28,49.3,42.7,45.9,49.3,35.4,42.2,37.2,73.0,0.656,100.0,41.67,rain,0.0,0.0,31.6,18.2,315.3,1005.1,81.9,7.2,10.8,0.9,1,10.0,2024-11-28T06:58:16,2024-11-28T16:30:00,0.92,"Rain, Partially cloudy",Partly cloudy throughout the day with a chance of rain throughout the day.,rain,"72505394728,KEWR,KLGA,72502014734,F1417,KNYC,72503014732",
New York,2024-11-29,46.8,35.3,41.5,42.8,27.6,36.2,26.8,55.9,0.002,100.0,4.17,rain,0.0,0.0,29.8,14.1,256.2,1011.7,52.5,9.9,55.6,4.8,5,10.0,2024-11-29T06:59:19,2024-11-29T16:29:40,0.95,"Rain, Partially cloudy",Partly cloudy throughout the day with afternoon rain.,rain,"72505394728,KEWR,KLGA,72502014734,F1417,KNYC,72503014732",
New York,2024-11-30,39.5,30.5,34.3,33.7,20.8,26.6,15.4,46.3,0.0,0.0,0.0,,0.0,0.0,25.9,15.6,273.6,1015.5,13.5,9.9,112.6,9.7,5,10.0,2024-11-30T07:00:21,2024-11-30T16:29:23,0.98,Clear,Clear conditions throughout the day.,clear-day,"72505394728,KEWR,KLGA,72502014734,F1417,KNYC,72503014732",
New York,2024-12-01,37.8,27.0,32.1,29.5,16.2,24.1,10.8,41.3,0.0,0.0,0.0,,0.0,0.0,30.0,16.1,259.2,1018.5,23.0,9.9,72.8,6.2,5,10.0,2024-12-01T07:01:23,2024-12-01T16:29:07,0.0,Partially cloudy,Partly cloudy throughout the day.,partly-cloudy-day,"72505394728,KEWR,KLGA,72502014734,F1417,KNYC,72503014732",
New York,2024-12-02,38.7,29.9,34.0,33.4,21.5,27.6,15.8,47.2,0.0,0.0,0.0,,0.0,0.0,23.0,12.8,297.6,1020.4,26.7,9.9,104.2,9.0,5,10.0,2024-12-02T07:02:23,2024-12-02T16:28:54,0.05,Partially cloudy,Becoming cloudy in the afternoon.,partly-cloudy-day,"72505394728,KEWR,KLGA,72502014734,F1417,KNYC,72503014732",
New York,2024-12-03,41.5,32.6,36.4,39.1,25.1,30.1,19.4,50.9,0.0,0.0,0.0,,0.0,0.0,31.2,14.0,291.2,1023.5,72.4,9.9,87.5,7.6,5,10.0,2024-12-03T07:03:22,2024-12-03T16:28:44,0.09,Partially cloudy,Partly cloudy throughout the day.,partly-cloudy-day,"72505394728,KEWR,KLGA,72502014734,F1417,KNYC,72503014732",
New York,2024-12-04,41.4,30.4,36.1,35.7,24.0,31.2,18.4,49.0,0.0,0.0,0.0,,0.0,0.0,39.6,16.4,216.1,1019.6,51.9,9.9,64.5,5.6,4,10.0,2024-12-04T07:04:20,2024-12-04T16:28:35,0.12,Partially cloudy,Becoming cloudy in the afternoon.,partly-cloudy-day,"72505394728,KEWR,KLGA,72502014734,F1417,KNYC,72503014732",
New York,2024-12-05,39.5,32.3,36.8,35.8,21.7,28.6,24.3,62.1,0.105,100.0,16.67,"rain,snow",0.4,0.0,45.9,27.4,259.1,1004.0,72.6,9.4,63.0,5.4,4,10.0,2024-12-05T07:05:17,2024-12-05T16:28:29,0.16,"Snow, Rain, Partially cloudy",Partly cloudy throughout the day with rain or snow clearing later.,snow,"72505394728,KEWR,KLGA,72502014734,F1417,KNYC,72503014732",
New York,2024-12-06,34.8,30.3,32.5,26.6,19.8,23.6,10.4,39.8,0.0,0.0,0.0,,0.0,0.0,32.7,17.7,293.4,1017.6,47.5,9.9,113.9,9.8,5,10.0,2024-12-06T07:06:13,2024-12-06T16:28:26,0.19,Partially cloudy,Clearing in the afternoon.,partly-cloudy-day,"72505394728,KEWR,KLGA,72502014734,F1417,KNYC,72503014732",
New York,2024-12-07,40.6,31.5,35.8,34.3,21.7,28.2,15.7,43.8,0.0,0.0,0.0,,0.0,0.0,29.8,15.4,255.8,1019.1,74.6,9.9,94.9,8.3,5,10.0,2024-12-07T07:07:07,2024-12-07T16:28:24,0.23,Partially cloudy,Partly cloudy throughout the day.,partly-cloudy-day,"72505394728,KEWR,KLGA,72502014734,F1417,KNYC,72503014732",
New York,2024-12-08,54.7,38.2,46.3,54.7,31.6,43.3,22.5,39.0,0.0,0.0,0.0,,0.0,0.0,31.8,17.7,248.6,1010.6,52.3,9.9,94.1,8.2,5,10.0,2024-12-08T07:08:00,2024-12-08T16:28:25,0.25,Partially cloudy,Clearing in the afternoon.,partly-cloudy-day,"72505394728,KEWR,KLGA,72502014734,F1417,KNYC,72503014732",
New York,2024-12-09,50.6,43.1,47.3,50.6,41.5,45.9,38.6,72.8,0.182,100.0,25.0,rain,0.0,0.0,24.2,8.5,50.6,1014.9,68.5,7.9,27.6,2.5,1,10.0,2024-12-09T07:08:51,2024-12-09T16:28:28,0.3,"Rain, Partially cloudy",Partly cloudy throughout the day with rain.,rain,"72505394728,KEWR,KLGA,72502014734,F1417,KNYC,72503014732",
New York,2024-12-10,50.4,44.7,46.7,50.4,40.5,43.7,43.5,88.6,0.236,100.0,20.83,rain,0.0,0.0,27.7,8.6,60.3,1017.1,99.9,3.4,13.9,1.1,1,10.0,2024-12-10T07:09:41,2024-12-10T16:28:34,0.33,"Rain, Overcast",Cloudy skies throughout the day with rain.,rain,"72505394728,KEWR,KLGA,72502014734,F1417,KNYC,72503014732",
New York,2024-12-11,60.3,42.7,54.7,60.3,35.8,53.7,51.4,88.5,0.845,100.0,87.5,rain,0.0,0.0,32.4,15.0,173.9,1004.2,99.6,5.1,11.6,0.8,1,10.0,2024-12-11T07:10:30,2024-12-11T16:28:41,0.37,"Rain, Overcast",Cloudy skies throughout the day with a chance of rain throughout the day.,rain,"72505394728,KEWR,KLGA,72502014734,F1417,KNYC,72503014732",
New York,2024-12-12,42.4,30.1,36.8,34.2,22.8,28.5,15.2,42.6,0.0,0.0,0.0,,0.0,0.0,37.9,21.7,261.6,1019.2,22.2,9.9,104.4,9.0,5,10.0,2024-12-12T07:11:17,2024-12-12T16:28:51,0.41,Partially cloudy,Partly cloudy throughout the day.,partly-cloudy-day,"72505394728,KEWR,KLGA,72502014734,F1417,KNYC,72503014732",
New York,2024-12-13,32.9,27.4,29.8,25.3,17.6,21.4,5.4,35.2,0.0,0.0,0.0,,0.0,0.0,28.7,13.4,304.8,1037.2,26.8,9.9,110.8,9.6,5,10.0,2024-12-13T07:12:02,2024-12-13T16:29:04,0.44,Partially cloudy,Clearing in the afternoon.,partly-cloudy-day,"72505394728,KEWR,KLGA,72502014734,F1417,KNYC,72503014732",
New York,2024-12-14,33.8,25.7,29.6,33.8,17.4,24.0,10.2,44.1,0.0,0.0,0.0,,0.0,0.0,13.9,11.6,20.3,1046.2,8.6,9.9,107.0,9.4,5,10.0,2024-12-14T07:12:46,2024-12-14T16:29:18,0.48,Clear,Clear conditions throughout the day.,clear-day,"72505394728,KEWR,KLGA,72502014734,F8726,F1417,KNYC,72503014732",
New York,2024-12-15,41.1,28.3,34.5,35.9,20.7,29.3,22.1,60.1,0.005,100.0,4.17,rain,0.0,0.0,18.3,8.6,39.3,1041.6,51.8,9.9,55.3,4.8,4,10.0,2024-12-15T07:13:27,2024-12-15T16:29:35,0.5,"Rain, Partially cloudy",Becoming cloudy in the afternoon with late afternoon rain.,rain,"72505394728,KEWR,KLGA,72502014734,F1417,KNYC,72503014732",
New York,2024-12-16,51.3,38.2,44.8,51.3,34.0,41.9,41.4,88.0,0.889,100.0,83.33,rain,0.0,0.0,26.4,10.0,79.1,1028.8,100.0,4.2,26.2,2.2,1,10.0,2024-12-16T07:14:07,2024-12-16T16:29:54,0.54,"Rain, Overcast",Cloudy skies throughout the day with a chance of rain throughout the day.,rain,"72505394728,KEWR,KLGA,72502014734,F1417,KNYC,72503014732",
New York,2024-12-17,58.7,51.0,53.6,58.7,51.0,53.6,42.8,69.0,0.085,100.0,16.67,rain,0.0,0.0,32.2,12.4,237.1,1019.9,65.8,9.4,71.3,6.3,4,10.0,2024-12-17T07:14:46,2024-12-17T16:30:15,0.57,"Rain, Partially cloudy",Partly cloudy throughout the day with early morning rain.,rain,"72505394728,KEWR,KLGA,72502014734,F1417,KNYC,72503014732",
New York,2024-12-18,53.2,43.0,47.7,53.2,40.9,46.9,33.3,58.9,0.128,100.0,20.83,rain,0.0,0.0,13.2,8.3,83.3,1020.8,48.0,8.7,87.6,7.7,5,10.0,2024-12-18T07:15:22,2024-12-18T16:30:39,0.61,"Rain, Partially cloudy",Becoming cloudy in the afternoon with late afternoon rain.,rain,"72505394728,KEWR,KLGA,72502014734,F1417,KNYC,72503014732",
New York,2024-12-19,44.6,36.9,41.5,40.6,31.3,35.8,26.8,56.8,0.148,100.0,16.67,rain,0.0,0.0,29.8,17.0,321.0,1022.7,54.7,9.5,76.2,6.5,5,10.0,2024-12-19T07:15:56,2024-12-19T16:31:04,0.64,"Rain, Partially cloudy",Partly cloudy throughout the day with rain clearing later.,rain,"72505394728,KEWR,KLGA,72502014734,F1417,KNYC,72503014732",
New York,2024-12-20,37.1,33.4,35.8,30.9,25.4,28.4,26.6,69.9,0.042,100.0,20.83,"rain,snow",0.3,0.0,29.8,17.0,38.0,1017.4,89.7,8.8,13.2,1.1,1,10.0,2024-12-20T07:16:29,2024-12-20T16:31:32,0.67,"Snow, Rain, Partially cloudy",Partly cloudy throughout the day with rain or snow.,snow,"72505394728,KEWR,KLGA,72502014734,F1417,KNYC,72503014732",
New York,2024-12-21,33.4,20.4,28.5,27.6,8.8,18.1,16.7,62.7,0.127,100.0,33.33,"rain,snow",1.2,0.9,38.0,23.0,315.0,1017.2,70.9,6.8,105.5,9.1,5,10.0,2024-12-21T07:16:59,2024-12-21T16:32:02,0.7,"Snow, Rain, Partially cloudy",Partly cloudy throughout the day with rain or snow clearing later.,snow,"72505394728,KEWR,KLGA,72502014734,F1417,KNYC,72503014732",
New York,2024-12-22,20.9,14.4,18.2,13.3,0.7,6.0,1.3,47.6,0.0,0.0,0.0,,0.0,0.3,28.9,18.4,321.0,1030.8,10.8,9.9,107.3,9.3,5,10.0,2024-12-22T07:17:28,2024-12-22T16:32:34,0.75,Clear,Clear conditions throughout the day.,clear-day,"72505394728,KEWR,KLGA,72502014734,F1417,KNYC,72503014732",
New York,2024-12-23,29.8,12.5,20.6,27.0,1.3,15.0,4.5,50.1,0.0,0.0,0.0,,0.0,0.1,15.2,9.2,11.6,1035.8,21.5,9.9,97.5,8.4,4,10.0,2024-12-23T07:17:54,2024-12-23T16:33:07,0.77,Partially cloudy,Partly cloudy throughout the day.,partly-cloudy-day,"72505394728,KEWR,KLGA,72502014734,F1417,KNYC,72503014732",
New York,2024-12-24,39.3,28.7,33.7,35.0,21.3,27.4,21.8,62.1,0.054,100.0,12.5,"rain,snow",0.8,0.1,20.8,13.0,274.8,1025.7,71.5,8.9,50.5,4.3,4,10.0,2024-12-24T07:18:19,2024-12-24T16:33:43,0.8,"Snow, Rain, Partially cloudy",Partly cloudy throughout the day with morning rain or snow.,snow,"72505394728,KEWR,KLGA,72502014734,F1417,KNYC,72503014732",
New York,2024-12-25,35.4,28.9,32.9,33.5,21.0,28.5,20.8,60.9,0.0,0.0,0.0,,0.0,0.0,18.3,9.6,5.6,1028.4,65.1,9.9,69.8,6.1,5,10.0,2024-12-25T07:18:41,2024-12-25T16:34:21,0.83,Partially cloudy,Partly cloudy throughout the day.,partly-cloudy-day,"72505394728,KEWR,KLGA,72502014734,F1417,KNYC,72503014732",
New York,2024-12-26,36.0,25.0,30.3,36.0,18.1,26.2,16.8,57.4,0.0,0.0,0.0,,0.0,0.0,11.2,6.8,7.1,1031.2,21.3,9.9,109.5,9.5,6,10.0,2024-12-26T07:19:01,2024-12-26T16:35:01,0.86,Partially cloudy,Becoming cloudy in the afternoon.,partly-cloudy-day,"72505394728,KEWR,KLGA,72502014734,F1417,KNYC,72503014732",
New York,2024-12-27,42.5,26.4,34.8,42.3,21.6,33.6,22.9,61.7,0.0,0.0,0.0,,0.0,0.0,9.4,5.8,351.7,1030.3,31.6,9.8,83.2,7.1,4,10.0,2024-12-27T07:19:19,2024-12-27T16:35:42,0.9,Partially cloudy,Partly cloudy throughout the day.,partly-cloudy-day,"72505394728,KEWR,KLGA,72502014734,F1417,KNYC,72503014732",
New York,2024-12-28,50.9,39.3,44.8,50.9,36.6,44.4,40.5,84.9,0.528,100.0,91.67,rain,0.0,0.0,8.3,5.6,337.4,1024.8,100.0,3.3,18.9,1.6,1,10.0,2024-12-28T07:19:35,2024-12-28T16:36:26,0.93,"Rain, Overcast",Cloudy skies throughout the day with a chance of rain throughout the day.,rain,"72505394728,KEWR,KLGA,72502014734,F1417,KNYC,72503014732",
New York,2024-12-29,64.5,49.2,54.6,64.5,48.4,54.6,47.7,77.8,0.156,100.0,33.33,rain,0.0,0.0,32.4,16.9,160.3,1017.4,92.9,6.5,53.9,4.6,3,10.0,2024-12-29T07:19:48,2024-12-29T16:37:11,0.96,"Rain, Overcast",Cloudy skies throughout the day with rain clearing later.,rain,"72505394728,KEWR,KLGA,72502014734,F1417,KNYC,72503014732",
New York,2024-12-30,57.8,48.7,54.8,57.8,47.9,54.7,40.3,61.2,0.338,100.0,25.0,rain,0.0,0.0,34.4,21.1,224.7,1005.0,72.4,8.8,79.9,6.9,5,10.0,2024-12-30T07:20:00,2024-12-30T16:37:58,0.0,"Rain, Partially cloudy",Partly cloudy throughout the day with early morning rain.,rain,"72505394728,KEWR,KLGA,72502014734,F1417,KNYC,72503014732",
New York,2024-12-31,52.2,44.5,48.0,52.2,38.6,45.8,33.8,58.9,0.447,100.0,12.5,rain,0.0,0.0,23.0,13.5,124.4,1009.8,28.7,9.2,102.3,8.8,5,10.0,2024-12-31T07:20:09,2024-12-31T16:38:47,0.03,"Rain, Partially cloudy",Partly cloudy throughout the day with late afternoon rain.,rain,"72505394728,KEWR,KLGA,72502014734,F1417,KNYC,72503014732",
London,2024-10-16,72.2,58.4,64.1,72.2,58.4,64.1,59.4,85.2,0.0,0.0,0.0,,0.0,0.0,23.9,12.6,149.5,1002.3,89.4,8.5,33.8,3.0,2,,2024-10-16T07:26:53,2024-10-16T18:04:16,0.47,Partially cloudy,Partly cloudy throughout the day.,partly-cloudy-day,"03769099999,03680099999,D5621,03781099999,03672099999,03772099999,03770099999",
London,2024-10-17,65.4,53.3,60.1,65.4,53.3,60.1,54.6,83.1,0.047,100.0,12.5,rain,0.0,0.0,14.7,10.0,228.4,1009.0,49.6,9.5,45.0,3.8,2,,2024-10-17T07:28:35,2024-10-17T18:02:09,0.5,"Rain, Partially cloudy",Clearing in the afternoon with early morning rain.,rain,"03769099999,03680099999,D5621,03781099999,03672099999,03772099999,03770099999",
London,2024-10-18,61.4,50.2,54.5,61.4,50.2,54.5,50.7,87.8,0.0,0.0,0.0,,0.0,0.0,16.9,11.2,210.8,1014.1,52.6,7.4,55.7,4.8,4,,2024-10-18T07:30:18,2024-10-18T18:00:03,0.53,Partially cloudy,Partly cloudy throughout the day.,partly-cloudy-day,"03769099999,03680099999,D5621,03781099999,03672099999,03772099999,03770099999",
London,2024-10-19,62.9,51.0,57.4,62.9,51.0,57.4,53.0,86.1,0.245,100.0,41.67,rain,0.0,0.0,21.9,14.2,217.6,1011.1,61.7,9.5,26.7,2.2,1,,2024-10-19T07:32:01,2024-10-19T17:57:58,0.57,"Rain, Partially cloudy",Partly cloudy throughout the day with rain clearing later.,rain,"03769099999,03680099999,D5621,03781099999,03672099999,03772099999,03770099999",
London,2024-10-20,63.8,53.0,58.2,63.8,53.0,58.2,53.7,85.2,0.04,100.0,12.5,rain,0.0,0.0,32.5,19.4,200.1,1010.6,72.3,6.7,17.6,1.6,1,,2024-10-20T07:33:45,2024-10-20T17:55:54,0.6,"Rain, Partially cloudy",Partly cloudy throughout the day with rain in the morning and afternoon.,rain,"03769099999,03680099999,D5621,03781099999,03672099999,03772099999,03770099999",
London,2024-10-21,58.4,50.3,55.7,58.4,50.3,55.7,50.2,82.0,0.0,0.0,0.0,,0.0,0.0,20.8,11.5,218.0,1020.2,46.8,7.7,20.3,1.7,1,,2024-10-21T07:35:29,2024-10-21T17:53:52,0.63,Partially cloudy,Partly cloudy throughout the day.,partly-cloudy-day,"03769099999,03680099999,D5621,03781099999,03672099999,03772099999,03770099999",
London,2024-10-22,61.4,46.7,53.7,61.4,44.1,53.0,50.1,88.4,0.0,0.0,0.0,,0.0,0.0,16.4,12.6,216.4,1027.7,33.5,8.4,55.8,4.8,5,,2024-10-22T07:37:13,2024-10-22T17:51:50,0.67,Partially cloudy,Partly cloudy throughout the day.,partly-cloudy-day,"03769099999,03680099999,D5621,03781099999,03672099999,03772099999,03770099999",
London,2024-10-23,62.3,52.4,56.6,62.3,52.4,56.6,52.1,85.4,0.0,0.0,0.0,,0.0,0.0,12.8,9.7,185.2,1031.0,62.8,8.1,42.2,3.6,3,,2024-10-23T07:38:57,2024-10-23T17:49:49,0.7,Partially cloudy,Partly cloudy throughout the day.,partly-cloudy-day,"03769099999,03680099999,D5621,03781099999,03672099999,03772099999,03770099999",
London,2024-10-24,64.5,49.2,55.9,64.5,46.7,55.7,51.0,84.4,0.008,100.0,4.17,rain,0.0,0.0,19.1,11.5,134.5,1019.5,34.4,9.4,59.2,5.1,4,,2024-10-24T07:40:42,2024-10-24T17:47:49,0.75,"Rain, Partially cloudy",Partly cloudy throughout the day with morning rain.,rain,"03769099999,03680099999,D5621,03781099999,03672099999,F6665,03772099999,03770099999",
London,2024-10-25,62.0,53.3,57.5,62.0,53.3,57.5,55.9,94.3,0.024,100.0,8.33,rain,0.0,0.0,13.3,7.2,131.1,1013.7,77.9,5.1,13.3,1.2,1,,2024-10-25T07:42:27,2024-10-25T17:45:51,0.77,"Rain, Partially cloudy",Partly cloudy throughout the day with rain.,rain,"03769099999,03680099999,D5621,03781099999,03672099999,03772099999,03770099999",
London,2024-10-26,58.7,48.8,54.1,58.7,48.8,54.1,52.4,94.3,0.008,100.0,4.17,rain,0.0,0.0,6.7,5.6,231.8,1016.0,71.2,6.4,22.5,2.0,2,,2024-10-26T07:44:12,2024-10-26T17:43:54,0.8,"Rain, Partially cloudy",Partly cloudy throughout the day with afternoon rain.,rain,"03769099999,EGWU,03680099999,EGLL,D5621,03781099999,03672099999,EGLC,03772099999,03770099999",
London,2024-10-27,59.3,45.8,52.3,59.3,45.6,52.2,47.9,86.1,0.0,0.0,0.0,,0.0,0.0,14.2,8.3,232.9,1021.3,38.4,7.7,56.5,5.1,4,,2024-10-27T06:45:58,2024-10-27T16:41:58,0.83,Partially cloudy,Partly cloudy throughout the day.,partly-cloudy-day,"03769099999,03680099999,D5621,03781099999,03672099999,03772099999,03770099999",
London,2024-10-28,59.3,53.9,56.9,59.3,53.9,56.9,53.9,89.8,0.024,100.0,12.5,rain,0.0,0.0,22.5,12.7,221.6,1021.6,90.5,6.8,27.0,2.4,2,,2024-10-28T06:47:43,2024-10-28T16:40:04,0.87,"Rain, Overcast",Cloudy skies throughout the day with rain.,rain,"03769099999,03680099999,D5621,03781099999,03672099999,03768099999,03772099999,03770099999",
London,2024-10-29,61.0,53.7,57.4,61.0,53.7,57.4,54.3,89.8,0.016,100.0,4.17,rain,0.0,0.0,11.6,6.3,268.2,1024.3,96.3,8.2,23.8,2.0,2,,2024-10-29T06:49:29,2024-10-29T16:38:11,0.9,"Rain, Overcast",Cloudy skies throughout the day with early morning rain.,rain,"03769099999,03680099999,D5621,03781099999,03672099999,03768099999,03772099999,03770099999",
London,2024-10-30,59.3,52.0,56.2,59.3,52.0,56.2,50.4,81.0,0.0,0.0,0.0,,0.0,0.0,7.8,4.0,4.9,1028.7,89.6,6.6,29.7,2.5,1,,2024-10-30T06:51:15,2024-10-30T16:36:19,0.93,Partially cloudy,Partly cloudy throughout the day.,partly-cloudy-day,"03769099999,03680099999,D5621,03781099999,03672099999,03772099999,03770099999",
London,2024-10-31,59.6,49.4,54.4,59.6,49.4,54.4,49.3,83.2,0.0,0.0,0.0,,0.0,0.0,7.2,4.3,320.3,1027.0,95.9,5.9,29.7,2.5,2,,2024-10-31T06:53:01,2024-10-31T16:34:29,0.97,Overcast,Cloudy skies throughout the day.,cloudy,"03769099999,03680099999,D5621,03781099999,03672099999,03772099999,03770099999",
London,2024-11-01,55.6,53.0,54.3,55.6,53.0,54.3,48.2,79.9,0.0,0.0,0.0,,0.0,0.0,12.7,9.2,308.9,1025.3,99.9,6.7,22.8,1.9,1,,2024-11-01T06:54:47,2024-11-01T16:32:41,0.0,Overcast,Cloudy skies throughout the day.,cloudy,"03769099999,03680099999,D5621,03781099999,03672099999,03768099999,03772099999,03770099999",
London,2024-11-02,58.4,53.9,55.6,58.4,53.9,55.6,50.7,83.6,0.008,100.0,4.17,rain,0.0,0.0,17.5,9.5,83.6,1029.8,99.7,7.0,19.4,1.8,1,,2024-11-02T06:56:33,2024-11-02T16:30:54,0.03,"Rain, Overcast",Cloudy skies throughout the day with afternoon rain.,rain,"03769099999,03680099999,D5621,03781099999,03672099999,03772099999,03770099999",
London,2024-11-03,55.1,52.4,54.2,55.1,52.4,54.2,47.7,78.7,0.0,0.0,0.0,,0.0,0.0,13.9,8.6,101.3,1028.2,100.0,6.4,12.9,1.2,1,,2024-11-03T06:58:19,2024-11-03T16:29:08,0.07,Overcast,Cloudy skies throughout the day.,cloudy,"03769099999,03680099999,D5621,03781099999,03672099999,03772099999,03770099999",
London,2024-11-04,55.1,51.0,52.2,55.1,51.0,52.2,46.4,80.7,0.0,0.0,0.0,,0.0,0.0,10.9,8.1,91.9,1025.1,86.1,5.9,22.4,2.0,2,,2024-11-04T07:00:05,2024-11-04T16:27:25,0.1,Partially cloudy,Partly cloudy throughout the day.,partly-cloudy-day,"03769099999,EGWU,03680099999,EGLL,D5621,03781099999,03672099999,EGLC,03772099999,03770099999",
London,2024-11-05,53.3,50.6,51.7,53.3,50.6,51.7,47.4,85.3,0.0,0.0,0.0,,0.0,0.0,7.5,4.5,322.5,1023.4,99.5,3.3,20.3,1.6,1,,2024-11-05T07:01:51,2024-11-05T16:25:43,0.14,Overcast,Cloudy skies throughout the day.,cloudy,"03769099999,03680099999,D5621,03781099999,03672099999,03768099999,03772099999,03770099999",
London,2024-11-06,51.2,49.4,50.2,51.2,48.1,50.1,48.2,92.8,0.0,0.0,0.0,,0.0,0.0,8.6,4.6,88.6,1030.5,100.0,2.7,6.5,0.6,0,,2024-11-06T07:03:37,2024-11-06T16:24:03,0.17,Overcast,Cloudy skies throughout the day.,cloudy,"03769099999,03680099999,D5621,03781099999,03672099999,03772099999,03770099999",
London,2024-11-07,54.8,48.8,51.1,54.8,47.8,50.9,47.7,88.4,0.0,0.0,0.0,,0.0,0.0,12.3,8.5,98.8,1030.3,99.7,3.7,10.8,1.0,1,,2024-11-07T07:05:23,2024-11-07T16:22:25,0.21,Overcast,Cloudy skies throughout the day.,cloudy,"03769099999,03680099999,D5621,03781099999,03672099999,03768099999,03772099999,03770099999",
London,2024-11-08,50.3,47.6,49.0,50.3,45.0,46.9,43.5,81.1,0.0,0.0,0.0,,0.0,0.0,11.2,7.7,104.8,1025.5,99.7,4.9,9.5,0.8,1,,2024-11-08T07:07:09,2024-11-08T16:20:48,0.24,Overcast,Cloudy skies throughout the day.,cloudy,"03769099999,03680099999,D5621,03781099999,03672099999,03772099999,03770099999",
London,2024-11-09,48.5,45.8,47.2,48.3,44.7,46.8,39.8,75.7,0.0,0.0,0.0,,0.0,0.0,6.4,4.4,318.3,1024.2,100.0,5.5,9.8,0.8,0,,2024-11-09T07:08:54,2024-11-09T16:19:14,0.25,Overcast,Cloudy skies throughout the day.,cloudy,"03769099999,03680099999,D5621,03781099999,03672099999,03772099999,03770099999",
London,2024-11-10,51.5,42.5,48.3,51.5,42.5,48.0,44.3,86.2,0.0,0.0,0.0,,0.0,0.0,8.9,5.2,225.9,1028.0,89.7,4.6,13.1,1.2,1,,2024-11-10T07:10:39,2024-11-10T16:17:41,0.31,Partially cloudy,Partly cloudy throughout the day.,partly-cloudy-day,"03769099999,03680099999,D5621,03781099999,03672099999,03772099999,03770099999",
London,2024-11-11,53.9,46.1,50.7,53.9,43.3,49.9,43.8,77.9,0.0,0.0,0.0,,0.0,0.0,12.4,8.6,335.1,1034.8,35.3,8.7,24.4,2.1,1,,2024-11-11T07:12:24,2024-11-11T16:16:11,0.35,Partially cloudy,Partly cloudy throughout the day.,partly-cloudy-day,"03769099999,03680099999,D5621,03781099999,03672099999,03772099999,03770099999",
London,2024-11-12,55.1,45.7,49.7,55.1,40.8,47.7,43.4,79.4,0.016,100.0,4.17,rain,0.0,0.0,24.2,16.3,19.2,1035.6,61.4,9.2,41.1,3.5,3,,2024-11-12T07:14:09,2024-11-12T16:14:43,0.38,"Rain, Partially cloudy",Partly cloudy throughout the day with late afternoon rain.,rain,"03769099999,03680099999,D5621,03781099999,03672099999,03772099999,03770099999",
London,2024-11-13,53.7,44.7,49.3,53.7,42.7,47.9,44.0,82.3,0.0,0.0,0.0,,0.0,0.0,12.7,7.3,358.5,1034.9,54.2,7.7,29.5,2.6,2,,2024-11-13T07:15:53,2024-11-13T16:13:17,0.42,Partially cloudy,Partly cloudy throughout the day.,partly-cloudy-day,"03769099999,03680099999,D5621,03781099999,03672099999,03768099999,03772099999,03770099999",
London,2024-11-14,54.2,46.1,50.3,54.2,45.1,50.0,44.2,80.2,0.0,0.0,0.0,,0.0,0.0,15.6,9.0,29.6,1031.5,94.8,7.1,17.6,1.7,1,,2024-11-14T07:17:36,2024-11-14T16:11:53,0.45,Overcast,Cloudy skies throughout the day.,cloudy,"03769099999,03680099999,D5621,03781099999,03672099999,03772099999,03770099999",
London,2024-11-15,49.4,40.7,46.6,48.9,39.7,45.4,39.9,78.0,0.0,0.0,0.0,,0.0,0.0,8.6,6.9,260.0,1027.4,80.5,9.7,19.7,1.7,1,,2024-11-15T07:19:19,2024-11-15T16:10:31,0.5,Partially cloudy,Partly cloudy throughout the day.,partly-cloudy-day,"03769099999,03680099999,D5621,03781099999,03672099999,03768099999,03772099999,03770099999",
London,2024-11-16,51.9,41.1,47.0,51.9,38.7,45.6,43.5,87.6,0.008,100.0,4.17,rain,0.0,0.0,15.8,10.4,250.1,1018.8,90.0,8.0,10.5,1.0,1,,2024-11-16T07:21:02,2024-11-16T16:09:12,0.52,"Rain, Partially cloudy",Partly cloudy throughout the day with late afternoon rain.,rain,"03769099999,03680099999,D5621,03781099999,03672099999,03772099999,03770099999",
London,2024-11-17,52.4,45.2,47.8,52.4,40.5,44.8,42.3,81.7,0.024,100.0,8.33,rain,0.0,0.0,20.5,14.4,267.5,1014.6,70.4,11.4,26.7,2.3,2,,2024-11-17T07:22:43,2024-11-17T16:07:55,0.55,"Rain, Partially cloudy",Partly cloudy throughout the day with rain.,rain,"03769099999,EGWU,03680099999,EGLL,D5621,03781099999,03672099999,EGLC,03772099999,03770099999",
London,2024-11-18,47.4,44.5,45.8,45.9,39.8,44.1,43.1,90.1,0.394,100.0,66.67,rain,0.0,0.0,20.6,8.6,115.5,1009.4,86.0,5.7,18.5,1.6,1,,2024-11-18T07:24:24,2024-11-18T16:06:41,0.58,"Rain, Partially cloudy",Partly cloudy throughout the day with rain.,rain,"EGWU,EGLL,D5621,EGLC",
London,2024-11-19,53.5,34.0,40.4,53.5,28.8,36.2,37.8,90.5,0.403,100.0,66.67,"rain,snow",0.0,0.0,36.0,15.9,308.0,998.2,87.5,5.9,9.0,0.8,1,,2024-11-19T07:26:04,2024-11-19T16:05:29,0.62,"Snow, Rain, Partially cloudy",Partly cloudy throughout the day with a chance of rain or snow throughout the day.,rain,"EGWU,EGLL,D5621,EGLC",
London,2024-11-20,42.3,31.5,35.8,34.7,24.2,28.7,29.3,77.3,0.0,0.0,0.0,,0.0,0.0,27.3,15.5,274.7,1008.9,40.8,6.2,21.9,1.8,2,,2024-11-20T07:27:44,2024-11-20T16:04:20,0.65,Partially cloudy,Partly cloudy throughout the day.,partly-cloudy-day,"EGWU,EGLL,D5621,F6665,EGLC",
London,2024-11-21,38.4,32.2,34.7,34.1,26.1,29.8,28.5,78.4,0.0,0.0,0.0,,0.0,0.0,18.5,10.3,274.4,1001.7,74.4,7.0,15.9,1.4,1,,2024-11-21T07:29:22,2024-11-21T16:03:13,0.68,Partially cloudy,Partly cloudy throughout the day.,partly-cloudy-day,"EGWU,03769099999,EGLL,03680099999,D5621,03781099999,03672099999,EGLC,03772099999,03770099999",
London,2024-11-22,46.1,33.5,39.5,40.0,24.8,33.1,31.2,72.5,0.0,0.0,0.0,,0.0,0.0,26.6,18.1,264.7,1008.0,34.4,15.3,21.3,1.9,2,,2024-11-22T07:30:59,2024-11-22T16:02:09,0.71,Partially cloudy,Partly cloudy throughout the day.,partly-cloudy-day,"03769099999,03680099999,D5621,03781099999,03672099999,03768099999,03772099999,03770099999",
London,2024-11-23,59.1,34.4,48.3,59.1,31.6,45.7,44.8,87.6,0.143,100.0,37.5,rain,0.0,0.0,42.4,22.9,192.8,1003.1,88.5,6.7,4.5,0.3,0,,2024-11-23T07:32:35,2024-11-23T16:01:07,0.75,"Rain, Partially cloudy",Partly cloudy throughout the day with a chance of rain throughout the day.,rain,"03769099999,03680099999,D5621,03781099999,03672099999,03772099999,03770099999",
London,2024-11-24,63.8,53.7,60.8,63.8,53.7,60.8,52.7,75.1,0.229,100.0,25.0,rain,0.0,0.0,46.1,27.5,203.6,994.8,93.9,7.3,17.3,1.4,1,,2024-11-24T07:34:10,2024-11-24T16:00:09,0.78,"Rain, Overcast",Cloudy skies throughout the day with rain.,rain,"03769099999,03680099999,D5621,03781099999,03672099999,03772099999,03770099999",
London,2024-11-25,53.9,43.4,50.0,53.9,39.6,48.3,43.3,78.3,0.12,100.0,16.67,rain,0.0,0.0,24.2,16.6,231.4,1001.7,38.8,9.3,20.6,1.7,1,,2024-11-25T07:35:43,2024-11-25T15:59:13,0.81,"Rain, Partially cloudy",Partly cloudy throughout the day with early morning rain.,rain,"03769099999,03680099999,D5621,03781099999,03672099999,03772099999,03770099999",
London,2024-11-26,50.6,41.6,45.4,50.6,38.6,42.7,39.0,78.3,0.0,0.0,0.0,,0.0,0.0,14.2,8.4,222.7,1014.9,32.9,11.4,22.5,1.8,2,,2024-11-26T07:37:15,2024-11-26T15:58:20,0.84,Partially cloudy,Partly cloudy throughout the day.,partly-cloudy-day,"03769099999,EGWU,03680099999,EGLL,D5621,03781099999,03672099999,EGLC,03772099999,03770099999",
London,2024-11-27,48.5,36.8,43.7,44.1,33.2,39.0,40.8,89.7,1.022,100.0,37.5,rain,0.0,0.0,30.0,12.6,331.7,1013.1,73.3,8.8,7.0,0.7,0,,2024-11-27T07:38:46,2024-11-27T15:57:30,0.88,"Rain, Partially cloudy",Partly cloudy throughout the day with rain clearing later.,rain,"03769099999,03680099999,D5621,03781099999,03672099999,03772099999,03770099999",
London,2024-11-28,46.1,31.7,38.5,46.1,31.7,37.3,35.9,90.9,0.008,100.0,4.17,rain,0.0,0.0,13.6,5.1,100.4,1027.8,11.9,7.7,23.0,2.0,2,,2024-11-28T07:40:15,2024-11-28T15:56:43,0.91,Rain,Clear conditions throughout the day with afternoon rain.,rain,"03769099999,03680099999,D5621,03781099999,03672099999,03772099999,03770099999",
London,2024-11-29,51.2,38.9,44.3,51.2,34.5,40.7,38.1,80.0,0.0,0.0,0.0,,0.0,0.0,21.9,12.1,139.5,1025.7,11.2,13.9,21.0,1.8,2,,2024-11-29T07:41:43,2024-11-29T15:55:59,0.94,Clear,Clear conditions throughout the day.,clear-day,"03769099999,03680099999,D5621,03781099999,03672099999,03772099999,03770099999",
London,2024-11-30,56.9,47.9,53.3,56.9,45.6,52.9,50.0,88.4,0.0,0.0,0.0,,0.0,0.0,19.9,8.7,180.8,1023.0,96.4,6.2,14.2,1.2,1,,2024-11-30T07:43:09,2024-11-30T15:55:18,0.98,Overcast,Cloudy skies throughout the day.,cloudy,"03769099999,EGWU,03680099999,EGLL,D5621,03781099999,03672099999,EGLC,03772099999,03770099999",
London,2024-12-01,55.3,51.7,53.8,55.3,51.7,53.8,50.9,89.9,0.083,100.0,29.17,rain,0.0,0.0,27.5,11.3,185.8,1014.1,86.1,6.2,6.3,0.7,0,,2024-12-01T07:44:32,2024-12-01T15:54:40,0.0,"Rain, Partially cloudy",Partly cloudy throughout the day with a chance of rain throughout the day.,rain,"EGWU,03769099999,EGLL,03680099999,D5621,03781099999,03672099999,EGLC,03772099999,03770099999",
London,2024-12-02,53.9,46.1,50.0,53.9,43.0,48.0,44.1,80.1,0.0,0.0,0.0,,0.0,0.0,20.8,13.7,267.6,1013.3,78.9,13.8,16.5,1.4,1,,2024-12-02T07:45:55,2024-12-02T15:54:06,0.04,Partially cloudy,Partly cloudy throughout the day.,partly-cloudy-day,"03769099999,03680099999,D5621,03781099999,03672099999,03768099999,03772099999,03770099999",
London,2024-12-03,45.8,40.7,43.6,45.8,38.5,42.3,37.7,79.6,0.0,0.0,0.0,,0.0,0.0,12.2,6.5,356.0,1022.6,71.5,9.6,20.1,1.6,1,,2024-12-03T07:47:15,2024-12-03T15:53:34,0.08,Partially cloudy,Partly cloudy throughout the day.,partly-cloudy-day,"03769099999,EGWU,03680099999,EGLL,D5621,03781099999,03672099999,EGLC,03772099999,03770099999",
London,2024-12-04,50.3,37.6,44.2,50.3,35.7,41.7,40.6,87.2,0.016,100.0,8.33,rain,0.0,0.0,21.6,13.8,200.6,1024.1,84.3,10.0,14.3,1.3,1,,2024-12-04T07:48:33,2024-12-04T15:53:06,0.11,"Rain, Partially cloudy",Partly cloudy throughout the day with late afternoon rain.,rain,"03769099999,03680099999,D5621,03781099999,03672099999,03768099999,03772099999,03770099999",
London,2024-12-05,57.8,47.9,53.9,57.8,41.1,53.1,50.5,88.3,0.298,100.0,45.83,rain,0.0,0.0,36.4,22.1,229.6,1007.6,87.9,8.7,11.3,1.0,1,,2024-12-05T07:49:49,2024-12-05T15:52:41,0.15,"Rain, Partially cloudy",Partly cloudy throughout the day with a chance of rain throughout the day.,rain,"03769099999,03680099999,D5621,03781099999,03672099999,03772099999,03770099999",
London,2024-12-06,52.1,44.0,47.6,52.1,37.8,42.7,38.8,71.8,0.024,100.0,8.33,rain,0.0,0.0,32.2,18.6,245.8,1013.1,44.3,10.1,25.2,2.1,2,,2024-12-06T07:51:02,2024-12-06T15:52:19,0.19,"Rain, Partially cloudy",Partly cloudy throughout the day with late afternoon rain.,rain,"03769099999,03680099999,D5621,03781099999,03672099999,03772099999,03770099999",
London,2024-12-07,54.2,44.0,47.5,54.2,34.3,41.0,41.3,79.3,0.199,100.0,33.33,rain,0.0,0.0,49.9,30.6,277.2,994.9,97.4,9.7,6.5,0.5,1,,2024-12-07T07:52:14,2024-12-07T15:52:01,0.22,"Rain, Overcast",Cloudy skies throughout the day with a chance of rain throughout the day.,rain,"03769099999,03680099999,D5621,03781099999,03672099999,03772099999,03770099999",
London,2024-12-08,47.9,43.4,45.7,42.2,35.1,38.6,41.4,85.0,0.287,100.0,58.33,rain,0.0,0.0,36.6,20.2,354.6,1016.8,96.6,7.5,7.1,0.6,0,,2024-12-08T07:53:22,2024-12-08T15:51:46,0.25,"Rain, Overcast",Cloudy skies throughout the day with a chance of rain throughout the day.,rain,"03769099999,03680099999,D5621,03781099999,03672099999,03768099999,03772099999,03770099999",
London,2024-12-09,47.6,44.9,46.3,41.5,38.4,40.3,40.0,78.6,0.0,0.0,0.0,,0.0,0.0,27.7,15.6,28.3,1030.1,93.9,10.0,17.2,1.5,2,,2024-12-09T07:54:29,2024-12-09T15:51:34,0.29,Overcast,Cloudy skies throughout the day.,cloudy,"03769099999,03680099999,D5621,03781099999,03672099999,03772099999,03770099999",
London,2024-12-10,46.1,43.4,44.8,40.1,36.6,38.5,38.9,80.1,0.0,0.0,0.0,,0.0,0.0,25.6,15.2,40.9,1032.2,98.5,7.1,6.2,0.5,0,,2024-12-10T07:55:33,2024-12-10T15:51:25,0.33,Overcast,Cloudy skies throughout the day.,cloudy,"03769099999,03680099999,D5621,03781099999,03672099999,03772099999,03770099999",
London,2024-12-11,45.6,43.1,44.4,41.1,37.5,39.3,38.0,78.2,0.0,0.0,0.0,,0.0,0.0,18.9,12.3,44.7,1032.3,98.7,7.3,5.2,0.4,0,,2024-12-11T07:56:34,2024-12-11T15:51:21,0.36,Overcast,Cloudy skies throughout the day.,cloudy,"03769099999,03680099999,D5621,03781099999,03672099999,03772099999,03770099999",
London,2024-12-12,47.0,41.3,45.0,45.1,37.7,42.2,42.0,89.6,0.048,100.0,16.67,rain,0.0,0.0,9.7,7.0,47.2,1030.8,99.2,6.4,8.5,0.5,1,,2024-12-12T07:57:33,2024-12-12T15:51:19,0.4,"Rain, Overcast",Cloudy skies throughout the day with rain.,rain,"03769099999,03680099999,D5621,03781099999,03672099999,03772099999,03770099999",
London,2024-12-13,44.9,39.5,41.8,43.4,35.5,38.9,39.2,90.6,0.032,100.0,16.67,rain,0.0,0.0,12.3,6.1,148.4,1025.3,99.1,3.8,5.5,0.5,0,,2024-12-13T07:58:29,2024-12-13T15:51:21,0.43,"Rain, Overcast",Cloudy skies throughout the day with rain clearing later.,rain,"03769099999,03680099999,D5621,03781099999,03672099999,03768099999,03772099999,03770099999",
London,2024-12-14,46.7,39.5,43.0,42.1,35.0,38.4,38.7,85.2,0.008,100.0,4.17,rain,0.0,0.0,15.0,9.8,272.7,1022.7,77.0,10.1,11.0,0.9,1,,2024-12-14T07:59:21,2024-12-14T15:51:26,0.47,"Rain, Partially cloudy",Partly cloudy throughout the day with morning rain.,rain,"03769099999,03680099999,D5621,03781099999,03672099999,03772099999,03770099999",
London,2024-12-15,54.2,41.6,49.1,54.2,36.1,47.1,45.7,88.0,0.0,0.0,0.0,,0.0,0.0,24.2,17.2,252.9,1027.5,85.1,17.3,16.3,1.3,1,,2024-12-15T08:00:12,2024-12-15T15:51:35,0.5,Partially cloudy,Partly cloudy throughout the day.,partly-cloudy-day,"03769099999,03680099999,D5621,03781099999,03672099999,03772099999,03770099999",
London,2024-12-16,53.0,47.9,51.2,53.0,44.8,50.4,45.3,80.3,0.0,0.0,0.0,,0.0,0.0,22.8,18.4,245.1,1030.8,87.6,16.8,10.7,1.1,1,,2024-12-16T08:00:59,2024-12-16T15:51:47,0.54,Partially cloudy,Partly cloudy throughout the day.,partly-cloudy-day,"03769099999,03680099999,D5621,03781099999,03672099999,03772099999,03770099999",
London,2024-12-17,50.6,41.1,47.8,50.6,38.6,45.4,44.8,89.6,0.008,100.0,4.17,rain,0.0,0.0,26.6,16.6,191.4,1023.0,82.1,8.0,5.5,0.6,0,,2024-12-17T08:01:43,2024-12-17T15:52:03,0.57,"Rain, Partially cloudy",Partly cloudy throughout the day with late afternoon rain.,rain,"03769099999,03680099999,D5621,03781099999,03672099999,03768099999,03772099999,03770099999",
London,2024-12-18,58.2,50.6,55.4,58.2,50.6,55.4,50.8,84.8,0.064,100.0,20.83,rain,0.0,0.0,40.3,21.5,218.6,1005.8,95.7,5.8,15.0,1.3,1,,2024-12-18T08:02:24,2024-12-18T15:52:22,0.6,"Rain, Overcast",Cloudy skies throughout the day with rain.,rain,"03769099999,EGWU,03680099999,EGLL,D5621,03781099999,03672099999,EGLC,03772099999,03770099999",
London,2024-12-19,56.6,40.2,45.4,56.6,34.0,39.8,38.1,75.9,0.039,100.0,4.17,rain,0.0,0.0,28.6,17.5,289.0,1007.9,59.0,15.5,19.8,1.7,2,,2024-12-19T08:03:02,2024-12-19T15:52:44,0.63,"Rain, Partially cloudy",Partly cloudy throughout the day with early morning rain.,rain,"03769099999,03680099999,D5621,03781099999,03672099999,03772099999,03770099999",
London,2024-12-20,49.2,36.8,43.0,44.4,31.7,37.9,38.6,84.6,0.032,100.0,12.5,rain,0.0,0.0,23.6,12.7,241.1,1018.8,38.9,11.7,19.5,1.7,1,,2024-12-20T08:03:36,2024-12-20T15:53:10,0.66,"Rain, Partially cloudy",Partly cloudy throughout the day with rain.,rain,"03769099999,03680099999,D5621,03781099999,03672099999,03772099999,03770099999",
London,2024-12-21,54.8,40.7,47.7,54.8,35.8,44.2,42.8,83.8,0.039,100.0,8.33,rain,0.0,0.0,32.4,18.9,245.7,1011.0,66.1,9.2,7.7,0.8,1,,2024-12-21T08:04:08,2024-12-21T15:53:39,0.7,"Rain, Partially cloudy",Partly cloudy throughout the day with morning rain.,rain,"03769099999,03680099999,D5621,03781099999,03672099999,03772099999,03770099999",
London,2024-12-22,47.0,40.4,43.7,41.1,32.0,35.8,33.7,68.0,0.0,0.0,0.0,,0.0,0.0,32.5,21.4,283.4,1007.0,51.2,13.5,16.7,1.3,1,,2024-12-22T08:04:36,2024-12-22T15:54:11,0.75,Partially cloudy,Partly cloudy throughout the day.,partly-cloudy-day,"03769099999,03680099999,D5621,03781099999,03672099999,03772099999,03770099999",
London,2024-12-23,44.9,41.1,43.2,41.3,35.5,38.2,34.2,71.3,0.008,100.0,4.17,rain,0.0,0.0,28.0,16.7,288.3,1022.5,46.2,8.7,13.5,1.2,1,,2024-12-23T08:05:01,2024-12-23T15:54:46,0.76,"Rain, Partially cloudy",Becoming cloudy in the afternoon with late afternoon rain.,rain,"03769099999,03680099999,D5621,03781099999,03672099999,03772099999,03770099999",
London,2024-12-24,53.3,43.8,49.4,53.3,40.5,48.1,47.7,93.9,0.008,100.0,4.17,rain,0.0,0.0,12.4,10.0,258.7,1025.9,92.0,6.1,18.2,1.6,1,,2024-12-24T08:05:23,2024-12-24T15:55:25,0.79,"Rain, Overcast",Cloudy skies throughout the day with early morning rain.,rain,"03769099999,03680099999,D5621,03781099999,03672099999,03772099999,03770099999",
London,2024-12-25,50.1,47.6,48.8,50.1,43.8,46.9,46.3,90.9,0.0,0.0,0.0,,0.0,0.0,12.5,7.9,256.7,1032.6,99.8,7.5,10.0,0.9,1,,2024-12-25T08:05:41,2024-12-25T15:56:07,0.83,Overcast,Cloudy skies throughout the day.,cloudy,"03769099999,03680099999,D5621,03781099999,03672099999,03772099999,03770099999",
London,2024-12-26,47.4,43.1,44.6,47.0,41.0,43.7,42.7,92.8,0.0,0.0,0.0,,0.0,0.0,8.9,5.2,184.1,1034.6,99.9,4.0,8.5,0.9,0,,2024-12-26T08:05:56,2024-12-26T15:56:52,0.86,Overcast,Cloudy skies throughout the day.,cloudy,"03769099999,03680099999,D5621,03781099999,03672099999,03772099999,03770099999",
London,2024-12-27,44.7,42.5,43.6,44.7,40.9,43.3,42.8,96.8,0.0,0.0,0.0,,0.0,0.0,6.3,4.4,264.1,1032.6,98.5,1.6,6.6,0.5,0,,2024-12-27T08:06:08,2024-12-27T15:57:41,0.89,Overcast,Cloudy skies throughout the day.,cloudy,"03769099999,03680099999,D5621,03781099999,03672099999,03768099999,03772099999,03770099999",
London,2024-12-28,42.5,39.5,40.8,40.7,35.3,38.1,39.2,94.0,0.0,0.0,0.0,,0.0,0.0,10.1,6.2,275.0,1029.2,99.9,3.1,7.4,0.6,0,,2024-12-28T08:06:16,2024-12-28T15:58:32,0.92,Overcast,Cloudy skies throughout the day.,cloudy,"03769099999,03680099999,D5621,03781099999,03672099999,03772099999,03770099999",
London,2024-12-29,47.4,38.0,41.9,43.0,33.0,37.8,40.1,93.4,0.0,0.0,0.0,,0.0,0.0,11.1,9.9,249.4,1029.8,99.9,3.2,12.1,1.0,1,,2024-12-29T08:06:21,2024-12-29T15:59:26,0.95,Overcast,Cloudy skies throughout the day.,cloudy,"03769099999,03680099999,D5621,03781099999,03672099999,03772099999,03770099999",
London,2024-12-30,48.3,45.8,47.0,43.8,40.6,42.2,41.2,80.3,0.0,0.0,0.0,,0.0,0.0,18.5,14.2,238.8,1027.7,98.2,17.7,21.0,1.8,2,,2024-12-30T08:06:23,2024-12-30T16:00:23,0.0,Overcast,Cloudy skies throughout the day.,cloudy,"03769099999,03680099999,D5621,03781099999,03672099999,03772099999,03770099999",
London,2024-12-31,54.6,45.8,50.8,54.6,41.8,49.0,44.4,78.9,0.0,0.0,0.0,,0.0,0.0,34.7,22.9,226.8,1020.1,88.3,9.3,18.7,1.7,1,,2024-12-31T08:06:21,2024-12-31T16:01:23,0.02,Partially cloudy,Partly cloudy throughout the day.,partly-cloudy-day,"03769099999,03680099999,D5621,03781099999,03672099999,03772099999,03770099999",
Berlin,2024-10-16,58.1,39.5,48.2,58.1,34.4,45.6,39.8,74.0,0.0,0.0,0.0,,0.0,0.0,28.2,15.8,115.8,1023.8,20.1,25.4,119.3,10.4,5,,2024-10-16T07:34:24,2024-10-16T18:08:42,0.46,Partially cloudy,Clearing in the afternoon.,partly-cloudy-day,"00427,07389,03987,00403,E2835,00433,00400",
Berlin,2024-10-17,62.3,45.6,52.9,62.3,41.1,51.0,44.8,74.4,0.0,0.0,0.0,,0.0,0.0,25.7,13.4,128.6,1018.2,41.0,26.5,95.1,8.3,5,,2024-10-17T07:36:11,2024-10-17T18:06:31,0.5,Partially cloudy,Becoming cloudy in the afternoon.,partly-cloudy-day,"00427,07389,03987,00403,E2835,00433,00400",
Berlin,2024-10-18,63.6,47.3,54.7,63.6,44.5,54.0,48.4,80.3,0.0,0.0,0.0,,0.0,0.0,19.5,10.7,120.2,1017.0,62.3,20.4,95.3,8.3,4,,2024-10-18T07:37:59,2024-10-18T18:04:20,0.53,Partially cloudy,Partly cloudy throughout the day.,partly-cloudy-day,"00427,07389,03987,00403,E2835,00433,00400",
Berlin,2024-10-19,64.8,49.9,56.3,64.8,46.6,56.2,49.7,78.8,0.0,0.0,0.0,,0.0,0.0,19.5,10.2,155.1,1017.8,78.3,22.3,79.8,6.8,4,,2024-10-19T07:39:46,2024-10-19T18:02:11,0.56,Partially cloudy,Partly cloudy throughout the day.,partly-cloudy-day,"00427,07389,03987,00403,E2835,00433,00400",
Berlin,2024-10-20,61.6,51.1,55.3,61.6,51.1,55.3,49.1,80.5,0.0,0.0,0.0,,0.0,0.0,18.1,8.9,154.8,1022.5,88.8,18.5,78.3,7.0,4,,2024-10-20T07:41:34,2024-10-20T18:00:02,0.6,Partially cloudy,Partly cloudy throughout the day.,partly-cloudy-day,"00427,07389,03987,00403,E2835,00433,00400",
Berlin,2024-10-21,65.4,56.6,60.7,65.4,56.6,60.7,55.6,83.5,0.01,100.0,8.33,rain,0.0,0.0,17.9,9.5,196.9,1023.6,92.7,22.1,40.0,3.4,2,,2024-10-21T07:43:23,2024-10-21T17:57:55,0.63,"Rain, Overcast",Cloudy skies throughout the day with morning rain.,rain,"00427,07389,03987,00403,E2835,00433,00400",
Berlin,2024-10-22,62.4,48.5,55.7,62.4,45.6,55.4,51.3,85.3,0.0,0.0,0.0,,0.0,0.0,27.3,19.4,248.4,1025.1,54.8,21.7,45.4,3.9,2,,2024-10-22T07:45:11,2024-10-22T17:55:49,0.66,Partially cloudy,Partly cloudy throughout the day.,partly-cloudy-day,"00427,07389,03987,00403,E2835,00433,00400",
Berlin,2024-10-23,60.7,42.5,49.8,60.7,39.8,48.5,46.1,87.8,0.0,0.0,0.0,,0.0,0.0,13.0,7.1,249.0,1034.8,6.5,17.7,84.3,7.3,5,,2024-10-23T07:47:00,2024-10-23T17:53:44,0.7,Clear,Clear conditions throughout the day.,clear-day,"00427,07389,03987,00403,E2835,00433,00400",
Berlin,2024-10-24,60.2,38.7,48.9,60.2,35.6,47.9,44.1,85.1,0.0,0.0,0.0,,0.0,0.0,19.9,12.0,109.5,1031.4,5.8,15.5,101.2,8.7,4,,2024-10-24T07:48:49,2024-10-24T17:51:40,0.75,Clear,Clear conditions throughout the day.,clear-day,"00427,07389,03987,00403,E2835,00433,00400",
Berlin,2024-10-25,63.2,43.9,52.1,63.2,40.9,51.0,47.6,85.6,0.0,0.0,0.0,,0.0,0.0,14.3,6.9,149.0,1022.4,2.6,13.7,92.8,7.9,4,,2024-10-25T07:50:38,2024-10-25T17:49:37,0.76,Clear,Clear conditions throughout the day.,clear-day,"00427,07389,03987,00403,E2835,00433,00400",
Berlin,2024-10-26,64.7,45.1,53.1,64.7,44.0,52.9,49.9,89.5,0.0,0.0,0.0,,0.0,0.0,10.1,7.4,136.0,1021.0,13.3,7.5,93.7,8.1,4,,2024-10-26T07:52:28,2024-10-26T17:47:35,0.8,Clear,Clear conditions throughout the day.,clear-day,"00427,07389,03987,00403,E2835,00433,00400",
Berlin,2024-10-27,59.1,45.1,51.8,59.1,40.8,50.6,48.9,90.0,0.001,100.0,4.17,rain,0.0,0.0,23.9,16.1,226.4,1019.4,47.6,4.2,76.2,6.9,5,,2024-10-27T06:54:18,2024-10-27T16:45:35,0.83,"Rain, Partially cloudy",Partly cloudy throughout the day with afternoon rain.,rain,"00427,07389,06265,03509,03987,10385099999,00403,EDDB,E2835,05745,00433,00400",
Berlin,2024-10-28,60.1,44.7,52.5,60.1,42.9,51.8,50.6,93.5,0.007,100.0,8.33,rain,0.0,0.0,17.2,11.4,214.5,1024.0,88.5,8.1,37.8,3.2,1,,2024-10-28T06:56:08,2024-10-28T16:43:36,0.86,"Rain, Partially cloudy",Partly cloudy throughout the day with rain.,rain,"00427,07389,06265,03509,03987,10385099999,00403,EDDB,E2835,05745,00400,00433",
Berlin,2024-10-29,59.4,53.6,56.2,59.4,53.6,56.2,53.3,89.9,0.028,100.0,20.83,rain,0.0,0.0,16.1,8.7,244.6,1024.1,98.5,14.0,31.6,2.8,2,,2024-10-29T06:57:58,2024-10-29T16:41:39,0.9,"Rain, Overcast",Cloudy skies throughout the day with rain clearing later.,rain,"00427,07389,03987,00403,E2835,00433,00400",
Berlin,2024-10-30,59.5,54.8,56.7,59.5,54.8,56.7,52.7,86.6,0.0,0.0,0.0,,0.0,0.0,20.4,10.9,279.2,1025.2,98.1,14.8,28.8,2.6,2,,2024-10-30T06:59:48,2024-10-30T16:39:43,0.93,Overcast,Cloudy skies throughout the day.,cloudy,"00427,07389,03509,03987,00403,00303,E2835,05745,00433,00400",
Berlin,2024-10-31,56.2,48.5,53.6,56.2,45.3,53.2,48.3,82.6,0.0,0.0,0.0,,0.0,0.0,23.7,12.3,265.5,1026.0,96.6,21.5,32.7,2.9,2,,2024-10-31T07:01:39,2024-10-31T16:37:48,0.96,Overcast,Cloudy skies throughout the day.,cloudy,"00427,07389,03987,00403,00303,E2835,05745,00433,00400",
Berlin,2024-11-01,54.4,50.0,52.1,54.4,44.8,51.9,48.3,86.9,0.0,0.0,0.0,,0.0,0.0,28.6,14.5,265.9,1021.1,82.5,7.0,17.0,1.5,1,,2024-11-01T07:03:29,2024-11-01T16:35:55,0.0,Partially cloudy,Partly cloudy throughout the day.,partly-cloudy-day,"00427,07389,03987,00403,E2835,00433,00400",
Berlin,2024-11-02,52.0,33.4,45.1,52.0,32.2,42.8,38.2,77.5,0.032,100.0,16.67,rain,0.0,0.0,22.4,13.9,339.2,1029.9,56.5,21.9,77.5,6.8,4,,2024-11-02T07:05:20,2024-11-02T16:34:04,0.03,"Rain, Partially cloudy",Partly cloudy throughout the day with early morning rain.,rain,"00427,07389,03987,00403,E2835,00433,00400",
Berlin,2024-11-03,50.3,31.1,40.2,50.3,27.5,37.6,35.3,83.9,0.0,0.0,0.0,,0.0,0.0,15.2,7.6,243.8,1031.2,47.7,21.6,78.8,6.9,4,,2024-11-03T07:07:10,2024-11-03T16:32:14,0.07,Partially cloudy,Partly cloudy throughout the day.,partly-cloudy-day,"00427,07389,03987,00403,E2835,00433,00400",
Berlin,2024-11-04,51.1,43.2,47.5,51.1,39.1,45.6,45.3,92.2,0.008,100.0,16.67,rain,0.0,0.0,13.9,7.4,237.5,1030.6,99.5,10.6,28.2,2.5,1,,2024-11-04T07:09:01,2024-11-04T16:30:26,0.1,"Rain, Overcast",Cloudy skies throughout the day with morning rain.,rain,"00427,07389,03987,00403,E2835,00433,00400",
Berlin,2024-11-05,48.1,39.4,44.4,46.0,36.1,41.9,41.5,89.6,0.0,0.0,0.0,,0.0,0.0,15.2,8.0,134.6,1027.9,75.8,12.4,39.1,3.3,1,,2024-11-05T07:10:51,2024-11-05T16:28:40,0.14,Partially cloudy,Partly cloudy throughout the day.,partly-cloudy-day,"00427,07389,03987,00403,E2835,00433,00400",
Berlin,2024-11-06,40.8,37.8,39.2,40.1,35.1,38.1,38.8,98.5,0.002,100.0,8.33,rain,0.0,0.0,6.9,4.4,177.0,1031.0,99.8,2.1,14.5,1.3,1,,2024-11-06T07:12:41,2024-11-06T16:26:55,0.17,"Rain, Overcast",Cloudy skies throughout the day with late afternoon rain.,rain,"00427,07389,03987,00403,E2835,00433,00400",
Berlin,2024-11-07,41.4,39.9,40.6,41.3,35.1,38.7,37.7,89.6,0.003,100.0,8.33,rain,0.0,0.0,9.2,9.3,58.5,1035.0,99.9,15.5,16.1,1.3,1,,2024-11-07T07:14:32,2024-11-07T16:25:12,0.21,"Rain, Overcast",Cloudy skies throughout the day with morning rain.,rain,"00427,07389,03987,00403,E2835,00433,00400",
Berlin,2024-11-08,42.6,40.1,41.4,40.3,34.3,36.2,37.1,84.6,0.0,0.0,0.0,,0.0,0.0,20.4,11.9,98.7,1033.3,82.0,12.7,15.9,1.3,1,,2024-11-08T07:16:22,2024-11-08T16:23:32,0.24,Partially cloudy,Partly cloudy throughout the day.,partly-cloudy-day,"00427,07389,03987,00403,E2835,00433,00400",
Berlin,2024-11-09,43.6,35.7,39.3,38.9,29.6,33.4,35.8,87.3,0.0,0.0,0.0,,0.0,0.0,17.0,12.6,102.2,1029.8,67.0,5.2,44.4,3.9,3,,2024-11-09T07:18:11,2024-11-09T16:21:53,0.25,Partially cloudy,Partly cloudy throughout the day.,partly-cloudy-day,"00427,07389,03987,00403,E2835,00433,00400",
Berlin,2024-11-10,35.2,33.3,34.3,35.1,27.9,31.3,33.6,97.3,0.0,0.0,0.0,,0.0,0.0,10.1,8.3,139.8,1029.5,82.3,1.6,13.5,1.2,1,,2024-11-10T07:20:01,2024-11-10T16:20:16,0.31,Partially cloudy,Partly cloudy throughout the day.,partly-cloudy-day,"00427,07389,03987,00403,E2835,00433,00400",
Berlin,2024-11-11,42.4,34.4,38.8,39.6,30.5,36.1,37.2,93.9,0.0,0.0,0.0,,0.0,0.0,12.3,8.3,129.2,1028.5,99.9,3.8,16.5,1.3,1,,2024-11-11T07:21:50,2024-11-11T16:18:41,0.35,Overcast,Cloudy skies throughout the day.,cloudy,"00427,07389,03987,00403,E2835,00433,00400",
Berlin,2024-11-12,41.0,38.7,39.7,39.3,33.5,36.4,37.7,92.5,0.005,100.0,4.17,rain,0.0,0.0,13.0,7.8,59.6,1032.3,99.0,6.5,11.4,1.1,1,,2024-11-12T07:23:39,2024-11-12T16:17:09,0.38,"Rain, Overcast",Cloudy skies throughout the day with afternoon rain.,rain,"00427,07389,03987,00403,E2835,00433,00400",
Berlin,2024-11-13,46.7,37.7,41.8,45.7,33.8,38.9,39.6,92.0,0.003,100.0,8.33,rain,0.0,0.0,15.4,7.5,276.2,1029.3,77.0,11.8,27.8,2.3,3,,2024-11-13T07:25:27,2024-11-13T16:15:39,0.42,"Rain, Partially cloudy",Partly cloudy throughout the day with rain clearing later.,rain,"00427,07389,03987,00403,E2835,00433,00400",
Berlin,2024-11-14,47.2,35.8,42.7,42.7,31.2,38.3,40.8,93.2,0.03,100.0,25.0,rain,0.0,0.0,19.7,13.3,257.9,1022.8,92.9,9.6,14.0,1.2,1,,2024-11-14T07:27:15,2024-11-14T16:14:11,0.45,"Rain, Overcast",Cloudy skies throughout the day with rain in the morning and afternoon.,rain,"00427,07389,03987,00403,E2835,00433,00400",
Berlin,2024-11-15,48.9,40.7,45.7,44.7,37.1,41.4,41.9,86.9,0.0,0.0,0.0,,0.0,0.0,20.1,12.6,267.2,1023.9,98.0,14.4,27.8,2.4,2,,2024-11-15T07:29:02,2024-11-15T16:12:45,0.5,Overcast,Cloudy skies throughout the day.,cloudy,"00427,07389,03987,00403,E2835,00433,00400",
Berlin,2024-11-16,47.4,44.3,45.2,43.2,38.4,40.0,37.4,74.0,0.0,0.0,0.0,,0.0,0.0,24.8,12.5,237.7,1017.5,79.6,22.9,12.0,1.0,1,,2024-11-16T07:30:49,2024-11-16T16:11:21,0.52,Partially cloudy,Partly cloudy throughout the day.,partly-cloudy-day,"00427,07389,03987,00403,E2835,00433,00400",
Berlin,2024-11-17,45.4,41.2,43.1,39.5,34.2,36.9,39.4,86.9,0.132,100.0,41.67,rain,0.0,0.0,28.0,17.1,238.6,1006.2,95.0,14.5,13.8,1.2,1,,2024-11-17T07:32:34,2024-11-17T16:10:00,0.55,"Rain, Overcast",Cloudy skies throughout the day with a chance of rain throughout the day.,rain,"00427,07389,03987,00403,E2835,00433,00400",
Berlin,2024-11-18,43.8,38.5,41.1,37.0,32.3,34.3,34.1,76.1,0.0,0.0,0.0,,0.0,0.0,31.3,14.9,253.9,1006.1,66.2,28.9,21.6,1.8,2,,2024-11-18T07:34:19,2024-11-18T16:08:42,0.58,Partially cloudy,Partly cloudy throughout the day.,partly-cloudy-day,"00427,07389,03987,00403,E2835,00433,00400",
Berlin,2024-11-19,49.9,34.3,38.6,44.7,24.6,32.4,36.4,91.7,0.834,100.0,62.5,"rain,snow",0.0,0.0,38.5,16.3,229.2,995.0,99.8,14.7,7.3,0.8,0,,2024-11-19T07:36:03,2024-11-19T16:07:26,0.62,"Snow, Rain, Overcast",Cloudy skies throughout the day with rain or snow.,rain,"00427,07389,03987,00403,E2835,00433,00400",
Berlin,2024-11-20,37.7,34.9,36.2,30.3,25.3,28.2,32.7,87.4,0.081,100.0,33.33,"rain,snow",0.1,0.0,26.6,16.2,274.3,994.3,87.5,17.9,23.2,1.8,2,,2024-11-20T07:37:47,2024-11-20T16:06:13,0.65,"Snow, Rain, Partially cloudy",Partly cloudy throughout the day with rain or snow.,snow,"00427,07389,03987,00403,E2835,00433,00400",
Berlin,2024-11-21,37.7,31.3,34.4,30.8,23.8,27.0,29.7,82.8,0.002,100.0,4.17,"rain,snow",0.0,0.0,28.2,13.7,243.8,996.3,73.4,24.4,31.0,2.7,2,,2024-11-21T07:39:29,2024-11-21T16:05:02,0.68,"Snow, Rain, Partially cloudy",Partly cloudy throughout the day with early morning snow or rain.,rain,"00427,07389,03987,00403,E2835,00433,00400",
Berlin,2024-11-22,36.9,31.1,34.9,30.6,24.5,28.1,30.0,82.3,0.013,100.0,12.5,"rain,snow",0.1,0.0,22.6,12.6,233.0,998.1,85.2,23.1,19.8,1.6,2,,2024-11-22T07:41:10,2024-11-22T16:03:54,0.71,"Snow, Rain, Partially cloudy",Partly cloudy throughout the day with rain or snow.,snow,"00427,07389,03987,05825,00403,E2835,00433,00400",
Berlin,2024-11-23,41.4,31.1,35.9,35.5,23.0,28.9,30.3,79.9,0.008,100.0,4.17,"rain,snow",0.0,0.0,26.4,14.7,232.2,1016.4,63.8,27.9,22.8,1.8,1,,2024-11-23T07:42:49,2024-11-23T16:02:49,0.75,"Snow, Rain, Partially cloudy",Partly cloudy throughout the day with early morning snow or rain.,rain,"00427,07389,03987,00403,E2835,00433,00400",
Berlin,2024-11-24,54.3,37.4,47.0,54.3,29.3,43.8,40.9,80.1,0.444,100.0,45.83,rain,0.0,0.0,27.1,13.0,191.7,1012.4,93.4,17.6,25.4,2.3,1,,2024-11-24T07:44:28,2024-11-24T16:01:47,0.78,"Rain, Overcast",Cloudy skies throughout the day with a chance of rain throughout the day.,rain,"00427,07389,03987,00403,E2835,00433,00400",
Berlin,2024-11-25,57.0,49.2,53.7,57.0,45.3,53.2,41.7,64.0,0.0,0.0,0.0,,0.0,0.0,25.5,12.8,171.1,1010.1,71.6,29.4,26.3,2.1,1,,2024-11-25T07:46:05,2024-11-25T16:00:47,0.81,Partially cloudy,Partly cloudy throughout the day.,partly-cloudy-day,"00427,07389,03987,00403,E2835,00433,00400",
Berlin,2024-11-26,52.3,45.4,48.7,52.3,42.2,46.7,43.7,83.0,0.07,100.0,25.0,rain,0.0,0.0,18.3,9.2,228.9,1016.3,60.1,19.9,40.5,3.6,3,,2024-11-26T07:47:41,2024-11-26T15:59:51,0.84,"Rain, Partially cloudy",Partly cloudy throughout the day with rain clearing later.,rain,"00427,07389,03987,00403,E2835,00433,00400",
Berlin,2024-11-27,48.3,39.4,44.3,46.4,35.8,40.3,40.6,87.0,0.137,100.0,16.67,rain,0.0,0.0,37.6,14.6,178.4,1019.0,53.7,18.4,53.7,4.6,3,,2024-11-27T07:49:15,2024-11-27T15:58:57,0.88,"Rain, Partially cloudy",Becoming cloudy in the afternoon with late afternoon rain.,rain,"00427,07389,03987,00403,E2835,00433,00400",
Berlin,2024-11-28,48.0,41.1,43.5,42.6,32.5,36.1,40.6,89.8,0.372,100.0,87.5,rain,0.0,0.0,37.8,20.6,272.4,1011.3,91.7,13.0,6.2,0.5,0,,2024-11-28T07:50:47,2024-11-28T15:58:07,0.91,"Rain, Overcast",Cloudy skies throughout the day with a chance of rain throughout the day.,rain,"00427,07389,03987,00403,E2835,00433,00400",
Berlin,2024-11-29,43.2,36.8,40.5,40.8,30.7,36.4,35.9,83.5,0.0,0.0,0.0,,0.0,0.0,26.2,15.3,320.0,1032.3,73.0,29.0,9.5,0.8,1,,2024-11-29T07:52:18,2024-11-29T15:57:19,0.94,Partially cloudy,Partly cloudy throughout the day.,partly-cloudy-day,"00427,07389,03987,00403,E2835,00433,00400",
Berlin,2024-11-30,42.0,32.9,37.2,37.2,26.7,32.4,32.4,82.8,0.0,0.0,0.0,,0.0,0.0,17.0,9.3,157.9,1033.3,52.0,28.4,56.5,5.0,3,,2024-11-30T07:53:47,2024-11-30T15:56:35,0.97,Partially cloudy,Partly cloudy throughout the day.,partly-cloudy-day,"00427,07389,03987,00403,E2835,00433,00400",
Berlin,2024-12-01,41.1,28.6,33.1,36.9,22.3,27.5,30.1,88.8,0.0,0.0,0.0,,0.0,0.0,16.1,8.4,152.0,1025.7,1.0,14.7,56.4,4.9,3,,2024-12-01T07:55:14,2024-12-01T15:55:54,0.0,Clear,Clear conditions throughout the day.,clear-day,"00427,07389,03987,00403,E2835,00433,00400",
Berlin,2024-12-02,44.3,29.8,37.9,40.3,23.4,32.8,33.4,83.6,0.0,0.0,0.0,,0.0,0.0,16.1,9.1,186.1,1016.1,62.3,19.5,25.4,2.2,1,,2024-12-02T07:56:39,2024-12-02T15:55:17,0.04,Partially cloudy,Partly cloudy throughout the day.,partly-cloudy-day,"00427,07389,03987,00403,E2835,00433,00400",
Berlin,2024-12-03,47.3,41.0,42.9,44.3,35.6,38.7,39.9,89.2,0.08,100.0,33.33,rain,0.0,0.0,15.7,14.2,227.4,1014.6,82.4,15.6,26.5,2.4,2,,2024-12-03T07:58:02,2024-12-03T15:54:42,0.08,"Rain, Partially cloudy",Partly cloudy throughout the day with rain.,rain,"00427,07389,03987,00403,E2835,00433,00400",
Berlin,2024-12-04,41.2,39.5,40.0,37.4,34.6,35.5,37.5,90.9,0.032,100.0,37.5,rain,0.0,0.0,15.9,8.5,255.0,1021.8,93.2,14.4,17.8,1.7,1,,2024-12-04T07:59:23,2024-12-04T15:54:11,0.11,"Rain, Overcast",Cloudy skies throughout the day with a chance of rain throughout the day.,rain,"00427,07389,03987,00403,E2835,00433,00400",
Berlin,2024-12-05,40.8,36.7,38.8,35.9,29.2,33.1,34.9,86.0,0.097,100.0,29.17,rain,0.0,0.0,23.3,11.8,206.4,1021.7,72.0,14.8,46.1,4.1,3,,2024-12-05T08:00:41,2024-12-05T15:53:44,0.15,"Rain, Partially cloudy",Clearing in the afternoon with rain clearing later.,rain,"00427,07389,03987,00403,E2835,00433,00400",
Berlin,2024-12-06,44.7,36.6,40.6,44.7,28.1,35.7,38.2,91.5,0.382,100.0,62.5,rain,0.1,0.0,25.5,13.9,167.6,1004.2,98.9,13.1,12.4,0.9,1,,2024-12-06T08:01:58,2024-12-06T15:53:19,0.18,"Rain, Overcast",Cloudy skies throughout the day with a chance of rain or snow throughout the day.,snow,"00427,07389,03987,00403,E2835,00433,00400",
Berlin,2024-12-07,43.9,40.1,42.0,40.3,33.9,37.0,39.6,91.5,0.136,100.0,54.17,rain,0.0,0.0,19.9,10.8,175.2,1006.1,99.8,15.2,20.3,1.8,1,,2024-12-07T08:03:11,2024-12-07T15:52:58,0.22,"Rain, Overcast",Cloudy skies throughout the day with a chance of rain throughout the day.,rain,"00427,07389,03987,00403,E2835,00433,00400",
Berlin,2024-12-08,40.9,38.8,40.1,36.5,31.6,34.4,38.2,92.9,0.04,100.0,25.0,rain,0.0,0.0,18.8,11.9,78.1,1011.0,100.0,8.7,7.1,0.7,0,,2024-12-08T08:04:22,2024-12-08T15:52:41,0.25,"Rain, Overcast",Cloudy skies throughout the day with rain.,rain,"00427,07389,03987,00403,E2835,00433,00400",
Berlin,2024-12-09,40.6,34.6,38.3,34.0,28.0,31.5,36.3,92.6,0.141,100.0,41.67,"rain,snow",0.0,0.0,22.4,15.8,45.1,1023.9,100.0,10.6,8.5,0.7,1,,2024-12-09T08:05:31,2024-12-09T15:52:27,0.29,"Snow, Rain, Overcast",Cloudy skies throughout the day with a chance of rain or snow throughout the day.,rain,"00427,07389,03987,00403,E2835,00433,00400",
Berlin,2024-12-10,39.8,36.6,37.7,32.7,28.9,30.9,34.5,88.3,0.0,0.0,0.0,,0.0,0.0,21.3,15.4,64.5,1030.5,99.3,16.4,8.5,0.6,0,,2024-12-10T08:06:37,2024-12-10T15:52:17,0.33,Overcast,Cloudy skies throughout the day.,cloudy,"00427,07389,03987,05825,00403,E2835,00433,00400",
Berlin,2024-12-11,38.3,34.4,36.4,38.3,28.4,32.3,32.7,86.5,0.0,0.0,0.0,,0.0,0.0,11.2,8.6,340.6,1030.6,97.7,16.7,9.3,0.9,1,,2024-12-11T08:07:40,2024-12-11T15:52:10,0.36,Overcast,Cloudy skies throughout the day.,cloudy,"00427,07389,03987,00403,E2835,00433,00400",
Berlin,2024-12-12,36.3,34.7,35.4,36.3,30.0,32.5,30.9,83.6,0.0,0.0,0.0,,0.0,0.0,7.4,5.7,298.4,1032.2,94.6,14.4,6.8,0.5,0,,2024-12-12T08:08:40,2024-12-12T15:52:07,0.4,Overcast,Cloudy skies throughout the day.,cloudy,"00427,07389,03987,00403,E2835,00433,00400",
Berlin,2024-12-13,37.0,32.8,34.6,31.0,26.6,28.9,29.8,82.7,0.0,0.0,0.0,,0.0,0.0,17.7,10.8,138.9,1031.7,63.9,15.4,27.8,2.5,3,,2024-12-13T08:09:38,2024-12-13T15:52:07,0.43,Partially cloudy,Partly cloudy throughout the day.,partly-cloudy-day,"00427,07389,03987,00403,E2835,00433,00400",
Berlin,2024-12-14,37.5,29.6,32.8,29.9,20.9,25.2,30.1,89.7,0.04,100.0,12.5,"rain,snow",0.0,0.0,25.1,12.1,239.3,1017.1,80.7,6.7,6.9,0.5,0,,2024-12-14T08:10:32,2024-12-14T15:52:11,0.47,"Snow, Rain, Partially cloudy",Partly cloudy throughout the day with late afternoon rain or snow.,rain,"00427,07389,03987,00403,E2835,00433,00400",
Berlin,2024-12-15,46.9,38.3,41.9,40.6,30.9,34.9,39.9,92.6,0.091,100.0,79.17,rain,0.0,0.0,33.3,15.5,261.2,1018.2,99.7,9.8,12.2,1.0,1,,2024-12-15T08:11:23,2024-12-15T15:52:19,0.5,"Rain, Overcast",Cloudy skies throughout the day with a chance of rain throughout the day.,rain,"00427,07389,03987,00403,E2835,00433,00400",
Berlin,2024-12-16,52.5,47.9,50.1,52.5,41.9,47.4,46.8,88.5,0.046,100.0,29.17,rain,0.0,0.0,38.5,20.4,263.9,1021.1,100.0,16.8,19.0,1.7,2,,2024-12-16T08:12:11,2024-12-16T15:52:30,0.53,"Rain, Overcast",Cloudy skies throughout the day with rain.,rain,"00427,07389,03987,00403,E2835,00433,00400",
Berlin,2024-12-17,49.5,47.7,48.8,44.2,41.9,43.5,42.6,79.2,0.0,0.0,0.0,,0.0,0.0,34.7,18.6,262.8,1023.4,99.2,23.5,10.3,1.0,1,,2024-12-17T08:12:56,2024-12-17T15:52:45,0.57,Overcast,Cloudy skies throughout the day.,cloudy,"00427,07389,03987,00403,E2835,00433,00400",
Berlin,2024-12-18,53.7,43.5,48.0,53.7,38.7,45.4,40.9,76.3,0.003,100.0,4.17,rain,0.0,0.0,30.2,15.0,209.4,1014.6,84.8,24.5,19.3,1.7,2,,2024-12-18T08:13:38,2024-12-18T15:53:03,0.6,"Rain, Partially cloudy",Partly cloudy throughout the day with afternoon rain.,rain,"00427,07389,03987,00403,E2835,00433,00400",
Berlin,2024-12-19,56.0,43.2,51.7,56.0,35.6,50.2,45.2,78.5,0.061,100.0,33.33,rain,0.0,0.0,34.0,20.1,227.6,998.8,95.6,22.6,13.4,1.1,1,,2024-12-19T08:14:16,2024-12-19T15:53:25,0.63,"Rain, Overcast",Cloudy skies throughout the day with rain.,rain,"00427,07389,03987,00403,E2835,00433,00400",
Berlin,2024-12-20,43.0,38.7,41.9,35.8,32.3,34.4,35.0,76.5,0.0,0.0,0.0,,0.0,0.0,34.4,19.1,268.0,1011.0,54.7,23.5,39.8,3.5,3,,2024-12-20T08:14:52,2024-12-20T15:53:50,0.66,Partially cloudy,Partly cloudy throughout the day.,partly-cloudy-day,"00427,07389,03987,00403,E2835,00433,00400",
Berlin,2024-12-21,43.7,36.5,40.3,37.9,29.6,33.5,35.1,81.8,0.036,100.0,20.83,rain,0.0,0.0,30.9,15.4,213.0,1012.6,91.3,21.7,11.5,1.0,1,,2024-12-21T08:15:23,2024-12-21T15:54:19,0.7,"Rain, Overcast",Cloudy skies throughout the day with rain.,rain,"00427,07389,03987,00403,E2835,00433,00400",
Berlin,2024-12-22,45.0,38.8,42.4,39.6,32.8,36.6,38.9,87.5,0.149,100.0,37.5,rain,0.0,0.0,30.6,14.9,230.5,996.7,89.8,19.6,12.6,1.0,1,,2024-12-22T08:15:52,2024-12-22T15:54:51,0.75,"Rain, Partially cloudy",Partly cloudy throughout the day with a chance of rain throughout the day.,rain,"00427,07389,03987,00403,E2835,00433,00400",
Berlin,2024-12-23,41.4,37.1,39.3,35.4,29.3,32.6,35.8,87.3,0.102,100.0,54.17,rain,0.0,0.0,26.6,12.3,249.2,1005.7,91.4,19.0,15.0,1.4,1,,2024-12-23T08:16:17,2024-12-23T15:55:27,0.76,"Rain, Overcast",Cloudy skies throughout the day with rain.,rain,"00427,07389,03987,00403,E2835,00433,00400",
Berlin,2024-12-24,40.1,33.8,38.2,36.5,28.8,32.7,34.5,86.6,0.0,0.0,0.0,,0.0,0.0,21.9,13.1,277.3,1023.7,82.3,22.7,12.7,1.1,1,,2024-12-24T08:16:38,2024-12-24T15:56:06,0.79,Partially cloudy,Partly cloudy throughout the day.,partly-cloudy-day,"00427,07389,03987,00403,E2835,00433,00400",
Berlin,2024-12-25,41.8,32.4,37.4,39.4,27.4,33.5,35.1,91.3,0.0,0.0,0.0,,0.0,0.0,12.8,6.5,191.7,1034.6,76.6,14.6,20.1,1.8,1,,2024-12-25T08:16:56,2024-12-25T15:56:49,0.82,Partially cloudy,Partly cloudy throughout the day.,partly-cloudy-day,"00427,07389,03987,00403,E2835,00433,00400",
Berlin,2024-12-26,43.8,39.4,41.9,41.9,36.7,39.9,41.6,99.1,0.019,100.0,37.5,rain,0.0,0.0,7.8,4.9,193.7,1038.1,99.1,1.8,11.1,0.8,1,,2024-12-26T08:17:10,2024-12-26T15:57:34,0.86,"Rain, Overcast",Cloudy skies throughout the day with a chance of rain throughout the day.,rain,"00427,07389,03987,00403,E2835,00433,00400",
Berlin,2024-12-27,38.9,32.9,35.6,38.2,31.1,33.9,35.6,99.8,0.0,0.0,0.0,,0.0,0.0,6.7,4.9,164.4,1036.1,99.1,0.6,16.6,1.4,1,,2024-12-27T08:17:21,2024-12-27T15:58:23,0.89,Overcast,Cloudy skies throughout the day.,fog,"00427,07389,03987,00403,E2835,00433,00400",
Berlin,2024-12-28,32.1,28.0,30.0,32.1,24.1,28.5,29.7,99.0,0.0,0.0,0.0,,0.0,0.0,7.6,4.0,190.9,1030.9,91.6,0.6,13.7,1.3,1,,2024-12-28T08:17:29,2024-12-28T15:59:16,0.92,Overcast,Cloudy skies throughout the day.,fog,"00427,07389,03987,00403,E2835,00433,00400",
Berlin,2024-12-29,35.4,25.9,29.9,29.2,20.4,24.4,29.3,97.3,0.0,0.0,0.0,,0.0,0.0,21.5,13.2,241.0,1027.1,61.5,3.7,16.5,1.4,2,,2024-12-29T08:17:32,2024-12-29T16:00:11,0.95,Partially cloudy,Partly cloudy throughout the day.,partly-cloudy-day,"00427,07389,03987,00403,E2835,00433,00400",
Berlin,2024-12-30,37.4,30.2,35.2,28.6,21.3,25.6,32.8,91.1,0.012,100.0,12.5,"rain,snow",0.0,0.0,23.9,19.7,226.8,1025.8,86.1,4.6,9.5,0.9,1,,2024-12-30T08:17:33,2024-12-30T16:01:10,0.0,"Snow, Rain, Partially cloudy",Partly cloudy throughout the day with rain or snow clearing later.,rain,"00427,07389,03987,10385099999,00403,EDDB,E2835,00433,00400",
Berlin,2024-12-31,37.4,28.4,33.3,31.4,20.4,25.1,30.3,88.8,0.0,0.0,0.0,,0.0,0.0,25.3,15.0,225.8,1023.5,70.2,5.9,42.0,3.6,2,,2024-12-31T08:17:29,2024-12-31T16:02:11,0.02,Partially cloudy,Partly cloudy throughout the day.,partly-cloudy-day,"10385099999,EDDB,E2835",
Tokyo,2025-01-01,52.5,40.4,44.9,52.5,34.9,42.5,19.7,37.2,0.0,0.0,0.0,,0.0,0.0,22.4,10.3,319.6,1015.2,1.6,14.3,124.9,10.8,5,10.0,2025-01-01T06:50:40,2025-01-01T16:38:06,0.04,Clear,Clear conditions throughout the day.,clear-day,"47662099999,47670099999,47642043313,47680099999,47626099999,47682099999",
Tokyo,2025-01-02,56.5,36.3,45.9,56.5,32.3,44.5,28.5,51.6,0.0,0.0,0.0,,0.0,0.0,15.4,5.7,358.1,1015.3,14.4,13.6,127.5,11.1,5,10.0,2025-01-02T06:50:50,2025-01-02T16:38:52,0.08,Clear,Clear conditions throughout the day.,clear-day,"47662099999,47670099999,47642043313,47680099999,47626099999,47682099999",
Tokyo,2025-01-03,44.4,39.5,42.0,41.3,35.3,39.2,34.6,75.0,0.0,0.0,0.0,rain,0.0,0.0,16.6,9.1,27.6,1014.8,57.4,13.1,45.9,4.0,2,10.0,2025-01-03T06:50:58,2025-01-03T16:39:40,0.11,Partially cloudy,Partly cloudy throughout the day.,partly-cloudy-day,"47662099999,47670099999,47642043313,47680099999,47626099999,47682099999",
Tokyo,2025-01-04,48.8,35.3,41.1,45.9,27.8,38.3,24.4,54.4,0.0,0.0,0.0,,0.0,0.0,18.3,10.1,357.5,1019.3,24.8,13.6,129.4,11.2,5,10.0,2025-01-04T06:51:05,2025-01-04T16:40:30,0.15,Partially cloudy,Partly cloudy throughout the day.,partly-cloudy-day,"47662099999,47671099999,47670099999,47642043313,47680099999,47626099999,47682099999",
Tokyo,2025-01-05,48.8,33.0,40.4,47.1,27.6,38.2,26.4,58.0,0.0,0.0,0.0,,0.0,0.0,14.1,5.8,349.9,1023.2,13.6,13.3,118.1,10.3,5,10.0,2025-01-05T06:51:09,2025-01-05T16:41:20,0.19,Clear,Clear conditions throughout the day.,clear-day,"47662099999,47670099999,47642043313,47680099999,47626099999,47682099999",
Tokyo,2025-01-06,46.1,35.1,40.1,45.0,33.3,37.6,31.8,73.8,0.672,100.0,29.17,rain,0.0,0.0,28.0,9.3,338.7,1015.1,64.9,9.1,80.0,6.7,4,10.0,2025-01-06T06:51:11,2025-01-06T16:42:11,0.22,"Rain, Partially cloudy",Partly cloudy throughout the day with rain.,rain,"47662099999,47670099999,47642043313,47680099999,47626099999,47682099999",
Tokyo,2025-01-07,55.0,39.6,46.4,55.0,39.4,45.0,37.3,73.9,0.342,100.0,4.17,rain,0.0,0.0,27.5,11.3,300.8,1000.9,31.7,11.8,87.2,7.5,4,10.0,2025-01-07T06:51:12,2025-01-07T16:43:03,0.25,"Rain, Partially cloudy",Clearing in the afternoon with early morning rain.,rain,"47662099999,47671099999,47670099999,47642043313,47680099999,47626099999,47682099999,RJTT",
Tokyo,2025-01-08,52.4,37.4,44.4,52.4,34.3,41.8,20.1,38.4,0.0,0.0,0.0,,0.0,0.0,19.7,13.8,256.4,1008.1,11.5,13.2,131.0,11.3,5,10.0,2025-01-08T06:51:10,2025-01-08T16:43:57,0.29,Clear,Clear conditions throughout the day.,clear-day,"47662099999,47671099999,47727099999,47670099999,47642043313,47680099999,RJTY,47626099999,47682099999,RJTT,RJAA",
Tokyo,2025-01-09,53.7,38.4,44.2,53.7,32.7,40.7,19.3,37.8,0.0,0.0,0.0,,0.0,0.0,27.1,11.8,236.7,1007.6,4.5,13.1,138.0,11.9,5,10.0,2025-01-09T06:51:07,2025-01-09T16:44:51,0.33,Clear,Clear conditions throughout the day.,clear-day,"47662099999,47671099999,47670099999,47680099999,47642043313,47626099999,47682099999",
Tokyo,2025-01-10,47.9,34.1,40.3,43.7,26.6,35.3,13.5,33.9,0.0,0.0,0.0,,0.0,0.0,30.4,15.0,295.1,1013.8,2.6,13.9,140.4,12.1,6,10.0,2025-01-10T06:51:01,2025-01-10T16:45:46,0.36,Clear,Clear conditions throughout the day.,clear-day,"47662099999,47670099999,47642043313,47680099999,RJTY,47626099999,47682099999,RJTT,RJAA",
Tokyo,2025-01-11,51.2,33.7,41.5,51.2,27.5,39.0,19.2,41.7,0.0,0.0,0.0,,0.0,0.0,19.7,9.1,304.0,1021.0,4.8,14.4,140.6,12.1,6,10.0,2025-01-11T06:50:54,2025-01-11T16:46:42,0.4,Clear,Clear conditions throughout the day.,clear-day,"47662099999,47670099999,47642043313,47680099999,47626099999,47682099999",
Tokyo,2025-01-12,46.2,37.1,41.5,46.2,33.6,39.4,29.1,61.6,0.0,0.0,0.0,,0.0,0.0,11.0,6.8,332.2,1019.2,67.0,12.6,78.9,6.9,4,10.0,2025-01-12T06:50:44,2025-01-12T16:47:39,0.44,Partially cloudy,Partly cloudy throughout the day.,partly-cloudy-day,"47662099999,47671099999,47727099999,47670099999,47642043313,47680099999,47626099999,47682099999,RJTT",
Tokyo,2025-01-13,55.0,34.6,44.4,55.0,34.3,42.3,26.6,52.0,0.0,0.0,0.0,,0.0,0.0,30.2,17.2,319.8,1016.5,14.4,13.9,141.4,12.1,6,10.0,2025-01-13T06:50:33,2025-01-13T16:48:36,0.47,Clear,Clear conditions throughout the day.,clear-day,"47662099999,47670099999,47642043313,47680099999,47626099999,47682099999",
Tokyo,2025-01-14,54.2,34.9,43.6,54.2,34.9,42.7,28.1,55.2,0.0,0.0,0.0,,0.0,0.0,9.6,7.9,302.6,1018.6,4.1,11.7,139.5,12.0,6,10.0,2025-01-14T06:50:20,2025-01-14T16:49:34,0.5,Clear,Clear conditions throughout the day.,clear-day,"47662099999,47670099999,47642043313,47680099999,47626099999,47682099999",
Tokyo,2025-01-15,58.3,37.5,45.8,58.3,34.6,44.0,28.5,52.4,0.0,0.0,0.0,,0.0,0.0,24.8,14.9,299.3,1012.0,15.5,12.5,135.3,11.8,5,10.0,2025-01-15T06:50:05,2025-01-15T16:50:33,0.54,Clear,Clear conditions throughout the day.,clear-day,"47662099999,47670099999,47642043313,47680099999,47626099999,47682099999",
Tokyo,2025-01-16,45.7,37.6,40.3,45.7,32.1,36.9,22.5,49.3,0.0,0.0,0.0,,0.0,0.0,22.6,8.0,337.8,1017.2,28.9,14.4,81.0,7.0,3,10.0,2025-01-16T06:49:48,2025-01-16T16:51:32,0.57,Partially cloudy,Partly cloudy throughout the day.,partly-cloudy-day,"47662099999,47670099999,47642043313,47680099999,47626099999,47682099999",
Tokyo,2025-01-17,48.8,34.1,40.9,44.7,30.5,35.9,20.2,45.2,0.0,0.0,0.0,,0.0,0.0,29.8,14.9,320.3,1017.4,2.7,14.3,143.4,12.4,6,10.0,2025-01-17T06:49:29,2025-01-17T16:52:32,0.6,Clear,Clear conditions throughout the day.,clear-day,"47662099999,47670099999,47642043313,47680099999,47626099999,47682099999",
Tokyo,2025-01-18,47.9,35.0,40.2,45.8,29.8,37.0,21.1,46.6,0.0,0.0,0.0,,0.0,0.0,14.1,7.1,23.3,1023.6,6.0,13.4,131.9,11.3,5,10.0,2025-01-18T06:49:08,2025-01-18T16:53:32,0.63,Clear,Clear conditions throughout the day.,clear-day,"47662099999,47670099999,47642043313,47680099999,47626099999,47682099999",
Tokyo,2025-01-19,47.4,35.3,42.4,47.4,31.2,39.9,27.3,55.5,0.0,0.0,0.0,rain,0.0,0.0,14.5,10.2,331.9,1020.8,69.7,11.1,120.2,10.3,5,10.0,2025-01-19T06:48:45,2025-01-19T16:54:33,0.67,Partially cloudy,Partly cloudy throughout the day.,partly-cloudy-day,"47662099999,47670099999,47642043313,47680099999,47626099999,47682099999",
Tokyo,2025-01-20,56.0,41.3,48.4,56.0,38.4,47.6,39.1,71.1,0.02,100.0,8.33,rain,0.0,0.0,13.0,6.0,11.2,1012.3,61.5,9.6,108.8,9.4,5,10.0,2025-01-20T06:48:20,2025-01-20T16:55:34,0.7,"Rain, Partially cloudy",Partly cloudy throughout the day with rain.,rain,"47662099999,47671099999,47670099999,47642043313,47680099999,47626099999,47682099999",
Tokyo,2025-01-21,55.9,45.6,48.9,55.9,42.5,47.7,39.6,71.0,0.0,0.0,0.0,rain,0.0,0.0,16.1,7.0,4.5,1015.3,56.5,11.6,78.8,6.9,3,10.0,2025-01-21T06:47:54,2025-01-21T16:56:36,0.73,Partially cloudy,Partly cloudy throughout the day.,partly-cloudy-day,"47662099999,47670099999,47642043313,47680099999,47626099999,47682099999",
Tokyo,2025-01-22,54.8,40.3,46.9,54.8,35.0,45.4,26.5,46.2,0.0,0.0,0.0,,0.0,0.0,17.4,8.0,353.1,1020.0,5.6,13.4,150.3,13.0,6,10.0,2025-01-22T06:47:25,2025-01-22T16:57:37,0.75,Clear,Clear conditions throughout the day.,clear-day,"47662099999,47670099999,47642043313,47680099999,47626099999,47682099999",
Tokyo,2025-01-23,56.5,40.7,47.5,56.5,37.5,46.0,35.3,63.2,0.0,0.0,0.0,,0.0,0.0,12.1,8.6,336.3,1021.6,40.9,9.5,132.8,11.6,5,10.0,2025-01-23T06:46:55,2025-01-23T16:58:39,0.79,Partially cloudy,Partly cloudy throughout the day.,partly-cloudy-day,"47727099999,47670099999,47642043313,47680099999,RJTI,RJTF,47679043319,47662099999,47687099999,47671099999,47643099999,RJTY,47626099999,47682099999,RJTT,RJAA",
Tokyo,2025-01-24,56.9,41.2,48.6,56.9,36.5,47.2,35.8,62.8,0.0,0.0,0.0,rain,0.0,0.0,13.2,8.6,11.6,1021.3,16.5,9.8,139.4,12.0,6,10.0,2025-01-24T06:46:23,2025-01-24T16:59:42,0.83,Clear,Clear conditions throughout the day.,clear-day,"47662099999,47671099999,47670099999,47686099999,47642043313,47680099999,RJTY,47626099999,47682099999,RJTT,RJAA",
Tokyo,2025-01-25,48.0,41.5,44.5,44.7,37.7,41.7,34.9,70.3,0.019,100.0,4.17,rain,0.0,0.0,18.1,7.1,11.8,1020.7,62.5,11.2,53.0,4.6,2,10.0,2025-01-25T06:45:50,2025-01-25T17:00:44,0.86,"Rain, Partially cloudy",Partly cloudy throughout the day with early morning rain.,rain,"47662099999,47670099999,47642043313,47680099999,47626099999,47682099999",
Tokyo,2025-01-26,53.0,38.5,44.5,53.0,33.3,41.6,24.5,46.6,0.0,0.0,0.0,,0.0,0.0,30.0,15.1,335.1,1017.8,1.6,14.4,158.7,13.6,6,10.0,2025-01-26T06:45:14,2025-01-26T17:01:47,0.89,Clear,Clear conditions throughout the day.,clear-day,"47662099999,47670099999,47642043313,47680099999,47626099999,47682099999",
Tokyo,2025-01-27,49.2,36.8,43.4,48.4,33.4,41.2,27.6,54.4,0.0,0.0,0.0,,0.0,0.0,17.0,7.9,116.4,1014.7,44.6,13.5,118.1,10.2,5,10.0,2025-01-27T06:44:37,2025-01-27T17:02:50,0.92,Partially cloudy,Partly cloudy throughout the day.,partly-cloudy-day,"47662099999,47670099999,47642043313,47680099999,47626099999,47682099999",
Tokyo,2025-01-28,55.2,40.7,47.1,55.2,37.4,45.4,30.4,52.4,0.0,0.0,0.0,rain,0.0,0.0,15.4,8.2,340.1,1007.5,25.9,11.9,138.0,11.9,6,10.0,2025-01-28T06:43:58,2025-01-28T17:03:53,0.96,Partially cloudy,Partly cloudy throughout the day.,partly-cloudy-day,"47662099999,47670099999,47642043313,47680099999,47626099999,47682099999",
Tokyo,2025-01-29,53.3,38.2,44.7,53.3,33.4,42.2,19.8,37.9,0.0,0.0,0.0,,0.0,0.0,25.1,11.8,238.6,1009.6,2.9,13.4,163.9,14.1,6,10.0,2025-01-29T06:43:18,2025-01-29T17:04:55,0.0,Clear,Clear conditions throughout the day.,clear-day,"47662099999,47670099999,47642043313,47680099999,47626099999,47682099999",
Tokyo,2025-01-30,51.8,35.4,43.6,51.8,34.2,42.1,20.0,41.3,0.0,0.0,0.0,,0.0,0.0,19.7,8.1,316.8,1013.2,2.0,14.3,159.7,13.7,6,10.0,2025-01-30T06:42:35,2025-01-30T17:05:58,0.02,Clear,Clear conditions throughout the day.,clear-day,"47662099999,47670099999,47642043313,47680099999,47626099999,47682099999",
Tokyo,2025-01-31,53.8,37.1,44.8,53.8,33.8,42.6,19.7,37.7,0.0,0.0,0.0,,0.0,0.0,15.9,10.2,325.9,1019.5,5.4,14.3,161.2,14.0,6,10.0,2025-01-31T06:41:51,2025-01-31T17:07:01,0.06,Clear,Clear conditions throughout the day.,clear-day,"47662099999,47670099999,47642043313,47680099999,47626099999,47682099999",
Tokyo,2025-02-01,52.4,38.0,45.3,52.4,31.7,43.4,26.8,49.1,0.0,0.0,0.0,,0.0,0.0,9.8,9.4,32.8,1021.2,20.6,12.4,152.9,13.4,6,10.0,2025-02-01T06:41:06,2025-02-01T17:08:04,0.09,Partially cloudy,Partly cloudy throughout the day.,partly-cloudy-day,"47662099999,47670099999,47642043313,47680099999,RJTY,47626099999,47682099999,RJTT,RJAA",
Tokyo,2025-02-02,47.9,37.8,40.7,45.9,31.8,37.4,37.4,88.6,0.276,100.0,25.0,rain,0.0,0.0,19.9,8.1,336.2,1016.8,92.5,8.1,33.7,3.0,2,10.0,2025-02-02T06:40:19,2025-02-02T17:09:07,0.13,"Rain, Overcast",Cloudy skies throughout the day with a chance of rain throughout the day.,rain,"47662099999,47670099999,47642043313,47680099999,47626099999,47682099999",
Tokyo,2025-02-03,48.3,39.5,43.1,47.9,35.5,41.2,35.2,74.5,0.0,0.0,0.0,,0.0,0.0,12.1,6.9,324.5,1008.3,80.4,10.6,82.2,7.1,4,10.0,2025-02-03T06:39:30,2025-02-03T17:10:09,0.16,Partially cloudy,Partly cloudy throughout the day.,partly-cloudy-day,"47662099999,47670099999,47642043313,47680099999,47626099999,47682099999",
Tokyo,2025-02-04,50.2,37.7,43.0,50.2,32.8,39.9,27.4,56.0,0.0,0.0,0.0,"rain,snow",0.0,0.0,19.5,9.2,306.7,999.4,34.6,12.6,119.8,10.2,5,10.0,2025-02-04T06:38:40,2025-02-04T17:11:12,0.2,Partially cloudy,Becoming cloudy in the afternoon.,partly-cloudy-day,"47662099999,47670099999,47642043313,47680099999,47626099999,47682099999",
Tokyo,2025-02-05,46.1,33.2,39.5,43.2,28.1,34.5,16.8,41.8,0.0,0.0,0.0,,0.0,0.0,25.9,15.1,256.3,1001.4,14.5,14.4,162.9,14.0,6,10.0,2025-02-05T06:37:49,2025-02-05T17:12:14,0.25,Clear,Clear conditions throughout the day.,clear-day,"47662099999,47670099999,47642043313,47680099999,47626099999,47682099999",
Tokyo,2025-02-06,47.5,31.5,39.2,46.3,24.5,35.1,14.1,36.3,0.0,0.0,0.0,,0.0,0.0,19.9,10.6,216.3,1008.3,6.2,14.3,168.0,14.6,6,10.0,2025-02-06T06:36:56,2025-02-06T17:13:16,0.27,Clear,Clear conditions throughout the day.,clear-day,"47662099999,47670099999,47642043313,47680099999,47626099999,47682099999",
Tokyo,2025-02-07,50.1,32.2,40.7,50.1,30.5,37.3,14.3,35.2,0.0,0.0,0.0,snow,0.0,0.0,26.6,17.3,232.2,1006.9,15.7,13.8,159.6,13.8,6,10.0,2025-02-07T06:36:01,2025-02-07T17:14:18,0.31,Clear,Clear conditions throughout the day.,clear-day,"47662099999,47670099999,47642043313,47680099999,47626099999,47682099999",
Tokyo,2025-02-08,48.4,33.1,40.3,43.6,21.0,33.9,16.4,38.5,0.0,0.0,0.0,,0.0,0.0,37.4,22.2,306.8,1006.7,5.8,13.6,172.5,14.8,6,10.0,2025-02-08T06:35:05,2025-02-08T17:15:20,0.34,Clear,Clear conditions throughout the day.,clear-day,"47662099999,47671099999,47670099999,47686099999,47642043313,47680099999,RJTY,47626099999,47682099999,RJTT,RJAA",
Tokyo,2025-02-09,52.0,34.1,41.2,52.0,28.3,37.3,15.5,36.5,0.0,0.0,0.0,,0.0,0.0,27.1,10.2,320.2,1014.8,2.1,14.4,180.4,15.6,7,10.0,2025-02-09T06:34:08,2025-02-09T17:16:22,0.38,Clear,Clear conditions throughout the day.,clear-day,"47662099999,47670099999,47642043313,47680099999,47626099999,47682099999",
Tokyo,2025-02-10,51.9,31.8,41.7,51.9,25.7,38.9,18.6,40.7,0.0,0.0,0.0,,0.0,0.0,16.1,7.9,311.7,1016.3,4.2,13.6,164.2,14.1,7,10.0,2025-02-10T06:33:09,2025-02-10T17:17:23,0.41,Clear,Clear conditions throughout the day.,clear-day,"47662099999,47670099999,47642043313,47680099999,RJTY,47626099999,47682099999,RJTT,RJAA",
Tokyo,2025-02-11,49.4,33.2,41.4,44.2,30.1,37.0,19.8,43.3,0.0,0.0,0.0,,0.0,0.0,31.1,17.2,320.3,1020.1,2.6,13.4,182.1,15.8,7,10.0,2025-02-11T06:32:09,2025-02-11T17:18:24,0.45,Clear,Clear conditions throughout the day.,clear-day,"47662099999,47670099999,47642043313,47680099999,RJTY,47626099999,47682099999,RJTT,RJAA",
Tokyo,2025-02-12,54.5,34.8,44.7,54.5,30.7,43.4,28.5,53.4,0.0,0.0,0.0,,0.0,0.0,46.1,26.6,227.9,1016.9,29.1,10.3,138.7,12.0,6,10.0,2025-02-12T06:31:08,2025-02-12T17:19:25,0.5,Partially cloudy,Partly cloudy throughout the day.,partly-cloudy-day,"47662099999,47687099999,47671099999,47670099999,47686099999,47642043313,47680099999,RJTY,47626099999,47682099999,RJTT,RJAA",
Tokyo,2025-02-13,54.7,39.4,46.9,54.7,29.7,43.0,26.1,46.9,0.0,0.0,0.0,,0.0,0.0,53.0,30.1,330.6,1004.0,28.6,8.0,185.2,16.0,7,10.0,2025-02-13T06:30:06,2025-02-13T17:20:25,0.52,Partially cloudy,Partly cloudy throughout the day.,wind,"47662099999,47687099999,47671099999,47642043313,47680099999,RJTY,RJTT",
Tokyo,2025-02-14,54.4,37.8,46.2,54.4,29.9,42.4,21.9,38.3,0.0,0.0,0.0,,0.0,0.0,19.9,20.4,311.1,1014.2,44.9,9.2,165.8,14.2,7,10.0,2025-02-14T06:29:02,2025-02-14T17:21:25,0.55,Partially cloudy,Partly cloudy throughout the day.,partly-cloudy-day,"47662099999,47687099999,47671099999,47727099999,47643099999,47642043313,47680099999,RJTY,RJTT",
Tokyo,2025-02-15,55.6,41.8,48.9,55.6,37.1,47.6,30.3,49.8,0.0,0.0,0.0,rain,0.0,0.0,19.7,10.2,176.1,1018.2,15.6,13.7,179.7,15.4,7,10.0,2025-02-15T06:27:57,2025-02-15T17:22:25,0.58,Clear,Clear conditions throughout the day.,clear-day,"47662099999,47670099999,47642043313,47680099999,47626099999,47682099999",
Tokyo,2025-02-16,61.0,45.8,52.4,61.0,43.9,51.8,36.4,55.9,0.0,0.0,0.0,,0.0,0.0,12.1,9.0,58.1,1011.1,54.8,12.3,158.4,13.7,7,10.0,2025-02-16T06:26:51,2025-02-16T17:23:25,0.61,Partially cloudy,Partly cloudy throughout the day.,partly-cloudy-day,"47662099999,47671099999,47670099999,47642043313,47680099999,47626099999,47682099999,RJTT",
Tokyo,2025-02-17,57.8,39.8,49.2,57.8,32.3,47.1,31.4,51.4,0.0,0.0,0.0,rain,0.0,0.0,38.0,17.3,325.4,1004.8,35.2,12.3,152.2,13.0,6,10.0,2025-02-17T06:25:44,2025-02-17T17:24:24,0.65,Partially cloudy,Partly cloudy throughout the day.,partly-cloudy-day,"47662099999,47670099999,47642043313,47680099999,47626099999,47682099999",
Tokyo,2025-02-18,47.3,36.2,41.0,42.7,27.8,35.3,13.0,32.1,0.0,0.0,0.0,snow,0.0,0.0,32.4,14.9,322.8,1010.4,27.8,13.5,177.8,15.2,6,10.0,2025-02-18T06:24:36,2025-02-18T17:25:23,0.68,Partially cloudy,Partly cloudy throughout the day.,partly-cloudy-day,"47662099999,47670099999,47642043313,47680099999,47626099999,47682099999",
Tokyo,2025-02-19,46.6,33.2,39.2,41.6,27.6,33.5,13.1,35.8,0.0,0.0,0.0,,0.0,0.0,37.4,14.9,326.4,1013.5,2.5,14.6,197.4,17.1,7,10.0,2025-02-19T06:23:26,2025-02-19T17:26:21,0.71,Clear,Clear conditions throughout the day.,clear-day,"47662099999,47670099999,47642043313,47680099999,47626099999,47682099999",
Tokyo,2025-02-20,49.2,30.6,40.1,47.0,25.1,36.1,11.6,32.4,0.0,0.0,0.0,,0.0,0.0,20.4,11.3,311.8,1018.9,20.8,13.4,199.2,17.4,7,10.0,2025-02-20T06:22:16,2025-02-20T17:27:20,0.74,Partially cloudy,Becoming cloudy in the afternoon.,partly-cloudy-day,"47662099999,47671099999,47670099999,47642043313,47680099999,47626099999,47682099999,RJTT",
Tokyo,2025-02-21,50.0,35.0,41.8,50.0,26.3,37.1,11.8,29.6,0.0,0.0,0.0,,0.0,0.0,20.4,16.9,319.2,1020.6,37.1,13.0,191.7,16.7,7,10.0,2025-02-21T06:21:05,2025-02-21T17:28:18,0.75,Partially cloudy,Becoming cloudy in the afternoon.,partly-cloudy-day,"47662099999,47671099999,47670099999,47686099999,47642043313,47680099999,RJTY,47626099999,47682099999,RJTT,RJAA",
Tokyo,2025-02-22,46.9,34.9,40.0,44.6,27.7,35.8,15.1,36.3,0.0,0.0,0.0,snow,0.0,0.0,27.7,14.8,322.7,1019.9,28.8,13.9,179.2,15.5,7,10.0,2025-02-22T06:19:53,2025-02-22T17:29:15,0.81,Partially cloudy,Partly cloudy throughout the day.,partly-cloudy-day,"47662099999,47670099999,47642043313,47680099999,47626099999,47682099999",
Tokyo,2025-02-23,50.2,33.0,41.2,50.2,26.3,37.1,11.5,31.0,0.0,0.0,0.0,rain,0.0,0.0,16.8,9.2,313.0,1020.7,28.7,13.9,205.0,17.7,8,10.0,2025-02-23T06:18:39,2025-02-23T17:30:12,0.84,Partially cloudy,Becoming cloudy in the afternoon.,partly-cloudy-day,"47662099999,47670099999,47642043313,47680099999,47626099999,47682099999",
Tokyo,2025-02-24,49.3,32.6,40.6,44.7,27.1,35.9,16.3,38.2,0.0,0.0,0.0,,0.0,0.0,28.4,13.8,335.0,1018.1,8.0,14.6,202.9,17.6,7,10.0,2025-02-24T06:17:25,2025-02-24T17:31:09,0.87,Clear,Clear conditions throughout the day.,clear-day,"47662099999,47670099999,47642043313,47680099999,47626099999,47682099999",
Tokyo,2025-02-25,53.2,34.5,44.4,53.2,30.1,41.9,23.4,44.6,0.0,0.0,0.0,,0.0,0.0,25.7,12.7,186.2,1023.2,1.2,14.1,217.6,18.8,8,10.0,2025-02-25T06:16:10,2025-02-25T17:32:06,0.91,Clear,Clear conditions throughout the day.,clear-day,"47662099999,47670099999,47642043313,47680099999,47626099999,47682099999",
Tokyo,2025-02-26,62.3,40.4,50.9,62.3,38.9,49.2,23.6,36.3,0.0,0.0,0.0,,0.0,0.0,22.4,10.2,274.1,1015.4,16.6,14.1,211.7,18.3,7,10.0,2025-02-26T06:14:55,2025-02-26T17:33:02,0.94,Clear,Clear conditions throughout the day.,clear-day,"47662099999,47670099999,47642043313,47680099999,47626099999,47682099999",
Tokyo,2025-02-27,59.6,40.7,50.4,59.6,36.8,48.9,26.2,40.6,0.0,0.0,0.0,,0.0,0.0,15.0,9.1,247.8,1019.6,2.0,13.0,217.5,18.8,8,10.0,2025-02-27T06:13:38,2025-02-27T17:33:58,0.97,Clear,Clear conditions throughout the day.,clear-day,"47662099999,47670099999,47642043313,47680099999,47626099999,47682099999",
Tokyo,2025-02-28,61.0,43.3,51.7,61.0,40.0,50.8,34.7,53.1,0.0,0.0,0.0,,0.0,0.0,15.4,7.2,0.2,1019.6,26.7,10.2,187.3,16.1,7,10.0,2025-02-28T06:12:21,2025-02-28T17:34:53,0.0,Partially cloudy,Clearing in the afternoon.,partly-cloudy-day,"47662099999,47670099999,47642043313,47680099999,RJTY,47626099999,47682099999,RJTT,RJAA",
Tokyo,2025-03-01,66.5,45.2,55.7,66.5,42.5,55.4,40.5,59.0,0.0,0.0,0.0,,0.0,0.0,22.8,13.8,167.2,1019.1,9.7,9.5,211.0,18.3,8,10.0,2025-03-01T06:11:03,2025-03-01T17:35:48,0.04,Clear,Clear conditions throughout the day.,clear-day,"47662099999,47670099999,47642043313,47680099999,RJTY,47626099999,47682099999,RJTT,RJAA",
Tokyo,2025-03-02,68.9,46.8,58.2,68.9,44.6,57.8,41.6,57.2,0.0,0.0,0.0,,0.0,0.0,12.5,7.9,349.3,1014.2,35.7,9.1,188.8,16.1,7,10.0,2025-03-02T06:09:44,2025-03-02T17:36:43,0.07,Partially cloudy,Partly cloudy throughout the day.,partly-cloudy-day,"47662099999,47670099999,47642043313,47680099999,47626099999,47682099999",
Tokyo,2025-03-03,57.0,35.4,43.6,57.0,29.4,39.9,40.5,89.3,0.799,100.0,54.17,"rain,snow",1.5,0.1,26.6,12.7,39.3,1016.7,95.4,6.6,15.7,1.4,1,10.0,2025-03-03T06:08:25,2025-03-03T17:37:38,0.11,"Snow, Rain, Overcast",Cloudy skies throughout the day with a chance of rain or snow throughout the day.,snow,"47662099999,47671099999,47670099999,47686099999,47642043313,47680099999,RJTY,47626099999,47682099999,RJTT,RJAA",
Tokyo,2025-03-04,40.8,33.0,36.4,38.4,25.4,32.1,29.4,76.7,0.233,100.0,12.5,"rain,snow",0.4,0.1,19.2,9.3,2.7,1026.5,93.8,9.1,86.1,7.6,5,10.0,2025-03-04T06:07:05,2025-03-04T17:38:32,0.14,"Snow, Rain, Overcast",Cloudy skies throughout the day with late afternoon rain or snow.,snow,"47662099999,47671099999,47670099999,47642043313,47680099999,47626099999,47682099999",
Tokyo,2025-03-05,47.1,33.6,41.1,45.5,26.6,36.4,40.7,98.5,0.756,100.0,37.5,rain,1.5,0.1,25.1,10.4,328.3,1016.2,99.9,3.8,23.2,1.9,1,10.0,2025-03-05T06:05:45,2025-03-05T17:39:26,0.18,"Rain, Overcast",Cloudy skies throughout the day with a chance of rain or snow throughout the day.,snow,"47662099999,47670099999,47642043313,47680099999,47626099999,47682099999",
Tokyo,2025-03-06,52.5,44.7,48.4,52.5,38.9,46.1,33.8,59.8,0.0,0.0,0.0,rain,0.0,0.0,22.4,13.7,327.5,1011.1,97.3,11.9,86.7,7.5,4,10.0,2025-03-06T06:04:23,2025-03-06T17:40:19,0.21,Overcast,Cloudy skies throughout the day.,cloudy,"47662099999,47670099999,47642043313,47680099999,47626099999,47682099999",
Tokyo,2025-03-07,51.9,38.4,44.7,51.9,33.2,40.7,21.3,39.8,0.0,0.0,0.0,snow,0.0,0.0,34.4,19.5,325.9,1019.8,17.8,14.3,231.2,20.1,8,10.0,2025-03-07T06:03:02,2025-03-07T17:41:13,0.25,Clear,Clear conditions throughout the day.,clear-day,"47662099999,47670099999,47642043313,47680099999,47626099999,47682099999",
Tokyo,2025-03-08,42.5,33.1,38.0,39.2,29.8,34.6,25.6,63.7,0.35,100.0,20.83,rain,0.0,0.0,16.6,7.9,17.9,1027.8,92.5,10.1,90.5,7.8,4,10.0,2025-03-08T06:01:40,2025-03-08T17:42:06,0.28,"Rain, Overcast",Cloudy skies throughout the day with rain.,rain,"47662099999,47670099999,47642043313,47680099999,47626099999,47682099999",
Tokyo,2025-03-09,54.7,35.0,44.2,54.7,29.9,41.6,32.7,67.6,0.039,100.0,4.17,"rain,snow",0.1,0.0,22.1,9.1,358.9,1026.0,38.4,9.9,194.0,16.6,7,10.0,2025-03-09T06:00:17,2025-03-09T17:42:58,0.32,"Snow, Rain, Partially cloudy",Clearing in the afternoon with early morning snow or rain.,snow,"47662099999,47670099999,47642043313,47680099999,47626099999,47682099999",
Tokyo,2025-03-10,57.2,38.0,48.1,57.2,35.6,46.4,26.8,44.8,0.0,0.0,0.0,,0.0,0.0,13.0,11.2,123.3,1029.5,8.2,13.4,243.7,21.1,8,10.0,2025-03-10T05:58:54,2025-03-10T17:43:51,0.35,Clear,Clear conditions throughout the day.,clear-day,"47662099999,47670099999,47642043313,47680099999,47626099999,47682099999",
Tokyo,2025-03-11,56.0,44.4,50.5,56.0,42.8,49.7,41.0,70.7,0.019,100.0,4.17,rain,0.0,0.0,21.0,9.0,194.9,1024.9,83.6,11.5,106.5,9.3,5,10.0,2025-03-11T05:57:30,2025-03-11T17:44:43,0.39,"Rain, Partially cloudy",Partly cloudy throughout the day with late afternoon rain.,rain,"47662099999,47670099999,47642043313,47680099999,47626099999,47682099999",
Tokyo,2025-03-12,58.2,47.9,52.7,58.2,46.7,52.5,51.7,96.3,0.602,100.0,29.17,rain,0.0,0.0,17.7,9.0,317.0,1018.1,99.4,3.6,78.5,6.7,3,10.0,2025-03-12T05:56:07,2025-03-12T17:45:35,0.42,"Rain, Overcast",Cloudy skies throughout the day with rain.,rain,"47662099999,47670099999,47642043313,47680099999,47626099999,47682099999",
Tokyo,2025-03-13,66.8,49.5,58.1,66.8,48.8,58.1,47.5,71.4,0.001,100.0,4.17,rain,0.0,0.0,11.9,8.1,316.8,1012.8,57.2,8.2,155.1,13.5,5,10.0,2025-03-13T05:54:42,2025-03-13T17:46:27,0.46,"Rain, Partially cloudy",Partly cloudy throughout the day with late afternoon rain.,rain,"47662099999,47670099999,47642043313,47680099999,RJTY,47626099999,47682099999,RJTT,RJAA",
Tokyo,2025-03-14,64.6,47.9,55.3,64.6,43.8,54.5,25.4,33.2,0.0,0.0,0.0,,0.0,0.0,15.0,9.3,308.1,1020.9,11.9,12.6,219.7,18.9,8,10.0,2025-03-14T05:53:18,2025-03-14T17:47:19,0.5,Clear,Clear conditions throughout the day.,clear-day,"47662099999,47670099999,47642043313,47680099999,47626099999,47682099999",
Tokyo,2025-03-15,51.9,44.8,48.2,51.9,41.6,46.4,28.5,48.1,0.0,0.0,0.0,rain,0.0,0.0,14.3,8.2,7.5,1025.3,74.1,12.4,119.9,10.2,6,10.0,2025-03-15T05:51:53,2025-03-15T17:48:10,0.53,Partially cloudy,Partly cloudy throughout the day.,partly-cloudy-day,"47662099999,47670099999,47642043313,47680099999,47626099999,47682099999",
Tokyo,2025-03-16,45.8,40.8,43.4,43.5,36.4,39.4,42.1,95.2,1.051,100.0,62.5,rain,0.0,0.0,28.2,10.3,329.2,1008.8,99.0,4.8,20.1,1.6,1,10.0,2025-03-16T05:50:28,2025-03-16T17:49:01,0.56,"Rain, Overcast",Cloudy skies throughout the day with a chance of rain throughout the day.,rain,"47662099999,47670099999,47642043313,47680099999,47626099999,47682099999,RJTT",
Tokyo,2025-03-17,59.9,44.3,50.2,59.9,39.8,48.8,36.7,65.4,0.114,100.0,12.5,rain,0.0,0.0,36.7,15.0,325.4,999.8,36.2,12.3,233.7,20.3,8,10.0,2025-03-17T05:49:03,2025-03-17T17:49:52,0.59,"Rain, Partially cloudy",Partly cloudy throughout the day with rain.,rain,"47662099999,47670099999,47642043313,47680099999,47626099999,47682099999",
Tokyo,2025-03-18,54.1,40.8,47.4,54.1,37.3,45.1,28.8,49.7,0.001,100.0,4.17,rain,0.0,0.0,23.3,13.5,43.0,1013.0,62.0,13.8,190.6,16.4,6,10.0,2025-03-18T05:47:37,2025-03-18T17:50:43,0.63,"Rain, Partially cloudy",Partly cloudy throughout the day with late afternoon rain.,rain,"47662099999,47670099999,47642043313,47680099999,47626099999,47682099999",
Tokyo,2025-03-19,49.8,33.5,42.4,45.3,26.3,37.1,36.5,81.5,0.555,100.0,54.17,"rain,snow",0.2,0.1,32.7,14.2,326.6,1009.4,70.8,9.4,82.9,7.4,4,10.0,2025-03-19T05:46:12,2025-03-19T17:51:34,0.66,"Snow, Rain, Partially cloudy",Partly cloudy throughout the day with a chance of rain or snow throughout the day.,snow,"47662099999,47670099999,47642043313,47680099999,47626099999,47682099999,RJTT",
Tokyo,2025-03-20,55.4,39.8,46.9,55.4,36.0,45.1,30.6,54.4,0.002,100.0,8.33,"rain,snow",0.0,0.0,13.4,9.4,30.0,1017.7,34.3,13.7,177.2,15.4,6,10.0,2025-03-20T05:44:46,2025-03-20T17:52:24,0.69,"Snow, Rain, Partially cloudy",Partly cloudy throughout the day with rain or snow in the morning and afternoon.,rain,"47662099999,47670099999,47642043313,47680099999,47626099999,47682099999,RJTT",
Tokyo,2025-03-21,63.1,39.8,51.9,63.1,36.1,51.3,38.9,63.1,0.0,0.0,0.0,,0.0,0.0,21.3,10.3,180.4,1012.2,2.1,11.6,255.1,22.0,9,10.0,2025-03-21T05:43:20,2025-03-21T17:53:15,0.73,Clear,Clear conditions throughout the day.,clear-day,"47662099999,47670099999,47642043313,47680099999,47626099999,47682099999,RJTT",
Tokyo,2025-03-22,73.6,44.9,60.1,73.6,42.4,59.8,39.8,49.3,0.0,0.0,0.0,,0.0,0.0,22.8,10.5,194.2,1006.0,0.0,11.5,259.4,22.5,9,10.0,2025-03-22T05:41:54,2025-03-22T17:54:05,0.75,Clear,Clear conditions throughout the day.,clear-day,"47662099999,47670099999,47642043313,47680099999,47626099999,47682099999",
Tokyo,2025-03-23,76.9,54.4,63.4,76.9,54.4,63.4,40.8,46.6,0.0,0.0,0.0,,0.0,0.0,19.2,9.2,101.3,1006.6,2.5,11.2,249.7,21.5,9,10.0,2025-03-23T05:40:28,2025-03-23T17:54:55,0.79,Clear,Clear conditions throughout the day.,clear-day,"47662099999,47670099999,47642043313,47680099999,47626099999,47682099999",
Tokyo,2025-03-24,65.5,50.3,58.5,65.5,50.3,58.5,50.3,74.7,0.004,100.0,8.33,rain,0.0,0.0,18.8,9.2,135.8,1010.4,53.9,9.9,151.1,13.0,5,10.0,2025-03-24T05:39:02,2025-03-24T17:55:45,0.82,"Rain, Partially cloudy",Partly cloudy throughout the day with late afternoon rain.,rain,"47662099999,47670099999,47642043313,47680099999,47626099999,47682099999",
Tokyo,2025-03-25,75.3,51.2,63.7,75.3,51.2,63.7,49.0,62.4,0.0,0.0,0.0,,0.0,0.0,24.4,11.4,181.2,1003.3,2.1,8.8,262.4,22.7,9,10.0,2025-03-25T05:37:36,2025-03-25T17:56:35,0.86,Clear,Clear conditions throughout the day.,clear-day,"47662099999,47670099999,47642043313,47680099999,47626099999,47682099999",
Tokyo,2025-03-26,78.0,60.1,68.8,78.0,60.1,68.8,44.0,45.0,0.0,0.0,0.0,,0.0,0.0,24.6,13.8,225.2,1003.1,6.9,8.3,265.4,22.8,9,10.0,2025-03-26T05:36:10,2025-03-26T17:57:25,0.89,Clear,Clear conditions throughout the day.,clear-day,"47662099999,47670099999,47642043313,47680099999,RJTI,RJTY,47626099999,RJTF,47682099999,RJTT,RJAA",
Tokyo,2025-03-27,70.8,54.8,63.9,70.8,54.8,63.9,53.3,69.1,0.0,0.0,0.0,,0.0,0.0,34.7,18.2,161.5,1008.6,47.8,9.3,230.9,19.9,8,10.0,2025-03-27T05:34:44,2025-03-27T17:58:14,0.92,Partially cloudy,Partly cloudy throughout the day.,partly-cloudy-day,"47662099999,47671099999,47643099999,47670099999,47686099999,47642043313,47680099999,47626099999,47682099999,RJTT,RJAA",
Tokyo,2025-03-28,76.6,59.3,68.4,76.6,59.3,68.4,61.0,78.1,0.089,100.0,16.67,rain,0.0,0.0,36.9,17.3,174.9,999.5,84.4,10.0,99.3,8.5,5,10.0,2025-03-28T05:33:19,2025-03-28T17:59:04,0.96,"Rain, Partially cloudy",Partly cloudy throughout the day with rain.,rain,"47662099999,47670099999,47641099999,47642043313,47680099999,47626099999,47682099999,RJTT",
Tokyo,2025-03-29,57.5,40.4,46.3,57.5,35.9,43.5,43.6,90.2,0.466,100.0,37.5,rain,0.0,0.0,23.5,9.8,44.3,1015.4,99.1,8.3,34.0,2.8,1,10.0,2025-03-29T05:31:53,2025-03-29T17:59:54,0.0,"Rain, Overcast",Cloudy skies throughout the day with rain.,rain,"47662099999,47670099999,47641099999,47642043313,47680099999,47626099999,47682099999,RJTT",
Tokyo,2025-03-30,58.1,41.6,48.7,58.1,37.3,47.5,36.1,63.5,0.02,100.0,8.33,rain,0.0,0.0,21.7,12.7,353.6,1019.5,79.9,12.0,216.9,18.7,7,10.0,2025-03-30T05:30:27,2025-03-30T18:00:43,0.02,"Rain, Partially cloudy",Partly cloudy throughout the day with rain.,rain,"47662099999,47670099999,47642043313,47680099999,47626099999,47682099999",
Tokyo,2025-03-31,46.7,42.5,44.9,44.4,38.8,41.5,32.1,61.2,0.0,0.0,0.0,rain,0.0,0.0,20.1,8.0,40.0,1026.9,94.1,12.7,91.6,7.9,4,10.0,2025-03-31T05:29:02,2025-03-31T18:01:33,0.06,Overcast,Cloudy skies throughout the day.,cloudy,"47662099999,47670099999,47642043313,47680099999,47626099999,47682099999",
Tokyo,2025-04-01,42.4,39.5,41.3,39.1,34.0,36.7,40.0,95.2,1.108,100.0,87.5,rain,0.0,0.0,27.7,9.6,339.2,1026.4,100.0,5.1,22.7,1.8,1,10.0,2025-04-01T05:27:37,2025-04-01T18:02:22,0.09,"Rain, Overcast",Cloudy skies throughout the day with a chance of rain throughout the day.,rain,"47662099999,47670099999,47642043313,47680099999,47626099999,47682099999",
Tokyo,2025-04-02,56.0,42.4,48.9,56.0,38.6,46.7,46.4,91.6,1.621,100.0,45.83,rain,0.0,0.0,27.3,10.3,353.4,1016.1,99.5,7.0,40.9,3.5,1,10.0,2025-04-02T05:26:12,2025-04-02T18:03:12,0.13,"Rain, Overcast",Cloudy skies throughout the day with a chance of rain throughout the day.,rain,"47662099999,47670099999,47642043313,47680099999,47626099999,47682099999",
Tokyo,2025-04-03,49.4,43.6,47.5,47.6,43.5,45.3,44.5,89.6,0.234,100.0,25.0,rain,0.0,0.0,15.2,8.3,29.7,1013.9,98.0,10.1,66.5,5.9,2,10.0,2025-04-03T05:24:48,2025-04-03T18:04:01,0.16,"Rain, Overcast",Cloudy skies throughout the day with rain in the morning and afternoon.,rain,"47662099999,47670099999,47642043313,47680099999,47626099999,47682099999,RJTT",
Tokyo,2025-04-04,64.0,42.2,52.3,64.0,41.5,52.0,37.1,62.1,0.002,100.0,4.17,rain,0.0,0.0,18.1,13.6,321.5,1014.7,20.1,11.4,232.2,20.1,8,10.0,2025-04-04T05:23:23,2025-04-04T18:04:51,0.19,"Rain, Partially cloudy",Partly cloudy throughout the day with morning rain.,rain,"47662099999,47670099999,47642043313,47680099999,47626099999,47682099999",
Tokyo,2025-04-05,61.4,43.5,53.3,61.4,40.0,52.4,38.6,58.5,0.0,0.0,0.0,rain,0.0,0.0,21.3,13.9,141.5,1019.7,35.6,13.2,257.7,22.2,9,10.0,2025-04-05T05:21:59,2025-04-05T18:05:40,0.25,Partially cloudy,Becoming cloudy in the afternoon.,partly-cloudy-day,"47662099999,47727099999,47670099999,47680099999,47642043313,47626099999,47682099999,RJTT",
Tokyo,2025-04-06,62.9,51.6,58.4,62.9,51.6,58.4,50.4,75.6,0.02,100.0,8.33,rain,0.0,0.0,34.2,16.4,188.7,1015.2,70.7,8.4,204.1,17.7,6,10.0,2025-04-06T05:20:36,2025-04-06T18:06:30,0.26,"Rain, Partially cloudy",Partly cloudy throughout the day with afternoon rain.,rain,"47662099999,47670099999,47642043313,47680099999,RJTY,RJTI,47626099999,RJTF,47682099999,RJTT,RJAA",
Tokyo,2025-04-07,63.7,52.3,57.5,63.7,52.3,57.5,46.7,69.1,0.004,100.0,4.17,rain,0.0,0.0,21.9,13.7,355.5,1012.4,46.9,6.5,227.6,19.6,8,10.0,2025-04-07T05:19:13,2025-04-07T18:07:19,0.3,"Rain, Partially cloudy",Partly cloudy throughout the day with afternoon rain.,rain,"RJTY,RJTI,RJTF,RJTT,RJAA",
Tokyo,2025-04-08,67.4,48.2,58.7,67.4,47.5,58.6,42.5,55.5,0.004,100.0,4.17,rain,0.0,0.0,21.5,17.1,218.2,1011.4,22.4,6.5,276.4,23.9,9,10.0,2025-04-08T05:17:50,2025-04-08T18:08:09,0.33,"Rain, Partially cloudy",Partly cloudy throughout the day with late afternoon rain.,rain,"RJTY,RJTI,RJTF,RJTT,RJAA",
Tokyo,2025-04-09,72.3,53.8,61.1,72.3,53.8,61.1,42.2,54.6,0.0,0.0,0.0,,0.0,0.0,27.7,14.8,41.7,1009.5,23.6,6.6,296.3,25.4,10,10.0,2025-04-09T05:16:27,2025-04-09T18:08:58,0.37,Partially cloudy,Becoming cloudy in the afternoon.,partly-cloudy-day,"RJTY,RJTI,RJTF,RJTT,RJAA",
Tokyo,2025-04-10,68.5,54.5,60.8,68.5,54.5,60.8,51.8,72.7,0.02,100.0,16.67,rain,0.0,0.0,33.3,20.1,187.2,1010.6,70.4,6.4,229.3,19.9,8,10.0,2025-04-10T05:15:06,2025-04-10T18:09:48,0.4,"Rain, Partially cloudy",Partly cloudy throughout the day with rain clearing later.,rain,"RJTY,RJTI,RJTF,RJTT,RJAA",
Tokyo,2025-04-11,65.4,57.1,60.9,65.4,57.1,60.9,54.1,78.4,0.06,100.0,12.5,rain,0.0,0.0,17.7,12.1,238.5,1007.3,83.6,6.3,180.2,15.5,6,10.0,2025-04-11T05:13:44,2025-04-11T18:10:38,0.44,"Rain, Partially cloudy",Partly cloudy throughout the day with late afternoon rain.,rain,"RJTY,RJTI,RJTF,RJTT,RJAA",
Tokyo,2025-04-12,65.9,54.6,59.2,65.9,54.6,59.2,49.4,70.9,0.0,0.0,0.0,,0.0,0.0,27.7,17.7,59.6,1012.9,49.7,6.6,287.0,24.7,9,10.0,2025-04-12T05:12:23,2025-04-12T18:11:27,0.47,Partially cloudy,Partly cloudy throughout the day.,partly-cloudy-day,"RJTY,RJTI,RJTF,RJTT,RJAA",
Tokyo,2025-04-13,57.3,53.4,55.7,57.3,53.4,55.7,51.8,87.1,0.176,100.0,66.67,rain,0.0,0.0,28.6,16.3,104.2,1010.5,89.3,5.6,40.3,3.4,2,10.0,2025-04-13T05:11:03,2025-04-13T18:12:17,0.5,"Rain, Partially cloudy",Partly cloudy throughout the day with a chance of rain throughout the day.,rain,"RJTY,RJTI,RJTF,RJTT,RJAA",
Tokyo,2025-04-14,68.5,56.9,62.3,68.5,56.9,62.3,50.5,68.6,0.125,100.0,29.17,rain,0.0,0.0,35.3,21.1,186.7,998.9,47.2,5.9,290.1,25.2,9,10.0,2025-04-14T05:09:43,2025-04-14T18:13:07,0.54,"Rain, Partially cloudy",Partly cloudy throughout the day with rain.,rain,"RJTY,RJTI,RJTF,RJTT,RJAA",
Tokyo,2025-04-15,67.7,56.0,62.2,67.7,56.0,62.2,34.7,40.2,0.012,77.4,8.33,rain,0.0,0.0,50.6,33.1,219.9,994.5,21.8,14.6,307.5,26.5,10,10.0,2025-04-15T05:08:24,2025-04-15T18:13:57,0.57,"Rain, Partially cloudy",Becoming cloudy in the afternoon with early morning rain.,rain,"RJTY,RJTT,RJAA",
Lagos,2025-01-01,95.0,77.0,83.9,107.4,77.0,90.7,76.1,79.1,0.0,0.0,0.0,,0.0,0.0,20.8,17.2,237.4,1010.4,32.8,3.8,227.6,19.8,8,30.0,2025-01-01T06:57:32,2025-01-01T18:42:51,0.05,Partially cloudy,Partly cloudy throughout the day.,partly-cloudy-day,"DNMM,remote,65201099999,VRJT5",
Lagos,2025-01-02,95.0,77.0,84.4,109.3,77.0,92.0,76.5,78.7,0.0,0.0,0.0,,0.0,0.0,19.0,12.8,224.6,1010.3,38.2,4.0,232.2,20.0,9,60.0,2025-01-02T06:57:57,2025-01-02T18:43:22,0.09,Partially cloudy,Partly cloudy throughout the day.,partly-cloudy-day,"DNMM,65201099999,VRJT5",
Lagos,2025-01-03,93.2,77.0,84.2,105.0,77.0,92.0,76.9,80.4,0.0,0.0,0.0,,0.0,0.0,18.1,11.8,218.9,1011.3,48.1,4.5,206.4,17.8,8,60.0,2025-01-03T06:58:22,2025-01-03T18:43:52,0.13,Partially cloudy,Partly cloudy throughout the day.,partly-cloudy-day,"DNMM,65201099999,VRJT5",
Lagos,2025-01-04,93.3,77.0,84.5,107.5,77.0,93.5,77.7,81.6,0.0,0.0,0.0,rain,0.0,0.0,18.1,11.4,199.9,1011.5,45.5,4.8,209.0,18.1,7,60.0,2025-01-04T06:58:46,2025-01-04T18:44:23,0.16,Partially cloudy,Partly cloudy throughout the day.,partly-cloudy-day,"DNMM,65201099999,VRJT5",
Lagos,2025-01-05,96.8,78.8,85.2,109.1,78.8,94.7,77.8,80.6,0.0,0.0,0.0,,0.0,0.0,21.0,12.8,208.0,1010.5,36.9,4.1,222.8,19.4,8,60.0,2025-01-05T06:59:09,2025-01-05T18:44:53,0.2,Partially cloudy,Partly cloudy throughout the day.,partly-cloudy-day,"DNMM,65201099999,VRJT5",
Lagos,2025-01-06,95.0,80.2,85.3,107.5,86.9,95.8,78.0,80.3,0.0,0.0,0.0,,0.0,0.0,19.9,11.4,208.0,1010.8,42.9,5.0,223.4,19.2,8,60.0,2025-01-06T06:59:32,2025-01-06T18:45:23,0.23,Partially cloudy,Partly cloudy throughout the day.,partly-cloudy-day,"DNMM,remote,65201099999,VRJT5",
Lagos,2025-01-07,95.0,79.8,85.1,110.0,79.8,95.5,78.0,80.7,0.0,0.0,0.0,,0.0,0.0,17.7,9.2,217.0,1011.1,41.0,3.5,228.9,19.6,8,75.0,2025-01-07T06:59:54,2025-01-07T18:45:53,0.25,Partially cloudy,Partly cloudy throughout the day.,partly-cloudy-day,"DNMM,65201099999",
Lagos,2025-01-08,95.0,78.4,84.6,107.5,78.4,93.4,77.3,80.3,0.0,0.0,0.0,,0.0,0.0,16.6,8.1,218.5,1011.3,37.8,3.6,224.9,19.5,8,60.0,2025-01-08T07:00:16,2025-01-08T18:46:22,0.3,Partially cloudy,Partly cloudy throughout the day.,partly-cloudy-day,"DNMM,65201099999",
Lagos,2025-01-09,95.0,78.6,84.7,100.9,78.6,91.0,74.8,74.9,0.0,0.0,0.0,,0.0,0.0,17.9,10.3,244.3,1011.0,40.3,4.1,240.1,20.8,9,60.0,2025-01-09T07:00:36,2025-01-09T18:46:52,0.34,Partially cloudy,Partly cloudy throughout the day.,partly-cloudy-day,"DNMM,remote,65201099999",
Lagos,2025-01-10,95.3,77.0,84.7,98.5,77.0,89.4,73.1,72.1,0.0,0.0,0.0,,0.0,0.0,16.6,8.1,351.2,1010.7,27.0,3.6,255.3,22.0,9,30.0,2025-01-10T07:00:56,2025-01-10T18:47:20,0.38,Partially cloudy,Partly cloudy throughout the day.,partly-cloudy-day,"DNMM,remote,65201099999",
Lagos,2025-01-11,93.5,73.4,82.1,92.7,73.4,81.5,62.0,56.8,0.0,0.0,0.0,,0.0,0.0,21.9,17.2,94.1,1011.2,29.1,2.9,264.8,22.9,9,10.0,2025-01-11T07:01:15,2025-01-11T18:47:49,0.41,Partially cloudy,Partly cloudy throughout the day.,partly-cloudy-day,"DNMM,65201099999",
Lagos,2025-01-12,95.0,71.2,81.3,92.3,71.2,80.9,61.6,55.3,0.0,0.0,0.0,,0.0,0.0,18.8,13.9,263.6,1011.8,28.3,1.7,262.4,22.6,9,10.0,2025-01-12T07:01:33,2025-01-12T18:48:17,0.45,Partially cloudy,Partly cloudy throughout the day.,partly-cloudy-day,"DNMM,65201099999",
Lagos,2025-01-13,95.0,73.2,82.6,99.2,73.2,86.4,71.4,70.8,0.0,0.0,0.0,,0.0,0.0,22.4,12.8,204.3,1010.5,30.0,1.9,257.7,22.2,9,10.0,2025-01-13T07:01:51,2025-01-13T18:48:45,0.5,Partially cloudy,Partly cloudy throughout the day.,partly-cloudy-day,"DNMM,65201099999,VRJT5",
Lagos,2025-01-14,93.2,77.0,82.8,102.8,77.0,88.3,75.7,80.9,0.0,0.0,0.0,,0.0,0.0,18.6,12.8,199.1,1009.7,47.5,2.1,246.2,21.1,9,30.0,2025-01-14T07:02:08,2025-01-14T18:49:12,0.52,Partially cloudy,Partly cloudy throughout the day.,partly-cloudy-day,"DNMM,65201099999,VRJT5",
Lagos,2025-01-15,93.2,77.0,83.7,107.5,77.0,91.0,77.0,81.7,0.0,0.0,0.0,,0.0,0.0,18.6,12.8,184.3,1009.5,47.6,2.8,234.3,20.2,8,60.0,2025-01-15T07:02:23,2025-01-15T18:49:39,0.55,Partially cloudy,Partly cloudy throughout the day.,partly-cloudy-day,"DNMM,65201099999,VRJT5",
Lagos,2025-01-16,95.0,77.4,84.3,108.3,77.4,92.4,77.2,80.7,0.0,0.0,0.0,,0.0,0.0,17.4,8.1,229.0,1009.7,42.5,3.3,219.6,18.9,8,75.0,2025-01-16T07:02:38,2025-01-16T18:50:05,0.58,Partially cloudy,Partly cloudy throughout the day.,partly-cloudy-day,"DNMM,65201099999,VRJT5",
Lagos,2025-01-17,95.0,80.4,85.1,107.4,87.7,95.5,77.8,80.2,0.0,0.0,0.0,,0.0,0.0,22.4,12.8,213.4,1010.3,41.4,4.1,231.0,19.8,9,75.0,2025-01-17T07:02:52,2025-01-17T18:50:31,0.61,Partially cloudy,Partly cloudy throughout the day.,partly-cloudy-day,"DNMM,remote,65201099999",
Lagos,2025-01-18,91.4,80.6,84.4,99.9,88.1,93.4,76.5,78.6,0.008,100.0,4.17,rain,0.0,0.0,24.4,10.3,247.9,1011.7,39.5,4.4,175.0,15.1,7,100.0,2025-01-18T07:03:06,2025-01-18T18:50:56,0.65,"Rain, Partially cloudy",Partly cloudy throughout the day with morning rain.,rain,"DNMM,remote,65201099999,VRJT5",
Lagos,2025-01-19,93.2,78.4,83.3,102.8,78.4,88.3,74.9,77.3,0.0,0.0,0.0,rain,0.0,0.0,24.4,15.0,188.2,1012.5,38.6,4.9,227.3,19.7,8,75.0,2025-01-19T07:03:18,2025-01-19T18:51:21,0.68,Partially cloudy,Partly cloudy throughout the day.,partly-cloudy-day,"DNMM,65201099999,VRJT5",
Lagos,2025-01-20,93.2,76.6,83.4,102.8,76.6,88.9,74.7,76.9,0.0,0.0,0.0,,0.0,0.0,18.6,12.8,190.7,1012.7,42.8,5.3,223.4,19.4,8,60.0,2025-01-20T07:03:29,2025-01-20T18:51:45,0.71,Partially cloudy,Partly cloudy throughout the day.,partly-cloudy-day,"DNMM,65201099999,VRJT5",
Lagos,2025-01-21,93.2,77.3,83.7,102.8,77.3,90.1,76.3,80.3,0.0,0.0,0.0,,0.0,0.0,19.5,13.9,211.2,1012.4,51.5,5.8,218.6,19.0,8,75.0,2025-01-21T07:03:40,2025-01-21T18:52:08,0.75,Partially cloudy,Partly cloudy throughout the day.,partly-cloudy-day,"DNMM,65201099999,VRJT5",
Lagos,2025-01-22,93.2,78.6,84.2,107.5,78.6,92.5,77.2,80.8,0.0,0.0,0.0,,0.0,0.0,20.8,12.8,220.3,1011.9,50.8,5.0,230.8,20.0,9,75.0,2025-01-22T07:03:49,2025-01-22T18:52:31,0.77,Partially cloudy,Partly cloudy throughout the day.,partly-cloudy-day,"DNMM,remote,65201099999,VRJT5",
Lagos,2025-01-23,89.5,78.8,82.5,100.0,78.8,90.9,77.7,86.0,0.039,100.0,4.17,rain,0.0,0.0,21.3,9.2,220.3,1011.7,43.6,4.6,170.2,14.8,6,75.0,2025-01-23T07:03:58,2025-01-23T18:52:54,0.81,"Rain, Partially cloudy",Partly cloudy throughout the day with afternoon rain.,rain,"DNMM,remote,65201099999,VRJT5",
Lagos,2025-01-24,93.2,76.9,82.1,105.0,76.9,87.7,76.5,84.3,0.0,0.0,0.0,,0.0,0.0,19.2,17.2,205.9,1011.4,40.7,8.4,218.7,19.0,8,60.0,2025-01-24T07:04:06,2025-01-24T18:53:16,0.84,Partially cloudy,Partly cloudy throughout the day.,partly-cloudy-day,"DNMM,remote,65201099999,VRJT5",
Lagos,2025-01-25,93.2,78.4,83.8,105.1,78.4,91.5,77.2,81.8,0.004,100.0,4.17,rain,0.0,0.0,17.9,11.4,210.6,1012.0,48.3,5.5,220.7,19.0,8,60.0,2025-01-25T07:04:12,2025-01-25T18:53:37,0.87,"Rain, Partially cloudy",Partly cloudy throughout the day with afternoon rain.,rain,"DNMM,remote,65201099999,VRJT5",
Lagos,2025-01-26,95.0,78.8,83.6,107.4,78.8,92.1,77.9,84.4,0.276,100.0,4.17,rain,0.0,0.0,18.1,12.8,205.0,1012.3,56.1,5.3,199.8,17.2,7,60.0,2025-01-26T07:04:18,2025-01-26T18:53:57,0.9,"Rain, Partially cloudy",Partly cloudy throughout the day with late afternoon rain.,rain,"DNMM,65201099999,VRJT5",
Lagos,2025-01-27,93.2,77.3,83.5,107.5,77.3,90.8,77.1,82.2,0.008,100.0,4.17,rain,0.0,0.0,19.5,13.9,226.5,1011.9,48.7,8.2,234.3,20.4,8,60.0,2025-01-27T07:04:23,2025-01-27T18:54:17,0.93,"Rain, Partially cloudy",Partly cloudy throughout the day with early morning rain.,rain,"DNMM,remote,65201099999,VRJT5",
Lagos,2025-01-28,95.0,73.3,83.7,104.6,73.3,90.6,75.7,78.7,0.0,0.0,0.0,,0.0,0.0,18.1,24.2,225.1,1011.9,51.7,5.0,212.1,18.5,8,60.0,2025-01-28T07:04:27,2025-01-28T18:54:36,0.97,Partially cloudy,Partly cloudy throughout the day.,partly-cloudy-day,"65213099999,DNMM,65201099999,VRJT5",
Lagos,2025-01-29,89.6,78.8,83.4,102.6,78.8,90.8,76.0,79.4,0.0,0.0,0.0,,0.0,0.0,17.9,11.4,180.2,1012.1,46.5,5.5,200.7,17.3,8,60.0,2025-01-29T07:04:30,2025-01-29T18:54:54,0.0,Partially cloudy,Partly cloudy throughout the day.,partly-cloudy-day,"DNMM,remote,65201099999,VRJT5",
Lagos,2025-01-30,93.2,77.0,83.9,102.8,77.0,91.6,76.4,79.4,0.0,0.0,0.0,,0.0,0.0,16.1,13.9,196.2,1011.5,52.6,7.9,219.0,18.9,7,60.0,2025-01-30T07:04:32,2025-01-30T18:55:12,0.03,Partially cloudy,Partly cloudy throughout the day.,partly-cloudy-day,"DNMM,remote,65201099999",
Lagos,2025-01-31,93.2,78.2,84.5,105.0,78.2,93.5,77.0,79.2,0.0,0.0,0.0,,0.0,0.0,18.3,16.1,201.7,1010.0,46.2,10.2,217.1,18.7,8,60.0,2025-01-31T07:04:33,2025-01-31T18:55:29,0.07,Partially cloudy,Partly cloudy throughout the day.,partly-cloudy-day,"DNMM,remote,65201099999",
Lagos,2025-02-01,89.6,78.8,83.3,100.2,78.8,91.4,77.1,82.1,0.512,100.0,4.17,rain,0.0,0.0,20.8,11.4,194.6,1010.5,56.9,6.0,235.9,20.4,9,60.0,2025-02-01T07:04:33,2025-02-01T18:55:45,0.1,"Rain, Partially cloudy",Partly cloudy throughout the day with afternoon rain.,rain,"DNMM,remote,65201099999",
Lagos,2025-02-02,87.8,77.0,82.4,99.9,77.0,90.5,77.5,85.5,0.079,100.0,4.17,rain,0.0,0.0,18.1,10.1,218.0,1010.0,54.0,9.2,225.3,19.4,8,60.0,2025-02-02T07:04:32,2025-02-02T18:56:01,0.14,"Rain, Partially cloudy",Partly cloudy throughout the day with morning rain.,rain,"DNMM,remote,65201099999",
Lagos,2025-02-03,93.2,77.0,83.8,105.6,77.0,91.2,76.5,80.1,0.276,100.0,4.17,rain,0.0,0.0,16.1,10.3,234.5,1008.7,41.5,6.8,225.9,19.5,8,75.0,2025-02-03T07:04:30,2025-02-03T18:56:16,0.18,"Rain, Partially cloudy",Partly cloudy throughout the day with early morning rain.,rain,"DNMM,remote,65201099999",
Lagos,2025-02-04,91.4,78.8,84.1,102.7,78.8,93.1,77.3,81.1,0.0,0.0,0.0,,0.0,0.0,23.9,11.4,219.8,1009.0,43.5,5.0,240.2,20.7,9,75.0,2025-02-04T07:04:27,2025-02-04T18:56:30,0.21,Partially cloudy,Partly cloudy throughout the day.,partly-cloudy-day,"DNMM,remote,65201099999",
Lagos,2025-02-05,93.2,78.4,84.1,107.5,78.4,93.3,78.1,83.4,0.004,100.0,4.17,rain,0.0,0.0,21.5,13.9,201.2,1009.5,39.1,6.2,222.7,19.2,9,75.0,2025-02-05T07:04:23,2025-02-05T18:56:44,0.25,"Rain, Partially cloudy",Partly cloudy throughout the day with afternoon rain.,rain,"DNMM,remote,65201099999",
Lagos,2025-02-06,93.2,80.2,85.0,102.8,87.1,94.3,76.8,78.0,0.0,0.0,0.0,rain,0.0,0.0,21.0,12.8,193.4,1008.6,50.8,4.0,224.7,19.5,8,60.0,2025-02-06T07:04:19,2025-02-06T18:56:56,0.28,Partially cloudy,Partly cloudy throughout the day.,partly-cloudy-day,"DNMM,65201099999",
Lagos,2025-02-07,91.4,80.6,85.0,105.1,87.1,95.4,77.5,79.2,0.0,0.0,0.0,rain,0.0,0.0,21.5,11.4,196.4,1008.8,50.7,4.7,230.7,20.0,8,60.0,2025-02-07T07:04:13,2025-02-07T18:57:09,0.32,Partially cloudy,Partly cloudy throughout the day.,partly-cloudy-day,"DNMM,65201099999",
Lagos,2025-02-08,87.8,80.6,83.4,105.1,87.1,93.8,78.5,85.6,0.118,100.0,8.33,rain,0.0,0.0,20.1,11.4,203.5,1009.9,50.8,4.0,194.9,16.8,7,60.0,2025-02-08T07:04:07,2025-02-08T18:57:20,0.35,"Rain, Partially cloudy",Partly cloudy throughout the day with rain.,rain,"DNMM,65201099999",
Lagos,2025-02-09,93.2,78.6,84.4,107.5,78.6,93.1,77.6,81.4,0.0,0.0,0.0,rain,0.0,0.0,17.0,11.4,209.5,1009.9,49.0,5.0,204.6,17.6,8,75.0,2025-02-09T07:04:00,2025-02-09T18:57:31,0.39,Partially cloudy,Partly cloudy throughout the day.,partly-cloudy-day,"DNMM,65201099999,VRJT5",
Lagos,2025-02-10,92.8,79.2,84.7,109.6,79.2,96.5,79.3,84.6,0.0,0.0,0.0,rain,0.0,0.0,21.5,13.9,209.1,1007.7,52.1,7.3,223.4,19.2,8,75.0,2025-02-10T07:03:51,2025-02-10T18:57:41,0.42,Partially cloudy,Partly cloudy throughout the day.,partly-cloudy-day,"DNMM,remote,65201099999",
Lagos,2025-02-11,93.3,78.8,84.9,110.4,78.8,95.8,78.7,82.7,0.0,0.0,0.0,,0.0,0.0,22.8,13.9,199.5,1007.9,49.4,5.9,213.5,18.5,7,75.0,2025-02-11T07:03:42,2025-02-11T18:57:50,0.46,Partially cloudy,Partly cloudy throughout the day.,partly-cloudy-day,"DNMM,remote,65201099999,VRJT5",
Lagos,2025-02-12,95.0,80.6,85.6,112.9,88.1,97.7,78.6,80.6,0.02,100.0,8.33,rain,0.0,0.0,19.7,11.4,205.1,1009.0,59.7,7.8,210.4,18.0,8,100.0,2025-02-12T07:03:32,2025-02-12T18:57:59,0.5,"Rain, Partially cloudy",Partly cloudy throughout the day with morning rain.,rain,"DNMM,remote,65201099999",
Lagos,2025-02-13,95.0,80.6,85.8,110.0,88.1,97.4,78.4,80.1,0.0,0.0,0.0,,0.0,0.0,20.6,13.2,217.5,1010.2,55.4,6.1,242.7,21.1,9,75.0,2025-02-13T07:03:22,2025-02-13T18:58:07,0.53,Partially cloudy,Partly cloudy throughout the day.,partly-cloudy-day,"DNMM,remote,65201099999,VRJT5",
Lagos,2025-02-14,93.2,79.2,85.1,107.5,79.2,95.6,78.0,80.7,0.0,0.0,0.0,rain,0.0,0.0,17.4,10.3,207.0,1010.5,58.9,6.5,237.4,20.7,8,75.0,2025-02-14T07:03:10,2025-02-14T18:58:14,0.56,Partially cloudy,Partly cloudy throughout the day.,partly-cloudy-day,"DNMM,remote,65201099999",
Lagos,2025-02-15,95.0,80.2,85.6,110.0,86.9,96.5,78.0,79.3,0.0,0.0,0.0,rain,0.0,0.0,18.6,13.9,192.1,1010.2,51.9,5.2,227.9,19.6,8,75.0,2025-02-15T07:02:57,2025-02-15T18:58:20,0.59,Partially cloudy,Partly cloudy throughout the day.,partly-cloudy-day,"DNMM,65201099999",
Lagos,2025-02-16,95.0,78.8,84.9,107.1,78.8,94.2,77.7,80.7,0.008,100.0,8.33,rain,0.0,0.0,20.4,86.3,161.0,1009.2,49.8,5.3,222.0,19.3,8,75.0,2025-02-16T07:02:44,2025-02-16T18:58:26,0.63,"Rain, Partially cloudy",Partly cloudy throughout the day with rain in the morning and afternoon.,rain,"DNMM,remote,65201099999",
Lagos,2025-02-17,95.0,80.6,85.8,110.0,88.1,96.8,77.9,78.7,0.0,0.0,0.0,rain,0.0,0.0,21.3,11.4,206.4,1009.2,52.8,4.3,226.1,19.7,8,75.0,2025-02-17T07:02:30,2025-02-17T18:58:32,0.66,Partially cloudy,Partly cloudy throughout the day.,partly-cloudy-day,"DNMM,65201099999",
Lagos,2025-02-18,91.4,80.6,85.0,105.1,88.1,96.9,78.9,82.9,0.008,100.0,8.33,rain,0.0,0.0,19.9,11.4,206.3,1009.7,56.6,6.0,224.4,19.4,8,100.0,2025-02-18T07:02:15,2025-02-18T18:58:36,0.69,"Rain, Partially cloudy",Partly cloudy throughout the day with afternoon rain.,rain,"DNMM,remote,65201099999",
Lagos,2025-02-19,94.6,80.6,86.0,109.5,88.1,98.2,78.7,80.3,0.0,0.0,0.0,rain,0.0,0.0,19.0,13.9,193.3,1010.7,51.8,5.5,201.9,17.4,8,100.0,2025-02-19T07:02:00,2025-02-19T18:58:41,0.72,Partially cloudy,Partly cloudy throughout the day.,partly-cloudy-day,"DNMM,65201099999,VRJT5",
Lagos,2025-02-20,95.0,80.6,86.3,110.0,88.1,98.4,78.4,78.7,0.0,0.0,0.0,rain,0.0,0.0,21.9,17.2,199.4,1010.6,58.0,6.3,226.9,19.6,8,75.0,2025-02-20T07:01:44,2025-02-20T18:58:44,0.75,Partially cloudy,Partly cloudy throughout the day.,partly-cloudy-day,"DNMM,remote,65201099999,VRJT5",
Lagos,2025-02-21,95.0,81.6,86.3,110.0,90.8,97.6,77.7,76.9,0.0,0.0,0.0,rain,0.0,0.0,23.5,12.8,204.0,1010.2,60.1,6.0,220.0,18.9,8,75.0,2025-02-21T07:01:27,2025-02-21T18:58:47,0.79,Partially cloudy,Partly cloudy throughout the day.,partly-cloudy-day,"DNMM,65201099999,VRJT5",
Lagos,2025-02-22,94.6,77.0,84.3,108.7,77.0,93.5,77.4,81.0,0.039,100.0,4.17,rain,0.0,0.0,22.8,15.0,214.2,1010.1,63.9,6.3,231.7,20.2,9,75.0,2025-02-22T07:01:09,2025-02-22T18:58:49,0.82,"Rain, Partially cloudy",Partly cloudy throughout the day with late afternoon rain.,rain,"DNMM,remote,65201099999",
Lagos,2025-02-23,89.6,77.0,81.8,102.6,77.0,88.1,76.5,84.6,0.197,100.0,4.17,rain,0.0,0.0,20.4,10.3,244.6,1010.7,41.8,4.4,184.2,15.9,7,30.0,2025-02-23T07:00:51,2025-02-23T18:58:51,0.85,"Rain, Partially cloudy",Partly cloudy throughout the day with morning rain.,rain,"DNMM,65201099999",
Lagos,2025-02-24,93.2,79.1,84.9,107.9,79.1,95.2,78.2,81.7,0.0,0.0,0.0,,0.0,0.0,21.7,16.1,194.2,1010.8,47.7,5.7,247.3,21.5,8,60.0,2025-02-24T07:00:32,2025-02-24T18:58:52,0.88,Partially cloudy,Partly cloudy throughout the day.,partly-cloudy-day,"DNMM,65201099999,VRJT5",
Lagos,2025-02-25,93.2,78.8,83.3,107.8,78.8,92.5,78.1,85.2,2.638,100.0,4.17,rain,0.0,0.0,34.4,23.0,192.9,1011.4,48.1,6.3,234.9,20.3,8,75.0,2025-02-25T07:00:12,2025-02-25T18:58:53,0.92,"Rain, Partially cloudy",Partly cloudy throughout the day with late afternoon rain.,rain,"DNMM,remote,65201099999,VRJT5",
Lagos,2025-02-26,87.8,75.1,81.9,97.2,75.1,88.4,76.4,84.3,0.008,100.0,4.17,rain,0.0,0.0,20.6,15.0,173.5,1012.1,54.2,4.5,227.3,19.8,8,75.0,2025-02-26T06:59:52,2025-02-26T18:58:53,0.95,"Rain, Partially cloudy",Partly cloudy throughout the day with morning rain.,rain,"DNMM,65201099999,VRJT5",
Lagos,2025-02-27,93.2,77.0,83.9,105.0,77.0,91.4,76.8,80.6,0.0,0.0,0.0,,0.0,0.0,20.4,9.2,185.3,1011.4,49.6,4.9,229.6,19.7,8,75.0,2025-02-27T06:59:31,2025-02-27T18:58:52,0.98,Partially cloudy,Partly cloudy throughout the day.,partly-cloudy-day,"DNMM,65201099999",
Lagos,2025-02-28,89.6,80.4,84.0,105.2,87.1,94.8,78.4,83.7,0.118,100.0,8.33,rain,0.0,0.0,18.1,11.4,204.4,1010.6,49.4,4.8,226.4,19.7,8,75.0,2025-02-28T06:59:09,2025-02-28T18:58:51,0.0,"Rain, Partially cloudy",Partly cloudy throughout the day with afternoon rain.,rain,"DNMM,65201099999,VRJT5",
Lagos,2025-03-01,93.3,79.1,85.1,110.4,79.1,96.6,78.6,81.8,0.0,0.0,0.0,rain,0.0,0.0,20.4,15.0,194.7,1009.9,52.8,4.8,239.9,20.8,8,75.0,2025-03-01T06:58:47,2025-03-01T18:58:50,0.05,Partially cloudy,Partly cloudy throughout the day.,partly-cloudy-day,"65210099999,DNMM,65201099999",
Lagos,2025-03-02,93.2,80.6,85.5,107.5,87.9,97.4,78.5,80.4,0.0,0.0,0.0,rain,0.0,0.0,20.8,15.0,194.5,1009.3,50.5,5.5,246.7,21.3,9,75.0,2025-03-02T06:58:25,2025-03-02T18:58:48,0.09,Partially cloudy,Partly cloudy throughout the day.,partly-cloudy-day,"DNMM,65201099999",
Lagos,2025-03-03,95.0,80.6,86.1,110.0,88.1,98.5,78.6,79.5,0.035,100.0,4.17,rain,0.0,0.0,22.8,15.0,200.3,1008.9,56.3,4.8,232.2,20.0,8,100.0,2025-03-03T06:58:02,2025-03-03T18:58:46,0.12,"Rain, Partially cloudy",Partly cloudy throughout the day with late afternoon rain.,rain,"DNMM,65201099999,VRJT5",
Lagos,2025-03-04,91.4,82.4,85.5,107.8,92.1,98.1,78.8,80.9,0.0,0.0,0.0,rain,0.0,0.0,23.7,20.8,197.7,1008.2,59.1,5.6,235.1,20.4,8,100.0,2025-03-04T06:57:38,2025-03-04T18:58:43,0.16,Partially cloudy,Partly cloudy throughout the day.,partly-cloudy-day,"DNMM,65201099999,VRJT5",
Lagos,2025-03-05,93.2,81.7,85.6,110.4,90.1,97.5,78.2,79.2,0.004,100.0,4.17,rain,0.0,0.0,19.0,13.9,204.2,1008.3,49.6,6.0,223.5,19.2,8,75.0,2025-03-05T06:57:14,2025-03-05T18:58:40,0.19,"Rain, Partially cloudy",Partly cloudy throughout the day with morning rain.,rain,"DNMM,remote,65201099999,VRJT5",
Lagos,2025-03-06,93.5,79.7,85.2,107.0,79.7,95.2,77.1,77.8,0.0,0.0,0.0,rain,0.0,0.0,21.0,15.0,193.0,1010.3,51.6,6.0,234.9,20.3,8,75.0,2025-03-06T06:56:50,2025-03-06T18:58:37,0.25,Partially cloudy,Partly cloudy throughout the day.,partly-cloudy-day,"DNMM,65201099999,VRJT5",
Lagos,2025-03-07,93.2,79.5,85.8,109.5,79.5,97.3,78.2,79.2,0.0,0.0,0.0,rain,0.0,0.0,23.0,17.2,204.4,1010.5,56.7,6.4,223.2,19.2,7,100.0,2025-03-07T06:56:25,2025-03-07T18:58:33,0.26,Partially cloudy,Partly cloudy throughout the day.,partly-cloudy-day,"DNMM,65201099999,VRJT5",
Lagos,2025-03-08,95.0,82.2,86.7,110.0,90.7,99.0,78.1,76.6,0.0,0.0,0.0,rain,0.0,0.0,20.1,11.4,191.8,1009.5,52.6,6.0,226.0,19.5,8,100.0,2025-03-08T06:55:59,2025-03-08T18:58:29,0.3,Partially cloudy,Partly cloudy throughout the day.,partly-cloudy-day,"DNMM,65201099999,VRJT5",
Lagos,2025-03-09,95.0,82.2,86.8,110.0,92.2,99.7,78.7,78.0,0.0,0.0,0.0,rain,0.0,0.0,21.9,13.9,185.4,1009.1,55.4,6.1,237.0,20.5,8,100.0,2025-03-09T06:55:34,2025-03-09T18:58:24,0.33,Partially cloudy,Partly cloudy throughout the day.,partly-cloudy-day,"DNMM,65201099999",
Lagos,2025-03-10,95.0,80.8,87.1,110.0,87.3,100.1,78.6,77.3,0.0,0.0,0.0,rain,0.0,0.0,21.9,15.0,195.5,1010.1,55.9,6.2,228.8,19.8,8,100.0,2025-03-10T06:55:08,2025-03-10T18:58:19,0.37,Partially cloudy,Partly cloudy throughout the day.,partly-cloudy-day,"DNMM,65201099999,VRJT5",
Lagos,2025-03-11,93.2,71.6,83.2,113.5,71.6,94.0,77.5,84.0,0.0,0.0,0.0,rain,0.0,0.0,51.9,29.3,191.6,1010.9,64.7,5.9,209.0,18.1,8,75.0,2025-03-11T06:54:41,2025-03-11T18:58:14,0.4,Partially cloudy,Partly cloudy throughout the day.,partly-cloudy-day,"DNMM,65201099999,VRJT5",
Lagos,2025-03-12,93.2,80.5,85.5,110.9,87.9,97.9,78.9,81.6,0.0,0.0,0.0,,0.0,0.0,24.2,15.0,210.9,1010.0,43.8,6.4,230.3,19.9,9,100.0,2025-03-12T06:54:15,2025-03-12T18:58:09,0.44,Partially cloudy,Partly cloudy throughout the day.,partly-cloudy-day,"DNMM,remote,65201099999",
Lagos,2025-03-13,93.2,76.9,84.0,110.4,76.9,92.9,77.2,81.2,0.0,0.0,0.0,rain,0.0,0.0,24.4,13.9,195.5,1009.5,59.8,6.0,222.8,19.2,9,100.0,2025-03-13T06:53:48,2025-03-13T18:58:03,0.47,Partially cloudy,Partly cloudy throughout the day.,partly-cloudy-day,"DNMM,65201099999,VRJT5",
Lagos,2025-03-14,93.2,80.4,85.7,110.9,86.5,97.2,77.8,78.0,0.0,0.0,0.0,rain,0.0,0.0,22.1,12.8,185.3,1010.4,57.0,6.3,243.1,20.9,9,75.0,2025-03-14T06:53:20,2025-03-14T18:57:57,0.5,Partially cloudy,Partly cloudy throughout the day.,partly-cloudy-day,"DNMM,65201099999,VRJT5",
Lagos,2025-03-15,95.0,80.6,86.5,110.0,88.0,98.6,78.2,77.6,0.0,0.0,0.0,rain,0.0,0.0,19.0,11.4,192.4,1011.6,57.8,6.2,237.6,20.6,9,75.0,2025-03-15T06:52:53,2025-03-15T18:57:51,0.54,Partially cloudy,Partly cloudy throughout the day.,partly-cloudy-day,"DNMM,65201099999",
Lagos,2025-03-16,93.2,82.0,86.3,110.4,91.7,99.1,78.6,78.5,0.0,0.0,0.0,rain,0.0,0.0,21.9,17.2,197.4,1011.8,60.7,5.9,233.9,20.1,9,75.0,2025-03-16T06:52:25,2025-03-16T18:57:44,0.57,Partially cloudy,Partly cloudy throughout the day.,partly-cloudy-day,"DNMM,65201099999",
Lagos,2025-03-17,93.2,80.6,86.3,110.4,87.1,98.2,77.9,76.8,0.0,0.0,0.0,rain,0.0,0.0,24.4,17.2,191.5,1010.9,55.7,6.2,249.1,21.6,9,100.0,2025-03-17T06:51:57,2025-03-17T18:57:38,0.6,Partially cloudy,Partly cloudy throughout the day.,partly-cloudy-day,"DNMM,65201099999",
Lagos,2025-03-18,93.2,81.0,86.4,107.5,89.0,98.5,78.0,76.9,0.0,0.0,0.0,rain,0.0,0.0,22.6,18.3,201.7,1010.0,54.9,5.8,197.9,16.8,8,75.0,2025-03-18T06:51:29,2025-03-18T18:57:31,0.64,Partially cloudy,Partly cloudy throughout the day.,partly-cloudy-day,"DNMM,65201099999",
Lagos,2025-03-19,91.5,80.6,85.1,107.7,87.1,97.1,78.5,80.8,0.787,100.0,4.17,rain,0.0,0.0,20.4,13.9,192.2,1011.0,57.8,5.8,209.1,18.1,8,75.0,2025-03-19T06:51:01,2025-03-19T18:57:24,0.67,"Rain, Partially cloudy",Partly cloudy throughout the day with afternoon rain.,rain,"DNMM,65201099999,VRJT5",
Lagos,2025-03-20,91.7,80.6,85.4,107.8,87.1,97.0,78.2,79.7,0.0,0.0,0.0,rain,0.0,0.0,19.7,12.8,203.6,1012.7,59.2,6.2,226.9,19.7,9,75.0,2025-03-20T06:50:32,2025-03-20T18:57:17,0.7,Partially cloudy,Partly cloudy throughout the day.,partly-cloudy-day,"DNMM,65201099999,VRJT5",
Lagos,2025-03-21,91.7,73.4,85.0,107.8,73.4,95.5,77.4,79.1,0.0,0.0,0.0,rain,0.0,0.0,34.4,20.8,190.8,1012.8,61.2,7.0,218.7,18.8,8,75.0,2025-03-21T06:50:03,2025-03-21T18:57:10,0.74,Partially cloudy,Partly cloudy throughout the day.,partly-cloudy-day,"DNMM,remote,65201099999,VRJT5",
Lagos,2025-03-22,93.3,71.6,81.6,107.0,71.6,88.0,75.3,82.4,0.0,0.0,0.0,rain,0.0,0.0,51.9,13.9,204.7,1011.7,57.4,5.4,214.9,18.4,8,60.0,2025-03-22T06:49:35,2025-03-22T18:57:03,0.75,Partially cloudy,Partly cloudy throughout the day.,partly-cloudy-day,"DNMM,65201099999",
Lagos,2025-03-23,91.4,73.4,81.8,106.6,73.4,88.5,75.2,81.3,0.197,100.0,4.17,rain,0.0,0.0,19.7,10.3,177.5,1011.2,58.4,5.2,235.2,20.3,8,75.0,2025-03-23T06:49:06,2025-03-23T18:56:56,0.8,"Rain, Partially cloudy",Partly cloudy throughout the day with morning rain.,rain,"DNMM,65201099999",
Lagos,2025-03-24,93.2,77.0,83.2,105.2,77.0,90.1,77.1,83.3,0.827,100.0,4.17,rain,0.0,0.0,20.6,16.1,224.5,1011.8,62.6,6.2,251.5,21.8,8,60.0,2025-03-24T06:48:37,2025-03-24T18:56:48,0.84,"Rain, Partially cloudy",Partly cloudy throughout the day with late afternoon rain.,rain,"DNMM,remote,65201099999",
Lagos,2025-03-25,91.4,77.0,84.1,105.2,77.0,92.3,77.8,82.6,0.0,0.0,0.0,rain,0.0,0.0,21.3,15.0,213.9,1011.6,54.0,4.8,233.8,20.4,8,75.0,2025-03-25T06:48:08,2025-03-25T18:56:41,0.87,Partially cloudy,Partly cloudy throughout the day.,partly-cloudy-day,"DNMM,65201099999",
Lagos,2025-03-26,91.4,82.3,85.3,107.8,90.9,97.1,78.3,80.3,0.016,100.0,4.17,rain,0.0,0.0,23.7,16.1,207.5,1010.3,57.2,6.9,205.3,17.6,8,75.0,2025-03-26T06:47:40,2025-03-26T18:56:34,0.9,"Rain, Partially cloudy",Partly cloudy throughout the day with early morning rain.,rain,"DNMM,remote,65201099999",
Lagos,2025-03-27,95.0,76.8,84.0,112.9,76.8,92.1,76.2,78.3,0.0,0.0,0.0,,0.0,0.0,21.9,13.9,188.2,1009.5,51.3,6.0,231.6,19.9,9,30.0,2025-03-27T06:47:11,2025-03-27T18:56:26,0.93,Partially cloudy,Partly cloudy throughout the day.,partly-cloudy-day,"DNMM,65201099999",
Lagos,2025-03-28,93.2,77.4,84.7,107.5,77.4,94.3,77.2,78.8,0.008,100.0,8.33,rain,0.0,0.0,20.1,13.9,190.9,1009.8,54.6,6.5,247.1,21.3,8,60.0,2025-03-28T06:46:42,2025-03-28T18:56:19,0.97,"Rain, Partially cloudy",Partly cloudy throughout the day with afternoon rain.,rain,"DNMM,VRJT5,65201099999",
Lagos,2025-03-29,93.2,80.4,86.0,107.5,86.8,96.3,76.8,75.0,0.0,0.0,0.0,rain,0.0,0.0,23.3,12.8,189.3,1009.3,50.8,6.1,247.0,21.4,9,75.0,2025-03-29T06:46:13,2025-03-29T18:56:12,0.0,Partially cloudy,Partly cloudy throughout the day.,partly-cloudy-day,"DNMM,65201099999",
Lagos,2025-03-30,93.0,80.6,85.8,107.7,88.1,97.3,77.9,78.0,0.0,0.0,0.0,rain,0.0,0.0,24.6,16.1,205.2,1009.3,52.1,6.2,219.2,19.0,7,75.0,2025-03-30T06:45:45,2025-03-30T18:56:04,0.03,Partially cloudy,Partly cloudy throughout the day.,partly-cloudy-day,"DNMM,65201099999",
Lagos,2025-03-31,95.0,78.8,85.6,112.9,78.8,97.1,78.3,79.6,0.032,100.0,20.83,rain,0.0,0.0,25.3,16.1,213.6,1009.2,62.8,8.4,208.3,18.0,8,75.0,2025-03-31T06:45:16,2025-03-31T18:55:57,0.07,"Rain, Partially cloudy",Partly cloudy throughout the day with rain.,rain,"DNMM,remote,65201099999",
Lagos,2025-04-01,93.2,81.0,85.2,107.5,89.3,97.5,78.7,81.4,0.044,100.0,20.83,rain,0.0,0.0,21.3,13.9,204.5,1009.0,68.2,8.2,211.0,18.2,8,75.0,2025-04-01T06:44:48,2025-04-01T18:55:50,0.1,"Rain, Partially cloudy",Partly cloudy throughout the day with rain.,rain,"DNMM,remote,65201099999",
Lagos,2025-04-02,86.0,75.2,82.4,101.9,75.2,92.9,78.8,88.9,0.315,100.0,4.17,rain,0.0,0.0,28.9,16.1,197.5,1009.5,59.3,4.9,178.8,15.4,7,75.0,2025-04-02T06:44:19,2025-04-02T18:55:43,0.14,"Rain, Partially cloudy",Partly cloudy throughout the day with late afternoon rain.,rain,"DNMM,65201099999",
Lagos,2025-04-03,91.4,73.4,82.0,107.8,73.4,89.0,76.3,84.0,1.22,100.0,8.33,rain,0.0,0.0,15.0,13.9,170.6,1010.5,47.4,5.2,184.5,16.0,7,30.0,2025-04-03T06:43:51,2025-04-03T18:55:36,0.17,"Rain, Partially cloudy",Partly cloudy throughout the day with rain clearing later.,rain,"DNMM,remote,65201099999",
Lagos,2025-04-04,93.2,78.8,85.1,109.5,78.8,94.8,77.9,80.3,1.22,100.0,4.17,rain,0.0,0.0,18.1,13.9,199.7,1011.1,49.8,6.3,248.6,21.6,8,60.0,2025-04-04T06:43:23,2025-04-04T18:55:29,0.21,"Rain, Partially cloudy",Partly cloudy throughout the day with early morning rain.,rain,"DNMM,remote,65201099999",
Lagos,2025-04-05,93.2,80.6,86.2,107.5,87.9,97.6,77.8,77.3,0.0,0.0,0.0,rain,0.0,0.0,24.6,17.2,207.3,1010.8,51.3,7.5,256.8,22.2,9,75.0,2025-04-05T06:42:56,2025-04-05T18:55:23,0.25,Partially cloudy,Partly cloudy throughout the day.,partly-cloudy-day,"DNMM,remote,65201099999",
Lagos,2025-04-06,93.1,80.5,86.2,110.1,86.9,97.6,77.7,77.0,0.143,100.0,54.17,rain,0.0,0.0,21.3,15.0,194.4,1010.3,47.0,6.2,232.9,20.1,9,75.0,2025-04-06T06:42:28,2025-04-06T18:55:16,0.27,"Rain, Partially cloudy",Partly cloudy throughout the day with a chance of rain throughout the day.,rain,DNMM,
Lagos,2025-04-07,93.1,80.5,85.7,110.1,87.9,97.8,78.6,80.1,0.044,100.0,33.33,rain,0.0,0.0,20.6,12.8,186.7,1010.3,46.4,6.4,208.9,17.8,7,75.0,2025-04-07T06:42:01,2025-04-07T18:55:10,0.31,"Rain, Partially cloudy",Partly cloudy throughout the day with rain in the morning and afternoon.,rain,"DNMM,remote",
Lagos,2025-04-08,94.9,80.5,86.2,109.7,87.9,98.0,78.2,78.4,0.028,100.0,20.83,rain,0.0,0.0,19.9,13.9,192.3,1012.0,49.8,6.3,286.5,24.7,10,75.0,2025-04-08T06:41:34,2025-04-08T18:55:04,0.34,"Rain, Partially cloudy",Partly cloudy throughout the day with rain clearing later.,rain,"DNMM,remote",
Lagos,2025-04-09,91.3,76.9,84.2,100.3,76.9,92.5,76.0,77.6,0.02,100.0,16.67,rain,0.0,,18.8,16.1,222.0,1012.9,45.4,5.8,276.4,23.9,10,75.0,2025-04-09T06:41:07,2025-04-09T18:54:58,0.38,"Rain, Partially cloudy",Partly cloudy throughout the day with early morning rain.,rain,DNMM,
Lagos,2025-04-10,91.3,73.3,83.4,104.8,73.3,91.3,76.6,81.1,0.252,100.0,25.0,rain,0.0,,18.3,16.1,186.9,1011.1,50.5,6.1,268.8,23.3,9,60.0,2025-04-10T06:40:41,2025-04-10T18:54:53,0.41,"Rain, Partially cloudy",Partly cloudy throughout the day with a chance of rain throughout the day.,rain,"DNMM,remote",
Lagos,2025-04-11,89.5,73.3,80.4,104.9,73.3,86.7,75.6,86.4,0.055,100.0,16.67,rain,0.0,,14.5,13.9,179.6,1010.1,47.5,5.2,172.9,14.9,8,60.0,2025-04-11T06:40:14,2025-04-11T18:54:47,0.45,"Rain, Partially cloudy",Partly cloudy throughout the day with rain.,rain,DNMM,
Lagos,2025-04-12,91.3,75.1,83.9,104.8,75.1,92.2,76.8,80.4,0.0,0.0,0.0,,0.0,,13.2,13.9,203.7,1010.7,49.1,5.7,285.8,24.6,10,60.0,2025-04-12T06:39:49,2025-04-12T18:54:42,0.48,Partially cloudy,Partly cloudy throughout the day.,partly-cloudy-day,DNMM,
Lagos,2025-04-13,93.1,80.5,85.4,110.1,87.9,97.0,78.4,80.6,0.008,100.0,8.33,rain,0.0,,15.9,10.3,191.3,1010.9,46.5,6.1,296.8,25.7,9,60.0,2025-04-13T06:39:23,2025-04-13T18:54:37,0.5,"Rain, Partially cloudy",Partly cloudy throughout the day with afternoon rain.,rain,DNMM,
Lagos,2025-04-14,91.3,80.5,84.5,107.5,87.9,95.8,78.4,82.6,0.012,100.0,12.5,rain,0.0,,16.6,15.0,206.2,1010.4,66.6,9.5,273.4,23.6,8,100.0,2025-04-14T06:38:58,2025-04-14T18:54:33,0.55,"Rain, Partially cloudy",Partly cloudy throughout the day with strong storms possible.,rain,"DNMM,remote",
New York,2025-01-01,50.8,41.3,45.9,50.8,33.0,41.4,36.0,69.7,0.036,100.0,4.17,rain,0.0,0.0,37.6,17.8,273.5,1001.2,85.7,8.9,43.6,3.8,3,10.0,2025-01-01T07:20:16,2025-01-01T16:39:37,0.06,"Rain, Partially cloudy",Partly cloudy throughout the day with early morning rain.,rain,"72505394728,KEWR,KLGA,72502014734,F1417,KNYC,72503014732",
New York,2025-01-02,42.5,34.3,38.7,34.3,23.2,30.6,19.5,46.0,0.0,0.0,0.0,,0.0,0.0,37.8,20.8,267.0,1012.2,53.6,9.9,62.9,5.4,3,10.0,2025-01-02T07:20:20,2025-01-02T16:40:29,0.1,Partially cloudy,Partly cloudy throughout the day.,partly-cloudy-day,"72505394728,KEWR,KLGA,72502014734,F1417,KNYC,72503014732",
New York,2025-01-03,38.4,31.1,34.9,32.7,22.4,27.0,16.6,47.3,0.0,0.0,0.0,,0.0,0.0,28.4,14.8,267.7,1011.5,71.3,9.9,99.3,8.5,6,10.0,2025-01-03T07:20:23,2025-01-03T16:41:22,0.13,Partially cloudy,Partly cloudy throughout the day.,partly-cloudy-day,"72505394728,KEWR,KLGA,72502014734,F1417,KNYC,72503014732",
New York,2025-01-04,32.8,28.9,31.0,23.8,18.4,20.8,8.4,38.6,0.0,0.0,0.0,,0.0,0.0,37.8,20.3,288.3,1011.0,67.8,9.9,79.3,6.7,6,10.0,2025-01-04T07:20:23,2025-01-04T16:42:17,0.17,Partially cloudy,Partly cloudy throughout the day.,partly-cloudy-day,"72505394728,KEWR,KLGA,72502014734,F1417,KNYC,72503014732",
New York,2025-01-05,33.5,28.3,30.0,24.6,17.7,20.4,10.4,43.6,0.0,0.0,0.0,,0.0,0.0,33.3,17.5,277.0,1016.2,62.8,9.9,87.6,7.5,4,10.0,2025-01-05T07:20:21,2025-01-05T16:43:13,0.21,Partially cloudy,Partly cloudy throughout the day.,partly-cloudy-day,"72505394728,KEWR,KLGA,72502014734,F1417,KNYC,72503014732",
New York,2025-01-06,30.1,23.7,28.7,30.1,13.4,22.5,17.6,63.4,0.062,100.0,16.67,"rain,snow",0.7,0.4,35.3,12.3,339.6,1010.2,75.5,8.3,17.6,1.4,1,10.0,2025-01-06T07:20:16,2025-01-06T16:44:11,0.25,"Snow, Rain, Partially cloudy",Partly cloudy throughout the day with rain or snow in the morning and afternoon.,snow,"72505394728,KEWR,KLGA,72502014734,F1417,KNYC,72503014732",
New York,2025-01-07,32.8,19.5,26.0,21.8,5.4,13.5,8.9,48.0,0.0,0.0,0.0,,0.0,0.4,39.4,20.2,302.6,1009.8,33.5,9.9,114.4,9.8,5,10.0,2025-01-07T07:20:10,2025-01-07T16:45:10,0.28,Partially cloudy,Partly cloudy throughout the day.,partly-cloudy-day,"72505394728,KEWR,KLGA,72502014734,F1417,KNYC,72503014732",
New York,2025-01-08,29.7,23.3,26.1,17.6,7.6,13.4,5.3,40.7,0.0,0.0,0.0,,0.0,0.9,38.3,23.0,295.4,1012.4,40.6,9.9,114.5,10.0,6,10.0,2025-01-08T07:20:01,2025-01-08T16:46:10,0.31,Partially cloudy,Clearing in the afternoon.,partly-cloudy-day,"72505394728,KEWR,KLGA,72502014734,F1417,KNYC,72503014732",
New York,2025-01-09,33.8,22.4,27.4,22.8,8.0,15.0,9.4,46.5,0.0,0.0,0.0,"rain,snow",0.1,0.1,41.7,25.9,300.9,1007.8,26.2,9.9,112.4,9.8,5,10.0,2025-01-09T07:19:50,2025-01-09T16:47:11,0.35,Partially cloudy,Partly cloudy throughout the day.,partly-cloudy-day,"72505394728,KEWR,KLGA,72502014734,F1417,KNYC,72503014732",
New York,2025-01-10,39.5,27.4,33.0,33.5,16.2,25.0,14.1,45.9,0.0,0.0,0.0,snow,0.0,0.0,32.9,15.7,300.5,1011.9,25.5,9.9,101.1,8.7,5,10.0,2025-01-10T07:19:36,2025-01-10T16:48:14,0.38,Partially cloudy,Partly cloudy throughout the day.,partly-cloudy-day,"72505394728,KEWR,KLGA,72502014734,F1417,KNYC,72503014732",
New York,2025-01-11,36.2,28.5,32.3,35.1,21.1,25.8,19.3,59.3,0.023,100.0,12.5,"rain,snow",0.8,0.2,32.7,15.6,300.7,1002.2,79.0,9.2,63.2,5.3,4,10.0,2025-01-11T07:19:20,2025-01-11T16:49:17,0.42,"Snow, Rain, Partially cloudy",Partly cloudy throughout the day with rain or snow clearing later.,snow,"72505394728,KEWR,KLGA,72502014734,F1417,KNYC,72503014732",
New York,2025-01-12,41.9,30.9,36.4,39.2,22.4,31.2,19.5,50.6,0.0,0.0,0.0,,0.0,0.9,23.0,11.3,305.6,1014.5,44.1,9.9,106.0,9.1,5,10.0,2025-01-12T07:19:02,2025-01-12T16:50:22,0.46,Partially cloudy,Partly cloudy throughout the day.,partly-cloudy-day,"72505394728,KEWR,KLGA,72502014734,F1417,KNYC,72503014732",
New York,2025-01-13,42.5,33.8,37.9,38.8,27.3,32.8,19.5,47.4,0.0,0.0,0.0,snow,0.0,0.0,31.1,14.5,243.8,1014.2,48.5,9.9,48.2,4.2,2,10.0,2025-01-13T07:18:42,2025-01-13T16:51:28,0.5,Partially cloudy,Partly cloudy throughout the day.,partly-cloudy-day,"72505394728,KEWR,KLGA,72502014734,F1417,KNYC,72503014732",
New York,2025-01-14,35.3,26.3,30.6,27.6,14.7,21.3,8.3,39.1,0.0,0.0,0.0,,0.0,0.0,32.0,18.9,288.7,1015.6,37.0,9.9,121.5,10.5,5,10.0,2025-01-14T07:18:20,2025-01-14T16:52:34,0.52,Partially cloudy,Partly cloudy throughout the day.,partly-cloudy-day,"72505394728,KEWR,KLGA,72502014734,F8726,F1417,KNYC,72503014732",
New York,2025-01-15,31.8,23.1,27.1,22.4,10.0,16.7,7.3,42.9,0.0,0.0,0.0,,0.0,0.0,31.5,16.8,298.4,1019.9,29.5,9.9,127.4,11.0,6,10.0,2025-01-15T07:17:55,2025-01-15T16:53:42,0.56,Partially cloudy,Becoming cloudy in the afternoon.,partly-cloudy-day,"72505394728,KEWR,KLGA,72502014734,F1417,KNYC,72503014732",
New York,2025-01-16,29.6,23.5,27.2,25.7,16.4,19.5,12.0,53.0,0.0,0.0,0.0,snow,0.0,0.0,21.9,11.2,246.9,1014.7,63.6,9.6,74.0,6.3,4,10.0,2025-01-16T07:17:29,2025-01-16T16:54:50,0.59,Partially cloudy,Partly cloudy throughout the day.,partly-cloudy-day,"72505394728,KEWR,KLGA,72502014734,F1417,KNYC,72503014732",
New York,2025-01-17,42.5,26.4,33.8,39.0,17.5,28.2,19.1,55.7,0.0,0.0,0.0,snow,0.1,0.0,23.0,10.4,267.1,1016.9,46.9,9.7,108.3,9.4,5,10.0,2025-01-17T07:17:00,2025-01-17T16:55:59,0.62,Partially cloudy,Partly cloudy throughout the day.,partly-cloudy-day,"72505394728,KEWR,KLGA,72502014734,F1417,KNYC,72503014732",
New York,2025-01-18,46.1,35.5,41.2,44.2,29.4,37.3,32.2,71.3,0.088,100.0,12.5,rain,0.0,0.0,28.4,12.3,194.3,1013.2,68.2,7.7,26.8,2.2,2,10.0,2025-01-18T07:16:29,2025-01-18T16:57:08,0.65,"Rain, Partially cloudy",Partly cloudy throughout the day with afternoon rain.,rain,"72505394728,KEWR,KLGA,72502014734,F1417,KNYC,72503014732",
New York,2025-01-19,40.5,27.4,35.8,37.7,17.4,29.9,29.2,77.1,0.207,100.0,37.5,"rain,snow",3.3,0.5,32.4,14.7,346.5,1007.7,85.6,6.6,33.0,2.9,2,10.0,2025-01-19T07:15:56,2025-01-19T16:58:19,0.69,"Snow, Rain, Partially cloudy",Partly cloudy throughout the day with rain or snow.,snow,"72505394728,KEWR,KLGA,72502014734,F1417,KNYC,72503014732",
New York,2025-01-20,26.4,18.3,21.8,16.4,5.8,10.8,5.6,50.3,0.0,0.0,0.0,snow,0.5,2.0,32.2,14.7,284.9,1022.0,28.6,9.4,125.7,10.7,6,10.0,2025-01-20T07:15:21,2025-01-20T16:59:29,0.72,Partially cloudy,Partly cloudy throughout the day.,partly-cloudy-day,"72505394728,KEWR,KLGA,72502014734,F1417,KNYC,72503014732",
New York,2025-01-21,19.3,11.3,15.9,11.3,-3.0,5.0,-3.9,41.0,0.0,0.0,0.0,,0.0,1.3,23.0,12.0,273.1,1032.8,42.1,9.9,71.6,6.2,4,10.0,2025-01-21T07:14:44,2025-01-21T17:00:41,0.75,Partially cloudy,Partly cloudy throughout the day.,partly-cloudy-day,"72505394728,KEWR,KLGA,72502014734,F1417,KNYC,72503014732",
New York,2025-01-22,19.8,11.4,16.3,19.8,-1.5,7.5,-4.7,38.9,0.0,0.0,0.0,,0.0,0.5,26.4,10.7,304.9,1032.3,24.6,9.9,121.9,10.6,5,10.0,2025-01-22T07:14:04,2025-01-22T17:01:53,0.78,Partially cloudy,Partly cloudy throughout the day.,partly-cloudy-day,"72505394728,KEWR,KLGA,72502014734,F1417,KNYC,72503014732",
New York,2025-01-23,27.6,17.2,22.7,19.9,9.9,15.7,2.2,40.8,0.0,0.0,0.0,,0.0,0.9,23.0,13.9,252.1,1024.9,28.3,9.9,122.8,10.6,6,10.0,2025-01-23T07:13:23,2025-01-23T17:03:05,0.81,Partially cloudy,Clearing in the afternoon.,partly-cloudy-day,"72505394728,KEWR,KLGA,72502014734,F1417,KNYC,72503014732",
New York,2025-01-24,32.8,22.3,27.7,28.5,13.5,20.8,8.1,43.6,0.0,0.0,0.0,,0.0,1.3,24.2,12.4,288.5,1021.7,11.7,9.9,129.3,11.2,6,10.0,2025-01-24T07:12:40,2025-01-24T17:04:18,0.85,Clear,Clear conditions throughout the day.,clear-day,"72505394728,KEWR,KLGA,72502014734,F1417,KNYC,72503014732",
New York,2025-01-25,32.1,21.2,27.5,25.8,12.3,20.6,7.6,43.0,0.0,0.0,0.0,,0.0,1.3,22.4,12.1,251.1,1025.7,37.8,9.9,126.0,10.9,5,10.0,2025-01-25T07:11:55,2025-01-25T17:05:31,0.88,Partially cloudy,Becoming cloudy in the afternoon.,partly-cloudy-day,"72505394728,KEWR,KLGA,72502014734,F1417,KNYC,72503014732",
New York,2025-01-26,43.0,30.7,36.3,37.5,23.5,30.4,16.0,44.1,0.0,0.0,0.0,,0.0,1.2,27.9,17.4,264.6,1020.4,45.3,9.9,75.0,6.5,4,10.0,2025-01-26T07:11:08,2025-01-26T17:06:44,0.91,Partially cloudy,Partly cloudy throughout the day.,partly-cloudy-day,"72505394728,KEWR,KLGA,72502014734,F1417,KNYC,72503014732",
New York,2025-01-27,40.5,31.5,36.3,35.7,22.8,29.5,10.3,34.6,0.0,0.0,0.0,,0.0,0.8,32.4,15.9,238.8,1013.4,14.4,9.9,133.3,11.3,6,10.0,2025-01-27T07:10:19,2025-01-27T17:07:58,0.94,Clear,Clear conditions throughout the day.,clear-day,"72505394728,KEWR,KLGA,72502014734,F1417,KNYC,72503014732",
New York,2025-01-28,42.5,33.8,37.7,35.6,27.6,30.9,13.4,36.7,0.0,0.0,0.0,snow,0.0,0.8,37.8,20.9,267.8,1002.8,49.5,9.9,113.2,9.6,5,10.0,2025-01-28T07:09:28,2025-01-28T17:09:12,0.97,Partially cloudy,Clearing in the afternoon.,partly-cloudy-day,"72505394728,KEWR,KLGA,72502014734,F1417,KNYC,72503014732",
New York,2025-01-29,51.9,34.4,42.7,51.9,22.4,37.0,19.7,40.1,0.0,0.0,0.0,"rain,snow",0.0,0.1,42.6,23.1,267.6,1000.2,56.1,9.9,112.7,9.8,7,10.0,2025-01-29T07:08:35,2025-01-29T17:10:26,0.0,Partially cloudy,Partly cloudy throughout the day.,partly-cloudy-day,"72505394728,KEWR,KLGA,72502014734,F1417,KNYC,72503014732",
New York,2025-01-30,36.8,25.5,31.8,36.2,14.6,23.9,8.4,37.3,0.0,0.0,0.0,,0.0,0.1,38.4,21.0,293.6,1021.5,19.4,9.9,138.7,12.0,6,10.0,2025-01-30T07:07:41,2025-01-30T17:11:40,0.04,Clear,Clear conditions throughout the day.,clear-day,"72505394728,KEWR,KLGA,72502014734,F1417,KNYC,72503014732",
New York,2025-01-31,47.3,37.6,42.7,45.9,32.3,40.2,36.8,79.8,0.164,100.0,45.83,rain,0.0,0.1,16.3,9.2,224.2,1011.8,87.5,7.0,20.9,1.8,1,10.0,2025-01-31T07:06:45,2025-01-31T17:12:54,0.08,"Rain, Partially cloudy",Partly cloudy throughout the day with a chance of rain throughout the day.,rain,"72505394728,KEWR,KLGA,72502014734,F1417,KNYC,72503014732",
New York,2025-02-01,47.8,23.3,35.8,43.9,13.1,28.1,19.0,54.1,0.0,0.0,0.0,rain,0.0,0.1,29.2,17.4,330.9,1017.2,56.5,9.1,123.5,10.5,6,10.0,2025-02-01T07:05:47,2025-02-01T17:14:09,0.11,Partially cloudy,Partly cloudy throughout the day.,partly-cloudy-day,"72505394728,KEWR,KLGA,72502014734,F1417,KNYC,72503014732",
New York,2025-02-02,30.8,17.4,24.1,30.8,5.0,16.0,12.0,60.2,0.085,100.0,20.83,snow,0.4,0.0,23.0,11.2,42.6,1031.7,55.8,8.9,83.7,7.3,4,10.0,2025-02-02T07:04:47,2025-02-02T17:15:23,0.15,"Snow, Partially cloudy",Partly cloudy throughout the day with late afternoon snow.,snow,"72505394728,KEWR,KLGA,72502014734,F1417,KNYC,72503014732",
New York,2025-02-03,47.6,30.8,39.8,47.5,27.6,37.3,30.6,70.4,0.018,100.0,4.17,"rain,snow",0.4,0.2,17.2,9.1,227.4,1017.6,45.8,9.4,100.5,8.6,5,10.0,2025-02-03T07:03:46,2025-02-03T17:16:37,0.18,"Snow, Rain, Partially cloudy",Partly cloudy throughout the day with early morning snow or rain.,snow,"72505394728,KEWR,KLGA,72502014734,F1417,KNYC,72503014732",
New York,2025-02-04,47.5,32.4,42.0,43.3,22.3,35.1,23.8,49.7,0.0,0.0,0.0,,0.0,0.0,41.0,24.9,309.4,1014.7,50.0,9.9,147.7,12.9,6,10.0,2025-02-04T07:02:43,2025-02-04T17:17:52,0.22,Partially cloudy,Partly cloudy throughout the day.,partly-cloudy-day,"72505394728,KEWR,KLGA,72502014734,F1417,KNYC,72503014732",
New York,2025-02-05,36.4,27.4,31.1,33.0,15.1,23.8,7.9,37.9,0.0,0.0,0.0,,0.0,0.0,33.3,16.8,332.4,1028.0,49.4,9.9,131.4,11.5,6,10.0,2025-02-05T07:01:39,2025-02-05T17:19:06,0.25,Partially cloudy,Clearing in the afternoon.,partly-cloudy-day,"72505394728,KEWR,KLGA,72502014734,F1417,KNYC,72503014732",
New York,2025-02-06,38.4,29.9,35.1,35.3,22.9,29.4,28.5,78.2,0.291,100.0,41.67,"rain,snow,ice",1.5,0.3,21.9,11.7,149.9,1016.0,99.4,5.6,16.9,1.4,1,10.0,2025-02-06T07:00:33,2025-02-06T17:20:20,0.29,"Snow, Rain, Ice, Overcast",Cloudy skies throughout the day with a chance of rain or snow throughout the day.,snow,"72505394728,KEWR,KLGA,72502014734,F1417,KNYC,72503014732",
New York,2025-02-07,42.7,30.1,37.6,35.7,24.2,30.6,18.2,49.3,0.0,0.0,0.0,snow,0.0,0.0,35.6,18.7,284.2,1014.4,41.6,8.7,154.0,13.3,6,10.0,2025-02-07T06:59:25,2025-02-07T17:21:34,0.33,Partially cloudy,Partly cloudy throughout the day.,partly-cloudy-day,"72505394728,KEWR,KLGA,72502014734,F1417,KNYC,72503014732",
New York,2025-02-08,35.1,26.3,30.4,34.1,17.8,25.6,11.1,45.9,0.437,100.0,16.67,"rain,snow,ice",1.5,0.3,25.7,8.9,324.4,1023.3,59.9,8.6,87.3,7.6,4,10.0,2025-02-08T06:58:16,2025-02-08T17:22:48,0.36,"Snow, Rain, Ice, Partially cloudy",Becoming cloudy in the afternoon with late afternoon rain or snow.,snow,"72505394728,KEWR,KLGA,72502014734,F1417,KNYC,72503014732",
New York,2025-02-09,35.4,30.1,33.3,35.4,23.4,27.5,24.9,72.4,0.196,100.0,25.0,"freezingrain,snow,ice",2.7,2.3,30.2,16.0,316.5,1016.6,94.9,7.6,54.4,4.6,3,10.0,2025-02-09T06:57:06,2025-02-09T17:24:02,0.4,"Snow, Freezing Drizzle/Freezing Rain, Ice, Overcast",Cloudy skies throughout the day with early morning snow.,snow,"72505394728,KEWR,KLGA,72502014734,F1417,KNYC,72503014732",
New York,2025-02-10,37.5,30.5,33.9,34.5,24.3,28.0,14.1,44.3,0.0,0.0,0.0,,0.0,1.1,27.5,11.3,310.8,1027.6,45.6,9.9,149.0,12.9,7,10.0,2025-02-10T06:55:54,2025-02-10T17:25:16,0.43,Partially cloudy,Partly cloudy throughout the day.,partly-cloudy-day,"72505394728,KEWR,KLGA,72502014734,F1417,KNYC,72503014732",
New York,2025-02-11,35.4,27.9,31.6,35.1,23.7,29.2,13.8,48.5,0.075,100.0,12.5,snow,0.3,0.7,12.3,7.1,268.3,1028.4,61.5,8.5,63.2,5.3,3,10.0,2025-02-11T06:54:40,2025-02-11T17:26:29,0.47,"Snow, Partially cloudy",Partly cloudy throughout the day with late afternoon snow.,snow,"72505394728,KEWR,KLGA,72502014734,F1417,KNYC,72503014732",
New York,2025-02-12,36.2,30.7,33.2,30.3,23.2,25.8,26.2,75.9,0.112,100.0,29.17,"rain,snow",1.8,1.9,23.0,12.9,53.3,1024.1,100.0,6.7,33.9,2.8,2,10.0,2025-02-12T06:53:26,2025-02-12T17:27:43,0.5,"Snow, Rain, Overcast",Cloudy skies throughout the day with rain or snow.,snow,"72505394728,KEWR,KLGA,72502014734,F8726,F1417,KNYC,D8219,72503014732",
New York,2025-02-13,46.3,34.4,39.2,39.5,28.3,33.4,32.1,77.7,0.195,100.0,45.83,rain,0.5,1.0,33.5,17.4,310.1,1013.3,88.0,5.0,29.1,2.6,1,10.0,2025-02-13T06:52:10,2025-02-13T17:28:56,0.54,"Rain, Partially cloudy",Partly cloudy throughout the day with a chance of rain or snow throughout the day.,snow,"72505394728,KEWR,KLGA,72502014734,F1417,KNYC,72503014732",
New York,2025-02-14,36.0,30.1,32.8,28.0,19.8,23.9,8.4,36.1,0.0,0.0,0.0,,0.0,0.0,34.4,20.8,298.0,1031.1,21.0,9.9,166.8,14.4,7,10.0,2025-02-14T06:50:53,2025-02-14T17:30:08,0.57,Partially cloudy,Partly cloudy throughout the day.,partly-cloudy-day,"72505394728,KEWR,KLGA,72502014734,F1417,KNYC,72503014732",
New York,2025-02-15,35.6,28.5,31.9,29.5,22.5,26.3,17.1,57.4,0.266,100.0,37.5,"rain,snow,ice",1.9,0.2,19.7,11.3,97.0,1027.9,79.4,6.9,36.8,3.1,2,10.0,2025-02-15T06:49:35,2025-02-15T17:31:21,0.6,"Snow, Rain, Ice, Partially cloudy",Partly cloudy throughout the day with rain or snow.,snow,"72505394728,KEWR,KLGA,72502014734,F1417,KNYC,72503014732",
New York,2025-02-16,46.4,33.8,37.7,41.0,24.9,30.6,33.0,84.0,0.667,100.0,70.83,rain,0.4,0.1,47.2,29.6,9.6,997.2,98.8,4.2,18.8,1.5,1,10.0,2025-02-16T06:48:15,2025-02-16T17:32:33,0.63,"Rain, Overcast",Cloudy skies throughout the day with a chance of rain or snow throughout the day.,snow,"72505394728,KEWR,KLGA,72502014734,F1417,KNYC,72503014732",
New York,2025-02-17,37.3,27.6,32.2,27.1,16.2,20.7,8.1,36.3,0.0,0.0,0.0,snow,0.0,0.1,43.9,27.2,278.5,1007.5,54.3,9.9,177.7,15.4,8,10.0,2025-02-17T06:46:54,2025-02-17T17:33:45,0.67,Partially cloudy,Partly cloudy throughout the day.,partly-cloudy-day,"72505394728,KEWR,KLGA,72502014734,F1417,KNYC,72503014732",
New York,2025-02-18,27.7,19.5,23.6,16.8,5.0,11.3,-2.4,31.9,0.0,0.0,0.0,,0.0,0.0,32.0,17.0,293.7,1020.6,17.2,9.9,168.2,14.7,6,10.0,2025-02-18T06:45:33,2025-02-18T17:34:57,0.7,Clear,Clear conditions throughout the day.,clear-day,"72505394728,KEWR,KLGA,72502014734,F1417,KNYC,72503014732",
New York,2025-02-19,30.3,17.5,23.6,22.1,4.3,12.7,3.3,41.1,0.0,0.0,0.0,,0.0,0.0,29.8,14.8,294.4,1024.6,22.7,9.9,155.7,13.5,7,10.0,2025-02-19T06:44:10,2025-02-19T17:36:08,0.73,Partially cloudy,Partly cloudy throughout the day.,partly-cloudy-day,"72505394728,KEWR,KLGA,72502014734,F1417,KNYC,72503014732",
New York,2025-02-20,28.6,18.4,23.4,22.9,7.8,13.3,9.2,54.8,0.007,100.0,4.17,snow,0.3,0.0,31.6,16.6,316.4,1015.3,61.0,8.3,130.8,11.3,6,10.0,2025-02-20T06:42:46,2025-02-20T17:37:19,0.75,"Snow, Partially cloudy",Becoming cloudy in the afternoon with late afternoon snow.,snow,"72505394728,KEWR,KLGA,72502014734,F1417,KNYC,72503014732",
New York,2025-02-21,35.9,22.4,27.9,24.9,7.9,14.9,9.7,47.0,0.0,0.0,0.0,"rain,snow",0.2,0.1,37.7,24.5,307.4,1021.7,30.3,9.9,192.5,16.6,7,10.0,2025-02-21T06:41:21,2025-02-21T17:38:30,0.8,Partially cloudy,Partly cloudy throughout the day.,partly-cloudy-day,"72505394728,KEWR,KLGA,72502014734,F1417,KNYC,72503014732",
New York,2025-02-22,40.8,21.5,31.1,34.7,7.8,23.2,11.0,43.9,0.0,0.0,0.0,,0.0,0.0,30.5,17.7,259.2,1026.2,38.5,9.9,189.9,16.5,7,10.0,2025-02-22T06:39:55,2025-02-22T17:39:41,0.83,Partially cloudy,Becoming cloudy in the afternoon.,partly-cloudy-day,"72505394728,KEWR,KLGA,72502014734,F1417,KNYC,72503014732",
New York,2025-02-23,46.9,33.5,40.1,43.4,26.8,35.1,16.7,38.7,0.0,0.0,0.0,,0.0,0.0,23.2,11.2,273.3,1019.3,42.2,9.9,173.8,15.1,7,10.0,2025-02-23T06:38:28,2025-02-23T17:40:51,0.86,Partially cloudy,Partly cloudy throughout the day.,partly-cloudy-day,"72505394728,KEWR,KLGA,72502014734,F1417,KNYC,72503014732",
New York,2025-02-24,48.8,34.7,42.6,44.3,33.9,39.0,22.6,45.7,0.0,0.0,0.0,,0.0,0.0,27.8,16.0,161.9,1017.4,61.1,9.9,194.7,17.0,8,10.0,2025-02-24T06:37:00,2025-02-24T17:42:01,0.89,Partially cloudy,Partly cloudy throughout the day.,partly-cloudy-day,"72505394728,KEWR,KLGA,72502014734,F1417,KNYC,72503014732",
New York,2025-02-25,55.3,42.7,49.0,55.3,38.9,47.4,27.6,43.7,0.0,0.0,0.0,,0.0,0.0,23.4,11.9,245.9,1009.2,61.3,9.9,118.6,10.3,5,10.0,2025-02-25T06:35:32,2025-02-25T17:43:10,0.92,Partially cloudy,Partly cloudy throughout the day.,partly-cloudy-day,"72505394728,KEWR,KLGA,72502014734,F1417,KNYC,72503014732",
New York,2025-02-26,56.8,43.0,49.6,56.8,36.7,47.6,29.1,46.7,0.0,0.0,0.0,rain,0.0,0.0,28.4,17.7,293.5,1012.2,34.7,9.9,192.8,16.7,7,10.0,2025-02-26T06:34:02,2025-02-26T17:44:20,0.96,Partially cloudy,Partly cloudy throughout the day.,partly-cloudy-day,"72505394728,KEWR,KLGA,72502014734,F1417,KNYC,72503014732",
New York,2025-02-27,54.0,43.4,49.1,54.0,39.2,47.4,36.5,62.4,0.003,100.0,4.17,rain,0.0,0.0,25.4,12.6,227.7,1007.0,90.4,9.9,44.7,4.0,3,10.0,2025-02-27T06:32:32,2025-02-27T17:45:29,0.0,"Rain, Overcast",Cloudy skies throughout the day with afternoon rain.,rain,"72505394728,KEWR,KLGA,72502014734,F1417,KNYC,72503014732",
New York,2025-02-28,51.0,42.3,46.2,51.0,36.0,41.6,23.0,41.4,0.0,0.0,0.0,,0.0,0.0,35.8,18.4,268.9,1005.7,40.1,9.9,195.0,16.9,7,10.0,2025-02-28T06:31:01,2025-02-28T17:46:37,0.02,Partially cloudy,Partly cloudy throughout the day.,partly-cloudy-day,"72505394728,KEWR,KLGA,72502014734,F1417,KNYC,72503014732",
New York,2025-03-01,64.4,29.6,46.2,64.4,18.1,41.8,23.2,41.3,0.0,0.0,0.0,rain,0.0,0.0,41.7,23.0,277.1,1002.1,56.0,9.9,158.3,13.6,7,10.0,2025-03-01T06:29:29,2025-03-01T17:47:46,0.06,Partially cloudy,Partly cloudy throughout the day.,partly-cloudy-day,"72505394728,KEWR,KLGA,72502014734,F1417,KNYC,72503014732",
New York,2025-03-02,34.0,20.3,26.7,25.5,7.4,15.6,0.8,32.9,0.0,0.0,0.0,,0.0,0.0,33.9,18.1,313.3,1018.3,19.0,9.9,209.0,18.1,8,10.0,2025-03-02T06:27:57,2025-03-02T17:48:54,0.09,Clear,Clear conditions throughout the day.,clear-day,"72505394728,KEWR,KLGA,72502014734,F1417,KNYC,72503014732",
New York,2025-03-03,38.6,23.3,30.6,33.4,13.4,23.9,6.4,36.5,0.0,0.0,0.0,,0.0,0.0,24.2,10.8,279.6,1024.0,14.6,9.9,210.8,18.2,8,10.0,2025-03-03T06:26:24,2025-03-03T17:50:02,0.13,Clear,Clear conditions throughout the day.,clear-day,"72505394728,KEWR,KLGA,72502014734,F1417,KNYC,72503014732",
New York,2025-03-04,52.2,33.1,43.0,52.2,27.1,39.8,25.2,49.4,0.0,0.0,0.0,,0.0,0.0,22.8,10.9,183.9,1021.3,57.7,9.9,133.9,11.6,7,10.0,2025-03-04T06:24:50,2025-03-04T17:51:09,0.16,Partially cloudy,Partly cloudy throughout the day.,partly-cloudy-day,"72505394728,KEWR,KLGA,72502014734,F1417,KNYC,72503014732",
New York,2025-03-05,54.8,42.0,50.5,54.8,39.3,49.6,42.8,75.2,1.449,100.0,33.33,rain,0.0,0.0,35.1,16.2,158.3,1006.5,85.5,8.1,53.3,4.7,3,10.0,2025-03-05T06:23:16,2025-03-05T17:52:16,0.2,"Rain, Partially cloudy",Partly cloudy throughout the day with rain.,rain,"72505394728,KEWR,KLGA,72502014734,F1417,KNYC,72503014732",
New York,2025-03-06,53.7,36.2,48.6,53.7,26.1,45.9,36.0,63.5,0.143,100.0,4.17,rain,0.0,0.0,46.7,20.8,278.0,992.5,95.9,8.9,106.0,9.1,5,10.0,2025-03-06T06:21:41,2025-03-06T17:53:23,0.25,"Rain, Overcast",Cloudy skies throughout the day with early morning rain.,rain,"72505394728,KEWR,KLGA,72502014734,F1417,KNYC,72503014732",
New York,2025-03-07,49.6,35.1,42.2,44.1,24.8,34.4,11.6,29.9,0.0,0.0,0.0,,0.0,0.0,42.1,21.3,284.8,1003.1,38.9,9.9,220.3,19.1,8,10.0,2025-03-07T06:20:05,2025-03-07T17:54:30,0.27,Partially cloudy,Partly cloudy throughout the day.,partly-cloudy-day,"72505394728,KEWR,KLGA,72502014734,F1417,KNYC,72503014732",
New York,2025-03-08,44.5,37.5,41.7,40.0,29.8,35.4,12.7,31.0,0.0,0.0,0.0,,0.0,0.0,39.1,19.2,292.2,1005.2,42.2,9.9,202.7,17.5,8,10.0,2025-03-08T06:18:29,2025-03-08T17:55:36,0.3,Partially cloudy,Clearing in the afternoon.,partly-cloudy-day,"72505394728,KEWR,KLGA,72502014734,F1417,KNYC,72503014732",
New York,2025-03-09,53.6,32.3,42.9,53.6,25.8,38.8,13.8,31.1,0.0,0.0,0.0,,0.0,0.0,33.3,16.1,266.9,1011.9,20.9,9.9,194.4,16.0,8,10.0,2025-03-09T07:16:53,2025-03-09T18:56:42,0.34,Partially cloudy,Partly cloudy throughout the day.,partly-cloudy-day,"72505394728,KEWR,KLGA,72502014734,F1417,KNYC,72503014732",
New York,2025-03-10,65.7,45.9,53.5,65.7,41.6,52.1,25.0,33.5,0.0,0.0,0.0,,0.0,0.0,31.2,11.2,223.2,1010.4,10.2,9.9,223.7,19.3,8,10.0,2025-03-10T07:15:16,2025-03-10T18:57:48,0.37,Clear,Clear conditions throughout the day.,clear-day,"72505394728,KEWR,KLGA,72502014734,F1417,KNYC,72503014732",
New York,2025-03-11,63.1,45.2,54.5,63.1,44.8,54.3,29.7,40.0,0.0,0.0,0.0,,0.0,0.0,22.9,13.0,167.4,1007.9,12.9,9.9,223.7,19.3,8,10.0,2025-03-11T07:13:39,2025-03-11T18:58:54,0.41,Clear,Clear conditions throughout the day.,clear-day,"72505394728,KEWR,KLGA,72502014734,F1417,KNYC,72503014732",
New York,2025-03-12,54.1,43.4,49.0,54.1,36.9,46.7,21.2,34.7,0.0,0.0,0.0,,0.0,0.0,27.7,16.1,26.9,1013.8,39.9,9.9,138.7,12.2,5,10.0,2025-03-12T07:12:02,2025-03-12T18:59:59,0.44,Partially cloudy,Partly cloudy throughout the day.,partly-cloudy-day,"72505394728,KEWR,KLGA,72502014734,F1417,KNYC,72503014732",
New York,2025-03-13,48.3,39.3,43.3,43.7,33.2,38.5,29.7,58.9,0.0,0.0,0.0,,0.0,0.0,35.6,15.1,70.2,1018.6,36.5,9.9,213.7,18.4,7,10.0,2025-03-13T07:10:24,2025-03-13T19:01:05,0.48,Partially cloudy,Clearing in the afternoon.,partly-cloudy-day,"72505394728,KEWR,KLGA,72502014734,F1417,KNYC,72503014732",
New York,2025-03-14,54.5,40.9,45.9,54.5,34.6,43.0,33.1,61.6,0.0,0.0,0.0,,0.0,0.0,20.8,10.7,85.7,1020.5,68.6,9.6,197.5,17.0,7,10.0,2025-03-14T07:08:46,2025-03-14T19:02:10,0.5,Partially cloudy,Clearing in the afternoon.,partly-cloudy-day,"72505394728,KEWR,KLGA,72502014734,F1417,KNYC,72503014732",
New York,2025-03-15,48.0,41.6,44.7,47.2,37.3,41.8,39.9,83.2,0.0,0.0,0.0,rain,0.0,0.0,19.7,9.4,139.6,1019.8,100.0,6.9,56.8,4.9,3,10.0,2025-03-15T07:07:07,2025-03-15T19:03:14,0.55,Overcast,Cloudy skies throughout the day.,cloudy,"72505394728,KEWR,KLGA,72502014734,F1417,KNYC,72503014732",
New York,2025-03-16,61.4,46.4,54.1,61.4,44.8,53.7,49.5,84.7,0.01,100.0,8.33,rain,0.0,0.0,39.6,14.5,150.6,1014.1,85.4,5.0,84.5,7.2,3,10.0,2025-03-16T07:05:28,2025-03-16T19:04:19,0.58,"Rain, Partially cloudy",Partly cloudy throughout the day with rain.,rain,"72505394728,KEWR,KLGA,72502014734,F1417,KNYC,72503014732",
New York,2025-03-17,58.6,40.3,52.7,58.6,34.0,51.4,45.1,76.4,0.796,100.0,33.33,rain,0.0,0.0,32.2,18.7,325.1,1010.0,91.8,6.8,36.1,3.1,2,10.0,2025-03-17T07:03:50,2025-03-17T19:05:23,0.61,"Rain, Overcast",Cloudy skies throughout the day with a chance of rain throughout the day.,rain,"72505394728,KEWR,KLGA,72502014734,F1417,KNYC,72503014732",
New York,2025-03-18,61.4,35.4,46.9,61.4,27.5,43.0,20.0,38.4,0.0,0.0,0.0,,0.0,0.0,35.4,18.8,353.4,1017.0,14.3,9.9,247.8,21.4,8,10.0,2025-03-18T07:02:11,2025-03-18T19:06:28,0.64,Clear,Clear conditions throughout the day.,clear-day,"72505394728,KEWR,KLGA,72502014734,F1417,KNYC,72503014732",
New York,2025-03-19,61.6,44.0,51.5,61.6,42.7,50.9,26.3,40.9,0.0,0.0,0.0,,0.0,0.0,20.8,9.2,121.4,1017.6,17.9,9.9,229.5,19.8,8,10.0,2025-03-19T07:00:31,2025-03-19T19:07:32,0.68,Clear,Clear conditions throughout the day.,clear-day,"72505394728,KEWR,KLGA,72502014734,F1417,KNYC,72503014732",
New York,2025-03-20,50.3,42.3,46.6,50.3,38.8,43.5,42.2,84.8,0.667,100.0,16.67,rain,0.0,0.0,21.9,10.3,125.2,1008.3,96.4,5.7,109.8,9.3,5,10.0,2025-03-20T06:58:52,2025-03-20T19:08:36,0.71,"Rain, Overcast",Cloudy skies throughout the day with rain.,rain,"72505394728,KEWR,KLGA,72502014734,F1417,KNYC,72503014732",
New York,2025-03-21,50.5,38.7,45.9,50.5,28.9,40.5,22.5,45.2,0.445,100.0,12.5,rain,0.0,0.0,43.5,27.1,304.8,1004.2,43.6,9.4,256.1,22.2,9,10.0,2025-03-21T06:57:13,2025-03-21T19:09:40,0.74,"Rain, Partially cloudy",Clearing in the afternoon with early morning rain.,rain,"72505394728,KEWR,KLGA,72502014734,F1417,KNYC,72503014732",
New York,2025-03-22,62.9,44.0,51.4,62.9,39.1,49.9,22.7,33.3,0.0,0.0,0.0,rain,0.0,0.0,39.6,24.4,257.6,1007.6,43.5,9.9,199.9,17.2,8,10.0,2025-03-22T06:55:33,2025-03-22T19:10:43,0.75,Partially cloudy,Becoming cloudy in the afternoon.,partly-cloudy-day,"72505394728,KEWR,KLGA,72502014734,F1417,KNYC,72503014732",
New York,2025-03-23,48.3,31.3,39.8,47.1,22.5,33.6,14.7,37.3,0.0,0.0,0.0,,0.0,0.0,33.4,17.1,297.9,1018.7,21.2,9.9,247.2,21.3,8,10.0,2025-03-23T06:53:54,2025-03-23T19:11:47,0.81,Partially cloudy,Partly cloudy throughout the day.,partly-cloudy-day,"72505394728,KEWR,KLGA,72502014734,F1417,KNYC,72503014732",
New York,2025-03-24,49.7,39.1,44.6,48.3,32.3,41.2,38.8,80.6,0.459,100.0,54.17,rain,0.0,0.0,25.2,12.4,165.2,1011.7,92.5,7.2,27.6,2.3,1,10.0,2025-03-24T06:52:14,2025-03-24T19:12:50,0.84,"Rain, Overcast",Cloudy skies throughout the day with a chance of rain throughout the day.,rain,"72505394728,KEWR,KLGA,72502014734,F1417,KNYC,72503014732",
New York,2025-03-25,57.7,47.4,52.4,57.7,43.6,51.1,26.0,39.9,0.0,0.0,0.0,,0.0,0.0,34.7,19.7,260.2,1011.1,39.4,9.5,246.8,21.2,9,10.0,2025-03-25T06:50:35,2025-03-25T19:13:54,0.88,Partially cloudy,Partly cloudy throughout the day.,partly-cloudy-day,"72505394728,KEWR,KLGA,72502014734,F1417,KNYC,72503014732",
New York,2025-03-26,54.4,39.8,45.6,54.4,33.4,41.3,22.7,40.6,0.0,0.0,0.0,rain,0.0,0.0,34.4,17.9,308.7,1016.3,77.4,9.9,168.9,14.6,9,10.0,2025-03-26T06:48:55,2025-03-26T19:14:57,0.91,Partially cloudy,Partly cloudy throughout the day.,partly-cloudy-day,"72505394728,KEWR,KLGA,72502014734,F1417,KNYC,72503014732",
New York,2025-03-27,52.2,34.5,43.0,52.2,26.2,37.9,13.9,34.1,0.0,0.0,0.0,,0.0,0.0,33.3,17.7,290.5,1022.5,14.9,9.9,263.6,23.0,9,10.0,2025-03-27T06:47:16,2025-03-27T19:16:00,0.94,Clear,Clear conditions throughout the day.,clear-day,"72505394728,KEWR,KLGA,72502014734,F1417,KNYC,72503014732",
New York,2025-03-28,62.7,46.3,53.5,62.7,42.5,51.9,26.6,36.5,0.019,100.0,8.33,rain,0.0,0.0,29.3,10.0,230.3,1020.7,73.3,9.9,147.2,12.7,8,10.0,2025-03-28T06:45:37,2025-03-28T19:17:03,0.97,"Rain, Partially cloudy",Partly cloudy throughout the day with late afternoon rain.,rain,"72505394728,KEWR,KLGA,72502014734,F1417,KNYC,72503014732",
New York,2025-03-29,81.4,47.0,61.5,80.1,41.9,60.8,42.7,52.7,0.014,100.0,16.67,rain,0.0,0.0,36.5,17.4,271.8,1015.4,71.8,9.9,146.0,12.7,8,10.0,2025-03-29T06:43:58,2025-03-29T19:18:06,0.0,"Rain, Partially cloudy",Partly cloudy throughout the day with rain.,rain,"72505394728,KEWR,KLGA,72502014734,F1417,KNYC,72503014732",
New York,2025-03-30,47.8,42.4,45.0,43.5,37.6,40.9,39.0,79.4,0.027,100.0,8.33,rain,0.0,0.0,24.6,10.2,64.2,1019.9,96.8,8.3,60.1,5.0,2,10.0,2025-03-30T06:42:19,2025-03-30T19:19:09,0.04,"Rain, Overcast",Cloudy skies throughout the day with late afternoon rain.,rain,"72505394728,KEWR,KLGA,72502014734,F1417,KNYC,72503014732",
New York,2025-03-31,71.8,44.9,57.1,71.8,40.7,56.3,50.5,80.2,0.85,100.0,25.0,rain,0.0,0.0,33.3,9.9,104.4,1006.4,92.9,5.4,131.5,11.3,8,10.0,2025-03-31T06:40:41,2025-03-31T19:20:12,0.08,"Rain, Overcast",Cloudy skies throughout the day with rain.,rain,"72505394728,KEWR,KLGA,72502014734,F1417,KNYC,72503014732",
New York,2025-04-01,59.4,41.6,49.4,59.4,34.4,46.5,29.8,50.5,0.28,100.0,20.83,rain,0.0,0.0,34.3,20.4,317.7,1012.4,43.9,9.4,271.3,23.6,9,10.0,2025-04-01T06:39:02,2025-04-01T19:21:15,0.11,"Rain, Partially cloudy",Clearing in the afternoon with early morning rain.,rain,"72505394728,KEWR,KLGA,72502014734,F1417,KNYC,72503014732",
New York,2025-04-02,46.4,37.3,42.3,42.0,30.3,36.8,21.7,45.4,0.0,0.0,0.0,rain,0.0,0.0,26.4,17.2,82.3,1030.0,44.7,9.9,207.3,17.9,9,10.0,2025-04-02T06:37:24,2025-04-02T19:22:18,0.14,Partially cloudy,Partly cloudy throughout the day.,partly-cloudy-day,"72505394728,KEWR,KLGA,72502014734,F8726,F1417,KNYC,72503014732",
New York,2025-04-03,73.3,45.0,57.9,73.3,40.6,56.7,51.1,78.8,0.062,100.0,20.83,rain,0.0,0.0,31.1,9.8,189.7,1018.7,77.6,7.3,59.0,5.0,3,10.0,2025-04-03T06:35:46,2025-04-03T19:23:21,0.18,"Rain, Partially cloudy",Partly cloudy throughout the day with rain clearing later.,rain,"72505394728,KEWR,KLGA,72502014734,F1417,KNYC,72503014732",
New York,2025-04-04,73.3,58.3,66.1,73.3,58.3,66.1,43.7,47.7,0.09,100.0,8.33,rain,0.0,0.0,31.1,14.3,300.3,1019.9,61.0,9.7,142.3,12.2,8,10.0,2025-04-04T06:34:09,2025-04-04T19:24:24,0.25,"Rain, Partially cloudy",Partly cloudy throughout the day with morning rain.,rain,"72505394728,KEWR,KLGA,72502014734,F8726,F1417,KNYC,72503014732",
New York,2025-04-05,60.0,43.6,50.8,60.0,37.4,48.4,36.2,60.7,0.052,100.0,20.83,rain,0.0,0.0,30.9,14.4,87.2,1023.2,95.8,8.6,29.5,2.6,2,10.0,2025-04-05T06:32:32,2025-04-05T19:25:27,0.25,"Rain, Overcast",Cloudy skies throughout the day with rain.,rain,"72505394728,KEWR,KLGA,72502014734,F1417,KNYC,72503014732",
New York,2025-04-06,56.1,43.5,49.3,56.1,38.2,48.0,39.3,71.9,0.745,100.0,20.83,rain,0.0,0.0,25.5,9.5,351.5,1010.6,98.6,7.9,68.9,5.9,3,10.0,2025-04-06T06:30:55,2025-04-06T19:26:29,0.28,"Rain, Overcast",Cloudy skies throughout the day with rain clearing later.,rain,"72505394728,KEWR,KLGA,72502014734,F1417,KNYC,72503014732",
New York,2025-04-07,50.5,39.8,43.3,50.5,33.2,38.8,35.5,75.9,0.123,100.0,41.67,rain,0.0,0.0,22.8,14.0,39.3,1008.6,100.0,8.1,20.1,1.7,1,10.0,2025-04-07T06:29:19,2025-04-07T19:27:32,0.32,"Rain, Overcast",Cloudy skies throughout the day with a chance of rain throughout the day.,rain,"KEWR,KLGA,F1417,KNYC",
New York,2025-04-08,45.3,37.5,41.9,42.5,27.7,35.6,22.3,50.1,0.0,0.0,0.0,rain,0.0,0.0,38.6,27.8,297.1,1006.7,58.1,9.5,273.1,23.6,10,10.0,2025-04-08T06:27:43,2025-04-08T19:28:35,0.35,Partially cloudy,Partly cloudy throughout the day.,partly-cloudy-day,"KEWR,KLGA,F1417,KNYC",
New York,2025-04-09,48.4,32.4,39.4,47.6,22.8,33.3,12.5,34.3,0.0,0.0,0.0,,0.0,0.0,31.9,15.0,282.4,1022.8,13.0,9.9,288.1,25.0,9,10.0,2025-04-09T06:26:08,2025-04-09T19:29:38,0.38,Clear,Clear conditions throughout the day.,clear-day,"KEWR,KLGA,F1417,KNYC",
New York,2025-04-10,49.0,41.0,44.2,45.2,36.6,40.8,28.7,54.5,0.012,100.0,4.17,rain,0.0,0.0,26.4,16.8,133.6,1026.4,74.2,9.9,182.9,15.8,10,10.0,2025-04-10T06:24:33,2025-04-10T19:30:41,0.42,"Rain, Partially cloudy",Partly cloudy throughout the day with late afternoon rain.,rain,"KEWR,KLGA,F1417,KNYC",
New York,2025-04-11,46.3,42.5,43.7,40.8,35.9,38.4,35.9,74.0,0.211,100.0,50.0,rain,0.0,0.0,25.3,13.3,60.8,1020.8,100.0,8.9,56.8,4.9,3,10.0,2025-04-11T06:22:59,2025-04-11T19:31:44,0.45,"Rain, Overcast",Cloudy skies throughout the day with rain.,rain,"KEWR,KLGA,F1417,KNYC",
New York,2025-04-12,42.5,36.4,39.0,36.2,28.1,31.8,35.2,86.1,0.792,100.0,83.33,rain,0.5,0.0,31.1,17.0,25.3,1014.2,100.0,5.1,41.5,3.5,1,10.0,2025-04-12T06:21:25,2025-04-12T19:32:46,0.5,"Rain, Overcast",Cloudy skies throughout the day with a chance of rain or snow throughout the day.,snow,"KEWR,KLGA,F1417,KNYC",
New York,2025-04-13,57.0,39.1,48.8,57.0,32.3,46.2,35.0,60.6,0.0,0.0,0.0,rain,0.0,0.0,26.0,15.7,342.9,1012.1,81.6,9.7,168.5,14.4,6,10.0,2025-04-13T06:19:52,2025-04-13T19:33:49,0.52,Partially cloudy,Partly cloudy throughout the day.,partly-cloudy-day,"KEWR,KLGA,F1417,KNYC",
New York,2025-04-14,62.0,48.6,55.0,62.0,45.9,54.7,35.4,48.1,0.0,63.0,0.0,rain,0.0,0.0,16.1,9.6,235.6,1010.6,41.6,10.0,195.4,16.8,7,10.0,2025-04-14T06:18:20,2025-04-14T19:34:52,0.56,"Rain, Partially cloudy",Partly cloudy throughout the day with a chance of rain.,rain,"KEWR,KLGA,F1417,KNYC",
London,2025-01-01,54.8,42.5,49.3,54.8,36.3,46.6,44.4,83.5,0.393,100.0,25.0,rain,0.0,0.7,40.2,26.3,235.3,1008.7,98.8,15.2,4.6,0.5,0,10.0,2025-01-01T08:06:16,2025-01-01T16:02:26,0.06,"Rain, Overcast",Cloudy skies throughout the day with rain.,rain,"03769099999,03680099999,D5621,03672099999,03781099999,03772099999,03770099999",
London,2025-01-02,41.6,31.7,37.8,38.4,26.5,33.4,31.6,78.6,0.0,0.0,0.0,,0.0,0.1,13.1,8.6,316.5,1018.5,24.8,19.7,20.8,1.7,2,10.0,2025-01-02T08:06:07,2025-01-02T16:03:31,0.09,Partially cloudy,Partly cloudy throughout the day.,partly-cloudy-day,"03680099999,D5621,03672099999,03781099999,03772099999,03770099999",
London,2025-01-03,41.3,29.6,34.0,35.6,22.0,28.6,29.0,82.4,0.0,0.0,0.0,,0.0,0.0,14.6,9.7,271.7,1023.9,1.2,23.5,22.4,2.1,2,10.0,2025-01-03T08:05:56,2025-01-03T16:04:39,0.13,Clear,Clear conditions throughout the day.,clear-day,"D5621,03672099999,03781099999,03772099999,03770099999",
London,2025-01-04,40.2,30.5,34.7,37.7,26.6,31.6,31.7,89.3,0.117,100.0,12.5,"rain,snow",0.5,0.0,18.4,11.3,118.2,1015.1,80.5,14.3,14.1,1.3,1,10.0,2025-01-04T08:05:40,2025-01-04T16:05:50,0.16,"Snow, Rain, Partially cloudy",Partly cloudy throughout the day with late afternoon rain or snow.,snow,"D5621,03672099999,03781099999,03772099999,03770099999",
London,2025-01-05,54.8,33.5,46.7,54.8,25.6,44.0,45.5,95.7,0.887,100.0,79.17,rain,1.1,0.2,29.2,18.3,183.0,988.2,100.0,4.8,8.6,0.7,1,10.0,2025-01-05T08:05:22,2025-01-05T16:07:03,0.2,"Rain, Overcast",Cloudy skies throughout the day with a chance of rain or snow throughout the day.,snow,"D5621,03672099999,03781099999,03772099999,03770099999",
London,2025-01-06,54.8,37.1,45.3,54.8,29.2,40.5,41.2,85.9,0.166,100.0,37.5,rain,0.0,0.2,32.2,20.7,237.6,982.9,74.6,22.3,9.6,0.8,1,10.0,2025-01-06T08:05:00,2025-01-06T16:08:18,0.25,"Rain, Partially cloudy",Partly cloudy throughout the day with a chance of rain throughout the day.,rain,"D5621,03672099999,03781099999,03772099999,03770099999",
London,2025-01-07,41.3,34.4,37.4,35.3,27.6,31.0,33.1,84.4,0.008,100.0,4.17,"rain,snow",0.0,0.0,18.6,13.1,251.6,999.2,45.9,28.9,13.7,1.3,1,10.0,2025-01-07T08:04:35,2025-01-07T16:09:36,0.27,"Snow, Rain, Partially cloudy",Partly cloudy throughout the day with morning rain or snow.,rain,"03769099999,03680099999,D5621,03672099999,03781099999,03761099999,EGLC,03772099999,03770099999,03693099999",
London,2025-01-08,38.5,31.4,35.0,35.3,25.7,31.4,32.0,88.7,0.032,100.0,12.5,"rain,snow",0.9,0.2,10.9,7.8,31.8,1001.8,74.7,16.6,12.3,1.0,1,10.0,2025-01-08T08:04:07,2025-01-08T16:10:56,0.31,"Snow, Rain, Partially cloudy",Partly cloudy throughout the day with late afternoon rain or snow.,snow,"D5621,03672099999,03781099999,03772099999,03770099999",
London,2025-01-09,39.5,31.4,36.2,33.7,25.6,30.4,30.1,79.2,0.0,0.0,0.0,snow,0.0,0.3,15.5,10.9,298.7,1008.5,34.8,12.8,24.0,2.1,2,10.0,2025-01-09T08:03:35,2025-01-09T16:12:18,0.34,Partially cloudy,Clearing in the afternoon.,partly-cloudy-day,"03769099999,D5621,03672099999,03781099999,03761099999,EGLC,03772099999,03770099999,03693099999",
London,2025-01-10,37.5,27.8,31.3,34.8,25.3,30.4,28.5,89.6,0.0,0.0,0.0,,0.0,0.2,8.2,5.2,353.9,1020.4,21.7,9.0,16.7,1.4,1,10.0,2025-01-10T08:03:01,2025-01-10T16:13:43,0.38,Partially cloudy,Partly cloudy throughout the day.,partly-cloudy-day,"D5621,03672099999,03781099999,03772099999,03770099999",
London,2025-01-11,39.3,26.3,31.5,38.0,26.3,31.5,29.2,91.5,0.0,0.0,0.0,,0.0,0.0,5.3,3.4,308.3,1030.5,24.4,5.1,24.8,2.2,2,10.0,2025-01-11T08:02:23,2025-01-11T16:15:09,0.41,Partially cloudy,Partly cloudy throughout the day.,partly-cloudy-day,"D5621,03672099999,03781099999,03772099999,03770099999",
London,2025-01-12,39.5,27.8,33.8,39.5,27.8,33.4,31.5,91.6,0.0,0.0,0.0,,0.0,0.0,5.8,4.0,140.3,1040.0,67.3,10.9,14.6,1.1,1,10.0,2025-01-12T08:01:42,2025-01-12T16:16:37,0.45,Partially cloudy,Partly cloudy throughout the day.,partly-cloudy-day,"D5621,03672099999,03781099999,03772099999,03770099999",
London,2025-01-13,43.8,38.6,40.6,38.4,32.4,35.8,33.7,76.4,0.0,0.0,0.0,,0.0,0.0,19.1,13.0,203.9,1039.3,63.9,21.2,21.8,1.8,1,10.0,2025-01-13T08:00:58,2025-01-13T16:18:07,0.5,Partially cloudy,Partly cloudy throughout the day.,partly-cloudy-day,"03680099999,D5621,03672099999,03781099999,03772099999,03770099999",
London,2025-01-14,49.2,37.7,43.9,47.3,31.6,40.5,40.0,86.2,0.0,0.0,0.0,,0.0,0.0,13.9,9.1,232.8,1035.0,84.8,8.7,22.1,1.9,2,10.0,2025-01-14T08:00:11,2025-01-14T16:19:38,0.52,Partially cloudy,Partly cloudy throughout the day.,partly-cloudy-day,"03680099999,D5621,03781099999,03672099999,03772099999,03770099999",
London,2025-01-15,49.4,46.6,47.7,49.4,44.6,46.4,46.7,96.4,0.016,100.0,8.33,rain,0.0,0.0,7.9,5.3,258.0,1034.2,92.6,3.3,7.7,0.6,0,10.0,2025-01-15T07:59:21,2025-01-15T16:21:11,0.55,"Rain, Overcast",Cloudy skies throughout the day with rain clearing later.,rain,"03769099999,03680099999,D5621,03781099999,03672099999,03772099999,03770099999",
London,2025-01-16,48.8,44.3,46.4,46.5,41.2,44.0,42.7,87.0,0.008,100.0,4.17,rain,0.0,0.0,13.3,8.5,203.4,1034.4,95.6,10.2,14.7,1.2,1,10.0,2025-01-16T07:58:29,2025-01-16T16:22:46,0.58,"Rain, Overcast",Cloudy skies throughout the day with morning rain.,rain,"03680099999,D5621,03781099999,03672099999,03772099999,03770099999",
London,2025-01-17,43.4,39.5,41.7,40.2,36.9,38.3,36.6,82.1,0.0,0.0,0.0,,0.0,0.0,13.5,8.7,206.4,1035.5,97.8,7.6,17.6,1.4,1,10.0,2025-01-17T07:57:33,2025-01-17T16:24:22,0.61,Overcast,Cloudy skies throughout the day.,cloudy,"03680099999,D5621,03781099999,03672099999,03772099999,03770099999",
London,2025-01-18,39.3,35.9,37.7,37.7,33.2,35.7,33.8,85.8,0.0,0.0,0.0,,0.0,0.0,11.2,5.7,128.6,1029.6,100.0,3.5,8.4,0.7,0,10.0,2025-01-18T07:56:35,2025-01-18T16:26:00,0.65,Overcast,Cloudy skies throughout the day.,cloudy,"03769099999,03680099999,D5621,03781099999,03672099999,03772099999,03770099999",
London,2025-01-19,38.6,36.6,37.8,37.5,30.9,33.9,32.1,80.1,0.0,0.0,0.0,,0.0,0.0,11.9,7.2,168.7,1021.2,99.0,6.2,6.3,0.5,0,10.0,2025-01-19T07:55:34,2025-01-19T16:27:39,0.68,Overcast,Cloudy skies throughout the day.,cloudy,"03769099999,03680099999,D5621,03781099999,03672099999,03772099999,03770099999",
London,2025-01-20,42.9,37.1,39.9,42.9,34.3,38.2,36.2,86.5,0.008,100.0,4.17,rain,0.0,0.0,10.5,7.4,218.7,1018.3,85.1,7.0,17.3,1.4,1,10.0,2025-01-20T07:54:30,2025-01-20T16:29:19,0.71,"Rain, Partially cloudy",Partly cloudy throughout the day with morning rain.,rain,"03769099999,03680099999,D5621,03781099999,03672099999,03772099999,03770099999",
London,2025-01-21,43.8,34.4,38.8,40.4,34.4,37.0,36.3,90.8,0.0,0.0,0.0,,0.0,0.0,11.0,6.9,156.4,1013.8,90.5,3.1,24.2,2.2,1,10.0,2025-01-21T07:53:24,2025-01-21T16:31:00,0.75,Overcast,Cloudy skies throughout the day.,cloudy,"03769099999,03680099999,D5621,03781099999,03672099999,03772099999,03770099999",
London,2025-01-22,41.3,37.7,39.1,39.5,34.0,36.7,35.6,87.4,0.008,100.0,4.17,rain,0.0,0.0,9.5,7.2,344.8,1004.6,90.9,3.2,11.3,1.0,1,10.0,2025-01-22T07:52:15,2025-01-22T16:32:42,0.77,"Rain, Overcast",Cloudy skies throughout the day with early morning rain.,rain,"03769099999,EGWU,03680099999,EGLL,D5621,03781099999,03672099999,03684099999,EGLC,03772099999,03770099999",
London,2025-01-23,47.6,36.2,41.5,41.0,31.4,36.0,37.9,87.3,0.196,100.0,12.5,rain,0.0,0.0,28.7,17.4,221.9,1002.6,67.9,9.7,11.4,1.0,0,10.0,2025-01-23T07:51:03,2025-01-23T16:34:25,0.81,"Rain, Partially cloudy",Partly cloudy throughout the day with rain.,rain,"03769099999,EGWU,03768399999,03781099999,03672099999,03684099999,03768099999,03772099999,03693099999,03680099999,D5621,03761099999,EGLC,03770099999",
London,2025-01-24,52.1,42.5,48.8,52.1,36.5,46.1,40.3,73.9,0.11,100.0,20.83,rain,0.0,0.0,39.6,24.7,213.7,996.2,93.1,8.4,23.7,2.2,1,10.0,2025-01-24T07:49:49,2025-01-24T16:36:09,0.84,"Rain, Overcast",Cloudy skies throughout the day with rain clearing later.,rain,"03769099999,03680099999,D5621,03781099999,03672099999,03772099999,03770099999",
London,2025-01-25,47.6,35.7,42.7,45.8,33.8,40.0,33.9,71.9,0.039,100.0,4.17,rain,0.0,0.0,16.5,10.7,258.5,1004.6,53.5,23.0,34.8,2.9,3,10.0,2025-01-25T07:48:33,2025-01-25T16:37:54,0.87,"Rain, Partially cloudy",Partly cloudy throughout the day with early morning rain.,rain,"03769099999,03680099999,D5621,03781099999,03672099999,03772099999,03770099999",
London,2025-01-26,50.3,34.8,42.1,50.3,29.1,36.3,37.1,82.4,0.205,100.0,20.83,rain,0.0,0.0,34.3,20.7,163.6,995.0,73.9,13.7,10.0,0.8,1,10.0,2025-01-26T07:47:14,2025-01-26T16:39:40,0.9,"Rain, Partially cloudy",Partly cloudy throughout the day with rain.,rain,"03769099999,03680099999,D5621,03781099999,03672099999,03772099999,03770099999",
London,2025-01-27,50.2,44.0,46.6,50.2,36.6,40.1,40.7,79.9,0.299,100.0,41.67,rain,0.0,0.0,44.7,25.2,202.2,981.1,75.0,16.1,32.3,2.9,3,10.0,2025-01-27T07:45:53,2025-01-27T16:41:26,0.94,"Rain, Partially cloudy",Partly cloudy throughout the day with a chance of rain throughout the day.,rain,"03769099999,03680099999,D5621,03781099999,03672099999,03772099999,03770099999",
London,2025-01-28,50.3,45.8,48.1,50.3,39.3,42.5,43.4,83.9,0.118,100.0,25.0,rain,0.0,0.0,30.5,18.3,227.0,983.8,97.5,19.6,20.5,1.7,1,10.0,2025-01-28T07:44:29,2025-01-28T16:43:13,0.97,"Rain, Overcast",Cloudy skies throughout the day with rain in the morning and afternoon.,rain,"03769099999,03680099999,D5621,03781099999,03672099999,03772099999,03770099999",
London,2025-01-29,47.9,39.5,44.3,47.0,35.8,40.8,39.0,81.7,0.0,0.0,0.0,,0.0,0.0,17.9,12.3,272.2,1003.1,49.5,21.7,29.3,2.4,2,10.0,2025-01-29T07:43:04,2025-01-29T16:45:01,0.0,Partially cloudy,Becoming cloudy in the afternoon.,partly-cloudy-day,"03769099999,03680099999,D5621,03781099999,03672099999,03772099999,03770099999",
London,2025-01-30,47.4,38.0,42.1,42.1,33.6,37.6,33.2,71.3,0.0,0.0,0.0,,0.0,0.0,17.8,12.1,323.5,1019.8,28.5,25.8,37.8,3.2,3,10.0,2025-01-30T07:41:36,2025-01-30T16:46:49,0.03,Partially cloudy,Partly cloudy throughout the day.,partly-cloudy-day,"03769099999,03680099999,D5621,03781099999,03672099999,03772099999,03770099999",
London,2025-01-31,46.7,38.0,42.7,44.9,34.5,39.6,40.3,91.1,0.189,100.0,37.5,rain,0.0,0.0,15.2,9.2,175.7,1024.8,98.2,10.4,9.0,0.7,0,10.0,2025-01-31T07:40:06,2025-01-31T16:48:37,0.07,"Rain, Overcast",Cloudy skies throughout the day with a chance of rain throughout the day.,rain,"03769099999,03680099999,D5621,03781099999,03672099999,03761099999,EGLC,03772099999,03770099999,03693099999",
London,2025-02-01,43.1,35.8,40.9,40.0,32.1,37.4,36.7,84.8,0.0,0.0,0.0,,0.0,0.0,11.8,7.1,141.8,1028.9,82.0,19.2,10.8,1.0,1,10.0,2025-02-01T07:38:34,2025-02-01T16:50:26,0.11,Partially cloudy,Partly cloudy throughout the day.,partly-cloudy-day,"03769099999,03680099999,D5621,03781099999,03672099999,03772099999,03770099999",
London,2025-02-02,46.7,32.1,38.4,43.2,27.7,34.7,33.9,85.0,0.0,0.0,0.0,,0.0,0.0,12.6,8.1,162.0,1023.2,9.0,11.3,37.3,3.3,3,10.0,2025-02-02T07:37:01,2025-02-02T16:52:15,0.14,Clear,Clear conditions throughout the day.,clear-day,"03769099999,03680099999,D5621,03781099999,03672099999,03772099999,03770099999",
London,2025-02-03,47.0,33.5,41.4,43.3,31.0,37.9,38.7,90.4,0.008,100.0,4.17,rain,0.0,0.0,15.9,9.7,194.6,1024.8,68.1,6.8,19.0,1.6,1,10.0,2025-02-03T07:35:25,2025-02-03T16:54:05,0.18,"Rain, Partially cloudy",Partly cloudy throughout the day with morning rain.,rain,"03769099999,03680099999,D5621,03781099999,03672099999,03772099999,03770099999",
London,2025-02-04,49.7,43.1,47.0,45.1,38.8,42.3,42.7,85.1,0.0,0.0,0.0,rain,0.0,0.0,24.3,15.3,206.4,1023.4,85.7,17.7,18.5,1.6,1,10.0,2025-02-04T07:33:47,2025-02-04T16:55:54,0.21,Partially cloudy,Partly cloudy throughout the day.,partly-cloudy-day,"03769099999,03680099999,D5621,03781099999,03672099999,03772099999,03770099999",
London,2025-02-05,49.7,37.6,44.3,47.9,35.1,42.0,37.8,78.5,0.0,0.0,0.0,,0.0,0.0,12.3,8.5,269.3,1037.7,15.6,14.5,43.6,3.7,3,10.0,2025-02-05T07:32:08,2025-02-05T16:57:44,0.25,Clear,Clear conditions throughout the day.,clear-day,"03769099999,03680099999,D5621,03781099999,03672099999,F6665,03772099999,03770099999",
London,2025-02-06,47.0,36.2,41.9,42.5,33.6,37.6,35.3,77.8,0.0,0.0,0.0,,0.0,0.0,20.1,12.3,49.6,1041.8,35.7,14.1,46.3,4.0,3,10.0,2025-02-06T07:30:26,2025-02-06T16:59:34,0.28,Partially cloudy,Becoming cloudy in the afternoon.,partly-cloudy-day,"03769099999,03680099999,D5621,03781099999,03672099999,03772099999,03770099999",
London,2025-02-07,40.7,38.3,39.6,34.1,31.0,32.4,35.1,84.1,0.202,100.0,37.5,rain,0.0,0.0,24.3,14.6,55.9,1025.2,91.7,9.8,7.5,0.7,0,10.0,2025-02-07T07:28:43,2025-02-07T17:01:24,0.32,"Rain, Overcast",Cloudy skies throughout the day with rain.,rain,"03769099999,03680099999,D5621,03781099999,03672099999,03768099999,EGLC,03772099999,03770099999,03693099999",
London,2025-02-08,43.4,38.0,41.1,39.8,32.9,37.1,38.9,91.6,0.071,100.0,25.0,rain,0.0,0.0,17.5,10.1,76.6,1018.3,95.6,4.3,6.3,0.6,0,10.0,2025-02-08T07:26:59,2025-02-08T17:03:14,0.35,"Rain, Overcast",Cloudy skies throughout the day with a chance of rain throughout the day.,rain,"03769099999,03680099999,D5621,03781099999,03672099999,03772099999,03770099999",
London,2025-02-09,43.4,35.7,40.2,39.0,33.1,35.9,37.0,88.3,0.094,100.0,25.0,rain,0.0,0.0,20.2,11.6,52.3,1027.6,84.2,6.7,21.0,1.9,1,10.0,2025-02-09T07:25:13,2025-02-09T17:05:05,0.39,"Rain, Partially cloudy",Partly cloudy throughout the day with rain.,rain,"03769099999,03680099999,D5621,03781099999,03672099999,03761099999,EGLC,03772099999,03770099999,03693099999",
London,2025-02-10,41.1,37.0,39.7,34.8,30.3,33.0,35.4,84.8,0.064,100.0,25.0,"rain,snow",0.0,0.0,21.8,12.5,37.1,1023.9,100.0,3.2,5.7,0.5,0,10.0,2025-02-10T07:23:25,2025-02-10T17:06:55,0.43,"Snow, Rain, Overcast",Cloudy skies throughout the day with rain or snow.,rain,"03769099999,03680099999,D5621,03781099999,03672099999,03761099999,EGLC,03772099999,03770099999,03693099999",
London,2025-02-11,41.1,38.0,39.5,40.7,32.9,36.4,35.7,86.3,0.008,100.0,4.17,rain,0.0,0.0,12.3,7.5,337.3,1018.6,99.8,4.4,8.6,0.8,1,10.0,2025-02-11T07:21:35,2025-02-11T17:08:45,0.46,"Rain, Overcast",Cloudy skies throughout the day with early morning rain.,rain,"03769099999,EGWU,EGLL,03768399999,03781099999,03672099999,03768099999,03772099999,03680099999,D5621,03761099999,EGLC,03770099999",
London,2025-02-12,42.5,39.8,41.0,39.8,36.4,38.4,36.0,82.5,0.0,0.0,0.0,,0.0,0.0,9.6,6.2,21.0,1019.6,100.0,7.2,18.4,1.6,1,10.0,2025-02-12T07:19:44,2025-02-12T17:10:35,0.5,Overcast,Cloudy skies throughout the day.,cloudy,"03769099999,03680099999,D5621,03781099999,03672099999,03772099999,03770099999",
London,2025-02-13,40.7,39.3,40.1,37.8,33.6,35.7,32.0,72.7,0.0,0.0,0.0,,0.0,0.0,14.4,8.5,48.2,1023.5,100.0,8.6,15.9,1.3,1,10.0,2025-02-13T07:17:52,2025-02-13T17:12:25,0.53,Overcast,Cloudy skies throughout the day.,cloudy,"03769099999,03680099999,D5621,03781099999,03672099999,03772099999,03770099999",
London,2025-02-14,43.1,36.2,39.0,37.6,29.7,33.3,28.0,64.8,0.0,0.0,0.0,,0.0,0.0,19.3,12.7,120.3,1024.9,76.5,11.0,51.5,4.4,4,10.0,2025-02-14T07:15:59,2025-02-14T17:14:15,0.56,Partially cloudy,Partly cloudy throughout the day.,partly-cloudy-day,"03769099999,03680099999,D5621,03781099999,03672099999,03772099999,03770099999",
London,2025-02-15,44.3,36.8,39.3,39.7,30.6,33.8,32.9,78.0,0.032,100.0,12.5,rain,0.0,0.0,15.8,10.4,133.1,1020.2,98.4,6.6,31.1,2.7,1,10.0,2025-02-15T07:14:04,2025-02-15T17:16:04,0.59,"Rain, Overcast",Cloudy skies throughout the day with late afternoon rain.,rain,"03769099999,03680099999,D5621,03781099999,03672099999,03772099999,03770099999",
London,2025-02-16,40.7,35.7,38.1,34.6,29.4,32.0,30.2,73.3,0.0,0.0,0.0,snow,0.0,0.0,18.7,12.4,89.4,1020.6,88.6,9.7,27.5,2.4,1,10.0,2025-02-16T07:12:07,2025-02-16T17:17:54,0.63,Partially cloudy,Partly cloudy throughout the day.,partly-cloudy-day,"03769099999,03680099999,D5621,03768399999,03781099999,03672099999,03684099999,03768099999,EGLC,03772099999,03770099999",
London,2025-02-17,42.2,33.9,37.1,36.2,28.4,31.7,27.7,68.8,0.0,0.0,0.0,,0.0,0.0,19.2,12.5,94.4,1022.2,2.6,11.7,79.6,6.9,4,10.0,2025-02-17T07:10:10,2025-02-17T17:19:43,0.66,Clear,Clear conditions throughout the day.,clear-day,"03769099999,03680099999,D5621,03781099999,03672099999,F6665,03772099999,03770099999",
London,2025-02-18,44.7,34.4,38.4,38.7,29.0,32.6,29.2,69.8,0.0,0.0,0.0,,0.0,0.0,19.7,12.9,94.9,1020.5,39.5,9.4,60.7,5.2,4,10.0,2025-02-18T07:08:11,2025-02-18T17:21:32,0.69,Partially cloudy,Partly cloudy throughout the day.,partly-cloudy-day,"03769099999,03680099999,D5621,03781099999,03672099999,03772099999,03770099999",
London,2025-02-19,47.9,35.9,42.1,45.1,29.9,37.4,34.9,75.6,0.0,0.0,0.0,rain,0.0,0.0,16.9,9.0,130.0,1016.0,57.7,6.0,39.7,3.4,2,10.0,2025-02-19T07:06:11,2025-02-19T17:23:21,0.72,Partially cloudy,Partly cloudy throughout the day.,partly-cloudy-day,"03769099999,03680099999,D5621,03781099999,03672099999,03772099999,03770099999",
London,2025-02-20,55.7,47.9,53.0,55.7,43.8,52.5,50.4,90.7,0.008,100.0,4.17,rain,0.0,0.0,30.0,17.6,197.5,1014.3,99.8,8.0,19.6,1.7,1,10.0,2025-02-20T07:04:10,2025-02-20T17:25:10,0.75,"Rain, Overcast",Cloudy skies throughout the day with afternoon rain.,rain,"03769099999,EGWU,EGLL,03781099999,03672099999,03684099999,03772099999,03693099999,03680099999,D5621,03761099999,EGLC,03770099999",
London,2025-02-21,60.1,52.8,55.6,60.1,52.8,55.6,51.4,86.4,0.118,100.0,25.0,rain,0.0,0.0,29.5,17.6,183.8,1010.1,95.4,9.3,44.3,3.9,2,10.0,2025-02-21T07:02:08,2025-02-21T17:26:58,0.79,"Rain, Overcast",Cloudy skies throughout the day with rain.,rain,"03769099999,03680099999,D5621,03781099999,03672099999,03772099999,03770099999",
London,2025-02-22,56.9,45.7,51.5,56.9,43.0,51.0,47.3,86.3,0.149,100.0,20.83,rain,0.0,0.0,17.0,11.1,229.2,1013.4,57.1,11.5,37.8,3.2,2,10.0,2025-02-22T07:00:05,2025-02-22T17:28:46,0.82,"Rain, Partially cloudy",Partly cloudy throughout the day with early morning rain.,rain,"03769099999,03680099999,D5621,03781099999,03672099999,03772099999,03770099999",
London,2025-02-23,52.4,44.7,49.9,52.4,39.8,48.5,45.2,84.0,0.008,100.0,4.17,rain,0.0,0.0,34.9,21.5,193.8,1019.9,85.7,11.7,34.3,2.8,2,10.0,2025-02-23T06:58:01,2025-02-23T17:30:34,0.85,"Rain, Partially cloudy",Partly cloudy throughout the day with late afternoon rain.,rain,"03769099999,03680099999,D5621,03781099999,03672099999,03772099999,03770099999",
London,2025-02-24,56.9,47.0,51.2,56.9,42.6,50.0,47.2,86.4,0.522,100.0,50.0,rain,0.0,0.0,25.8,17.0,220.0,1011.8,73.2,11.9,35.3,3.1,2,10.0,2025-02-24T06:55:56,2025-02-24T17:32:22,0.89,"Rain, Partially cloudy",Partly cloudy throughout the day with a chance of rain throughout the day.,rain,"03769099999,03680099999,D5621,03781099999,03672099999,03772099999,03770099999",
London,2025-02-25,52.9,43.4,48.0,52.9,38.9,45.9,40.4,76.2,0.047,100.0,8.33,rain,0.0,0.0,16.1,11.3,272.1,1013.9,66.8,21.2,50.3,4.3,2,10.0,2025-02-25T06:53:50,2025-02-25T17:34:09,0.92,"Rain, Partially cloudy",Partly cloudy throughout the day with early morning rain.,rain,"03769099999,03680099999,D5621,03781099999,03672099999,03772099999,03770099999",
London,2025-02-26,47.9,38.9,43.1,43.8,32.8,38.5,39.2,86.2,0.211,100.0,20.83,rain,0.0,0.0,23.1,13.4,221.8,1013.6,46.9,19.5,31.2,2.7,2,10.0,2025-02-26T06:51:43,2025-02-26T17:35:56,0.95,"Rain, Partially cloudy",Partly cloudy throughout the day with rain in the morning and afternoon.,rain,"03769099999,03680099999,D5621,03781099999,03672099999,03772099999,03770099999",
London,2025-02-27,51.1,39.5,44.9,51.1,33.8,41.3,35.0,69.5,0.0,0.0,0.0,rain,0.0,0.0,19.2,13.1,308.6,1019.8,60.9,29.2,46.0,3.8,2,10.0,2025-02-27T06:49:36,2025-02-27T17:37:43,0.98,Partially cloudy,Partly cloudy throughout the day.,partly-cloudy-day,"03769099999,03680099999,D5621,03781099999,03672099999,03772099999,03770099999",
London,2025-02-28,48.6,33.5,41.6,46.4,32.1,40.3,33.2,73.9,0.0,0.0,0.0,,0.0,0.0,12.5,7.3,16.6,1029.2,20.7,14.3,71.3,6.1,5,10.0,2025-02-28T06:47:27,2025-02-28T17:39:29,0.0,Partially cloudy,Partly cloudy throughout the day.,partly-cloudy-day,"03769099999,03680099999,D5621,03781099999,03672099999,03761099999,EGLC,03772099999,03770099999,03693099999",
London,2025-03-01,51.2,37.1,42.0,51.2,36.3,41.4,34.6,77.1,0.0,0.0,0.0,,0.0,0.0,11.3,7.0,46.8,1034.5,33.5,13.9,55.3,4.7,4,10.0,2025-03-01T06:45:18,2025-03-01T17:41:15,0.05,Partially cloudy,Clearing in the afternoon.,partly-cloudy-day,"03769099999,03680099999,D5621,03781099999,03672099999,03772099999,03770099999",
London,2025-03-02,52.1,34.0,41.5,52.1,34.0,41.1,34.1,77.0,0.0,0.0,0.0,,0.0,0.0,9.6,6.4,39.1,1034.4,4.1,14.8,71.3,6.1,5,10.0,2025-03-02T06:43:08,2025-03-02T17:43:01,0.09,Clear,Clear conditions throughout the day.,clear-day,"03769099999,EGWU,03680099999,D5621,03768399999,03781099999,03672099999,03761099999,EGLC,03772099999,03770099999",
London,2025-03-03,55.1,32.6,42.4,55.1,32.6,42.2,32.5,72.0,0.0,0.0,0.0,,0.0,0.0,6.9,3.6,276.9,1029.8,4.0,10.2,73.5,6.6,5,10.0,2025-03-03T06:40:58,2025-03-03T17:44:47,0.12,Clear,Clear conditions throughout the day.,clear-day,"03769099999,03680099999,D5621,03781099999,03672099999,03772099999,03770099999",
London,2025-03-04,56.9,32.3,43.6,56.9,32.3,42.9,32.5,69.8,0.0,0.0,0.0,,0.0,0.0,11.4,8.1,239.5,1026.3,1.4,11.5,74.9,6.7,5,10.0,2025-03-04T06:38:47,2025-03-04T17:46:32,0.16,Clear,Clear conditions throughout the day.,clear-day,"03769099999,03680099999,D5621,03781099999,03672099999,03772099999,03770099999",
London,2025-03-05,58.7,33.5,45.0,58.7,28.9,43.5,36.4,74.2,0.008,100.0,4.17,rain,0.0,0.0,13.7,9.2,215.5,1022.2,5.7,4.3,78.3,6.9,4,10.0,2025-03-05T06:36:35,2025-03-05T17:48:17,0.19,Rain,Clear conditions throughout the day with morning rain.,rain,"03769099999,03680099999,D5621,03781099999,03672099999,03684099999,03772099999,03770099999",
London,2025-03-06,63.8,37.1,49.7,63.8,35.4,49.2,37.9,67.0,0.0,0.0,0.0,rain,0.0,0.0,19.9,12.6,170.4,1014.3,12.1,13.7,77.5,6.9,5,10.0,2025-03-06T06:34:22,2025-03-06T17:50:02,0.25,Clear,Clear conditions throughout the day.,clear-day,"03769099999,03680099999,D5621,03781099999,03672099999,03772099999,03770099999",
London,2025-03-07,63.7,48.3,55.5,63.7,46.2,55.3,44.5,67.0,0.0,0.0,0.0,,0.0,0.0,18.0,11.7,152.8,1011.7,53.6,18.0,86.8,7.5,5,10.0,2025-03-07T06:32:09,2025-03-07T17:51:46,0.26,Partially cloudy,Partly cloudy throughout the day.,partly-cloudy-day,"03769099999,03680099999,D5621,03781099999,03672099999,03772099999,03770099999",
London,2025-03-08,62.3,45.8,54.0,62.3,43.2,53.4,41.0,62.5,0.0,0.0,0.0,,0.0,0.0,19.1,11.9,102.1,1008.0,13.3,16.8,80.3,6.9,5,10.0,2025-03-08T06:29:56,2025-03-08T17:53:31,0.3,Clear,Clear conditions throughout the day.,clear-day,"03769099999,03680099999,D5621,03781099999,03672099999,03772099999,03770099999",
London,2025-03-09,62.9,47.6,53.9,62.9,45.4,53.1,40.8,62.3,0.0,0.0,0.0,,0.0,0.0,18.1,12.5,87.1,1002.8,25.6,11.7,84.3,7.4,5,10.0,2025-03-09T06:27:42,2025-03-09T17:55:15,0.33,Partially cloudy,Partly cloudy throughout the day.,partly-cloudy-day,"03769099999,03680099999,D5621,03781099999,03672099999,03772099999,03770099999",
London,2025-03-10,54.6,46.1,50.4,54.6,40.7,49.2,41.5,71.4,0.0,0.0,0.0,rain,0.0,0.0,20.9,13.0,28.9,1003.6,88.0,3.1,55.3,4.7,3,10.0,2025-03-10T06:25:28,2025-03-10T17:56:58,0.37,Partially cloudy,Partly cloudy throughout the day.,partly-cloudy-day,"03769099999,03680099999,D5621,03781099999,03672099999,F6665,03772099999,03770099999",
London,2025-03-11,47.5,42.1,45.1,44.1,37.7,40.5,34.8,67.3,0.0,0.0,0.0,rain,0.0,0.0,20.1,12.9,24.4,1007.6,91.2,18.9,50.6,4.4,2,10.0,2025-03-11T06:23:13,2025-03-11T17:58:42,0.4,Overcast,Cloudy skies throughout the day.,cloudy,"03769099999,03680099999,D5621,03781099999,03672099999,03772099999,03770099999",
London,2025-03-12,47.4,39.5,42.8,43.3,34.0,39.0,33.4,69.9,0.0,0.0,0.0,rain,0.0,0.0,15.8,10.1,328.1,1003.5,84.9,26.2,62.5,5.5,3,10.0,2025-03-12T06:20:58,2025-03-12T18:00:25,0.44,Partially cloudy,Partly cloudy throughout the day.,partly-cloudy-day,"03769099999,03680099999,D5621,03781099999,03672099999,03761099999,EGLC,03772099999,03770099999,03693099999",
London,2025-03-13,46.1,38.0,40.6,42.1,31.5,36.5,34.7,79.3,0.039,100.0,4.17,"rain,snow",0.1,0.0,18.2,11.5,355.8,1004.2,72.0,20.6,52.9,4.5,3,10.0,2025-03-13T06:18:43,2025-03-13T18:02:08,0.47,"Snow, Rain, Partially cloudy",Partly cloudy throughout the day with afternoon rain or snow.,snow,"03769099999,03680099999,D5621,03781099999,03672099999,03772099999,03770099999",
London,2025-03-14,47.9,33.5,41.3,43.8,33.5,38.7,33.1,73.8,0.0,0.0,0.0,rain,0.0,0.0,17.7,10.8,29.0,1011.6,73.5,19.0,68.8,6.0,5,10.0,2025-03-14T06:16:27,2025-03-14T18:03:51,0.5,Partially cloudy,Partly cloudy throughout the day.,partly-cloudy-day,"03769099999,03680099999,D5621,03781099999,03672099999,03772099999,03770099999",
London,2025-03-15,47.9,35.7,41.4,42.6,29.3,36.1,29.1,63.5,0.0,0.0,0.0,snow,0.0,0.0,23.4,13.8,40.8,1021.8,35.6,28.7,91.9,8.2,4,10.0,2025-03-15T06:14:11,2025-03-15T18:05:33,0.54,Partially cloudy,Partly cloudy throughout the day.,partly-cloudy-day,"03769099999,03680099999,D5621,03781099999,03672099999,03684099999,03772099999,03770099999",
London,2025-03-16,47.6,33.5,41.5,42.8,27.7,36.4,31.3,68.0,0.0,0.0,0.0,,0.0,0.0,22.6,14.9,40.8,1025.3,52.8,32.9,136.5,11.8,7,10.0,2025-03-16T06:11:55,2025-03-16T18:07:16,0.57,Partially cloudy,Partly cloudy throughout the day.,partly-cloudy-day,"03769099999,03680099999,D5621,03781099999,03672099999,03684099999,03772099999,03770099999",
London,2025-03-17,46.7,40.7,43.9,42.0,36.4,38.9,34.9,71.0,0.0,0.0,0.0,,0.0,0.0,20.8,12.3,64.6,1028.0,85.6,19.8,48.7,4.2,2,10.0,2025-03-17T06:09:38,2025-03-17T18:08:58,0.61,Partially cloudy,Partly cloudy throughout the day.,partly-cloudy-day,"03769099999,03680099999,D5621,03781099999,03672099999,03772099999,03770099999",
London,2025-03-18,51.5,38.4,43.8,51.5,33.6,39.8,30.6,61.6,0.0,0.0,0.0,,0.0,0.0,23.2,15.3,81.4,1024.0,0.1,21.4,122.0,10.6,6,10.0,2025-03-18T06:07:22,2025-03-18T18:10:40,0.64,Clear,Clear conditions throughout the day.,clear-day,"03769099999,03680099999,D5621,03781099999,03672099999,03684099999,03772099999,03770099999",
London,2025-03-19,64.6,36.8,50.4,64.6,34.7,49.8,37.9,64.0,0.0,0.0,0.0,,0.0,0.0,14.1,8.6,140.4,1020.9,34.6,17.7,113.9,9.9,6,10.0,2025-03-19T06:05:05,2025-03-19T18:12:22,0.67,Partially cloudy,Becoming cloudy in the afternoon.,partly-cloudy-day,"03769099999,03680099999,D5621,03781099999,03672099999,03684099999,03772099999,03770099999",
London,2025-03-20,67.7,46.7,56.2,67.7,46.7,56.2,43.5,64.2,0.0,0.0,0.0,,0.0,0.0,12.7,8.1,115.3,1018.9,28.1,22.6,104.5,9.2,5,10.0,2025-03-20T06:02:48,2025-03-20T18:14:04,0.7,Partially cloudy,Partly cloudy throughout the day.,partly-cloudy-day,"03769099999,03680099999,D5621,03781099999,03672099999,03684099999,03768099999,03772099999,03770099999",
London,2025-03-21,61.1,49.4,55.9,61.1,46.7,55.7,45.1,67.5,0.0,0.0,0.0,rain,0.0,0.0,22.4,14.9,112.2,1006.9,47.1,13.5,69.9,6.1,3,10.0,2025-03-21T06:00:31,2025-03-21T18:15:45,0.74,Partially cloudy,Clearing in the afternoon.,partly-cloudy-day,"03769099999,03680099999,D5621,03781099999,03672099999,03772099999,03770099999",
London,2025-03-22,61.8,52.4,56.4,61.8,52.4,56.4,49.6,78.4,0.0,0.0,0.0,rain,0.0,0.0,14.7,8.9,117.6,1000.0,80.1,18.1,61.8,5.4,3,10.0,2025-03-22T05:58:14,2025-03-22T18:17:27,0.75,Partially cloudy,Partly cloudy throughout the day.,partly-cloudy-day,"03769099999,03680099999,D5621,03781099999,03672099999,03772099999,03770099999",
London,2025-03-23,56.0,47.6,52.7,56.0,43.5,52.1,47.8,83.4,0.0,0.0,0.0,rain,0.0,0.0,17.8,10.8,17.1,1003.8,92.1,3.4,40.9,3.7,2,10.0,2025-03-23T05:55:57,2025-03-23T18:19:08,0.8,Overcast,Cloudy skies throughout the day.,cloudy,"03769099999,03680099999,D5621,03781099999,03672099999,03772099999,03770099999",
London,2025-03-24,57.8,44.0,49.0,57.8,40.3,46.6,40.4,72.8,0.0,0.0,0.0,,0.0,0.0,17.4,11.0,9.9,1017.7,59.0,4.9,55.5,4.6,3,10.0,2025-03-24T05:53:40,2025-03-24T18:20:49,0.84,Partially cloudy,Partly cloudy throughout the day.,partly-cloudy-day,"03769099999,03680099999,D5621,03781099999,03672099999,03772099999,03770099999",
London,2025-03-25,58.4,41.6,50.4,58.4,37.5,49.3,44.8,81.6,0.0,0.0,0.0,rain,0.0,0.0,14.1,8.5,297.7,1022.4,71.1,9.0,71.4,6.1,3,10.0,2025-03-25T05:51:23,2025-03-25T18:22:30,0.87,Partially cloudy,Partly cloudy throughout the day.,partly-cloudy-day,"03769099999,03680099999,D5621,03781099999,03672099999,03772099999,03770099999",
London,2025-03-26,63.2,47.9,54.9,63.2,46.2,54.7,45.5,72.2,0.0,0.0,0.0,rain,0.0,0.0,9.8,6.2,283.1,1024.9,49.8,16.0,93.5,8.0,4,10.0,2025-03-26T05:49:06,2025-03-26T18:24:11,0.9,Partially cloudy,Partly cloudy throughout the day.,partly-cloudy-day,"03769099999,03680099999,D5621,03781099999,03672099999,03761099999,03684099999,EGLC,03772099999,03770099999,03693099999",
London,2025-03-27,58.7,43.7,50.5,58.7,42.2,49.5,43.7,78.1,0.0,0.0,0.0,,0.0,0.0,16.6,11.9,241.9,1020.5,48.5,12.4,123.5,10.6,6,10.0,2025-03-27T05:46:49,2025-03-27T18:25:52,0.94,Partially cloudy,Partly cloudy throughout the day.,partly-cloudy-day,"03769099999,EGWU,EGLL,03768399999,03781099999,03672099999,03684099999,03768099999,03772099999,03693099999,03680099999,D5621,03761099999,EGLC,03770099999",
London,2025-03-28,58.4,47.5,52.6,58.4,44.5,51.5,38.8,62.4,0.008,100.0,4.17,rain,0.0,0.0,26.6,15.9,269.4,1012.8,56.0,11.7,65.9,5.7,5,10.0,2025-03-28T05:44:33,2025-03-28T18:27:33,0.97,"Rain, Partially cloudy",Partly cloudy throughout the day with morning rain.,rain,"EGWU,03769099999,EGLL,03882099999,03768399999,03672099999,03768099999,03781099999,03772099999,03680099999,D5621,03761099999,EGLC,03770099999",
London,2025-03-29,58.2,40.2,49.4,58.2,37.3,48.2,36.4,62.5,0.0,0.0,0.0,,0.0,0.0,23.1,15.7,249.2,1020.6,27.9,14.0,126.5,10.8,6,10.0,2025-03-29T05:42:16,2025-03-29T18:29:14,0.0,Partially cloudy,Partly cloudy throughout the day.,partly-cloudy-day,"03769099999,03680099999,D5621,03781099999,03672099999,03684099999,03772099999,03770099999",
London,2025-03-30,64.1,49.4,56.0,64.1,45.9,55.8,41.2,60.7,0.0,0.0,0.0,,0.0,0.0,24.3,16.4,301.7,1020.8,30.1,12.4,141.0,11.7,6,10.0,2025-03-30T06:40:00,2025-03-30T19:30:55,0.04,Partially cloudy,Partly cloudy throughout the day.,partly-cloudy-day,"03769099999,03680099999,D5621,03781099999,03672099999,03684099999,03772099999,03770099999",
London,2025-03-31,62.3,42.0,52.1,62.3,42.0,51.8,39.2,62.9,0.0,0.0,0.0,,0.0,0.0,15.0,9.2,77.9,1028.2,3.3,13.9,136.3,11.8,7,10.0,2025-03-31T06:37:44,2025-03-31T19:32:35,0.07,Clear,Clear conditions throughout the day.,clear-day,"03769099999,03680099999,D5621,03781099999,03672099999,03684099999,03772099999,03770099999",
London,2025-04-01,58.2,44.3,50.3,58.2,40.7,48.2,38.9,67.1,0.0,0.0,0.0,,0.0,0.0,27.4,17.8,83.1,1025.7,16.7,9.7,126.8,10.9,7,10.0,2025-04-01T06:35:28,2025-04-01T19:34:16,0.1,Clear,Clear conditions throughout the day.,clear-day,"03769099999,03680099999,D5621,03781099999,03672099999,03684099999,03768099999,03772099999,03770099999",
London,2025-04-02,61.9,45.6,52.9,61.9,41.4,51.6,39.1,60.7,0.0,0.0,0.0,,0.0,0.0,30.2,20.6,68.5,1021.4,0.9,9.8,140.3,12.1,7,10.0,2025-04-02T06:33:12,2025-04-02T19:35:57,0.14,Clear,Clear conditions throughout the day.,clear-day,"03769099999,03680099999,D5621,03781099999,03672099999,03684099999,03772099999,03770099999",
London,2025-04-03,64.7,49.7,56.1,64.7,46.6,55.6,42.4,61.1,0.0,0.0,0.0,,0.0,0.0,21.1,15.3,78.7,1018.9,4.2,8.3,134.9,11.6,6,10.0,2025-04-03T06:30:57,2025-04-03T19:37:37,0.17,Clear,Clear conditions throughout the day.,clear-day,"03769099999,03680099999,D5621,03781099999,03672099999,03684099999,03772099999,03770099999",
London,2025-04-04,71.3,51.1,59.4,71.3,51.1,59.4,42.7,56.6,0.0,0.0,0.0,,0.0,0.0,22.8,15.0,68.2,1018.6,12.1,7.3,132.1,11.2,6,10.0,2025-04-04T06:28:42,2025-04-04T19:39:18,0.21,Clear,Clear conditions throughout the day.,clear-day,"03769099999,03680099999,D5621,03781099999,03672099999,03772099999,03770099999",
London,2025-04-05,65.0,43.1,53.0,65.0,37.9,50.8,35.9,55.4,0.0,0.0,0.0,,0.0,0.0,27.7,16.3,56.8,1019.9,0.6,11.3,147.4,12.9,7,10.0,2025-04-05T06:26:27,2025-04-05T19:40:58,0.25,Clear,Clear conditions throughout the day.,clear-day,"03769099999,EGWU,03680099999,EGLL,D5621,03781099999,03672099999,03684099999,03768099999,EGLC,03772099999,03770099999",
London,2025-04-06,57.8,42.0,49.0,57.8,37.9,46.9,34.0,59.1,0.0,0.0,0.0,,0.0,0.0,28.2,15.7,68.5,1023.2,2.8,6.2,160.1,14.0,7,10.0,2025-04-06T06:24:13,2025-04-06T19:42:39,0.27,Clear,Clear conditions throughout the day.,clear-day,"EGWU,EGLL,D5621,EGLC",
London,2025-04-07,57.1,38.7,48.3,57.1,36.0,46.5,33.7,60.0,0.0,0.0,0.0,,0.0,0.0,21.0,13.6,77.8,1025.8,0.2,6.2,155.3,13.5,7,10.0,2025-04-07T06:21:59,2025-04-07T19:44:19,0.31,Clear,Clear conditions throughout the day.,clear-day,"EGWU,EGLL,D5621,EGLC",
London,2025-04-08,59.3,38.0,48.6,59.3,35.6,47.4,35.3,63.0,0.0,0.0,0.0,,0.0,0.0,16.6,11.2,76.5,1026.9,32.3,6.2,143.3,12.5,6,10.0,2025-04-08T06:19:46,2025-04-08T19:46:00,0.34,Partially cloudy,Partly cloudy throughout the day.,partly-cloudy-day,"EGWU,EGLL,D5621,EGLC",
London,2025-04-09,54.9,39.1,46.6,54.9,34.2,43.7,37.0,70.0,0.0,0.0,0.0,,0.0,0.0,21.3,11.8,52.6,1028.8,34.5,6.2,72.3,6.3,3,10.0,2025-04-09T06:17:33,2025-04-09T19:47:40,0.38,Partially cloudy,Partly cloudy throughout the day.,partly-cloudy-day,"EGWU,EGLL,D5621,EGLC",
London,2025-04-10,59.7,40.9,49.8,59.7,38.0,48.1,37.8,64.4,0.0,0.0,0.0,,0.0,0.0,14.8,8.3,60.3,1030.5,51.1,6.2,89.0,7.7,6,10.0,2025-04-10T06:15:20,2025-04-10T19:49:20,0.41,Partially cloudy,Partly cloudy throughout the day.,partly-cloudy-day,"EGWU,EGLL,D5621,EGLC",
London,2025-04-11,71.5,42.3,56.5,71.5,39.9,55.7,39.8,58.5,0.0,0.0,0.0,,0.0,0.0,11.6,9.6,208.2,1021.7,4.6,6.2,155.4,13.4,7,10.0,2025-04-11T06:13:09,2025-04-11T19:51:01,0.45,Clear,Clear conditions throughout the day.,clear-day,"EGWU,EGLL,D5621,EGLC",
London,2025-04-12,69.7,44.8,57.6,69.7,42.1,57.0,42.7,60.7,0.0,0.0,0.0,,0.0,0.0,21.9,12.3,101.8,1007.1,58.3,5.5,152.2,13.3,6,10.0,2025-04-12T06:10:58,2025-04-12T19:52:41,0.48,Partially cloudy,Partly cloudy throughout the day.,partly-cloudy-day,"EGWU,EGLL,D5621,EGLC",
London,2025-04-13,60.0,50.6,55.7,60.0,50.6,55.7,44.4,66.3,0.028,100.0,20.83,rain,0.0,0.0,27.7,15.4,242.8,1002.8,72.9,6.2,131.9,11.5,7,10.0,2025-04-13T06:08:47,2025-04-13T19:54:22,0.5,"Rain, Partially cloudy",Partly cloudy throughout the day with a chance of rain throughout the day.,rain,"EGWU,EGLL,D5621,EGLC",
London,2025-04-14,59.7,42.7,51.5,59.7,40.2,50.6,42.0,71.8,0.0,61.3,0.0,rain,0.0,0.0,26.4,11.9,186.9,1004.8,59.4,8.7,144.2,12.3,6,10.0,2025-04-14T06:06:37,2025-04-14T19:56:02,0.55,"Rain, Partially cloudy",Becoming cloudy in the afternoon with a chance of rain.,rain,"EGWU,EGLL,D5621,EGLC",
Berlin,2025-01-01,46.5,33.8,41.1,38.9,23.2,32.9,33.2,73.5,0.0,0.0,0.0,rain,0.0,0.0,40.3,20.2,218.9,1011.6,99.5,15.1,21.7,1.9,1,10.0,2025-01-01T08:17:23,2025-01-01T16:03:15,0.05,Overcast,Cloudy skies throughout the day.,cloudy,"00427,07389,03987,10385099999,00403,EDDB,E2835,00433,00400",
Berlin,2025-01-02,46.8,35.6,40.4,39.7,27.2,33.4,34.6,79.8,0.04,100.0,25.0,rain,0.0,0.0,39.4,21.0,256.8,1007.1,64.2,24.3,24.4,2.0,2,10.0,2025-01-02T08:17:12,2025-01-02T16:04:23,0.09,"Rain, Partially cloudy",Partly cloudy throughout the day with rain.,rain,"00427,07389,03987,00420,00403,E2835,00433,00400",
Berlin,2025-01-03,38.3,30.3,34.7,28.5,19.9,25.5,29.6,81.9,0.03,100.0,12.5,"rain,snow",0.5,0.2,39.4,19.6,263.9,1010.6,62.4,21.2,15.8,1.4,1,10.0,2025-01-03T08:16:59,2025-01-03T16:05:33,0.13,"Snow, Rain, Partially cloudy",Partly cloudy throughout the day with afternoon rain or snow.,snow,"00427,07389,03987,00420,00403,E2835,00433,00400",
Berlin,2025-01-04,33.1,30.7,31.9,28.1,20.0,24.2,27.9,84.9,0.0,0.0,0.0,,0.0,0.1,26.4,16.8,255.6,1017.8,65.0,23.3,11.9,1.1,1,10.0,2025-01-04T08:16:41,2025-01-04T16:06:45,0.16,Partially cloudy,Partly cloudy throughout the day.,partly-cloudy-day,"00427,07389,03987,00403,E2835,00433,00400",
Berlin,2025-01-05,33.0,27.5,30.4,25.6,20.3,23.1,27.2,87.9,0.246,100.0,29.17,"rain,freezingrain,snow",1.5,0.3,25.7,13.6,137.0,1006.4,99.9,12.4,15.8,1.4,1,10.0,2025-01-05T08:16:21,2025-01-05T16:08:01,0.2,"Snow, Rain, Freezing Drizzle/Freezing Rain, Overcast",Cloudy skies throughout the day with rain or snow.,snow,"00427,07389,03987,00403,E2835,00433,00400",
Berlin,2025-01-06,53.5,33.2,45.8,53.5,25.6,42.0,40.5,83.1,0.272,100.0,66.67,rain,0.2,0.4,29.5,17.6,190.0,991.5,72.7,101.2,13.4,1.1,1,10.0,2025-01-06T08:15:57,2025-01-06T16:09:18,0.23,"Rain, Partially cloudy",Partly cloudy throughout the day with a chance of rain or snow throughout the day.,snow,"00427,07389,03987,00420,00403,E2835,00433,00400",
Berlin,2025-01-07,49.1,35.7,43.4,45.3,26.8,37.3,33.5,68.6,0.062,100.0,25.0,"rain,snow",0.0,0.0,30.4,16.3,222.1,998.4,69.1,361.4,34.4,2.9,3,10.0,2025-01-07T08:15:29,2025-01-07T16:10:39,0.25,"Snow, Rain, Partially cloudy",Partly cloudy throughout the day with rain or snow.,rain,"00427,00420,03987,00403,E2835,00433,00400",
Berlin,2025-01-08,39.6,31.9,35.6,32.9,26.5,28.7,30.8,82.9,0.001,100.0,4.17,"rain,snow",0.1,0.1,31.1,13.0,218.7,1002.4,42.7,23.3,26.9,2.3,2,10.0,2025-01-08T08:14:58,2025-01-08T16:12:01,0.3,"Snow, Rain, Partially cloudy",Partly cloudy throughout the day with early morning snow or rain.,snow,"00427,00420,03987,00403,E2835,00433,00400",
Berlin,2025-01-09,34.5,32.5,33.2,33.1,22.0,26.5,32.1,95.7,0.252,100.0,83.33,"rain,snow",2.9,0.4,27.3,16.7,8.6,998.7,100.0,5.4,8.7,0.6,0,10.0,2025-01-09T08:14:24,2025-01-09T16:13:26,0.34,"Snow, Rain, Overcast",Cloudy skies throughout the day with a chance of rain or snow throughout the day.,snow,"00427,00420,03987,00403,E2835,00433,00400",
Berlin,2025-01-10,34.7,33.1,34.1,27.1,23.7,25.6,32.6,94.2,0.104,100.0,58.33,"rain,snow",1.4,1.4,25.9,14.3,269.5,1010.1,91.7,11.0,8.3,0.7,1,10.0,2025-01-10T08:13:47,2025-01-10T16:14:53,0.38,"Snow, Rain, Overcast",Cloudy skies throughout the day with a chance of rain or snow throughout the day.,snow,"00427,00420,03987,00403,E2835,00433,00400",
Berlin,2025-01-11,34.8,31.7,33.2,25.2,20.1,22.5,28.2,81.9,0.011,100.0,20.83,"rain,snow",0.5,0.5,33.8,23.2,292.4,1016.4,91.0,19.0,16.8,1.4,1,10.0,2025-01-11T08:13:06,2025-01-11T16:16:22,0.41,"Snow, Rain, Overcast",Cloudy skies throughout the day with rain or snow.,snow,"00427,00420,03987,00403,E2835,00433,00400",
Berlin,2025-01-12,35.5,30.8,33.7,28.4,22.7,25.4,26.5,74.7,0.0,0.0,0.0,snow,0.1,0.3,22.6,15.2,326.2,1031.9,66.0,26.2,37.4,3.3,3,10.0,2025-01-12T08:12:22,2025-01-12T16:17:54,0.45,Partially cloudy,Partly cloudy throughout the day.,partly-cloudy-day,"00427,00420,03987,00403,E2835,00433,00400",
Berlin,2025-01-13,33.5,24.5,29.8,30.4,20.7,25.4,23.5,77.3,0.0,0.0,0.0,,0.0,0.2,17.9,12.0,231.7,1042.1,56.0,27.7,61.5,5.4,3,10.0,2025-01-13T08:11:35,2025-01-13T16:19:27,0.5,Partially cloudy,Becoming cloudy in the afternoon.,partly-cloudy-day,"00427,00420,03987,00403,E2835,00433,00400",
Berlin,2025-01-14,36.7,26.5,31.6,30.8,20.0,24.5,25.5,78.8,0.025,100.0,12.5,"rain,snow",0.0,0.3,22.1,15.0,237.6,1031.9,81.2,18.0,17.5,1.6,1,10.0,2025-01-14T08:10:45,2025-01-14T16:21:01,0.52,"Snow, Rain, Partially cloudy",Partly cloudy throughout the day with late afternoon rain or snow.,rain,"00427,00420,03987,00403,E2835,00433,00400",
Berlin,2025-01-15,42.3,35.5,39.7,37.9,28.1,34.2,38.3,94.7,0.001,100.0,4.17,rain,0.0,0.1,19.5,11.0,307.3,1029.5,99.6,9.9,13.2,1.1,1,10.0,2025-01-15T08:09:52,2025-01-15T16:22:38,0.55,"Rain, Overcast",Cloudy skies throughout the day with morning rain.,rain,"00427,07389,00420,03987,00403,E2835,00433,00400",
Berlin,2025-01-16,38.7,35.7,37.3,38.7,30.2,32.2,35.7,93.9,0.0,0.0,0.0,,0.0,0.0,18.3,8.9,246.0,1037.3,100.0,9.8,9.0,0.8,0,10.0,2025-01-16T08:08:56,2025-01-16T16:24:16,0.58,Overcast,Cloudy skies throughout the day.,cloudy,"00427,00420,03987,00403,E2835,00433,00400",
Berlin,2025-01-17,35.2,30.4,33.0,31.0,25.0,28.1,32.3,97.2,0.0,0.0,0.0,,0.0,0.0,11.6,7.7,222.9,1038.4,84.3,2.6,16.7,1.3,1,10.0,2025-01-17T08:07:57,2025-01-17T16:25:56,0.61,Partially cloudy,Partly cloudy throughout the day.,partly-cloudy-day,"00427,00420,03987,00403,E2835,00433,00400",
Berlin,2025-01-18,30.7,27.6,29.0,30.7,22.5,27.6,28.7,98.9,0.0,0.0,0.0,,0.0,0.0,8.3,5.2,184.0,1034.5,84.1,0.9,24.0,2.1,1,10.0,2025-01-18T08:06:55,2025-01-18T16:27:37,0.65,Partially cloudy,Partly cloudy throughout the day.,fog,"00427,00420,03987,00403,E2835,00433,00400",
Berlin,2025-01-19,43.6,26.0,32.1,39.4,19.9,27.3,29.3,89.9,0.0,0.0,0.0,,0.0,0.0,13.6,7.8,97.4,1026.8,39.3,6.8,61.9,5.4,3,10.0,2025-01-19T08:05:50,2025-01-19T16:29:20,0.68,Partially cloudy,Clearing in the afternoon.,partly-cloudy-day,"00427,00420,03987,00403,E2835,00433,00400",
Berlin,2025-01-20,43.4,29.9,35.4,39.5,24.0,30.4,31.1,85.0,0.0,0.0,0.0,,0.0,0.0,15.0,9.2,153.4,1019.6,29.3,8.7,55.3,4.7,3,10.0,2025-01-20T08:04:43,2025-01-20T16:31:03,0.71,Partially cloudy,Becoming cloudy in the afternoon.,partly-cloudy-day,"00427,00420,03987,00403,E2835,00433,00400",
Berlin,2025-01-21,30.7,28.2,29.8,30.7,22.0,24.8,28.2,93.8,0.0,0.0,0.0,,0.0,0.0,9.6,9.3,234.9,1018.8,82.5,3.7,12.4,1.0,1,10.0,2025-01-21T08:03:33,2025-01-21T16:32:48,0.75,Partially cloudy,Partly cloudy throughout the day.,partly-cloudy-day,"00427,00420,03987,00403,E2835,00433,00400",
Berlin,2025-01-22,37.3,27.2,31.6,31.2,20.6,26.0,28.6,89.3,0.0,0.0,0.0,,0.0,0.0,18.6,11.0,126.8,1012.7,73.8,6.8,45.3,3.9,3,10.0,2025-01-22T08:02:20,2025-01-22T16:34:35,0.77,Partially cloudy,Partly cloudy throughout the day.,partly-cloudy-day,"00427,00420,03987,00403,E2835,00433,00400",
Berlin,2025-01-23,40.7,31.7,36.3,34.2,23.5,29.0,32.8,87.2,0.167,100.0,29.17,rain,0.0,0.0,25.1,12.7,192.3,1004.5,90.4,14.0,11.5,1.0,1,10.0,2025-01-23T08:01:04,2025-01-23T16:36:22,0.81,"Rain, Overcast",Cloudy skies throughout the day with rain in the morning and afternoon.,rain,"00427,00420,03987,00403,E2835,00433,00400",
Berlin,2025-01-24,45.9,36.5,41.7,40.9,30.2,36.3,36.5,81.9,0.069,100.0,25.0,rain,0.0,0.0,24.2,11.7,192.0,1008.6,83.4,22.7,44.3,3.9,3,10.0,2025-01-24T07:59:46,2025-01-24T16:38:10,0.84,"Rain, Partially cloudy",Partly cloudy throughout the day with late afternoon rain.,rain,"00427,00420,03987,00403,E2835,00433,00400",
Berlin,2025-01-25,57.3,44.1,49.4,57.3,39.7,47.2,41.6,75.7,0.035,100.0,25.0,rain,0.0,0.0,25.9,10.9,206.4,1006.5,98.5,26.0,27.8,2.4,3,10.0,2025-01-25T07:58:26,2025-01-25T16:39:59,0.87,"Rain, Overcast",Cloudy skies throughout the day with rain clearing later.,rain,"00427,00420,03987,00403,E2835,00433,00400",
Berlin,2025-01-26,50.3,38.5,44.4,50.3,36.1,41.2,41.1,88.2,0.137,100.0,45.83,rain,0.0,0.0,25.9,12.9,218.0,1006.4,97.1,22.0,24.0,1.9,2,10.0,2025-01-26T07:57:03,2025-01-26T16:41:49,0.9,"Rain, Overcast",Cloudy skies throughout the day with a chance of rain throughout the day.,rain,"00427,00420,03987,00403,E2835,00433,00400",
Berlin,2025-01-27,52.2,38.3,45.6,52.2,33.7,42.3,40.5,82.5,0.101,100.0,37.5,rain,0.0,0.0,28.9,14.9,166.7,999.2,95.9,22.8,17.4,1.7,1,10.0,2025-01-27T07:55:38,2025-01-27T16:43:39,0.93,"Rain, Overcast",Cloudy skies throughout the day with rain.,rain,"00427,00420,03987,00403,E2835,00433,00400",
Berlin,2025-01-28,47.5,42.3,44.6,46.2,38.4,41.6,41.6,89.5,0.14,100.0,33.33,rain,0.0,0.0,16.8,8.1,178.0,998.4,76.9,19.2,17.4,1.5,1,10.0,2025-01-28T07:54:11,2025-01-28T16:45:30,0.97,"Rain, Partially cloudy",Partly cloudy throughout the day with rain.,rain,"00427,00420,03987,00403,E2835,00433,00400",
Berlin,2025-01-29,50.2,40.0,44.3,50.2,34.6,39.3,39.1,82.8,0.043,100.0,20.83,rain,0.0,0.0,27.3,17.2,215.4,1002.7,58.3,20.1,22.5,2.0,1,10.0,2025-01-29T07:52:41,2025-01-29T16:47:22,0.0,"Rain, Partially cloudy",Partly cloudy throughout the day with rain in the morning and afternoon.,rain,"00427,00420,03987,00403,E2835,00433,00400",
Berlin,2025-01-30,46.9,37.7,42.9,44.8,32.2,39.3,37.6,81.4,0.004,100.0,8.33,rain,0.0,0.0,17.9,9.6,202.1,1014.3,87.1,23.0,29.8,2.7,1,10.0,2025-01-30T07:51:09,2025-01-30T16:49:14,0.03,"Rain, Partially cloudy",Partly cloudy throughout the day with late afternoon rain.,rain,"00427,00420,03987,00403,E2835,00433,00400",
Berlin,2025-01-31,43.2,37.9,40.2,36.5,29.9,33.3,34.6,81.0,0.082,100.0,29.17,rain,0.0,0.0,27.1,15.2,280.2,1024.2,91.2,20.0,42.6,3.7,4,10.0,2025-01-31T07:49:35,2025-01-31T16:51:07,0.07,"Rain, Overcast",Cloudy skies throughout the day with rain clearing later.,rain,"00427,00420,03987,00403,E2835,00433,00400",
Berlin,2025-02-01,41.0,32.7,37.4,37.2,27.9,33.3,33.5,85.9,0.003,100.0,8.33,"rain,snow",0.0,0.0,17.9,7.6,276.8,1032.1,80.6,17.1,35.0,2.9,2,10.0,2025-02-01T07:47:59,2025-02-01T16:53:00,0.1,"Snow, Rain, Partially cloudy",Partly cloudy throughout the day with afternoon rain or snow.,rain,"00427,00420,03987,00403,E2835,00433,00400",
Berlin,2025-02-02,40.0,33.9,36.8,39.8,30.9,35.0,31.5,81.3,0.002,100.0,4.17,"rain,snow",0.0,0.0,9.4,5.7,293.3,1027.8,91.0,19.6,32.6,2.9,3,10.0,2025-02-02T07:46:21,2025-02-02T16:54:54,0.14,"Snow, Rain, Overcast",Cloudy skies throughout the day with morning rain or snow.,rain,"00427,00420,03987,00403,E2835,00433,00400",
Berlin,2025-02-03,41.8,25.6,33.7,37.6,25.6,31.4,28.5,82.1,0.0,0.0,0.0,,0.0,0.0,12.8,6.6,167.2,1028.8,14.4,16.8,75.4,6.4,5,10.0,2025-02-03T07:44:41,2025-02-03T16:56:48,0.18,Clear,Clear conditions throughout the day.,clear-day,"00427,00420,03987,00403,E2835,00433,00400",
Berlin,2025-02-04,41.4,25.5,31.6,38.8,20.4,27.9,27.0,83.7,0.0,0.0,0.0,,0.0,0.0,12.3,5.4,188.3,1029.1,1.9,10.9,84.0,7.3,4,10.0,2025-02-04T07:42:59,2025-02-04T16:58:42,0.21,Clear,Clear conditions throughout the day.,clear-day,"00427,00420,03987,00403,E2835,00433,00400",
Berlin,2025-02-05,38.3,26.6,33.3,34.4,20.4,27.6,30.7,90.1,0.0,0.0,0.0,,0.0,0.0,15.0,10.0,253.2,1034.9,65.7,7.9,17.7,1.5,1,10.0,2025-02-05T07:41:15,2025-02-05T17:00:36,0.25,Partially cloudy,Partly cloudy throughout the day.,partly-cloudy-day,"00427,00420,03987,00403,E2835,00433,00400",
Berlin,2025-02-06,42.1,37.1,38.9,38.5,30.7,33.8,36.2,90.2,0.0,0.0,0.0,,0.0,0.0,15.0,12.8,12.1,1041.6,100.0,10.9,29.5,2.7,2,10.0,2025-02-06T07:39:29,2025-02-06T17:02:30,0.28,Overcast,Cloudy skies throughout the day.,cloudy,"00427,00420,03987,00403,E2835,00433,00400",
Berlin,2025-02-07,38.0,34.4,36.4,31.7,25.9,28.5,31.0,81.0,0.0,0.0,0.0,snow,0.0,0.0,25.9,14.2,78.4,1037.0,76.1,19.4,35.9,2.9,4,10.0,2025-02-07T07:37:42,2025-02-07T17:04:25,0.32,Partially cloudy,Partly cloudy throughout the day.,partly-cloudy-day,"00427,00420,03987,00403,E2835,00433,00400",
Berlin,2025-02-08,41.4,31.5,35.6,35.7,23.8,28.1,27.5,72.2,0.0,0.0,0.0,,0.0,0.0,21.9,13.9,92.6,1029.9,42.9,13.1,75.7,6.4,3,10.0,2025-02-08T07:35:53,2025-02-08T17:06:20,0.35,Partially cloudy,Partly cloudy throughout the day.,partly-cloudy-day,"00427,00420,03987,00403,E2835,00433,00400",
Berlin,2025-02-09,39.4,27.4,32.1,34.0,19.2,25.2,26.8,80.7,0.0,0.0,0.0,,0.0,0.0,14.5,10.3,64.3,1031.3,29.3,8.3,78.7,6.7,4,10.0,2025-02-09T07:34:02,2025-02-09T17:08:14,0.39,Partially cloudy,Partly cloudy throughout the day.,partly-cloudy-day,"00427,00420,03987,00403,E2835,00433,00400",
Berlin,2025-02-10,37.5,29.9,32.5,29.9,21.2,24.3,26.4,78.0,0.0,0.0,0.0,,0.0,0.0,22.6,14.3,76.9,1031.9,54.6,8.2,49.4,4.2,3,10.0,2025-02-10T07:32:10,2025-02-10T17:10:09,0.42,Partially cloudy,Partly cloudy throughout the day.,partly-cloudy-day,"00427,00420,03987,00403,E2835,00433,00400",
Berlin,2025-02-11,39.9,25.1,31.2,31.4,13.6,21.2,19.9,63.9,0.0,0.0,0.0,,0.0,0.0,27.7,16.6,92.8,1029.5,38.8,12.6,88.8,7.7,4,10.0,2025-02-11T07:30:16,2025-02-11T17:12:03,0.46,Partially cloudy,Becoming cloudy in the afternoon.,partly-cloudy-day,"00427,00420,03987,00403,E2835,00433,00400",
Berlin,2025-02-12,30.8,21.7,27.0,22.3,9.4,16.9,20.7,77.2,0.004,100.0,4.17,"rain,snow",0.0,0.0,20.8,13.6,84.3,1023.2,25.9,5.9,61.9,5.4,4,10.0,2025-02-12T07:28:21,2025-02-12T17:13:58,0.5,"Snow, Rain, Partially cloudy",Partly cloudy throughout the day with late afternoon rain or snow.,snow,"00427,00420,03987,00403,E2835,00433,00400",
Berlin,2025-02-13,30.7,28.0,29.4,27.2,20.4,23.6,27.1,91.3,0.193,100.0,75.0,snow,1.6,0.8,12.8,8.5,14.9,1017.6,99.9,2.3,10.0,0.9,1,10.0,2025-02-13T07:26:24,2025-02-13T17:15:52,0.53,"Snow, Overcast",Cloudy skies throughout the day with a chance of snow throughout the day.,snow,"00427,00420,03987,00403,E2835,00433,00400",
Berlin,2025-02-14,35.1,29.8,32.0,31.5,22.4,25.7,28.6,87.2,0.076,100.0,25.0,"rain,snow",0.4,3.5,17.2,9.5,356.1,1024.5,79.6,13.8,51.3,4.3,4,10.0,2025-02-14T07:24:26,2025-02-14T17:17:47,0.56,"Snow, Rain, Partially cloudy",Partly cloudy throughout the day with rain or snow.,snow,"00427,00420,03987,00403,E2835,00433,00400",
Berlin,2025-02-15,32.3,25.0,29.8,30.6,21.1,26.7,24.4,80.3,0.01,100.0,8.33,"rain,snow",0.9,2.8,8.1,6.6,296.8,1025.7,88.5,24.1,47.6,4.1,3,10.0,2025-02-15T07:22:27,2025-02-15T17:19:41,0.59,"Snow, Rain, Partially cloudy",Partly cloudy throughout the day with morning rain or snow.,snow,"00427,00420,03987,00403,E2835,00433,00400",
Berlin,2025-02-16,32.0,20.8,27.9,28.0,15.0,22.9,21.4,76.8,0.0,0.0,0.0,snow,0.0,2.7,15.0,10.2,61.1,1025.1,52.5,18.5,71.1,6.2,3,10.0,2025-02-16T07:20:26,2025-02-16T17:21:35,0.63,Partially cloudy,Partly cloudy throughout the day.,partly-cloudy-day,"00427,00420,03987,00403,E2835,00433,00400",
Berlin,2025-02-17,31.4,14.2,22.9,31.4,14.2,22.0,16.2,77.0,0.0,0.0,0.0,,0.0,2.8,11.2,5.1,10.9,1027.8,12.8,24.3,69.1,6.1,5,10.0,2025-02-17T07:18:24,2025-02-17T17:23:29,0.66,Clear,Clear conditions throughout the day.,clear-day,"00427,00420,03987,00403,E2835,00433,00400",
Berlin,2025-02-18,32.7,13.5,23.0,28.5,8.9,20.0,13.4,69.5,0.0,0.0,0.0,,0.0,2.8,10.1,7.7,278.0,1030.8,0.6,30.2,110.8,9.8,5,10.0,2025-02-18T07:16:21,2025-02-18T17:25:22,0.69,Clear,Clear conditions throughout the day.,clear-day,"00427,00420,03987,00403,E2835,00433,00400",
Berlin,2025-02-19,36.7,14.0,25.4,31.1,14.0,21.2,15.3,67.8,0.0,0.0,0.0,,0.0,2.8,13.9,8.7,127.2,1032.6,0.3,25.2,112.9,9.9,5,10.0,2025-02-19T07:14:17,2025-02-19T17:27:16,0.72,Clear,Clear conditions throughout the day.,clear-day,"00427,00420,03987,00403,E2835,00433,00400",
Berlin,2025-02-20,38.4,20.2,30.0,32.0,10.1,21.9,17.8,61.7,0.0,0.0,0.0,,0.0,2.8,19.5,11.0,129.5,1028.8,32.3,14.1,112.4,9.9,5,10.0,2025-02-20T07:12:11,2025-02-20T17:29:09,0.75,Partially cloudy,Partly cloudy throughout the day.,partly-cloudy-day,"00427,00420,03987,00403,E2835,00433,00400",
Berlin,2025-02-21,48.4,34.2,39.0,45.0,27.7,33.9,31.9,75.6,0.0,0.0,0.0,,0.0,1.7,16.1,9.7,141.2,1025.2,75.5,8.2,60.7,5.2,4,10.0,2025-02-21T07:10:05,2025-02-21T17:31:02,0.79,Partially cloudy,Partly cloudy throughout the day.,partly-cloudy-day,"00427,00420,03987,00403,E2835,00433,00400",
Berlin,2025-02-22,51.7,34.2,41.5,51.7,27.2,36.5,29.0,62.7,0.0,0.0,0.0,,0.0,0.0,20.1,12.2,148.0,1021.2,49.7,14.2,111.8,9.7,5,10.0,2025-02-22T07:07:57,2025-02-22T17:32:54,0.82,Partially cloudy,Becoming cloudy in the afternoon.,partly-cloudy-day,"00427,00420,03987,00403,E2835,00433,00400",
Berlin,2025-02-23,52.3,36.3,44.9,52.3,32.9,42.8,38.7,79.4,0.0,0.0,0.0,,0.0,0.0,21.3,12.9,254.5,1026.0,63.5,18.6,57.0,4.9,4,10.0,2025-02-23T07:05:49,2025-02-23T17:34:47,0.85,Partially cloudy,Partly cloudy throughout the day.,partly-cloudy-day,"00427,00420,03987,00403,E2835,00433,00400",
Berlin,2025-02-24,58.6,32.3,45.6,58.6,28.5,43.6,37.5,76.2,0.0,0.0,0.0,,0.0,0.0,18.1,11.8,176.3,1023.0,68.2,20.0,104.3,8.8,5,10.0,2025-02-24T07:03:39,2025-02-24T17:36:39,0.88,Partially cloudy,Partly cloudy throughout the day.,partly-cloudy-day,"00427,00420,03987,00403,E2835,00433,00400",
Berlin,2025-02-25,54.7,44.3,49.0,54.7,42.6,47.3,44.6,85.6,0.115,100.0,37.5,rain,0.0,0.0,15.9,9.2,199.1,1015.2,88.3,13.0,34.3,3.0,2,10.0,2025-02-25T07:01:29,2025-02-25T17:38:31,0.92,"Rain, Partially cloudy",Partly cloudy throughout the day with rain clearing later.,rain,"00427,00420,03987,00403,E2835,00433,00400",
Berlin,2025-02-26,47.9,42.1,44.4,46.7,38.4,40.9,43.3,96.0,0.052,100.0,37.5,rain,0.0,0.0,13.4,10.7,130.0,1013.5,100.0,5.1,28.8,2.5,2,10.0,2025-02-26T06:59:18,2025-02-26T17:40:22,0.95,"Rain, Overcast",Cloudy skies throughout the day with rain.,rain,"00427,00420,03987,00403,E2835,00433,00400",
Berlin,2025-02-27,50.1,41.5,44.6,50.1,38.2,41.5,39.4,82.9,0.01,100.0,8.33,rain,0.0,0.0,17.0,11.7,220.9,1016.8,86.5,14.2,88.1,7.7,4,10.0,2025-02-27T06:57:06,2025-02-27T17:42:13,0.98,"Rain, Partially cloudy",Partly cloudy throughout the day with late afternoon rain.,rain,"00427,00420,03987,00403,E2835,00433,00400",
Berlin,2025-02-28,41.6,35.3,39.0,38.5,29.8,33.7,37.2,93.1,0.178,100.0,41.67,rain,0.0,0.0,17.7,14.7,301.6,1021.2,91.2,7.9,63.6,5.5,4,10.0,2025-02-28T06:54:53,2025-02-28T17:44:04,0.0,"Rain, Overcast",Cloudy skies throughout the day with rain.,rain,"00427,00420,03987,00403,E2835,00433,00400",
Berlin,2025-03-01,44.6,35.0,39.1,39.1,28.6,33.3,34.3,83.2,0.002,100.0,4.17,rain,0.0,0.0,20.1,12.1,319.3,1029.9,63.7,19.6,58.0,5.0,5,10.0,2025-03-01T06:52:39,2025-03-01T17:45:55,0.05,"Rain, Partially cloudy",Partly cloudy throughout the day with early morning rain.,rain,"00427,00420,03987,00403,E2835,00433,00400",
Berlin,2025-03-02,45.5,33.3,39.4,40.5,25.7,33.5,33.7,80.8,0.0,0.0,0.0,rain,0.0,0.0,20.8,12.1,286.3,1032.8,81.0,15.5,98.8,8.7,6,10.0,2025-03-02T06:50:25,2025-03-02T17:47:45,0.09,Partially cloudy,Partly cloudy throughout the day.,partly-cloudy-day,"00427,07389,00420,03987,00403,E2835,00433,00400",
Berlin,2025-03-03,50.0,38.7,44.1,45.6,33.6,39.6,31.2,61.4,0.0,0.0,0.0,,0.0,0.0,20.6,14.9,266.4,1028.7,46.9,22.8,135.3,11.6,6,10.0,2025-03-03T06:48:10,2025-03-03T17:49:35,0.12,Partially cloudy,Partly cloudy throughout the day.,partly-cloudy-day,"00427,07389,00420,03987,E2835,00433,00400",
Berlin,2025-03-04,54.1,32.7,43.0,54.1,26.8,40.7,27.2,56.4,0.0,0.0,0.0,,0.0,0.0,19.9,11.7,249.1,1025.9,40.6,22.5,130.1,11.2,5,10.0,2025-03-04T06:45:54,2025-03-04T17:51:25,0.16,Partially cloudy,Clearing in the afternoon.,partly-cloudy-day,"00427,07389,00420,03987,E2835,00433,00400",
Berlin,2025-03-05,62.8,33.8,47.5,62.8,28.3,45.1,26.5,48.6,0.0,0.0,0.0,,0.0,0.0,21.0,12.4,228.9,1023.5,9.0,20.8,142.3,12.2,6,10.0,2025-03-05T06:43:38,2025-03-05T17:53:15,0.19,Clear,Clear conditions throughout the day.,clear-day,"00427,07389,00420,03987,E2835,00433,00400",
Berlin,2025-03-06,62.8,35.8,48.2,62.8,33.1,47.1,28.9,49.6,0.0,0.0,0.0,,0.0,0.0,13.2,8.7,203.8,1020.7,0.0,20.1,140.9,12.2,6,10.0,2025-03-06T06:41:21,2025-03-06T17:55:04,0.25,Clear,Clear conditions throughout the day.,clear-day,"00427,07389,00420,03987,E2835,00433,00400",
Berlin,2025-03-07,66.0,33.3,49.6,66.0,33.3,49.4,31.7,53.8,0.0,0.0,0.0,,0.0,0.0,9.4,6.7,164.2,1019.9,13.8,17.2,139.5,12.0,6,10.0,2025-03-07T06:39:04,2025-03-07T17:56:53,0.26,Clear,Clear conditions throughout the day.,clear-day,"00427,07389,00420,03987,E2835,00433,00400",
Berlin,2025-03-08,62.8,37.1,49.9,62.8,34.9,49.2,32.2,52.8,0.0,0.0,0.0,,0.0,0.0,15.2,12.5,72.7,1016.9,1.1,14.4,135.6,11.6,5,10.0,2025-03-08T06:36:46,2025-03-08T17:58:41,0.3,Clear,Clear conditions throughout the day.,clear-day,"00427,07389,00420,03987,E2835,00433,00400",
Berlin,2025-03-09,61.0,40.4,49.0,61.0,35.6,47.4,35.2,60.5,0.0,0.0,0.0,,0.0,0.0,13.2,9.2,71.1,1008.0,1.1,9.4,135.1,11.7,5,10.0,2025-03-09T06:34:28,2025-03-09T18:00:30,0.33,Clear,Clear conditions throughout the day.,clear-day,"00427,07389,00420,03987,E2835,00433,00400",
Berlin,2025-03-10,61.5,36.6,48.2,61.5,34.0,47.6,35.5,65.8,0.0,0.0,0.0,,0.0,0.0,13.4,10.8,298.4,1000.6,1.1,8.3,138.4,12.0,5,10.0,2025-03-10T06:32:09,2025-03-10T18:02:18,0.37,Clear,Clear conditions throughout the day.,clear-day,"00427,07389,00420,03987,E2835,00433,00400",
Berlin,2025-03-11,43.2,34.9,38.4,43.2,30.9,36.8,35.9,90.8,0.0,0.0,0.0,,0.0,0.0,11.4,6.0,276.3,1001.0,71.3,2.6,46.7,3.9,2,10.0,2025-03-11T06:29:50,2025-03-11T18:04:06,0.4,Partially cloudy,Partly cloudy throughout the day.,partly-cloudy-day,"00427,07389,00420,03987,E2835,00433,00400",
Berlin,2025-03-12,45.7,38.1,41.9,43.7,35.7,39.2,35.4,78.5,0.012,100.0,20.83,rain,0.0,0.0,13.0,7.9,279.1,999.7,90.8,13.1,52.8,4.7,2,10.0,2025-03-12T06:27:31,2025-03-12T18:05:54,0.44,"Rain, Overcast",Cloudy skies throughout the day with late afternoon rain.,rain,"00427,07389,00420,03987,E2835,00433,00400",
Berlin,2025-03-13,46.7,33.8,40.7,42.0,31.9,37.6,32.6,74.8,0.001,100.0,4.17,rain,0.0,0.0,17.0,11.9,311.2,998.2,91.8,17.1,79.7,7.0,3,10.0,2025-03-13T06:25:11,2025-03-13T18:07:41,0.47,"Rain, Overcast",Cloudy skies throughout the day with early morning rain.,rain,"00427,07389,00420,03987,E2835,00433,00400",
Berlin,2025-03-14,47.2,37.1,41.5,44.5,34.4,38.6,31.6,68.5,0.0,0.0,0.0,,0.0,0.0,12.3,8.9,313.8,1006.8,61.5,23.2,113.1,9.6,7,10.0,2025-03-14T06:22:51,2025-03-14T18:09:28,0.5,Partially cloudy,Partly cloudy throughout the day.,partly-cloudy-day,"00427,07389,00420,03987,E2835,00433,00400",
Berlin,2025-03-15,46.5,35.3,39.5,43.4,29.3,34.3,34.2,81.8,0.017,100.0,12.5,rain,0.0,0.0,17.2,12.2,44.0,1018.8,65.8,10.0,61.3,5.4,4,10.0,2025-03-15T06:20:31,2025-03-15T18:11:15,0.54,"Rain, Partially cloudy",Partly cloudy throughout the day with morning rain.,rain,"00427,07389,00420,03987,E2835,00433,00400",
Berlin,2025-03-16,48.1,27.7,39.6,43.6,25.5,36.2,29.8,71.5,0.0,0.0,0.0,rain,0.0,0.0,17.7,14.0,316.1,1019.7,32.8,11.1,172.8,15.0,8,10.0,2025-03-16T06:18:10,2025-03-16T18:13:02,0.57,Partially cloudy,Clearing in the afternoon.,partly-cloudy-day,"00427,07389,00420,03987,E2835,00433,00400",
Berlin,2025-03-17,43.2,30.6,37.4,37.6,24.6,30.6,21.2,54.6,0.007,100.0,4.17,rain,0.0,0.0,25.9,18.4,32.8,1028.8,15.0,15.1,165.8,14.3,7,10.0,2025-03-17T06:15:49,2025-03-17T18:14:49,0.6,Rain,Clear conditions throughout the day with early morning rain.,rain,"00427,07389,00420,03987,E2835,00433,00400",
Berlin,2025-03-18,48.5,25.9,36.7,46.5,22.5,34.1,15.5,45.4,0.0,0.0,0.0,,0.0,0.0,16.3,8.1,250.5,1032.0,0.0,21.6,173.8,15.0,7,10.0,2025-03-18T06:13:28,2025-03-18T18:16:35,0.64,Clear,Clear conditions throughout the day.,clear-day,"00427,07389,00420,03987,E2835,00433,00400",
Berlin,2025-03-19,56.0,26.0,40.8,56.0,22.3,39.8,19.4,45.1,0.0,0.0,0.0,,0.0,0.0,11.6,6.5,172.9,1028.4,0.0,24.5,172.6,14.9,7,10.0,2025-03-19T06:11:07,2025-03-19T18:18:22,0.67,Clear,Clear conditions throughout the day.,clear-day,"00427,07389,00420,03987,00403,E2835,00433,00400",
Berlin,2025-03-20,63.2,29.5,46.4,63.2,24.5,45.1,26.5,49.4,0.0,0.0,0.0,,0.0,0.0,12.1,6.3,191.4,1024.1,5.4,24.2,171.3,14.8,7,10.0,2025-03-20T06:08:46,2025-03-20T18:20:08,0.7,Clear,Clear conditions throughout the day.,clear-day,"00427,00420,03987,00403,E2835,00433,00400",
Berlin,2025-03-21,64.2,33.3,50.2,64.2,33.2,49.5,30.3,50.0,0.0,0.0,0.0,,0.0,0.0,18.6,12.9,97.2,1021.1,0.6,20.6,168.2,14.5,6,10.0,2025-03-21T06:06:24,2025-03-21T18:21:54,0.74,Clear,Clear conditions throughout the day.,clear-day,"00427,00420,03987,00403,E2835,00433,00400",
Berlin,2025-03-22,58.8,41.1,49.9,58.8,33.4,46.4,31.5,50.2,0.0,0.0,0.0,,0.0,0.0,30.2,18.9,83.2,1015.2,0.2,17.9,172.5,14.9,7,10.0,2025-03-22T06:04:03,2025-03-22T18:23:40,0.75,Clear,Clear conditions throughout the day.,clear-day,"00427,00420,03987,00403,E2835,00433,00400",
Berlin,2025-03-23,57.0,42.6,50.0,57.0,35.8,47.5,35.7,58.2,0.0,0.0,0.0,,0.0,0.0,26.2,14.3,88.2,1008.4,61.3,16.1,118.5,10.3,4,10.0,2025-03-23T06:01:41,2025-03-23T18:25:25,0.8,Partially cloudy,Partly cloudy throughout the day.,partly-cloudy-day,"00427,00420,03987,00403,E2835,00433,00400",
Berlin,2025-03-24,59.1,46.4,51.7,59.1,44.4,50.9,42.7,72.3,0.003,100.0,8.33,rain,0.0,0.0,10.1,7.1,65.3,1012.1,45.5,14.3,120.6,10.6,7,10.0,2025-03-24T05:59:20,2025-03-24T18:27:11,0.84,"Rain, Partially cloudy",Partly cloudy throughout the day with late afternoon rain.,rain,"00427,00420,03987,00403,E2835,00433,00400",
Berlin,2025-03-25,57.9,41.6,47.4,57.9,37.7,45.4,41.0,79.5,0.0,0.0,0.0,rain,0.0,0.0,18.6,13.4,283.7,1017.0,45.5,8.8,150.4,13.0,7,10.0,2025-03-25T05:56:59,2025-03-25T18:28:57,0.87,Partially cloudy,Partly cloudy throughout the day.,partly-cloudy-day,"00427,00420,03987,00403,E2835,00433,00400",
Berlin,2025-03-26,50.9,42.8,46.3,50.9,39.6,43.2,41.2,82.8,0.02,100.0,16.67,rain,0.0,0.0,19.2,12.8,289.5,1019.1,86.5,16.5,60.5,5.3,2,10.0,2025-03-26T05:54:37,2025-03-26T18:30:42,0.9,"Rain, Partially cloudy",Partly cloudy throughout the day with morning rain.,rain,"00427,00420,03987,00403,E2835,00433,00400",
Berlin,2025-03-27,45.9,37.7,41.3,45.8,32.1,37.7,39.0,91.8,0.0,0.0,0.0,,0.0,0.0,13.4,9.3,275.1,1021.9,41.2,9.9,51.0,4.4,1,10.0,2025-03-27T05:52:16,2025-03-27T18:32:27,0.93,Partially cloudy,Partly cloudy throughout the day.,partly-cloudy-day,"00427,00420,03987,00403,E2835,00433,00400",
Berlin,2025-03-28,61.7,32.7,46.0,61.7,29.5,43.8,36.1,73.9,0.0,0.0,0.0,,0.0,0.0,16.8,8.7,128.7,1014.6,8.1,12.2,184.9,15.9,7,10.0,2025-03-28T05:49:55,2025-03-28T18:34:13,0.97,Clear,Clear conditions throughout the day.,clear-day,"00427,00420,03987,00403,E2835,00433,00400",
Berlin,2025-03-29,57.9,39.4,47.9,57.9,37.4,46.4,38.8,71.3,0.0,0.0,0.0,,0.0,0.0,25.9,16.1,332.3,1012.9,69.3,14.3,113.6,9.9,5,10.0,2025-03-29T05:47:34,2025-03-29T18:35:58,0.0,Partially cloudy,Partly cloudy throughout the day.,partly-cloudy-day,"00427,00420,03987,00403,E2835,00433,00400",
Berlin,2025-03-30,48.4,33.4,42.7,43.4,28.5,37.9,36.9,80.4,0.247,100.0,45.83,rain,0.0,0.0,32.2,14.0,242.7,1011.3,65.2,21.5,57.3,4.7,3,10.0,2025-03-30T06:45:13,2025-03-30T19:37:43,0.03,"Rain, Partially cloudy",Partly cloudy throughout the day with rain.,rain,"00427,00420,03987,00403,E2835,00433,00400",
Berlin,2025-03-31,49.3,43.6,45.4,44.6,37.1,40.1,40.6,83.5,0.051,100.0,29.17,rain,0.0,0.0,26.8,15.3,330.0,1018.8,78.2,20.2,65.0,5.5,2,10.0,2025-03-31T06:42:52,2025-03-31T19:39:28,0.07,"Rain, Partially cloudy",Partly cloudy throughout the day with a chance of rain throughout the day.,rain,"00427,00420,03987,00403,E2835,00433,00400",
Berlin,2025-04-01,55.4,40.8,48.2,55.4,36.4,45.8,37.4,67.8,0.0,0.0,0.0,,0.0,0.0,23.0,14.1,27.9,1028.1,39.7,24.3,170.3,14.8,8,10.0,2025-04-01T06:40:32,2025-04-01T19:41:13,0.1,Partially cloudy,Becoming cloudy in the afternoon.,partly-cloudy-day,"00427,00420,03987,00403,E2835,00433,00400",
Berlin,2025-04-02,61.6,36.7,47.8,61.6,31.6,44.9,37.3,70.1,0.0,0.0,0.0,,0.0,0.0,20.4,12.7,37.6,1028.2,7.1,17.8,188.0,16.2,7,10.0,2025-04-02T06:38:12,2025-04-02T19:42:58,0.14,Clear,Clear conditions throughout the day.,clear-day,"00427,00420,03987,00403,E2835,00433,00400",
Berlin,2025-04-03,65.9,39.5,52.6,65.9,34.7,50.8,37.0,56.7,0.0,0.0,0.0,,0.0,0.0,14.5,8.3,65.9,1027.3,3.9,27.8,198.4,17.2,7,10.0,2025-04-03T06:35:52,2025-04-03T19:44:43,0.17,Clear,Clear conditions throughout the day.,clear-day,"00427,00420,03987,00403,E2835,00433,00400",
Berlin,2025-04-04,69.4,41.7,56.7,69.4,41.7,56.7,42.5,62.5,0.0,0.0,0.0,,0.0,0.0,12.1,9.7,342.5,1021.4,6.8,27.8,222.6,19.2,8,10.0,2025-04-04T06:33:33,2025-04-04T19:46:28,0.2,Clear,Clear conditions throughout the day.,clear-day,"00427,00420,03987,00403,E2835,00433,00400",
Berlin,2025-04-05,53.6,36.6,45.6,53.6,29.2,41.1,30.3,56.7,0.0,0.0,0.0,,0.0,0.0,30.0,19.0,20.4,1019.2,50.2,26.5,216.0,18.6,8,10.0,2025-04-05T06:31:14,2025-04-05T19:48:13,0.25,Partially cloudy,Partly cloudy throughout the day.,partly-cloudy-day,"00427,00420,03987,00403,E2835,00433,00400",
Berlin,2025-04-06,46.8,33.4,39.8,40.6,26.3,33.8,21.6,49.6,0.0,0.0,0.0,snow,0.0,0.0,24.6,16.3,7.0,1026.3,24.8,30.3,230.7,20.0,9,10.0,2025-04-06T06:28:55,2025-04-06T19:49:58,0.27,Partially cloudy,Partly cloudy throughout the day.,partly-cloudy-day,"00427,00420,03987,00403,E2835,00433,00400",
Berlin,2025-04-07,55.1,40.6,47.1,55.1,33.8,44.1,28.1,47.9,0.0,0.0,0.0,,0.0,0.0,25.1,14.8,326.6,1024.7,64.0,28.1,151.3,13.1,8,10.0,2025-04-07T06:26:37,2025-04-07T19:51:43,0.31,Partially cloudy,Partly cloudy throughout the day.,partly-cloudy-day,"00427,00420,03987,00403,E2835,00433,00400",
Berlin,2025-04-08,55.7,38.7,47.5,55.7,34.8,46.1,31.9,57.2,0.0,0.0,0.0,,0.0,0.0,12.5,7.8,28.8,1026.9,63.2,26.8,185.0,15.9,9,10.0,2025-04-08T06:24:19,2025-04-08T19:53:28,0.34,Partially cloudy,Partly cloudy throughout the day.,partly-cloudy-day,"00427,00420,03987,00403,E2835,00433,00400",
Berlin,2025-04-09,57.3,40.9,48.7,57.3,39.4,47.7,33.6,56.7,0.0,0.0,0.0,rain,0.0,0.0,23.0,13.9,306.1,1022.2,83.3,25.9,129.7,11.4,8,10.0,2025-04-09T06:22:02,2025-04-09T19:55:13,0.38,Partially cloudy,Partly cloudy throughout the day.,partly-cloudy-day,"00427,07389,00420,03987,00403,E2835,00433,00400",
Berlin,2025-04-10,57.1,41.5,48.8,57.1,35.0,45.7,38.3,68.1,0.0,0.0,0.0,,0.0,0.0,22.1,15.0,295.4,1022.9,73.1,20.7,198.0,17.1,8,10.0,2025-04-10T06:19:45,2025-04-10T19:56:58,0.41,Partially cloudy,Partly cloudy throughout the day.,partly-cloudy-day,"00427,00420,03987,00403,E2835,00433,00400",
Berlin,2025-04-11,58.3,43.9,49.9,58.3,35.4,46.8,40.4,70.3,0.0,0.0,0.0,,0.0,0.0,28.9,21.4,292.3,1016.0,91.4,18.7,94.3,8.2,6,10.0,2025-04-11T06:17:29,2025-04-11T19:58:43,0.45,Overcast,Cloudy skies throughout the day.,cloudy,"00427,00420,03987,00403,E2835,00433,00400",
Berlin,2025-04-12,63.2,42.3,52.6,63.2,42.3,51.9,43.8,73.7,0.0,0.0,0.0,rain,0.0,0.0,12.1,8.6,275.3,1014.5,53.4,19.3,183.2,15.8,7,10.0,2025-04-12T06:15:13,2025-04-12T20:00:28,0.48,Partially cloudy,Partly cloudy throughout the day.,partly-cloudy-day,"00427,00420,03987,00403,E2835,00433,00400",
Berlin,2025-04-13,71.5,44.5,57.9,71.5,40.1,56.7,44.4,63.7,0.0,0.0,0.0,,0.0,0.0,28.9,19.7,192.7,1006.2,47.7,6.9,149.1,12.9,9,10.0,2025-04-13T06:12:58,2025-04-13T20:02:13,0.5,Partially cloudy,Partly cloudy throughout the day.,partly-cloudy-day,"00427,00420,03987,00403,EDDB,E2835,00433,00400",
Berlin,2025-04-14,69.7,48.1,59.9,69.7,48.1,59.8,46.8,64.6,0.0,0.0,0.0,rain,0.0,0.0,17.2,10.3,238.4,1009.4,61.0,8.8,173.7,15.1,6,10.0,2025-04-14T06:10:43,2025-04-14T20:03:58,0.55,Partially cloudy,Partly cloudy throughout the day.,partly-cloudy-day,"EDDB,E2835",
