city,datetime,tempmax,tempmin,temp,feelslikemax,feelslikemin,feelslike,dew,humidity,precip,precipprob,precipcover,preciptype,snow,snowdepth,windgust,windspeed,winddir,sealevelpressure,cloudcover,visibility,solarradiation,solarenergy,uvindex,severerisk,sunrise,sunset,moonphase,conditions,description,icon,stations,city.1,clothing_recommendation,season,sunrise_hour,sunset_hour,datetime_hour,month,date,day_of_week,msPlayed,genre,main_genre,temp_bin
Tokyo,2024-03-25,53.9,51.5,52.4,53.9,51.5,52.4,51.9,98.1,0.349,100.0,12.5,rain,0.0,0.0,10.1,6.9,329.3,1016.0,99.4,4.6,21.1,1.7,1,10.0,05:37:15,17:56:46,0.5,"rain, overcast",Cloudy skies throughout the day with a chance of rain throughout the day.,rain,"47662099999,47670099999,47642043313,47680099999,47626099999,47682099999",Unknown,"🧶 Hoodie or light jacket, jeans ☔ (Umbrella recommended)",Spring,5,17,0,March,2024-03-25,Monday,360683,nan,Unknown,"(44.66, 59.04]"
Lagos,2024-03-25,95.0,77.0,86.0,116.1,77.0,98.6,78.6,79.4,0.0,0.0,0.0,rain,0.0,0.0,21.0,17.2,220.0,1010.5,54.4,6.2,223.3,19.2,8,75.0,06:48:01,18:56:39,0.5,partially cloudy,Partly cloudy throughout the day.,partly-cloudy-day,"DNMM,remote,65201099999,VRJT5",Unknown,"🩳 Sleeveless, linen, sandals, drink water! 🕶️ (Sunscreen & sunglasses)",Spring,6,18,0,March,2024-03-25,Monday,360683,nan,Unknown,"(73.42, 87.8]"
New York,2024-03-25,51.2,34.9,42.6,51.2,28.0,37.5,21.5,43.8,0.0,0.0,0.0,Unknown,0.0,0.0,32.9,21.6,49.7,1029.9,8.4,9.9,255.5,22.0,8,10.0,06:50:10,19:14:08,0.5,clear,Clear conditions throughout the day.,clear-day,"72505394728,KEWR,KLGA,72502014734,F1417,KNYC,72503014732",Unknown,"🧥 Heavy coat, thermal wear, gloves, boots 🕶️ (Sunscreen & sunglasses)",Spring,6,19,0,March,2024-03-25,Monday,360683,nan,Unknown,"(30.28, 44.66]"
London,2024-03-25,53.7,42.5,48.6,53.7,40.9,46.9,38.6,69.2,0.0,0.0,0.0,Unknown,0.0,0.0,23.0,12.7,149.0,1000.2,72.4,10.0,88.1,7.5,3,22.128353498158862,05:50:50,18:22:54,0.5,partially cloudy,Partly cloudy throughout the day.,partly-cloudy-day,"F6665,03781099999,03672099999,03772099999,03770099999",Unknown,"🧥 Coat or insulated jacket, boots",Spring,5,18,0,March,2024-03-25,Monday,360683,nan,Unknown,"(44.66, 59.04]"
Berlin,2024-03-25,48.6,37.9,43.1,44.0,34.1,38.1,38.4,84.2,0.176,100.0,54.17,rain,0.0,0.0,22.4,14.2,273.3,1003.5,79.8,20.0,82.8,7.3,4,22.128353498158862,05:56:24,18:29:21,0.5,"rain, partially cloudy",Partly cloudy throughout the day with a chance of rain throughout the day.,rain,"00427,03987,00403,E2835,00433,00400",Unknown,"🧥 Coat or insulated jacket, boots ☔ (Umbrella recommended)",Spring,5,18,0,March,2024-03-25,Monday,360683,nan,Unknown,"(30.28, 44.66]"
Lagos,2024-04-07,96.8,78.4,86.5,110.4,78.4,98.2,78.5,78.8,0.0,0.0,0.0,rain,0.0,0.0,21.5,16.1,237.6,1011.0,44.5,6.1,264.4,22.8,9,75.0,06:41:54,18:55:08,0.95,partially cloudy,Partly cloudy throughout the day.,partly-cloudy-day,"DNMM,65201099999",Lagos,"🩳 Sleeveless, linen, sandals, drink water! 🕶️ (Sunscreen & sunglasses)",Spring,6,18,0,April,2024-04-07,Sunday,9134568,gregorian chant,gregorian chant,"(73.42, 87.8]"
Lagos,2024-04-16,89.9,80.2,84.6,105.7,86.9,96.6,79.1,84.3,0.079,100.0,4.17,rain,0.0,0.0,17.9,10.3,227.2,1010.7,56.8,5.4,207.6,17.9,7,60.0,06:38:03,18:54:23,0.25,"rain, partially cloudy",Partly cloudy throughout the day with morning rain.,rain,"DNMM,65201099999",Lagos,"🩳 Sleeveless, linen, sandals, drink water! ☔ (Umbrella recommended) 🕶️ (Sunscreen & sunglasses)",Spring,6,18,0,April,2024-04-16,Tuesday,6901052,afropop,afrobeats,"(73.42, 87.8]"
Lagos,2024-04-17,91.7,77.4,84.5,108.3,77.4,96.1,79.0,84.2,0.008,100.0,8.33,rain,0.0,0.0,18.6,11.4,217.1,1009.3,57.5,7.9,214.1,18.6,7,75.0,06:37:39,18:54:19,0.29,"rain, partially cloudy",Partly cloudy throughout the day with afternoon rain.,rain,"DNMM,remote,65201099999",Lagos,"🩳 Sleeveless, linen, sandals, drink water! ☔ (Umbrella recommended) 🕶️ (Sunscreen & sunglasses)",Spring,6,18,0,April,2024-04-17,Wednesday,3566462,gregorian chant,gregorian chant,"(73.42, 87.8]"
Lagos,2024-04-19,95.0,83.2,87.8,116.1,95.8,104.1,80.2,78.8,0.02,100.0,16.67,rain,0.0,0.0,23.5,18.3,199.4,1010.2,58.6,7.3,242.0,20.8,8,75.0,06:36:53,18:54:13,0.35,"rain, partially cloudy",Partly cloudy throughout the day with a chance of rain throughout the day.,rain,"DNMM,remote,65201099999",Lagos,"🩳 Sleeveless, linen, sandals, drink water! ☔ (Umbrella recommended) 🕶️ (Sunscreen & sunglasses)",Spring,6,18,0,April,2024-04-19,Friday,83157,nan,Unknown,"(73.42, 87.8]"
Lagos,2024-04-21,89.6,76.6,82.5,105.2,76.6,91.8,78.0,86.6,0.276,100.0,4.17,rain,0.0,0.0,61.1,18.3,229.8,1008.7,50.7,6.4,237.7,20.5,8,60.0,06:36:08,18:54:09,0.42,"rain, partially cloudy",Partly cloudy throughout the day with late afternoon rain.,rain,"DNMM,remote,65201099999",Lagos,"🩳 Sleeveless, linen, sandals, drink water! ☔ (Umbrella recommended) 🕶️ (Sunscreen & sunglasses)",Spring,6,18,0,April,2024-04-21,Sunday,24464890,nan,afrobeats,"(73.42, 87.8]"
Lagos,2024-04-23,89.6,73.4,81.6,100.3,73.4,87.9,75.4,82.6,0.433,100.0,8.33,rain,0.0,0.0,46.1,25.3,91.7,1010.5,50.1,4.8,97.4,8.5,4,75.0,06:35:26,18:54:06,0.48,"rain, partially cloudy",Partly cloudy throughout the day with rain in the morning and afternoon.,rain,"DNMM,65201099999",Lagos,"🩳 Sleeveless, linen, sandals, drink water! ☔ (Umbrella recommended)",Spring,6,18,0,April,2024-04-23,Tuesday,5926455,nan,trap latino,"(73.42, 87.8]"
Lagos,2024-04-24,93.2,77.8,84.5,110.4,77.8,93.8,77.0,78.9,0.0,0.0,0.0,Unknown,0.0,0.0,17.7,12.8,172.3,1010.2,46.3,7.8,250.5,21.5,8,60.0,06:35:06,18:54:05,0.5,partially cloudy,Partly cloudy throughout the day.,partly-cloudy-day,"DNMM,remote,65201099999,VRJT5",Lagos,"🩳 Sleeveless, linen, sandals, drink water! 🕶️ (Sunscreen & sunglasses)",Spring,6,18,0,April,2024-04-24,Wednesday,72917,german hip hop,Unknown,"(73.42, 87.8]"
Lagos,2024-04-27,95.0,80.6,86.5,112.9,88.1,100.6,79.5,80.7,0.0,0.0,0.0,rain,0.0,0.0,16.8,12.8,200.8,1008.1,52.0,6.2,208.3,18.0,7,75.0,06:34:08,18:54:04,0.62,partially cloudy,Partly cloudy throughout the day.,partly-cloudy-day,"DNMM,65201099999",Lagos,"🩳 Sleeveless, linen, sandals, drink water! 🕶️ (Sunscreen & sunglasses)",Spring,6,18,0,April,2024-04-27,Saturday,3712003,afrobeat,afrobeats,"(73.42, 87.8]"
Lagos,2024-05-15,93.2,80.2,86.1,110.4,87.0,99.3,79.1,80.4,0.016,100.0,12.5,rain,0.0,0.0,18.3,12.8,190.3,1010.2,61.7,8.6,212.8,18.2,8,60.0,06:30:24,18:55:24,0.25,"rain, partially cloudy",Partly cloudy throughout the day with a chance of rain throughout the day.,rain,"DNMM,remote,65201099999",Lagos,"🩳 Sleeveless, linen, sandals, drink water! ☔ (Umbrella recommended) 🕶️ (Sunscreen & sunglasses)",Spring,6,18,0,May,2024-05-15,Wednesday,12717790,afropiano,amapiano,"(73.42, 87.8]"
Lagos,2024-05-18,91.4,75.3,84.1,106.6,75.3,93.9,77.5,81.3,0.004,100.0,4.17,rain,0.0,0.0,51.9,46.1,149.0,1011.8,57.6,6.6,184.3,15.9,6,60.0,06:30:08,18:55:51,0.33,"rain, partially cloudy",Partly cloudy throughout the day with afternoon rain.,rain,"DNMM,remote,65201099999,VRJT5",Lagos,"🩳 Sleeveless, linen, sandals, drink water! ☔ (Umbrella recommended) 🕶️ (Sunscreen & sunglasses)",Spring,6,18,0,May,2024-05-18,Saturday,187380,afrobeat,amapiano,"(73.42, 87.8]"
Lagos,2024-05-21,95.3,82.0,87.1,114.4,91.6,101.9,79.7,79.8,0.0,0.0,0.0,rain,0.0,0.0,19.7,17.2,187.8,1012.1,55.3,6.1,230.5,19.8,8,75.0,06:29:58,18:56:22,0.43,partially cloudy,Partly cloudy throughout the day.,partly-cloudy-day,"DNMM,65201099999",Lagos,"🩳 Sleeveless, linen, sandals, drink water! 🕶️ (Sunscreen & sunglasses)",Spring,6,18,0,May,2024-05-21,Tuesday,5156666,nan,Unknown,"(73.42, 87.8]"
Lagos,2024-05-22,87.8,73.4,81.5,102.4,73.4,89.3,77.0,86.5,2.087,100.0,8.33,rain,0.0,0.0,57.5,11.4,224.6,1012.6,61.5,7.3,180.6,15.5,6,75.0,06:29:57,18:56:33,0.46,"rain, partially cloudy",Partly cloudy throughout the day with rain in the morning and afternoon.,rain,"DNMM,remote,65201099999,VRJT5",Lagos,"🩳 Sleeveless, linen, sandals, drink water! ☔ (Umbrella recommended) 🕶️ (Sunscreen & sunglasses)",Spring,6,18,0,May,2024-05-22,Wednesday,27016841,nan,Unknown,"(73.42, 87.8]"
Lagos,2024-05-23,91.4,77.0,84.2,110.9,77.0,94.7,78.4,83.4,0.0,0.0,0.0,rain,0.0,0.0,19.9,8.1,192.3,1011.9,43.6,5.9,223.8,19.2,7,60.0,06:29:56,18:56:44,0.5,partially cloudy,Partly cloudy throughout the day.,partly-cloudy-day,"DNMM,65201099999,VRJT5",Lagos,"🩳 Sleeveless, linen, sandals, drink water! 🕶️ (Sunscreen & sunglasses)",Spring,6,18,0,May,2024-05-23,Thursday,13112254,nan,Unknown,"(73.42, 87.8]"
Lagos,2024-05-24,93.2,78.8,83.5,113.5,78.8,94.4,79.0,86.8,0.354,100.0,4.17,rain,0.0,0.0,18.1,11.4,215.9,1012.0,63.7,6.5,179.0,15.4,6,60.0,06:29:55,18:56:56,0.53,"rain, partially cloudy",Partly cloudy throughout the day with late afternoon rain.,rain,"DNMM,remote,65201099999,VRJT5",Lagos,"🩳 Sleeveless, linen, sandals, drink water! ☔ (Umbrella recommended) 🕶️ (Sunscreen & sunglasses)",Spring,6,18,0,May,2024-05-24,Friday,45898,nan,Unknown,"(73.42, 87.8]"
Lagos,2024-06-09,88.1,77.0,81.3,103.2,77.0,87.6,77.0,87.0,0.036,100.0,12.5,rain,0.0,0.0,18.6,11.4,245.4,1013.6,60.6,6.8,174.0,15.0,7,30.0,06:31:13,19:00:32,0.09,"rain, partially cloudy",Partly cloudy throughout the day with rain.,rain,"DNMM,remote,65201099999,VRJT5",Lagos,"🩳 Sleeveless, linen, sandals, drink water! ☔ (Umbrella recommended) 🕶️ (Sunscreen & sunglasses)",Summer,6,19,0,June,2024-06-09,Sunday,4303152,nan,Unknown,"(73.42, 87.8]"
Lagos,2024-06-10,89.7,78.4,83.0,105.2,78.4,90.7,77.7,84.7,0.039,100.0,4.17,rain,0.0,0.0,16.8,12.8,215.7,1013.8,68.0,6.7,184.2,16.0,6,30.0,06:31:23,19:00:47,0.13,"rain, partially cloudy",Partly cloudy throughout the day with morning rain.,rain,"DNMM,remote,65201099999,VRJT5",Lagos,"🩳 Sleeveless, linen, sandals, drink water! ☔ (Umbrella recommended) 🕶️ (Sunscreen & sunglasses)",Summer,6,19,0,June,2024-06-10,Monday,68374076,nan,afrobeats,"(73.42, 87.8]"
Lagos,2024-06-11,86.0,77.4,81.1,99.4,77.4,87.3,77.1,88.0,0.157,100.0,8.33,rain,0.0,0.0,15.2,13.9,227.4,1014.5,66.5,7.0,125.9,10.9,5,30.0,06:31:33,19:01:01,0.16,"rain, partially cloudy",Partly cloudy throughout the day with rain in the morning and afternoon.,rain,"DNMM,remote,65201099999",Lagos,"🩳 Sleeveless, linen, sandals, drink water! ☔ (Umbrella recommended)",Summer,6,19,0,June,2024-06-11,Tuesday,2818864,nan,Unknown,"(73.42, 87.8]"
Lagos,2024-06-12,89.7,74.8,81.5,102.4,74.8,87.5,76.3,84.6,0.315,100.0,8.33,rain,0.0,0.0,17.2,13.9,232.0,1013.1,50.1,8.1,223.5,19.3,8,30.0,06:31:43,19:01:16,0.19,"rain, partially cloudy",Partly cloudy throughout the day with rain clearing later.,rain,"DNMM,remote,65201099999",Lagos,"🩳 Sleeveless, linen, sandals, drink water! ☔ (Umbrella recommended) 🕶️ (Sunscreen & sunglasses)",Summer,6,19,0,June,2024-06-12,Wednesday,35120269,nan,Unknown,"(73.42, 87.8]"
Lagos,2024-06-17,89.5,76.7,82.2,106.3,76.7,89.8,77.3,85.4,0.551,100.0,8.33,rain,0.0,0.0,17.2,30.0,226.6,1012.5,80.1,9.4,144.6,12.4,7,30.0,06:32:40,19:02:26,0.35,"rain, partially cloudy",Partly cloudy throughout the day with rain.,rain,"DNMM,remote,VRJT5,65201099999",Lagos,"🩳 Sleeveless, linen, sandals, drink water! ☔ (Umbrella recommended) 🕶️ (Sunscreen & sunglasses)",Summer,6,19,0,June,2024-06-17,Monday,5648090,nan,Unknown,"(73.42, 87.8]"
Lagos,2024-06-18,87.7,77.0,81.8,114.5,77.0,89.0,77.7,87.7,0.048,100.0,25.0,rain,0.0,0.0,13.6,24.2,236.6,1012.5,56.2,7.3,215.9,18.6,7,30.0,06:32:52,19:02:40,0.38,"rain, partially cloudy",Partly cloudy throughout the day with a chance of rain throughout the day.,rain,"DNMM,remote,65201099999,VRJT5",Lagos,"🩳 Sleeveless, linen, sandals, drink water! ☔ (Umbrella recommended) 🕶️ (Sunscreen & sunglasses)",Summer,6,19,0,June,2024-06-18,Tuesday,37802921,nan,Unknown,"(73.42, 87.8]"
Lagos,2024-06-23,87.8,77.0,82.5,105.1,77.0,90.4,77.7,85.6,0.039,100.0,4.17,rain,0.0,0.0,17.9,13.9,251.7,1012.8,56.8,6.1,199.5,17.3,7,30.0,06:33:57,19:03:45,0.55,"rain, partially cloudy",Partly cloudy throughout the day with afternoon rain.,rain,"DNMM,remote,65201099999",Lagos,"🩳 Sleeveless, linen, sandals, drink water! ☔ (Umbrella recommended) 🕶️ (Sunscreen & sunglasses)",Summer,6,19,0,June,2024-06-23,Sunday,1556124,nan,Unknown,"(73.42, 87.8]"
Lagos,2024-06-24,87.8,75.2,79.5,99.9,75.2,83.0,75.9,89.3,0.236,100.0,4.17,rain,0.0,0.0,43.8,13.9,225.0,1012.4,60.0,5.5,189.1,16.5,7,30.0,06:34:11,19:03:57,0.59,"rain, partially cloudy",Partly cloudy throughout the day with late afternoon rain.,rain,"DNMM,65201099999",Lagos,"🩳 Shorts, tank top, hat, sunglasses ☔ (Umbrella recommended) 🕶️ (Sunscreen & sunglasses)",Summer,6,19,0,June,2024-06-24,Monday,569075,nan,Unknown,"(73.42, 87.8]"
Lagos,2024-06-25,81.4,75.0,77.9,90.4,75.0,80.2,74.7,90.1,1.181,100.0,4.17,rain,0.0,0.0,16.1,13.9,93.7,1012.4,67.4,3.4,78.1,6.7,4,30.0,06:34:24,19:04:08,0.62,"rain, partially cloudy",Partly cloudy throughout the day with afternoon rain.,rain,"65202099999,DNMM,65201099999",Lagos,"🩳 Shorts, tank top, hat, sunglasses ☔ (Umbrella recommended)",Summer,6,19,0,June,2024-06-25,Tuesday,17757387,nan,Unknown,"(73.42, 87.8]"
Lagos,2024-06-27,89.6,73.4,79.9,98.2,73.4,83.3,73.1,81.0,0.472,100.0,4.17,rain,0.0,0.0,18.3,11.4,177.0,1012.1,43.3,6.5,184.8,16.0,7,30.0,06:34:52,19:04:31,0.69,"rain, partially cloudy",Partly cloudy throughout the day with early morning rain.,rain,"DNMM,remote,65201099999",Lagos,"🩳 Shorts, tank top, hat, sunglasses ☔ (Umbrella recommended) 🕶️ (Sunscreen & sunglasses)",Summer,6,19,0,June,2024-06-27,Thursday,23492989,nan,Unknown,"(73.42, 87.8]"
Lagos,2024-07-02,85.9,75.2,79.9,98.9,75.2,83.7,76.9,90.6,0.276,100.0,4.17,rain,0.0,0.0,22.4,11.4,230.2,1012.8,80.8,6.9,111.2,9.7,4,30.0,06:36:01,19:05:19,0.87,"rain, partially cloudy",Partly cloudy throughout the day with late afternoon rain.,rain,"DNMM,remote,VRJT5,65201099999",Lagos,"🩳 Shorts, tank top, hat, sunglasses ☔ (Umbrella recommended)",Summer,6,19,0,July,2024-07-02,Tuesday,5028867,nan,Unknown,"(73.42, 87.8]"
Lagos,2024-07-03,79.6,75.2,77.6,79.6,75.2,77.6,76.2,95.5,6.142,100.0,8.33,rain,0.0,0.0,19.0,12.8,219.8,1013.0,78.5,4.2,76.3,6.6,4,10.0,06:36:15,19:05:27,0.91,"rain, partially cloudy",Partly cloudy throughout the day with rain.,rain,"DNMM,remote,65201099999,VRJT5",Lagos,"🩳 Shorts, tank top, hat, sunglasses ☔ (Umbrella recommended)",Summer,6,19,0,July,2024-07-03,Wednesday,21421387,nan,Unknown,"(73.42, 87.8]"
Lagos,2024-07-04,86.0,75.0,80.1,97.2,75.0,84.9,75.6,86.7,0.0,0.0,0.0,rain,0.0,0.0,18.1,13.9,227.3,1014.1,50.9,5.2,161.2,14.1,7,10.0,06:36:28,19:05:34,0.95,partially cloudy,Partly cloudy throughout the day.,partly-cloudy-day,"DNMM,65201099999",Lagos,"🩳 Sleeveless, linen, sandals, drink water! 🕶️ (Sunscreen & sunglasses)",Summer,6,19,0,July,2024-07-04,Thursday,236858,afrobeat,afrobeat,"(73.42, 87.8]"
Lagos,2024-07-12,84.2,76.8,79.1,92.5,76.8,81.7,75.3,88.3,0.0,0.0,0.0,rain,0.0,0.0,20.8,11.4,231.1,1014.4,57.5,5.5,104.0,9.0,5,10.0,06:38:11,19:06:14,0.21,partially cloudy,Partly cloudy throughout the day.,partly-cloudy-day,"DNMM,65201099999",Lagos,"🩳 Shorts, tank top, hat, sunglasses",Summer,6,19,0,July,2024-07-12,Friday,3431049,afro soul,afrobeats,"(73.42, 87.8]"
Lagos,2024-07-13,84.2,76.9,79.8,94.2,76.9,83.4,75.6,87.5,0.095,100.0,29.17,rain,0.0,0.0,22.6,10.3,221.2,1014.9,62.9,5.3,198.4,17.0,7,10.0,06:38:23,19:06:16,0.25,"rain, partially cloudy",Partly cloudy throughout the day with a chance of rain throughout the day.,rain,"DNMM,remote,65201099999",Lagos,"🩳 Shorts, tank top, hat, sunglasses ☔ (Umbrella recommended) 🕶️ (Sunscreen & sunglasses)",Summer,6,19,0,July,2024-07-13,Saturday,2000346,afrobeat,afrobeats,"(73.42, 87.8]"
Lagos,2024-07-16,80.6,75.2,78.5,86.2,75.2,80.1,74.9,88.8,0.004,100.0,4.17,rain,0.0,0.0,22.4,11.4,235.2,1015.2,64.6,5.5,94.1,8.1,4,10.0,06:38:57,19:06:18,0.34,"rain, partially cloudy",Partly cloudy throughout the day with morning rain.,rain,"DNMM,remote,65201099999",Lagos,"🩳 Shorts, tank top, hat, sunglasses ☔ (Umbrella recommended)",Summer,6,19,0,July,2024-07-16,Tuesday,24294864,nan,Unknown,"(73.42, 87.8]"
Lagos,2024-07-17,80.9,77.0,78.8,86.5,77.0,80.2,74.9,88.1,0.0,0.0,0.0,rain,0.0,0.0,23.7,12.5,226.2,1014.6,69.9,7.4,142.1,12.2,5,10.0,06:39:07,19:06:17,0.37,partially cloudy,Partly cloudy throughout the day.,partly-cloudy-day,"DNMM,remote,65201099999,VRJT5",Lagos,"🩳 Shorts, tank top, hat, sunglasses",Summer,6,19,0,July,2024-07-17,Wednesday,20578334,nan,Unknown,"(73.42, 87.8]"
Lagos,2024-07-21,82.5,75.2,78.6,89.4,75.2,80.5,73.9,86.1,0.197,100.0,4.17,rain,0.0,0.0,24.8,13.9,236.8,1015.1,59.3,5.7,190.5,16.4,6,10.0,06:39:45,19:06:07,0.5,"rain, partially cloudy",Partly cloudy throughout the day with morning rain.,rain,"DNMM,remote,65201099999,VRJT5",Lagos,"🩳 Shorts, tank top, hat, sunglasses ☔ (Umbrella recommended) 🕶️ (Sunscreen & sunglasses)",Summer,6,19,0,July,2024-07-21,Sunday,49577,nan,Unknown,"(73.42, 87.8]"
Lagos,2024-07-22,86.0,75.2,79.0,95.2,75.2,81.6,73.7,84.2,0.0,0.0,0.0,rain,0.0,0.0,22.8,10.3,215.3,1016.2,53.1,6.2,199.0,17.1,7,10.0,06:39:54,19:06:03,0.54,partially cloudy,Partly cloudy throughout the day.,partly-cloudy-day,"DNMM,65201099999,VRJT5",Lagos,"🩳 Shorts, tank top, hat, sunglasses 🕶️ (Sunscreen & sunglasses)",Summer,6,19,0,July,2024-07-22,Monday,20706130,nan,Unknown,"(73.42, 87.8]"
Lagos,2024-07-23,84.2,75.0,78.7,90.9,75.0,80.7,73.2,83.6,0.0,0.0,0.0,rain,0.0,0.0,22.1,12.8,213.6,1017.1,53.2,5.9,212.7,18.3,7,10.0,06:40:02,19:05:58,0.57,partially cloudy,Partly cloudy throughout the day.,partly-cloudy-day,"DNMM,65201099999",Lagos,"🩳 Shorts, tank top, hat, sunglasses 🕶️ (Sunscreen & sunglasses)",Summer,6,19,0,July,2024-07-23,Tuesday,33431348,nan,Unknown,"(73.42, 87.8]"
Lagos,2024-07-24,84.5,73.4,79.0,92.5,73.4,82.0,73.7,84.3,0.0,0.0,0.0,rain,0.0,0.0,19.5,11.4,210.1,1016.7,55.1,5.7,210.5,18.2,7,10.0,06:40:10,19:05:52,0.61,partially cloudy,Partly cloudy throughout the day.,partly-cloudy-day,"DNMM,65201099999",Lagos,"🩳 Shorts, tank top, hat, sunglasses 🕶️ (Sunscreen & sunglasses)",Summer,6,19,0,July,2024-07-24,Wednesday,70243414,new age,afrobeats,"(73.42, 87.8]"
Lagos,2024-07-25,84.2,76.6,80.0,92.5,76.6,83.5,74.2,82.9,0.0,0.0,0.0,rain,0.0,0.0,22.6,13.2,206.6,1015.6,61.3,6.6,237.1,20.4,7,10.0,06:40:17,19:05:46,0.64,partially cloudy,Partly cloudy throughout the day.,partly-cloudy-day,"DNMM,remote,65201099999,VRJT5",Lagos,"🩳 Shorts, tank top, hat, sunglasses 🕶️ (Sunscreen & sunglasses)",Summer,6,19,0,July,2024-07-25,Thursday,28371406,nan,Unknown,"(73.42, 87.8]"
Lagos,2024-07-29,82.4,75.5,79.0,88.3,75.5,80.7,73.6,83.7,0.0,0.0,0.0,rain,0.0,0.0,22.1,12.8,205.7,1014.9,64.6,7.7,159.3,13.7,6,10.0,06:40:42,19:05:12,0.79,partially cloudy,Partly cloudy throughout the day.,partly-cloudy-day,"DNMM,remote,65201099999,VRJT5",Lagos,"🩳 Shorts, tank top, hat, sunglasses 🕶️ (Sunscreen & sunglasses)",Summer,6,19,0,July,2024-07-29,Monday,18203440,nan,Unknown,"(73.42, 87.8]"
Lagos,2024-07-30,84.2,76.6,80.3,93.7,76.6,84.3,74.7,83.3,0.0,0.0,0.0,rain,0.0,0.0,26.2,12.8,205.6,1014.6,60.5,6.2,209.6,18.1,7,10.0,06:40:47,19:05:02,0.82,partially cloudy,Partly cloudy throughout the day.,partly-cloudy-day,"DNMM,65201099999,VRJT5",Lagos,"🩳 Sleeveless, linen, sandals, drink water! 🕶️ (Sunscreen & sunglasses)",Summer,6,19,0,July,2024-07-30,Tuesday,26838790,nan,Unknown,"(73.42, 87.8]"
Lagos,2024-07-31,82.4,76.0,78.8,88.4,76.0,80.6,74.2,86.0,0.039,100.0,4.17,rain,0.0,0.0,23.3,12.8,205.5,1014.0,61.2,5.8,183.3,15.8,7,10.0,06:40:52,19:04:51,0.86,"rain, partially cloudy",Partly cloudy throughout the day with late afternoon rain.,rain,"DNMM,65201099999,VRJT5",Lagos,"🩳 Shorts, tank top, hat, sunglasses ☔ (Umbrella recommended) 🕶️ (Sunscreen & sunglasses)",Summer,6,19,0,July,2024-07-31,Wednesday,25367192,nan,Unknown,"(73.42, 87.8]"
Lagos,2024-08-02,84.6,75.2,79.3,92.8,75.2,81.6,73.7,83.4,0.035,100.0,4.17,rain,0.0,0.0,20.4,13.9,203.2,1014.3,61.5,5.9,207.1,17.9,7,10.0,06:40:59,19:04:26,0.93,"rain, partially cloudy",Partly cloudy throughout the day with morning rain.,rain,"DNMM,65201099999",Lagos,"🩳 Shorts, tank top, hat, sunglasses ☔ (Umbrella recommended) 🕶️ (Sunscreen & sunglasses)",Summer,6,19,0,August,2024-08-02,Friday,24053611,nan,Unknown,"(73.42, 87.8]"
Lagos,2024-08-05,84.3,73.7,79.5,90.9,73.7,82.0,73.5,82.4,0.016,100.0,8.33,rain,0.0,0.0,22.1,13.9,217.9,1015.3,53.9,6.7,202.8,17.4,7,10.0,06:41:07,19:03:45,0.03,"rain, partially cloudy",Partly cloudy throughout the day with afternoon rain.,rain,"DNMM,remote,65201099999,VRJT5",Lagos,"🩳 Shorts, tank top, hat, sunglasses ☔ (Umbrella recommended) 🕶️ (Sunscreen & sunglasses)",Summer,6,19,0,August,2024-08-05,Monday,164554,nan,Unknown,"(73.42, 87.8]"
Lagos,2024-08-06,84.2,75.5,79.3,90.9,75.5,81.6,73.3,82.2,0.0,0.0,0.0,rain,0.0,0.0,26.6,10.5,208.2,1014.0,57.1,6.6,215.5,18.6,8,10.0,06:41:09,19:03:29,0.07,partially cloudy,Partly cloudy throughout the day.,partly-cloudy-day,"DNMM,remote,65201099999,VRJT5",Lagos,"🩳 Shorts, tank top, hat, sunglasses 🕶️ (Sunscreen & sunglasses)",Summer,6,19,0,August,2024-08-06,Tuesday,22950264,nan,Unknown,"(73.42, 87.8]"
Lagos,2024-08-07,84.2,76.8,79.1,90.9,76.8,81.4,73.4,82.9,0.0,0.0,0.0,rain,0.0,0.0,26.4,15.0,213.9,1013.1,62.5,6.1,154.4,13.3,6,10.0,06:41:10,19:03:13,0.1,partially cloudy,Partly cloudy throughout the day.,partly-cloudy-day,"DNMM,65201099999,VRJT5",Lagos,"🩳 Shorts, tank top, hat, sunglasses 🕶️ (Sunscreen & sunglasses)",Summer,6,19,0,August,2024-08-07,Wednesday,17088906,nan,Unknown,"(73.42, 87.8]"
Lagos,2024-08-08,82.2,75.3,77.9,88.0,75.3,78.8,74.2,88.6,0.035,100.0,4.17,rain,0.0,0.0,22.8,12.8,224.1,1013.4,58.5,5.7,144.5,12.3,5,10.0,06:41:11,19:02:57,0.13,"rain, partially cloudy",Partly cloudy throughout the day with afternoon rain.,rain,"DNMM,65201099999",Lagos,"🩳 Shorts, tank top, hat, sunglasses ☔ (Umbrella recommended)",Summer,6,19,0,August,2024-08-08,Thursday,88462040,nan,afrobeats,"(73.42, 87.8]"
Lagos,2024-08-09,89.2,73.4,80.4,97.8,73.4,84.4,73.8,81.6,0.0,0.0,0.0,rain,0.0,0.0,21.0,11.4,213.7,1013.7,51.2,6.0,229.5,19.8,8,10.0,06:41:11,19:02:39,0.16,partially cloudy,Partly cloudy throughout the day.,partly-cloudy-day,"DNMM,65201099999",Lagos,"🩳 Sleeveless, linen, sandals, drink water! 🕶️ (Sunscreen & sunglasses)",Summer,6,19,0,August,2024-08-09,Friday,25627423,nan,Unknown,"(73.42, 87.8]"
Lagos,2024-08-10,87.8,74.8,80.2,94.2,74.8,83.0,73.5,80.9,0.0,0.0,0.0,Unknown,0.0,0.0,24.2,12.8,208.2,1013.4,56.3,6.5,207.6,18.1,7,10.0,06:41:10,19:02:21,0.2,partially cloudy,Partly cloudy throughout the day.,partly-cloudy-day,"DNMM,remote,65201099999",Lagos,"🩳 Sleeveless, linen, sandals, drink water! 🕶️ (Sunscreen & sunglasses)",Summer,6,19,0,August,2024-08-10,Saturday,25566302,downtempo,organic house,"(73.42, 87.8]"
Lagos,2024-08-12,85.9,76.9,79.5,93.3,76.9,82.1,73.7,82.8,0.04,100.0,37.5,rain,0.0,0.0,25.1,15.0,208.0,1013.1,59.5,8.0,195.6,16.9,6,10.0,06:41:08,19:01:43,0.25,"rain, partially cloudy",Partly cloudy throughout the day with a chance of rain throughout the day.,rain,"DNMM,remote,65201099999",Lagos,"🩳 Shorts, tank top, hat, sunglasses ☔ (Umbrella recommended) 🕶️ (Sunscreen & sunglasses)",Summer,6,19,0,August,2024-08-12,Monday,4001423,nan,Unknown,"(73.42, 87.8]"
Lagos,2024-08-13,86.0,77.0,80.1,93.5,77.0,83.0,73.9,81.8,0.0,0.0,0.0,rain,0.0,0.0,23.7,17.2,194.5,1014.0,61.7,6.3,219.5,19.0,7,10.0,06:41:07,19:01:23,0.29,partially cloudy,Partly cloudy throughout the day.,partly-cloudy-day,"DNMM,65201099999,VRJT5",Lagos,"🩳 Sleeveless, linen, sandals, drink water! 🕶️ (Sunscreen & sunglasses)",Summer,6,19,0,August,2024-08-13,Tuesday,33325797,nan,Unknown,"(73.42, 87.8]"
Lagos,2024-08-14,87.8,76.8,80.9,97.8,76.8,85.3,75.3,83.8,0.004,100.0,4.17,rain,0.0,0.0,19.9,15.0,204.3,1014.8,62.8,7.0,241.9,20.9,8,10.0,06:41:05,19:01:02,0.33,"rain, partially cloudy",Partly cloudy throughout the day with early morning rain.,rain,"DNMM,remote,65201099999",Lagos,"🩳 Sleeveless, linen, sandals, drink water! ☔ (Umbrella recommended) 🕶️ (Sunscreen & sunglasses)",Summer,6,19,0,August,2024-08-14,Wednesday,10617659,nan,Unknown,"(73.42, 87.8]"
Lagos,2024-08-17,87.8,75.2,80.4,95.9,75.2,83.2,72.9,79.1,0.004,100.0,4.17,rain,0.0,0.0,23.7,15.0,200.2,1014.2,59.5,6.8,235.1,20.3,9,10.0,06:40:55,18:59:57,0.42,"rain, partially cloudy",Partly cloudy throughout the day with early morning rain.,rain,"DNMM,remote,65201099999",Lagos,"🩳 Sleeveless, linen, sandals, drink water! ☔ (Umbrella recommended) 🕶️ (Sunscreen & sunglasses)",Summer,6,18,0,August,2024-08-17,Saturday,20635988,nan,Unknown,"(73.42, 87.8]"
Lagos,2024-08-19,86.0,75.2,78.2,93.5,75.2,79.7,73.7,86.9,0.157,100.0,4.17,rain,0.0,0.0,25.5,15.0,206.1,1014.7,61.1,6.0,140.3,12.1,5,10.0,06:40:47,18:59:10,0.5,"rain, partially cloudy",Partly cloudy throughout the day with late afternoon rain.,rain,"DNMM,remote,65201099999",Lagos,"🩳 Shorts, tank top, hat, sunglasses ☔ (Umbrella recommended)",Summer,6,18,0,August,2024-08-19,Monday,34505323,nan,Unknown,"(73.42, 87.8]"
Lagos,2024-08-20,86.1,73.3,78.1,93.5,73.3,80.0,72.9,84.7,0.08,100.0,25.0,rain,0.0,0.0,22.8,13.9,207.8,1014.4,52.3,5.9,109.3,9.5,4,10.0,06:40:42,18:58:46,0.52,"rain, partially cloudy",Partly cloudy throughout the day with rain clearing later.,rain,"DNMM,65201099999",Lagos,"🩳 Shorts, tank top, hat, sunglasses ☔ (Umbrella recommended)",Summer,6,18,0,August,2024-08-20,Tuesday,23585990,nan,Unknown,"(73.42, 87.8]"
Lagos,2024-08-21,86.0,75.2,79.2,94.1,75.2,81.2,74.1,85.0,0.02,100.0,4.17,rain,0.0,0.0,19.5,11.4,205.0,1015.0,61.5,5.9,225.9,19.5,8,10.0,06:40:37,18:58:22,0.56,"rain, partially cloudy",Partly cloudy throughout the day with morning rain.,rain,"DNMM,remote,65201099999,VRJT5",Lagos,"🩳 Shorts, tank top, hat, sunglasses ☔ (Umbrella recommended) 🕶️ (Sunscreen & sunglasses)",Summer,6,18,0,August,2024-08-21,Wednesday,25652505,nan,Unknown,"(73.42, 87.8]"
Lagos,2024-08-23,81.0,75.2,77.7,86.2,75.2,78.6,74.2,88.9,0.197,100.0,8.33,rain,0.0,0.0,23.3,17.2,206.4,1012.5,77.3,6.0,70.6,6.1,2,10.0,06:40:26,18:57:31,0.63,"rain, partially cloudy",Partly cloudy throughout the day with rain.,rain,"DNMM,remote,65201099999",Lagos,"🩳 Shorts, tank top, hat, sunglasses ☔ (Umbrella recommended)",Summer,6,18,0,August,2024-08-23,Friday,42410757,organic house,brooklyn drill,"(73.42, 87.8]"
Lagos,2024-08-24,84.2,75.0,78.9,94.2,75.0,82.1,75.2,88.8,0.472,100.0,8.33,rain,0.0,0.0,16.1,12.8,187.6,1014.6,67.6,5.3,117.8,10.2,6,10.0,06:40:19,18:57:05,0.66,"rain, partially cloudy",Partly cloudy throughout the day with rain in the morning and afternoon.,rain,"DNMM,remote,65201099999",Lagos,"🩳 Shorts, tank top, hat, sunglasses ☔ (Umbrella recommended) 🕶️ (Sunscreen & sunglasses)",Summer,6,18,0,August,2024-08-24,Saturday,41677817,nan,Unknown,"(73.42, 87.8]"
Lagos,2024-08-25,84.2,75.2,78.8,90.9,75.2,81.0,74.4,86.8,0.0,0.0,0.0,rain,0.0,0.0,17.9,10.3,228.4,1014.9,60.4,5.8,124.6,10.7,5,10.0,06:40:13,18:56:38,0.7,partially cloudy,Partly cloudy throughout the day.,partly-cloudy-day,"DNMM,65201099999",Lagos,"🩳 Shorts, tank top, hat, sunglasses",Summer,6,18,0,August,2024-08-25,Sunday,12204583,afrobeat,afrobeat,"(73.42, 87.8]"
Lagos,2024-08-26,84.2,73.0,78.0,90.9,73.0,79.9,73.2,85.7,0.394,100.0,4.17,rain,0.0,0.0,27.7,16.1,213.9,1013.0,61.0,6.4,200.8,17.3,7,10.0,06:40:06,18:56:11,0.75,"rain, partially cloudy",Partly cloudy throughout the day with morning rain.,rain,"DNMM,65201099999",Lagos,"🩳 Shorts, tank top, hat, sunglasses ☔ (Umbrella recommended) 🕶️ (Sunscreen & sunglasses)",Summer,6,18,0,August,2024-08-26,Monday,14021693,nan,Unknown,"(73.42, 87.8]"
Lagos,2024-08-27,84.2,76.6,78.5,91.4,76.6,80.0,74.1,86.7,0.0,0.0,0.0,rain,0.0,0.0,28.4,11.4,208.7,1013.0,69.8,5.2,209.1,18.2,7,10.0,06:39:59,18:55:44,0.77,partially cloudy,Partly cloudy throughout the day.,partly-cloudy-day,"DNMM,65201099999",Lagos,"🩳 Shorts, tank top, hat, sunglasses 🕶️ (Sunscreen & sunglasses)",Summer,6,18,0,August,2024-08-27,Tuesday,8620713,nan,Unknown,"(73.42, 87.8]"
Lagos,2024-08-28,84.2,75.0,78.9,92.5,75.0,81.5,74.3,86.5,0.197,100.0,4.17,rain,0.0,0.0,20.1,11.4,193.6,1015.1,53.6,5.7,212.4,18.3,7,10.0,06:39:51,18:55:16,0.8,"rain, partially cloudy",Partly cloudy throughout the day with early morning rain.,rain,"DNMM,65201099999",Lagos,"🩳 Shorts, tank top, hat, sunglasses ☔ (Umbrella recommended) 🕶️ (Sunscreen & sunglasses)",Summer,6,18,0,August,2024-08-28,Wednesday,44331838,nan,afrobeats,"(73.42, 87.8]"
Lagos,2024-08-29,84.2,75.2,79.5,90.9,75.2,82.3,74.2,84.5,0.004,100.0,4.17,rain,0.0,0.0,21.3,13.9,215.0,1014.8,61.8,6.5,144.2,12.4,4,10.0,06:39:43,18:54:48,0.84,"rain, partially cloudy",Partly cloudy throughout the day with morning rain.,rain,"DNMM,remote,65201099999",Lagos,"🩳 Shorts, tank top, hat, sunglasses ☔ (Umbrella recommended)",Summer,6,18,0,August,2024-08-29,Thursday,52755601,nan,Unknown,"(73.42, 87.8]"
Lagos,2024-08-30,82.4,75.2,78.2,88.3,75.2,79.3,73.7,86.2,0.035,100.0,4.17,rain,0.0,0.0,25.3,17.2,219.3,1013.2,69.1,7.9,141.8,12.2,5,10.0,06:39:35,18:54:19,0.87,"rain, partially cloudy",Partly cloudy throughout the day with afternoon rain.,rain,"DNMM,remote,65201099999",Lagos,"🩳 Shorts, tank top, hat, sunglasses ☔ (Umbrella recommended)",Summer,6,18,0,August,2024-08-30,Friday,13943264,nan,Unknown,"(73.42, 87.8]"
Lagos,2024-08-31,87.8,75.2,79.4,94.2,75.2,81.2,73.0,81.7,0.079,100.0,4.17,rain,0.0,0.0,23.9,13.9,201.6,1013.4,68.1,6.2,178.3,15.3,6,10.0,06:39:26,18:53:50,0.91,"rain, partially cloudy",Partly cloudy throughout the day with morning rain.,rain,"DNMM,remote,65201099999",Lagos,"🩳 Shorts, tank top, hat, sunglasses ☔ (Umbrella recommended) 🕶️ (Sunscreen & sunglasses)",Summer,6,18,0,August,2024-08-31,Saturday,25419345,afrobeat,afrobeats,"(73.42, 87.8]"
Lagos,2024-09-02,87.8,75.0,79.9,95.9,75.0,82.4,72.7,79.7,0.039,100.0,4.17,rain,0.0,0.0,20.4,13.9,197.5,1014.5,53.9,6.5,248.4,21.5,9,10.0,06:39:08,18:52:51,0.98,"rain, partially cloudy",Partly cloudy throughout the day with afternoon rain.,rain,"DNMM,remote,65201099999",Lagos,"🩳 Shorts, tank top, hat, sunglasses ☔ (Umbrella recommended) 🕶️ (Sunscreen & sunglasses)",Autumn,6,18,0,September,2024-09-02,Monday,59263908,afrobeat,afrobeats,"(73.42, 87.8]"
Lagos,2024-09-03,86.0,73.4,79.9,95.2,73.4,83.8,73.9,82.6,0.0,0.0,0.0,Unknown,0.0,0.0,22.1,13.9,196.7,1014.0,57.7,6.5,221.9,19.2,7,10.0,06:38:59,18:52:22,0.0,partially cloudy,Partly cloudy throughout the day.,partly-cloudy-day,"DNMM,remote,65201099999",Lagos,"🩳 Shorts, tank top, hat, sunglasses 🕶️ (Sunscreen & sunglasses)",Autumn,6,18,0,September,2024-09-03,Tuesday,46584574,afrobeats,afrobeats,"(73.42, 87.8]"
Lagos,2024-09-04,87.8,73.7,80.2,94.2,73.7,82.6,72.8,79.1,0.0,0.0,0.0,Unknown,0.0,0.0,21.3,13.9,189.8,1014.2,55.1,6.1,230.7,19.9,8,10.0,06:38:50,18:51:51,0.05,partially cloudy,Partly cloudy throughout the day.,partly-cloudy-day,"DNMM,65201099999",Lagos,"🩳 Sleeveless, linen, sandals, drink water! 🕶️ (Sunscreen & sunglasses)",Autumn,6,18,0,September,2024-09-04,Wednesday,77164392,nan,Unknown,"(73.42, 87.8]"
Lagos,2024-09-05,87.8,74.8,79.9,94.2,74.8,82.2,72.5,79.5,0.0,0.0,0.0,rain,0.0,0.0,21.7,10.3,202.7,1014.2,53.1,6.2,243.8,21.0,8,10.0,06:38:40,18:51:21,0.08,partially cloudy,Partly cloudy throughout the day.,partly-cloudy-day,"DNMM,65201099999",Lagos,"🩳 Shorts, tank top, hat, sunglasses 🕶️ (Sunscreen & sunglasses)",Autumn,6,18,0,September,2024-09-05,Thursday,37219369,nan,Unknown,"(73.42, 87.8]"
Lagos,2024-09-06,87.4,75.2,79.9,94.0,75.2,82.2,72.8,80.3,0.0,0.0,0.0,rain,0.0,0.0,21.3,11.4,202.1,1013.7,54.4,5.9,216.1,18.5,8,10.0,06:38:30,18:50:50,0.11,partially cloudy,Partly cloudy throughout the day.,partly-cloudy-day,"DNMM,65201099999",Lagos,"🩳 Shorts, tank top, hat, sunglasses 🕶️ (Sunscreen & sunglasses)",Autumn,6,18,0,September,2024-09-06,Friday,34208241,nan,Unknown,"(73.42, 87.8]"
Lagos,2024-09-07,84.2,75.2,78.6,90.9,75.2,80.4,73.1,83.4,0.0,0.0,0.0,rain,0.0,0.0,24.2,13.9,206.8,1014.4,64.4,6.1,123.8,10.7,6,10.0,06:38:20,18:50:19,0.15,partially cloudy,Partly cloudy throughout the day.,partly-cloudy-day,"DNMM,65201099999",Lagos,"🩳 Shorts, tank top, hat, sunglasses 🕶️ (Sunscreen & sunglasses)",Autumn,6,18,0,September,2024-09-07,Saturday,14201087,afrobeat,afrobeats,"(73.42, 87.8]"
Lagos,2024-09-08,88.1,73.4,81.3,95.9,73.4,85.4,73.1,77.5,0.004,100.0,4.17,rain,0.0,0.0,19.9,12.8,209.6,1014.6,53.9,6.4,247.6,21.4,8,10.0,06:38:10,18:49:48,0.18,"rain, partially cloudy",Partly cloudy throughout the day with early morning rain.,rain,"DNMM,remote,65201099999",Lagos,"🩳 Sleeveless, linen, sandals, drink water! ☔ (Umbrella recommended) 🕶️ (Sunscreen & sunglasses)",Autumn,6,18,0,September,2024-09-08,Sunday,1284607,afrobeat,afrobeats,"(73.42, 87.8]"
Lagos,2024-09-09,89.6,73.4,81.4,98.2,73.4,84.8,73.3,77.6,0.0,0.0,0.0,Unknown,0.0,0.0,20.4,13.9,199.4,1014.3,46.5,6.2,257.2,22.2,9,10.0,06:37:59,18:49:17,0.21,partially cloudy,Partly cloudy throughout the day.,partly-cloudy-day,"DNMM,remote,65201099999",Lagos,"🩳 Sleeveless, linen, sandals, drink water! 🕶️ (Sunscreen & sunglasses)",Autumn,6,18,0,September,2024-09-09,Monday,42847464,afrobeat,afrobeats,"(73.42, 87.8]"
Lagos,2024-09-10,86.0,76.8,79.7,95.2,76.8,82.2,74.3,84.1,0.079,100.0,4.17,rain,0.0,0.0,22.1,11.4,203.4,1013.2,67.7,6.1,181.5,15.5,6,30.0,06:37:49,18:48:45,0.25,"rain, partially cloudy",Partly cloudy throughout the day with afternoon rain.,rain,"DNMM,65201099999",Lagos,"🩳 Shorts, tank top, hat, sunglasses ☔ (Umbrella recommended) 🕶️ (Sunscreen & sunglasses)",Autumn,6,18,0,September,2024-09-10,Tuesday,58763451,nan,Unknown,"(73.42, 87.8]"
Lagos,2024-09-11,87.4,77.0,81.0,97.1,77.0,84.8,74.5,81.0,0.004,100.0,4.17,rain,0.0,0.0,19.9,16.1,209.8,1012.7,62.8,6.4,162.9,14.1,6,30.0,06:37:38,18:48:14,0.25,"rain, partially cloudy",Partly cloudy throughout the day with afternoon rain.,rain,"DNMM,remote,65201099999",Lagos,"🩳 Sleeveless, linen, sandals, drink water! ☔ (Umbrella recommended) 🕶️ (Sunscreen & sunglasses)",Autumn,6,18,0,September,2024-09-11,Wednesday,9505925,afrobeat,afrobeats,"(73.42, 87.8]"
Lagos,2024-09-12,83.8,77.0,80.0,91.6,77.0,83.0,74.8,84.4,0.035,100.0,4.17,rain,0.0,0.0,17.4,11.4,196.6,1013.8,76.1,6.0,152.1,13.1,6,10.0,06:37:28,18:47:42,0.31,"rain, partially cloudy",Partly cloudy throughout the day with afternoon rain.,rain,"DNMM,65201099999",Lagos,"🩳 Shorts, tank top, hat, sunglasses ☔ (Umbrella recommended) 🕶️ (Sunscreen & sunglasses)",Autumn,6,18,0,September,2024-09-12,Thursday,14931394,afrobeat,afrobeats,"(73.42, 87.8]"
Lagos,2024-09-13,85.9,77.0,80.2,95.0,77.0,83.7,74.8,84.3,0.228,100.0,12.5,rain,0.0,0.0,19.9,12.8,216.5,1014.0,62.5,6.1,167.5,14.5,6,10.0,06:37:17,18:47:10,0.35,"rain, partially cloudy",Partly cloudy throughout the day with afternoon rain.,rain,"DNMM,65201099999",Lagos,"🩳 Sleeveless, linen, sandals, drink water! ☔ (Umbrella recommended) 🕶️ (Sunscreen & sunglasses)",Autumn,6,18,0,September,2024-09-13,Friday,33760764,afrobeats,afrobeats,"(73.42, 87.8]"
Lagos,2024-09-14,84.2,75.0,79.5,92.1,75.0,82.1,74.3,84.5,0.0,0.0,0.0,rain,0.0,0.0,19.5,10.3,215.9,1014.1,61.0,6.1,122.3,10.7,5,10.0,06:37:06,18:46:39,0.38,partially cloudy,Partly cloudy throughout the day.,partly-cloudy-day,"DNMM,65201099999",Lagos,"🩳 Shorts, tank top, hat, sunglasses",Autumn,6,18,0,September,2024-09-14,Saturday,29909664,nan,Unknown,"(73.42, 87.8]"
Lagos,2024-09-15,87.8,75.3,80.9,96.1,75.3,84.1,74.2,81.2,0.0,0.0,0.0,rain,0.0,0.0,16.3,10.3,218.7,1013.8,56.0,6.6,164.2,14.2,6,10.0,06:36:55,18:46:07,0.41,partially cloudy,Partly cloudy throughout the day.,partly-cloudy-day,"DNMM,remote,65201099999",Lagos,"🩳 Sleeveless, linen, sandals, drink water! 🕶️ (Sunscreen & sunglasses)",Autumn,6,18,0,September,2024-09-15,Sunday,64464854,nan,Unknown,"(73.42, 87.8]"
Lagos,2024-09-16,86.0,77.0,80.9,95.2,77.0,84.7,74.9,82.5,0.0,0.0,0.0,rain,0.0,0.0,20.8,13.9,212.6,1014.2,56.6,6.4,235.8,20.3,9,30.0,06:36:44,18:45:35,0.45,partially cloudy,Partly cloudy throughout the day.,partly-cloudy-day,"DNMM,remote,65201099999",Lagos,"🩳 Sleeveless, linen, sandals, drink water! 🕶️ (Sunscreen & sunglasses)",Autumn,6,18,0,September,2024-09-16,Monday,86777334,nan,Unknown,"(73.42, 87.8]"
Lagos,2024-09-17,86.0,77.0,80.8,96.1,77.0,85.2,75.1,83.3,0.008,100.0,4.17,rain,0.0,0.0,18.8,13.9,204.4,1013.6,58.9,6.5,143.7,12.4,5,10.0,06:36:34,18:45:03,0.48,"rain, partially cloudy",Partly cloudy throughout the day with afternoon rain.,rain,"DNMM,remote,65201099999",Lagos,"🩳 Sleeveless, linen, sandals, drink water! ☔ (Umbrella recommended)",Autumn,6,18,0,September,2024-09-17,Tuesday,53664654,nan,Unknown,"(73.42, 87.8]"
Lagos,2024-09-18,89.6,74.8,80.4,102.6,74.8,84.0,75.9,86.6,1.693,100.0,4.17,rain,0.0,0.0,21.3,15.0,211.0,1013.2,62.9,6.6,114.5,9.8,5,10.0,06:36:23,18:44:31,0.5,"rain, partially cloudy",Partly cloudy throughout the day with morning rain.,rain,"DNMM,remote,65201099999",Lagos,"🩳 Sleeveless, linen, sandals, drink water! ☔ (Umbrella recommended)",Autumn,6,18,0,September,2024-09-18,Wednesday,106143751,afrobeats,afrobeats,"(73.42, 87.8]"
Lagos,2024-09-19,87.8,76.4,80.2,97.8,76.4,83.1,75.0,84.8,0.008,100.0,4.17,rain,0.0,0.0,22.6,12.8,208.7,1012.9,59.3,7.3,215.4,18.7,7,10.0,06:36:12,18:43:59,0.55,"rain, partially cloudy",Partly cloudy throughout the day with late afternoon rain.,rain,"DNMM,remote,65201099999",Lagos,"🩳 Sleeveless, linen, sandals, drink water! ☔ (Umbrella recommended) 🕶️ (Sunscreen & sunglasses)",Autumn,6,18,0,September,2024-09-19,Thursday,43021872,nan,Unknown,"(73.42, 87.8]"
Lagos,2024-09-20,86.0,77.0,80.0,95.2,77.0,82.8,75.1,85.4,0.024,100.0,16.67,rain,0.0,0.0,22.1,11.4,219.8,1012.3,51.5,9.1,245.1,21.2,9,10.0,06:36:01,18:43:27,0.58,"rain, partially cloudy",Partly cloudy throughout the day with rain in the morning and afternoon.,rain,"DNMM,remote,65201099999",Lagos,"🩳 Shorts, tank top, hat, sunglasses ☔ (Umbrella recommended) 🕶️ (Sunscreen & sunglasses)",Autumn,6,18,0,September,2024-09-20,Friday,34295665,gregorian chant,gregorian chant,"(73.42, 87.8]"
Lagos,2024-09-21,86.0,77.0,79.5,95.2,77.0,81.9,75.3,87.4,0.157,100.0,4.17,rain,0.0,0.0,17.9,12.8,220.3,1011.6,68.0,5.8,189.8,16.3,8,30.0,06:35:50,18:42:55,0.61,"rain, partially cloudy",Partly cloudy throughout the day with late afternoon rain.,rain,"DNMM,65201099999",Lagos,"🩳 Shorts, tank top, hat, sunglasses ☔ (Umbrella recommended) 🕶️ (Sunscreen & sunglasses)",Autumn,6,18,0,September,2024-09-21,Saturday,65576748,afrobeat,afrobeats,"(73.42, 87.8]"
Lagos,2024-09-22,87.8,77.0,81.2,99.9,77.0,86.0,75.5,83.4,0.0,0.0,0.0,rain,0.0,0.0,19.7,11.4,192.3,1011.7,61.7,6.2,171.6,14.9,6,30.0,06:35:40,18:42:23,0.65,partially cloudy,Partly cloudy throughout the day.,partly-cloudy-day,"DNMM,65201099999",Lagos,"🩳 Sleeveless, linen, sandals, drink water! 🕶️ (Sunscreen & sunglasses)",Autumn,6,18,0,September,2024-09-22,Sunday,66792942,afrobeat,afrobeats,"(73.42, 87.8]"
Lagos,2024-09-23,89.9,76.6,82.7,100.4,76.6,88.4,75.3,79.3,0.0,0.0,0.0,rain,0.0,0.0,19.5,13.9,196.0,1012.7,49.4,6.2,230.8,19.8,8,10.0,06:35:29,18:41:52,0.68,partially cloudy,Partly cloudy throughout the day.,partly-cloudy-day,"DNMM,65201099999",Lagos,"🩳 Sleeveless, linen, sandals, drink water! 🕶️ (Sunscreen & sunglasses)",Autumn,6,18,0,September,2024-09-23,Monday,15045880,nan,Unknown,"(73.42, 87.8]"
Lagos,2024-09-24,87.8,76.6,81.1,97.8,76.6,85.7,75.3,83.2,0.004,100.0,4.17,rain,0.0,0.0,17.0,12.7,201.1,1012.8,71.9,6.1,172.4,14.9,6,10.0,06:35:19,18:41:20,0.75,"rain, partially cloudy",Partly cloudy throughout the day with morning rain.,rain,"DNMM,65201099999",Lagos,"🩳 Sleeveless, linen, sandals, drink water! ☔ (Umbrella recommended) 🕶️ (Sunscreen & sunglasses)",Autumn,6,18,0,September,2024-09-24,Tuesday,46259998,nan,Unknown,"(73.42, 87.8]"
Lagos,2024-09-25,78.8,75.5,77.5,78.8,75.5,77.5,74.9,91.8,0.472,100.0,8.33,rain,0.0,0.0,19.0,6.9,196.7,1013.4,62.6,5.5,114.2,9.8,6,10.0,06:35:09,18:40:49,0.75,"rain, partially cloudy",Partly cloudy throughout the day with rain.,rain,"DNMM,65201099999",Lagos,"🩳 Shorts, tank top, hat, sunglasses ☔ (Umbrella recommended) 🕶️ (Sunscreen & sunglasses)",Autumn,6,18,0,September,2024-09-25,Wednesday,89417779,nan,afrobeats,"(73.42, 87.8]"
Lagos,2024-09-26,86.1,75.2,79.8,95.6,75.2,83.2,74.6,84.6,0.039,100.0,4.17,rain,0.0,0.0,16.6,10.3,215.1,1013.3,53.0,6.9,205.5,17.7,8,10.0,06:34:59,18:40:18,0.78,"rain, partially cloudy",Partly cloudy throughout the day with early morning rain.,rain,"DNMM,remote,65201099999",Lagos,"🩳 Shorts, tank top, hat, sunglasses ☔ (Umbrella recommended) 🕶️ (Sunscreen & sunglasses)",Autumn,6,18,0,September,2024-09-26,Thursday,76203706,new age,gregorian chant,"(73.42, 87.8]"
Lagos,2024-09-27,89.6,73.2,80.2,99.2,73.2,83.5,74.4,83.3,0.039,100.0,4.17,rain,0.0,0.0,18.1,12.8,205.2,1013.1,59.0,6.1,174.4,15.1,6,10.0,06:34:49,18:39:47,0.82,"rain, partially cloudy",Partly cloudy throughout the day with morning rain.,rain,"DNMM,65201099999",Lagos,"🩳 Sleeveless, linen, sandals, drink water! ☔ (Umbrella recommended) 🕶️ (Sunscreen & sunglasses)",Autumn,6,18,0,September,2024-09-27,Friday,83766532,nan,afrobeats,"(73.42, 87.8]"
Lagos,2024-09-28,86.0,77.0,80.8,97.2,77.0,85.5,75.6,84.6,0.039,100.0,4.17,rain,0.0,0.0,16.6,11.4,197.7,1013.2,60.5,5.9,188.7,16.3,7,10.0,06:34:39,18:39:16,0.85,"rain, partially cloudy",Partly cloudy throughout the day with morning rain.,rain,"DNMM,65201099999",Lagos,"🩳 Sleeveless, linen, sandals, drink water! ☔ (Umbrella recommended) 🕶️ (Sunscreen & sunglasses)",Autumn,6,18,0,September,2024-09-28,Saturday,24842095,nan,Unknown,"(73.42, 87.8]"
Lagos,2024-09-29,86.0,77.0,80.7,95.2,77.0,84.9,75.8,85.6,0.157,100.0,4.17,rain,0.0,0.0,15.0,12.8,217.5,1013.3,54.2,6.7,169.5,14.7,7,30.0,06:34:30,18:38:45,0.89,"rain, partially cloudy",Partly cloudy throughout the day with late afternoon rain.,rain,"DNMM,remote,65201099999",Lagos,"🩳 Sleeveless, linen, sandals, drink water! ☔ (Umbrella recommended) 🕶️ (Sunscreen & sunglasses)",Autumn,6,18,0,September,2024-09-29,Sunday,100472783,nan,afrobeats,"(73.42, 87.8]"
Lagos,2024-09-30,86.0,75.2,80.0,95.2,75.2,83.2,75.2,85.8,0.157,100.0,4.17,rain,0.0,0.0,19.0,13.9,195.4,1012.0,59.9,5.7,153.4,13.2,6,30.0,06:34:20,18:38:15,0.92,"rain, partially cloudy",Partly cloudy throughout the day with afternoon rain.,rain,"DNMM,65201099999",Lagos,"🩳 Shorts, tank top, hat, sunglasses ☔ (Umbrella recommended) 🕶️ (Sunscreen & sunglasses)",Autumn,6,18,0,September,2024-09-30,Monday,42987214,nan,afrobeats,"(73.42, 87.8]"
Lagos,2024-10-01,88.1,75.2,81.0,97.9,75.2,84.8,75.1,83.4,0.0,0.0,0.0,rain,0.0,0.0,20.6,12.8,189.9,1011.1,58.1,6.2,210.3,18.1,7,10.0,06:34:12,18:37:45,0.95,partially cloudy,Partly cloudy throughout the day.,partly-cloudy-day,"DNMM,remote,65201099999",Lagos,"🩳 Sleeveless, linen, sandals, drink water! 🕶️ (Sunscreen & sunglasses)",Autumn,6,18,0,October,2024-10-01,Tuesday,51856217,afrobeat,afrobeats,"(73.42, 87.8]"
Lagos,2024-10-02,87.9,77.0,81.3,99.9,77.0,86.2,75.4,82.7,0.004,100.0,4.17,rain,0.0,0.0,16.3,12.8,225.1,1010.2,57.6,7.3,190.7,16.3,9,30.0,06:34:03,18:37:16,0.0,"rain, partially cloudy",Partly cloudy throughout the day with morning rain.,rain,"DNMM,remote,65201099999",Lagos,"🩳 Sleeveless, linen, sandals, drink water! ☔ (Umbrella recommended) 🕶️ (Sunscreen & sunglasses)",Autumn,6,18,0,October,2024-10-02,Wednesday,72032203,nan,alté,"(73.42, 87.8]"
Lagos,2024-10-03,84.2,73.4,79.7,90.9,73.4,82.6,74.5,84.6,0.118,100.0,4.17,rain,0.0,0.0,51.9,13.9,238.2,1011.7,54.4,6.3,121.8,10.3,4,30.0,06:33:54,18:36:46,0.02,"rain, partially cloudy",Partly cloudy throughout the day with afternoon rain.,rain,"DNMM,remote,65201099999,VRJT5",Lagos,"🩳 Shorts, tank top, hat, sunglasses ☔ (Umbrella recommended)",Autumn,6,18,0,October,2024-10-03,Thursday,59559292,nan,Unknown,"(73.42, 87.8]"
Lagos,2024-10-04,81.8,75.2,79.2,89.5,75.2,82.0,75.3,87.9,0.32,100.0,37.5,rain,0.0,0.0,22.8,11.0,229.1,1012.1,76.3,5.6,122.6,10.8,5,30.0,06:33:46,18:36:18,0.06,"rain, partially cloudy",Partly cloudy throughout the day with rain.,rain,"DNMM,remote,65201099999",Lagos,"🩳 Shorts, tank top, hat, sunglasses ☔ (Umbrella recommended)",Autumn,6,18,0,October,2024-10-04,Friday,103913319,nan,afrobeats,"(73.42, 87.8]"
Lagos,2024-10-05,86.0,77.0,79.4,97.2,77.0,80.9,74.3,84.7,0.079,100.0,4.17,rain,0.0,0.0,20.4,14.8,207.2,1012.8,93.4,8.6,142.7,12.4,8,10.0,06:33:39,18:35:49,0.09,"rain, overcast",Cloudy skies throughout the day with early morning rain.,rain,"DNMM,remote,65201099999",Lagos,"🩳 Shorts, tank top, hat, sunglasses ☔ (Umbrella recommended) 🕶️ (Sunscreen & sunglasses)",Autumn,6,18,0,October,2024-10-05,Saturday,81419417,nan,Unknown,"(73.42, 87.8]"
Lagos,2024-10-06,86.0,75.3,79.8,97.2,75.3,82.9,75.2,86.5,0.167,100.0,54.17,rain,0.0,0.0,14.5,9.2,213.8,1013.7,89.3,9.8,180.7,15.4,7,30.0,06:33:31,18:35:21,0.13,"rain, partially cloudy",Partly cloudy throughout the day with a chance of rain throughout the day.,rain,"DNMM,remote,65201099999",Lagos,"🩳 Shorts, tank top, hat, sunglasses ☔ (Umbrella recommended) 🕶️ (Sunscreen & sunglasses)",Autumn,6,18,0,October,2024-10-06,Sunday,27979680,nan,Unknown,"(73.42, 87.8]"
Lagos,2024-10-07,87.4,77.0,79.9,99.0,77.0,82.7,76.2,88.7,0.209,100.0,29.17,rain,0.0,0.0,13.9,8.1,224.8,1013.9,67.9,7.8,165.0,14.3,7,30.0,06:33:24,18:34:53,0.16,"rain, partially cloudy",Partly cloudy throughout the day with a chance of rain throughout the day.,rain,"DNMM,remote,65201099999",Lagos,"🩳 Shorts, tank top, hat, sunglasses ☔ (Umbrella recommended) 🕶️ (Sunscreen & sunglasses)",Autumn,6,18,0,October,2024-10-07,Monday,54552361,nan,afrobeats,"(73.42, 87.8]"
Lagos,2024-10-08,86.0,75.2,78.5,97.2,75.2,80.3,75.3,90.2,0.63,100.0,8.33,rain,0.0,0.0,57.2,20.8,76.5,1014.5,64.8,7.4,215.6,18.6,8,30.0,06:33:18,18:34:26,0.19,"rain, partially cloudy",Partly cloudy throughout the day with rain.,rain,"DNMM,remote,65201099999",Lagos,"🩳 Shorts, tank top, hat, sunglasses ☔ (Umbrella recommended) 🕶️ (Sunscreen & sunglasses)",Autumn,6,18,0,October,2024-10-08,Tuesday,33265955,nan,Unknown,"(73.42, 87.8]"
Lagos,2024-10-09,86.0,75.2,79.7,95.2,75.2,83.0,74.9,85.7,0.04,100.0,33.33,rain,0.0,0.0,18.3,9.2,179.9,1013.8,60.8,11.5,201.5,17.5,8,30.0,06:33:11,18:33:59,0.23,"rain, partially cloudy",Partly cloudy throughout the day with rain in the morning and afternoon.,rain,"DNMM,remote,65201099999",Lagos,"🩳 Shorts, tank top, hat, sunglasses ☔ (Umbrella recommended) 🕶️ (Sunscreen & sunglasses)",Autumn,6,18,0,October,2024-10-09,Wednesday,12055556,nan,afrobeats,"(73.42, 87.8]"
Lagos,2024-10-10,87.8,76.4,81.4,99.9,76.4,86.6,75.8,84.0,0.0,0.0,0.0,rain,0.0,0.0,17.7,11.4,181.3,1012.9,60.6,7.3,211.3,18.2,7,30.0,06:33:06,18:33:33,0.25,partially cloudy,Partly cloudy throughout the day.,partly-cloudy-day,"DNMM,remote,65201099999",Lagos,"🩳 Sleeveless, linen, sandals, drink water! 🕶️ (Sunscreen & sunglasses)",Autumn,6,18,0,October,2024-10-10,Thursday,15424691,afrobeat,afrobeats,"(73.42, 87.8]"
Lagos,2024-10-11,91.4,77.0,82.0,107.8,77.0,87.4,75.8,82.3,0.0,0.0,0.0,rain,0.0,0.0,20.8,10.3,197.6,1013.0,58.8,6.1,239.3,20.5,8,30.0,06:33:00,18:33:07,0.3,partially cloudy,Partly cloudy throughout the day.,partly-cloudy-day,"DNMM,65201099999",Lagos,"🩳 Sleeveless, linen, sandals, drink water! 🕶️ (Sunscreen & sunglasses)",Autumn,6,18,0,October,2024-10-11,Friday,10066893,afrobeat,afrobeats,"(73.42, 87.8]"
Lagos,2024-10-12,86.0,73.8,80.4,97.2,73.8,84.7,75.5,85.4,0.472,100.0,4.17,rain,0.0,0.0,17.7,54.1,190.8,1013.2,64.8,6.8,157.9,13.5,6,30.0,06:32:55,18:32:42,0.33,"rain, partially cloudy",Partly cloudy throughout the day with morning rain.,rain,"DNMM,remote,65201099999",Lagos,"🩳 Sleeveless, linen, sandals, drink water! ☔ (Umbrella recommended) 🕶️ (Sunscreen & sunglasses)",Autumn,6,18,0,October,2024-10-12,Saturday,40185482,nan,Unknown,"(73.42, 87.8]"
Lagos,2024-10-13,82.5,73.4,78.1,89.5,73.4,80.7,74.0,87.6,0.551,100.0,8.33,rain,0.0,0.0,18.1,12.5,182.1,1014.1,54.7,6.0,249.9,21.5,9,30.0,06:32:51,18:32:17,0.36,"rain, partially cloudy",Partly cloudy throughout the day with rain in the morning and afternoon.,rain,"DNMM,remote,65201099999",Lagos,"🩳 Shorts, tank top, hat, sunglasses ☔ (Umbrella recommended) 🕶️ (Sunscreen & sunglasses)",Autumn,6,18,0,October,2024-10-13,Sunday,29222358,nan,Unknown,"(73.42, 87.8]"
Lagos,2024-10-14,83.0,75.2,78.6,90.3,75.2,80.0,75.1,89.1,0.039,100.0,4.17,rain,0.0,0.0,17.2,12.3,188.9,1014.6,67.7,7.0,97.0,8.2,3,30.0,06:32:47,18:31:53,0.4,"rain, partially cloudy",Partly cloudy throughout the day with afternoon rain.,rain,"DNMM,remote,65201099999",Lagos,"🩳 Shorts, tank top, hat, sunglasses ☔ (Umbrella recommended)",Autumn,6,18,0,October,2024-10-14,Monday,14732182,gospel,african gospel,"(73.42, 87.8]"
Lagos,2024-10-15,89.6,75.2,80.9,100.2,75.2,85.0,75.4,84.1,0.075,100.0,16.67,rain,0.0,0.0,15.0,10.3,218.5,1013.8,59.2,7.6,222.7,19.2,8,30.0,06:32:44,18:31:29,0.43,"rain, partially cloudy",Partly cloudy throughout the day with a chance of rain throughout the day.,rain,"DNMM,remote,65201099999",Lagos,"🩳 Sleeveless, linen, sandals, drink water! ☔ (Umbrella recommended) 🕶️ (Sunscreen & sunglasses)",Autumn,6,18,0,October,2024-10-15,Tuesday,32440627,nan,Unknown,"(73.42, 87.8]"
Lagos,2024-10-16,87.8,76.6,80.5,99.9,76.6,84.7,76.1,86.9,0.028,100.0,4.17,rain,0.0,0.0,12.3,10.3,217.3,1013.8,64.6,6.4,161.4,13.8,6,30.0,06:32:41,18:31:07,0.47,"rain, partially cloudy",Partly cloudy throughout the day with morning rain.,rain,"DNMM,remote,65201099999",Lagos,"🩳 Sleeveless, linen, sandals, drink water! ☔ (Umbrella recommended) 🕶️ (Sunscreen & sunglasses)",Autumn,6,18,0,October,2024-10-16,Wednesday,31647209,nan,Unknown,"(73.42, 87.8]"
Lagos,2024-10-17,82.4,75.2,78.2,90.9,75.2,79.4,75.7,92.0,1.968,100.0,12.5,rain,0.0,0.0,23.5,10.7,195.4,1014.1,77.6,9.3,54.4,4.8,3,10.0,06:32:38,18:30:44,0.5,"rain, partially cloudy",Partly cloudy throughout the day with rain.,rain,"DNMM,remote,65201099999",Lagos,"🩳 Shorts, tank top, hat, sunglasses ☔ (Umbrella recommended)",Autumn,6,18,0,October,2024-10-17,Thursday,36496887,nan,Unknown,"(73.42, 87.8]"
New York,2024-04-07,58.7,43.3,50.1,58.7,39.0,48.2,29.1,45.6,0.0,0.0,0.0,Unknown,0.0,0.0,27.1,14.3,9.2,1017.0,53.4,9.9,223.1,19.5,10,10.0,06:28:55,19:27:47,0.96,partially cloudy,Partly cloudy throughout the day.,partly-cloudy-day,"72505394728,KEWR,KLGA,72502014734,F1417,KNYC,72503014732",New York,"🧶 Hoodie or light jacket, jeans 🕶️ (Sunscreen & sunglasses)",Spring,6,19,0,April,2024-04-07,Sunday,9134568,gregorian chant,gregorian chant,"(44.66, 59.04]"
New York,2024-04-16,72.7,54.2,62.5,72.7,54.2,62.5,31.7,33.4,0.0,0.0,0.0,Unknown,0.0,0.0,27.6,14.1,319.4,1019.1,10.9,9.9,317.8,27.6,9,10.0,06:14:55,19:37:12,0.26,clear,Clear conditions throughout the day.,clear-day,"72505394728,KEWR,KLGA,72502014734,F1417,KNYC,72503014732",New York,"🧶 Hoodie or light jacket, jeans 🕶️ (Sunscreen & sunglasses)",Spring,6,19,0,April,2024-04-16,Tuesday,6901052,afropop,afrobeats,"(59.04, 73.42]"
New York,2024-04-17,60.2,50.1,54.7,60.2,50.1,54.7,40.5,59.9,0.026,100.0,12.5,rain,0.0,0.0,23.0,11.9,70.8,1020.2,62.3,9.8,103.4,8.9,8,10.0,06:13:25,19:38:15,0.29,"rain, partially cloudy",Partly cloudy throughout the day with rain.,rain,"72505394728,KEWR,KLGA,72502014734,KNYC,F1417,72503014732",New York,"🧶 Hoodie or light jacket, jeans ☔ (Umbrella recommended) 🕶️ (Sunscreen & sunglasses)",Spring,6,19,0,April,2024-04-17,Wednesday,3566462,gregorian chant,gregorian chant,"(44.66, 59.04]"
New York,2024-04-19,56.5,45.9,50.4,56.5,42.1,48.7,40.2,68.4,0.0,0.0,0.0,Unknown,0.0,0.0,20.4,8.8,87.5,1020.1,89.4,9.9,196.5,17.1,8,10.0,06:10:27,19:40:21,0.36,partially cloudy,Partly cloudy throughout the day.,partly-cloudy-day,"72505394728,KEWR,KLGA,72502014734,F1417,KNYC,72503014732",New York,"🧶 Hoodie or light jacket, jeans 🕶️ (Sunscreen & sunglasses)",Spring,6,19,0,April,2024-04-19,Friday,83157,nan,Unknown,"(44.66, 59.04]"
New York,2024-04-21,52.8,42.7,48.1,52.8,38.9,46.0,24.0,39.0,0.0,0.0,0.0,Unknown,0.0,0.0,31.3,15.9,304.8,1015.8,34.3,9.9,145.8,12.6,5,10.0,06:07:32,19:42:27,0.42,partially cloudy,Becoming cloudy in the afternoon.,partly-cloudy-day,"72505394728,KEWR,KLGA,72502014734,F1417,KNYC,72503014732",New York,"🧥 Coat or insulated jacket, boots",Spring,6,19,0,April,2024-04-21,Sunday,24464890,nan,afrobeats,"(44.66, 59.04]"
New York,2024-04-23,62.3,45.7,53.2,62.3,45.7,53.1,29.9,41.6,0.0,0.0,0.0,Unknown,0.0,0.0,32.9,20.2,163.6,1019.4,17.9,9.9,294.7,25.4,9,10.0,06:04:41,19:44:33,0.5,clear,Clear conditions throughout the day.,clear-day,"72505394728,KEWR,KLGA,72502014734,F1417,KNYC,72503014732",New York,"🧶 Hoodie or light jacket, jeans 🕶️ (Sunscreen & sunglasses)",Spring,6,19,0,April,2024-04-23,Tuesday,5926455,nan,trap latino,"(44.66, 59.04]"
New York,2024-04-24,71.6,51.0,58.9,71.6,51.0,58.9,37.4,45.8,0.0,0.0,0.0,Unknown,0.0,0.0,34.4,15.8,296.1,1012.3,62.3,9.9,229.2,19.8,10,10.0,06:03:17,19:45:36,0.52,partially cloudy,Partly cloudy throughout the day.,partly-cloudy-day,"72505394728,KEWR,KLGA,72502014734,F1417,KNYC,72503014732",New York,"🧶 Hoodie or light jacket, jeans 🕶️ (Sunscreen & sunglasses)",Spring,6,19,0,April,2024-04-24,Wednesday,72917,german hip hop,Unknown,"(44.66, 59.04]"
New York,2024-04-27,60.0,45.9,52.4,60.0,45.0,52.4,30.9,45.5,0.003,100.0,4.17,rain,0.0,0.0,32.0,17.9,167.4,1031.7,58.4,9.9,232.8,20.1,9,10.0,05:59:11,19:48:44,0.63,"rain, partially cloudy",Becoming cloudy in the afternoon with late afternoon rain.,rain,"72505394728,KEWR,KLGA,72502014734,F1417,KNYC,72503014732",New York,"🧶 Hoodie or light jacket, jeans ☔ (Umbrella recommended) 🕶️ (Sunscreen & sunglasses)",Spring,5,19,0,April,2024-04-27,Saturday,3712003,afrobeat,afrobeats,"(44.66, 59.04]"
New York,2024-05-15,64.0,59.2,60.6,64.0,59.2,60.6,57.2,88.7,0.228,100.0,62.5,rain,0.0,0.0,31.7,17.3,60.7,1009.9,99.0,6.8,87.4,7.6,5,10.0,05:38:30,20:06:58,0.25,"rain, overcast",Cloudy skies throughout the day with a chance of rain throughout the day.,rain,"72505394728,KEWR,KLGA,72502014734,F8726,F1417,KNYC,72503014732",New York,"🧶 Hoodie or light jacket, jeans ☔ (Umbrella recommended)",Spring,5,20,0,May,2024-05-15,Wednesday,12717790,afropiano,amapiano,"(59.04, 73.42]"
New York,2024-05-18,69.5,59.6,63.2,69.5,59.6,63.2,53.3,71.0,0.042,100.0,20.83,rain,0.0,0.0,12.5,8.1,49.7,1014.8,68.4,9.3,154.7,13.4,7,10.0,05:35:50,20:09:49,0.34,"rain, partially cloudy",Partly cloudy throughout the day with late afternoon rain.,rain,"72505394728,KEWR,KLGA,72502014734,F1417,KNYC,72503014732",New York,"👕 T-shirt, jeans/skirt, light sneakers ☔ (Umbrella recommended) 🕶️ (Sunscreen & sunglasses)",Spring,5,20,0,May,2024-05-18,Saturday,187380,afrobeat,amapiano,"(59.04, 73.42]"
New York,2024-05-21,82.3,58.1,69.8,82.9,58.1,69.9,58.1,68.1,0.0,0.0,0.0,Unknown,0.0,0.0,20.8,9.8,177.7,1015.0,32.3,9.8,320.3,27.6,9,10.0,05:33:26,20:12:33,0.44,partially cloudy,Partly cloudy throughout the day.,partly-cloudy-day,"72505394728,KEWR,KLGA,72502014734,F1417,KNYC,72503014732",New York,"👕 T-shirt, jeans/skirt, light sneakers 🕶️ (Sunscreen & sunglasses)",Spring,5,20,0,May,2024-05-21,Tuesday,5156666,nan,Unknown,"(59.04, 73.42]"
New York,2024-05-22,83.3,66.7,75.0,83.5,66.7,75.0,59.6,59.5,0.0,0.0,0.0,Unknown,0.0,0.0,27.7,12.4,196.2,1013.6,21.6,9.9,319.0,27.6,9,10.0,05:32:41,20:13:27,0.47,partially cloudy,Partly cloudy throughout the day.,partly-cloudy-day,"72505394728,KEWR,KLGA,72502014734,F1417,KNYC,72503014732",New York,"🩳 Shorts, tank top, hat, sunglasses 🕶️ (Sunscreen & sunglasses)",Spring,5,20,0,May,2024-05-22,Wednesday,27016841,nan,Unknown,"(73.42, 87.8]"
New York,2024-05-23,78.7,68.8,73.8,78.7,68.8,73.8,62.4,68.0,0.606,100.0,8.33,rain,0.0,0.0,31.1,11.8,229.6,1011.1,47.2,9.5,167.6,14.3,9,10.0,05:31:58,20:14:19,0.5,"rain, partially cloudy",Partly cloudy throughout the day with morning rain.,rain,"72505394728,KEWR,KLGA,72502014734,F1417,KNYC,72503014732",New York,"🩳 Shorts, tank top, hat, sunglasses ☔ (Umbrella recommended) 🕶️ (Sunscreen & sunglasses)",Spring,5,20,0,May,2024-05-23,Thursday,13112254,nan,Unknown,"(73.42, 87.8]"
New York,2024-05-24,84.1,68.8,76.7,81.7,68.8,75.9,52.1,47.4,0.0,0.0,0.0,Unknown,0.0,0.0,27.1,10.8,297.4,1010.0,17.4,9.8,333.1,28.9,10,10.0,05:31:17,20:15:11,0.54,clear,Clear conditions throughout the day.,clear-day,"72505394728,KEWR,KLGA,72502014734,F1417,KNYC,72503014732",New York,"🩳 Shorts, tank top, hat, sunglasses 🕶️ (Sunscreen & sunglasses)",Spring,5,20,0,May,2024-05-24,Friday,45898,nan,Unknown,"(73.42, 87.8]"
New York,2024-06-09,74.9,68.3,71.6,74.9,68.3,71.6,52.8,52.3,0.0,0.0,0.0,Unknown,0.0,0.0,30.4,20.8,276.3,1003.0,54.7,9.9,187.6,16.1,8,10.0,05:24:42,20:26:30,0.1,partially cloudy,Partly cloudy throughout the day.,partly-cloudy-day,"72505394728,KEWR,KLGA,72502014734,F1417,KNYC,72503014732",New York,"👕 T-shirt, jeans/skirt, light sneakers 🕶️ (Sunscreen & sunglasses)",Summer,5,20,0,June,2024-06-09,Sunday,4303152,nan,Unknown,"(59.04, 73.42]"
New York,2024-06-10,74.2,62.4,68.5,74.2,62.4,68.5,49.8,51.9,0.0,0.0,0.0,Unknown,0.0,0.0,24.4,13.5,301.5,1004.4,57.8,9.9,300.5,26.0,10,10.0,05:24:34,20:27:01,0.13,partially cloudy,Partly cloudy throughout the day.,partly-cloudy-day,"72505394728,KEWR,KLGA,72502014734,F1417,KNYC,72503014732",New York,"👕 T-shirt, jeans/skirt, light sneakers 🕶️ (Sunscreen & sunglasses)",Summer,5,20,0,June,2024-06-10,Monday,68374076,nan,afrobeats,"(59.04, 73.42]"
New York,2024-06-11,72.6,60.7,67.3,72.6,60.7,67.3,52.9,60.3,0.0,0.0,0.0,Unknown,0.0,0.0,17.2,8.2,358.7,1012.5,70.2,9.9,175.6,15.0,8,10.0,05:24:28,20:27:31,0.17,partially cloudy,Partly cloudy throughout the day.,partly-cloudy-day,"72505394728,KEWR,KLGA,72502014734,F1417,KNYC,72503014732",New York,"👕 T-shirt, jeans/skirt, light sneakers 🕶️ (Sunscreen & sunglasses)",Summer,5,20,0,June,2024-06-11,Tuesday,2818864,nan,Unknown,"(59.04, 73.42]"
New York,2024-06-12,76.0,62.6,69.5,76.0,62.6,69.5,54.6,60.0,0.0,0.0,0.0,Unknown,0.0,0.0,18.3,8.5,319.3,1016.2,58.9,9.9,152.1,13.2,6,10.0,05:24:24,20:27:59,0.2,partially cloudy,Partly cloudy throughout the day.,partly-cloudy-day,"72505394728,KEWR,KLGA,72502014734,F1417,KNYC,72503014732",New York,"👕 T-shirt, jeans/skirt, light sneakers 🕶️ (Sunscreen & sunglasses)",Summer,5,20,0,June,2024-06-12,Wednesday,35120269,nan,Unknown,"(59.04, 73.42]"
New York,2024-06-17,84.2,65.5,74.8,85.6,65.5,75.2,63.1,68.8,0.0,0.0,0.0,Unknown,0.0,0.0,28.6,14.5,185.2,1021.7,34.7,9.9,296.0,25.6,9,10.0,05:24:33,20:29:52,0.36,partially cloudy,Partly cloudy throughout the day.,partly-cloudy-day,"72505394728,KEWR,KLGA,72502014734,F1417,KNYC,72503014732",New York,"🩳 Shorts, tank top, hat, sunglasses 🕶️ (Sunscreen & sunglasses)",Summer,5,20,0,June,2024-06-17,Monday,5648090,nan,Unknown,"(73.42, 87.8]"
New York,2024-06-18,86.1,71.9,78.8,90.4,71.9,80.2,65.7,64.7,0.0,0.0,0.0,Unknown,0.0,0.0,26.4,15.5,189.0,1023.2,18.2,9.9,310.3,26.9,9,10.0,05:24:40,20:30:10,0.39,clear,Clear conditions throughout the day.,clear-day,"72505394728,KEWR,KLGA,72502014734,F1417,KNYC,72503014732",New York,"🩳 Shorts, tank top, hat, sunglasses 🕶️ (Sunscreen & sunglasses)",Summer,5,20,0,June,2024-06-18,Tuesday,37802921,nan,Unknown,"(73.42, 87.8]"
New York,2024-06-23,93.2,73.1,83.0,99.6,73.1,85.2,68.7,64.6,0.009,100.0,8.33,rain,0.0,0.0,35.2,20.1,210.6,1006.5,52.2,9.6,171.0,14.8,6,30.0,05:25:46,20:31:09,0.56,"rain, partially cloudy",Partly cloudy throughout the day with early morning rain.,rain,"72505394728,KEWR,KLGA,72502014734,F1417,KNYC,72503014732",New York,"🩳 Sleeveless, linen, sandals, drink water! ☔ (Umbrella recommended) 🕶️ (Sunscreen & sunglasses)",Summer,5,20,0,June,2024-06-23,Sunday,1556124,nan,Unknown,"(73.42, 87.8]"
New York,2024-06-24,79.8,73.7,77.5,79.8,73.7,77.5,58.4,53.0,0.0,0.0,0.0,Unknown,0.0,0.0,44.5,28.5,292.7,1003.7,85.5,9.9,276.0,23.8,10,30.0,05:26:04,20:31:15,0.59,partially cloudy,Partly cloudy throughout the day.,partly-cloudy-day,"72505394728,KEWR,KLGA,72502014734,F1417,KNYC,72503014732",New York,"🩳 Shorts, tank top, hat, sunglasses 🕶️ (Sunscreen & sunglasses)",Summer,5,20,0,June,2024-06-24,Monday,569075,nan,Unknown,"(73.42, 87.8]"
New York,2024-06-25,90.2,69.4,80.2,86.8,69.4,78.8,50.3,37.4,0.0,0.0,0.0,Unknown,0.0,0.0,29.8,17.2,276.6,1011.3,17.6,9.9,332.8,28.9,10,10.0,05:26:24,20:31:19,0.63,clear,Clear conditions throughout the day.,clear-day,"72505394728,KEWR,72502014734,KLGA,KNYC,F1417,72503014732",New York,"🩳 Shorts, tank top, hat, sunglasses 🕶️ (Sunscreen & sunglasses)",Summer,5,20,0,June,2024-06-25,Tuesday,17757387,nan,Unknown,"(73.42, 87.8]"
New York,2024-06-27,84.5,68.6,75.3,83.2,68.6,75.1,59.3,61.3,0.256,100.0,20.83,rain,0.0,0.0,33.3,15.6,304.0,1008.0,55.2,9.4,329.0,28.6,10,10.0,05:27:10,20:31:21,0.7,"rain, partially cloudy",Partly cloudy throughout the day with early morning rain.,rain,"72505394728,KEWR,KLGA,72502014734,F1417,KNYC,72503014732",New York,"🩳 Shorts, tank top, hat, sunglasses ☔ (Umbrella recommended) 🕶️ (Sunscreen & sunglasses)",Summer,5,20,0,June,2024-06-27,Thursday,23492989,nan,Unknown,"(73.42, 87.8]"
New York,2024-07-02,84.1,66.5,75.1,81.7,66.5,74.7,50.0,42.3,0.0,0.0,0.0,Unknown,0.0,0.0,27.7,8.7,57.3,1023.0,23.9,9.9,333.8,29.1,10,10.0,05:29:31,20:30:51,0.88,partially cloudy,Partly cloudy throughout the day.,partly-cloudy-day,"72505394728,KEWR,KLGA,72502014734,F1417,KNYC,72503014732",New York,"🩳 Shorts, tank top, hat, sunglasses 🕶️ (Sunscreen & sunglasses)",Summer,5,20,0,July,2024-07-02,Tuesday,5028867,nan,Unknown,"(73.42, 87.8]"
New York,2024-07-03,82.1,68.7,75.3,81.3,68.7,75.1,52.7,46.1,0.0,0.0,0.0,Unknown,0.0,0.0,27.9,15.6,180.4,1021.5,31.6,9.9,319.7,27.6,10,10.0,05:30:04,20:30:40,0.92,partially cloudy,Partly cloudy throughout the day.,partly-cloudy-day,"72505394728,KEWR,KLGA,72502014734,F1417,KNYC,72503014732",New York,"🩳 Shorts, tank top, hat, sunglasses 🕶️ (Sunscreen & sunglasses)",Summer,5,20,0,July,2024-07-03,Wednesday,21421387,nan,Unknown,"(73.42, 87.8]"
New York,2024-07-04,86.1,70.7,77.3,89.3,70.7,78.3,63.6,63.2,0.004,100.0,4.17,rain,0.0,0.0,23.6,13.0,180.9,1014.0,53.5,9.6,244.8,21.2,10,10.0,05:30:38,20:30:26,0.95,"rain, partially cloudy",Partly cloudy throughout the day with late afternoon rain.,rain,"72505394728,KEWR,KLGA,72502014734,F1417,KNYC,72503014732",New York,"🩳 Shorts, tank top, hat, sunglasses ☔ (Umbrella recommended) 🕶️ (Sunscreen & sunglasses)",Summer,5,20,0,July,2024-07-04,Thursday,236858,afrobeat,afrobeat,"(73.42, 87.8]"
New York,2024-07-12,84.3,73.8,79.2,89.8,73.8,80.6,68.3,69.8,0.116,100.0,12.5,rain,0.0,0.0,24.2,12.2,187.0,1020.5,69.4,9.7,205.6,17.7,10,30.0,05:35:56,20:27:21,0.22,"rain, partially cloudy",Partly cloudy throughout the day with morning rain.,rain,"72505394728,KEWR,KLGA,72502014734,F1417,KNYC,72503014732",New York,"🩳 Shorts, tank top, hat, sunglasses ☔ (Umbrella recommended) 🕶️ (Sunscreen & sunglasses)",Summer,5,20,0,July,2024-07-12,Friday,3431049,afro soul,afrobeats,"(73.42, 87.8]"
New York,2024-07-13,86.9,72.9,78.8,90.6,72.9,80.2,70.6,76.8,1.775,100.0,29.17,rain,0.0,0.0,17.0,10.8,197.2,1020.1,57.7,8.4,201.5,17.2,8,30.0,05:36:41,20:26:49,0.25,"rain, partially cloudy",Partly cloudy throughout the day with rain in the morning and afternoon.,rain,"72505394728,KEWR,KLGA,72502014734,F1417,KNYC,72503014732",New York,"🩳 Shorts, tank top, hat, sunglasses ☔ (Umbrella recommended) 🕶️ (Sunscreen & sunglasses)",Summer,5,20,0,July,2024-07-13,Saturday,2000346,afrobeat,afrobeats,"(73.42, 87.8]"
New York,2024-07-16,93.4,79.1,87.1,98.9,79.1,90.7,68.1,54.0,0.0,0.0,0.0,Unknown,0.0,0.0,40.2,18.2,207.3,1008.5,28.7,9.9,272.4,23.6,9,30.0,05:39:02,20:25:01,0.35,partially cloudy,Partly cloudy throughout the day.,partly-cloudy-day,"72505394728,KEWR,KLGA,72502014734,F1417,KNYC,72503014732",New York,"🩳 Sleeveless, linen, sandals, drink water! 🕶️ (Sunscreen & sunglasses)",Summer,5,20,0,July,2024-07-16,Tuesday,24294864,nan,Unknown,"(73.42, 87.8]"
New York,2024-07-17,89.0,73.8,82.3,95.8,73.8,85.4,69.5,66.1,0.817,100.0,8.33,rain,0.0,0.0,47.2,13.5,223.3,1009.7,45.9,9.1,245.5,21.4,9,30.0,05:39:50,20:24:22,0.38,"rain, partially cloudy",Clearing in the afternoon with late afternoon rain.,rain,"72505394728,KEWR,KLGA,72502014734,F1417,KNYC,72503014732",New York,"🩳 Sleeveless, linen, sandals, drink water! ☔ (Umbrella recommended) 🕶️ (Sunscreen & sunglasses)",Summer,5,20,0,July,2024-07-17,Wednesday,20578334,nan,Unknown,"(73.42, 87.8]"
New York,2024-07-21,86.6,74.2,79.6,87.2,74.2,80.3,64.8,61.2,0.002,100.0,4.17,rain,0.0,0.0,14.5,11.0,211.3,1016.4,65.4,9.9,288.9,25.0,10,10.0,05:43:13,20:21:24,0.5,"rain, partially cloudy",Partly cloudy throughout the day with late afternoon rain.,rain,"72505394728,KEWR,KLGA,72502014734,F1417,KNYC,72503014732",New York,"🩳 Shorts, tank top, hat, sunglasses ☔ (Umbrella recommended) 🕶️ (Sunscreen & sunglasses)",Summer,5,20,0,July,2024-07-21,Sunday,49577,nan,Unknown,"(73.42, 87.8]"
New York,2024-07-22,83.0,75.0,78.2,87.1,75.0,78.9,68.1,71.3,0.004,100.0,8.33,rain,0.0,0.0,22.9,14.8,165.1,1017.4,52.8,9.9,185.8,15.9,7,30.0,05:44:05,20:20:35,0.54,"rain, partially cloudy",Partly cloudy throughout the day with late afternoon rain.,rain,"72505394728,KEWR,KLGA,72502014734,F1417,KNYC,72503014732",New York,"🩳 Shorts, tank top, hat, sunglasses ☔ (Umbrella recommended) 🕶️ (Sunscreen & sunglasses)",Summer,5,20,0,July,2024-07-22,Monday,20706130,nan,Unknown,"(73.42, 87.8]"
New York,2024-07-23,80.0,71.0,74.7,80.0,71.0,74.7,69.2,83.5,0.155,100.0,37.5,rain,0.0,0.0,24.2,10.7,50.4,1016.5,90.8,7.9,136.1,11.7,8,30.0,05:44:58,20:19:45,0.58,"rain, overcast",Cloudy skies throughout the day with rain clearing later.,rain,"72505394728,KEWR,KLGA,72502014734,F1417,KNYC,72503014732",New York,"🩳 Shorts, tank top, hat, sunglasses ☔ (Umbrella recommended) 🕶️ (Sunscreen & sunglasses)",Summer,5,20,0,July,2024-07-23,Tuesday,33431348,nan,Unknown,"(73.42, 87.8]"
New York,2024-07-24,80.7,73.7,76.1,84.4,73.7,76.2,69.9,81.6,0.0,0.0,0.0,Unknown,0.0,0.0,23.0,9.1,58.6,1019.2,74.9,7.8,163.4,14.2,9,30.0,05:45:51,20:18:52,0.62,partially cloudy,Partly cloudy throughout the day.,partly-cloudy-day,"72505394728,KEWR,KLGA,72502014734,F1417,KNYC,72503014732",New York,"🩳 Shorts, tank top, hat, sunglasses 🕶️ (Sunscreen & sunglasses)",Summer,5,20,0,July,2024-07-24,Wednesday,70243414,new age,afrobeats,"(73.42, 87.8]"
New York,2024-07-25,82.9,75.3,78.6,83.9,75.3,78.8,64.5,64.3,0.0,0.0,0.0,Unknown,0.0,0.0,25.3,15.0,296.4,1017.2,46.2,9.9,166.4,14.3,7,10.0,05:46:45,20:17:58,0.65,partially cloudy,Partly cloudy throughout the day.,partly-cloudy-day,"72505394728,KEWR,KLGA,72502014734,F1417,KNYC,72503014732",New York,"🩳 Shorts, tank top, hat, sunglasses 🕶️ (Sunscreen & sunglasses)",Summer,5,20,0,July,2024-07-25,Thursday,28371406,nan,Unknown,"(73.42, 87.8]"
New York,2024-07-29,82.8,69.1,77.0,85.3,69.1,77.7,66.6,71.1,0.045,100.0,16.67,rain,0.0,0.0,20.8,10.9,125.0,1014.8,67.7,9.1,202.5,17.4,10,30.0,05:50:26,20:14:05,0.79,"rain, partially cloudy",Partly cloudy throughout the day with rain.,rain,"72505394728,KEWR,KLGA,72502014734,F1417,KNYC,72503014732",New York,"🩳 Shorts, tank top, hat, sunglasses ☔ (Umbrella recommended) 🕶️ (Sunscreen & sunglasses)",Summer,5,20,0,July,2024-07-29,Monday,18203440,nan,Unknown,"(73.42, 87.8]"
New York,2024-07-30,87.5,74.7,79.7,92.2,74.7,81.2,69.3,71.4,0.0,0.0,0.0,Unknown,0.0,0.0,31.7,16.1,172.1,1013.7,49.9,9.5,276.0,23.9,9,30.0,05:51:23,20:13:03,0.83,partially cloudy,Partly cloudy throughout the day.,partly-cloudy-day,"72505394728,KEWR,KLGA,72502014734,F1417,KNYC,72503014732",New York,"🩳 Shorts, tank top, hat, sunglasses 🕶️ (Sunscreen & sunglasses)",Summer,5,20,0,July,2024-07-30,Tuesday,26838790,nan,Unknown,"(73.42, 87.8]"
New York,2024-07-31,89.4,75.7,81.4,92.5,75.7,82.9,69.9,69.9,0.043,100.0,12.5,rain,0.0,0.0,32.2,15.6,219.3,1011.9,88.7,9.7,176.2,15.3,9,30.0,05:52:19,20:11:59,0.86,"rain, partially cloudy",Partly cloudy throughout the day with late afternoon rain.,rain,"72505394728,KEWR,KLGA,72502014734,F1417,KNYC,72503014732",New York,"🩳 Shorts, tank top, hat, sunglasses ☔ (Umbrella recommended) 🕶️ (Sunscreen & sunglasses)",Summer,5,20,0,July,2024-07-31,Wednesday,25367192,nan,Unknown,"(73.42, 87.8]"
New York,2024-08-02,92.7,75.9,84.0,100.3,75.9,88.5,71.6,67.6,0.512,100.0,16.67,rain,0.0,0.0,44.7,16.0,136.7,1011.4,39.5,8.8,223.0,19.2,10,30.0,05:54:13,20:09:47,0.94,"rain, partially cloudy",Partly cloudy throughout the day with rain.,rain,"72505394728,KEWR,KLGA,72502014734,F8726,F1417,KNYC,72503014732",New York,"🩳 Sleeveless, linen, sandals, drink water! ☔ (Umbrella recommended) 🕶️ (Sunscreen & sunglasses)",Summer,5,20,0,August,2024-08-02,Friday,24053611,nan,Unknown,"(73.42, 87.8]"
New York,2024-08-05,89.2,74.3,81.4,90.6,74.3,82.6,67.3,64.7,0.0,0.0,0.0,Unknown,0.0,0.0,18.3,12.8,222.1,1015.4,23.6,9.9,265.1,22.7,9,60.0,05:57:07,20:06:18,0.04,partially cloudy,Partly cloudy throughout the day.,partly-cloudy-day,"72505394728,KEWR,KLGA,72502014734,F1417,KNYC,72503014732",New York,"🩳 Shorts, tank top, hat, sunglasses 🕶️ (Sunscreen & sunglasses)",Summer,5,20,0,August,2024-08-05,Monday,164554,nan,Unknown,"(73.42, 87.8]"
New York,2024-08-06,88.6,72.2,80.4,94.4,72.2,83.0,71.3,75.2,1.476,100.0,25.0,rain,0.0,0.0,24.8,16.0,212.0,1013.2,67.4,8.3,172.5,14.8,9,60.0,05:58:05,20:05:06,0.07,"rain, partially cloudy",Partly cloudy throughout the day with late afternoon rain.,rain,"72505394728,KEWR,KLGA,72502014734,F1417,KNYC,72503014732",New York,"🩳 Sleeveless, linen, sandals, drink water! ☔ (Umbrella recommended) 🕶️ (Sunscreen & sunglasses)",Summer,5,20,0,August,2024-08-06,Tuesday,22950264,nan,Unknown,"(73.42, 87.8]"
New York,2024-08-07,72.6,65.2,68.2,72.6,65.2,68.2,65.1,89.7,0.208,100.0,66.67,rain,0.0,0.0,27.7,13.2,64.9,1014.9,97.7,6.9,33.0,2.9,1,10.0,05:59:03,20:03:52,0.1,"rain, overcast",Cloudy skies throughout the day with a chance of rain throughout the day.,rain,"72505394728,KEWR,KLGA,72502014734,F1417,KNYC,72503014732",New York,"👕 T-shirt, jeans/skirt, light sneakers ☔ (Umbrella recommended)",Summer,5,20,0,August,2024-08-07,Wednesday,17088906,nan,Unknown,"(59.04, 73.42]"
New York,2024-08-08,69.8,66.0,67.9,69.8,66.0,67.9,64.5,88.8,0.372,100.0,58.33,rain,0.0,0.0,25.3,11.4,65.5,1018.3,100.0,5.6,34.4,3.0,1,10.0,06:00:02,20:02:37,0.14,"rain, overcast",Cloudy skies throughout the day with rain.,rain,"72505394728,KEWR,KLGA,72502014734,F1417,KNYC,72503014732",New York,"👕 T-shirt, jeans/skirt, light sneakers ☔ (Umbrella recommended)",Summer,6,20,0,August,2024-08-08,Thursday,88462040,nan,afrobeats,"(59.04, 73.42]"
New York,2024-08-09,81.3,70.3,77.0,86.8,70.3,78.1,73.1,88.1,0.127,100.0,62.5,rain,0.0,0.0,42.0,18.7,159.8,1012.0,98.8,6.1,101.7,8.9,6,30.0,06:01:00,20:01:21,0.17,"rain, overcast",Cloudy skies throughout the day with a chance of rain throughout the day.,rain,"72505394728,KEWR,KLGA,72502014734,F1417,KNYC,72503014732",New York,"🩳 Shorts, tank top, hat, sunglasses ☔ (Umbrella recommended) 🕶️ (Sunscreen & sunglasses)",Summer,6,20,0,August,2024-08-09,Friday,25627423,nan,Unknown,"(73.42, 87.8]"
New York,2024-08-10,85.3,74.4,79.5,85.2,74.4,79.5,63.2,60.1,0.007,100.0,4.17,rain,0.0,0.0,24.6,11.8,273.0,1012.4,41.2,9.7,278.1,24.1,9,10.0,06:01:59,20:00:03,0.2,"rain, partially cloudy",Partly cloudy throughout the day with early morning rain.,rain,"72505394728,KEWR,KLGA,72502014734,F1417,KNYC,72503014732",New York,"🩳 Shorts, tank top, hat, sunglasses ☔ (Umbrella recommended) 🕶️ (Sunscreen & sunglasses)",Summer,6,20,0,August,2024-08-10,Saturday,25566302,downtempo,organic house,"(73.42, 87.8]"
New York,2024-08-12,79.9,66.9,73.4,79.9,66.9,73.4,54.9,52.8,0.003,100.0,4.17,rain,0.0,0.0,24.2,10.9,297.0,1014.9,38.8,9.9,206.9,17.8,10,10.0,06:03:56,19:57:25,0.25,"rain, partially cloudy",Becoming cloudy in the afternoon with late afternoon rain.,rain,"72505394728,KEWR,KLGA,72502014734,F1417,KNYC,72503014732",New York,"🩳 Shorts, tank top, hat, sunglasses ☔ (Umbrella recommended) 🕶️ (Sunscreen & sunglasses)",Summer,6,19,0,August,2024-08-12,Monday,4001423,nan,Unknown,"(59.04, 73.42]"
New York,2024-08-13,80.9,65.5,73.3,80.6,65.5,73.3,54.6,52.9,0.0,0.0,0.0,Unknown,0.0,0.0,20.8,11.4,334.3,1016.1,24.6,9.9,277.2,23.9,9,10.0,06:04:55,19:56:04,0.3,partially cloudy,Becoming cloudy in the afternoon.,partly-cloudy-day,"72505394728,KEWR,KLGA,72502014734,F1417,KNYC,72503014732",New York,"🩳 Shorts, tank top, hat, sunglasses 🕶️ (Sunscreen & sunglasses)",Summer,6,19,0,August,2024-08-13,Tuesday,33325797,nan,Unknown,"(59.04, 73.42]"
New York,2024-08-14,83.9,68.5,76.5,83.0,68.5,76.4,58.4,55.0,0.0,0.0,0.0,Unknown,0.0,0.0,25.3,10.5,17.0,1017.1,25.0,9.6,252.5,22.1,9,30.0,06:05:54,19:54:42,0.33,partially cloudy,Partly cloudy throughout the day.,partly-cloudy-day,"72505394728,KEWR,KLGA,72502014734,F1417,KNYC,72503014732",New York,"🩳 Shorts, tank top, hat, sunglasses 🕶️ (Sunscreen & sunglasses)",Summer,6,19,0,August,2024-08-14,Wednesday,10617659,nan,Unknown,"(73.42, 87.8]"
New York,2024-08-17,78.9,68.6,74.2,78.9,68.6,74.2,66.2,76.4,0.05,100.0,8.33,rain,0.0,0.0,25.3,12.8,134.0,1015.5,86.3,8.5,107.4,9.2,5,10.0,06:08:51,19:50:29,0.43,"rain, partially cloudy",Partly cloudy throughout the day with rain.,rain,"72505394728,KEWR,KLGA,72502014734,F1417,KNYC,72503014732",New York,"🩳 Shorts, tank top, hat, sunglasses ☔ (Umbrella recommended)",Summer,6,19,0,August,2024-08-17,Saturday,20635988,nan,Unknown,"(73.42, 87.8]"
New York,2024-08-19,85.8,69.5,75.4,88.2,69.5,76.1,66.5,75.1,0.297,100.0,16.67,rain,0.0,0.0,31.1,16.6,298.6,1005.5,70.9,8.8,256.8,22.2,10,30.0,06:10:49,19:47:35,0.5,"rain, partially cloudy",Partly cloudy throughout the day with rain.,rain,"72505394728,KEWR,KLGA,72502014734,F1417,KNYC,72503014732",New York,"🩳 Shorts, tank top, hat, sunglasses ☔ (Umbrella recommended) 🕶️ (Sunscreen & sunglasses)",Summer,6,19,0,August,2024-08-19,Monday,34505323,nan,Unknown,"(73.42, 87.8]"
New York,2024-08-20,71.7,62.4,67.3,71.7,62.4,67.3,49.1,52.9,0.0,0.0,0.0,Unknown,0.0,0.0,32.2,18.3,313.5,1011.6,65.0,9.9,252.3,21.9,9,10.0,06:11:48,19:46:07,0.53,partially cloudy,Partly cloudy throughout the day.,partly-cloudy-day,"72505394728,KEWR,KLGA,72502014734,F1417,KNYC,72503014732",New York,"👕 T-shirt, jeans/skirt, light sneakers 🕶️ (Sunscreen & sunglasses)",Summer,6,19,0,August,2024-08-20,Tuesday,23585990,nan,Unknown,"(59.04, 73.42]"
New York,2024-08-21,72.4,58.1,65.3,72.4,58.1,65.3,47.7,53.8,0.0,0.0,0.0,Unknown,0.0,0.0,29.8,12.4,300.0,1016.9,22.1,9.9,289.6,25.0,10,10.0,06:12:47,19:44:38,0.57,partially cloudy,Partly cloudy throughout the day.,partly-cloudy-day,"72505394728,KEWR,KLGA,72502014734,F1417,KNYC,72503014732",New York,"👕 T-shirt, jeans/skirt, light sneakers 🕶️ (Sunscreen & sunglasses)",Summer,6,19,0,August,2024-08-21,Wednesday,25652505,nan,Unknown,"(59.04, 73.42]"
New York,2024-08-23,81.0,63.0,72.1,79.9,63.0,72.0,51.9,50.9,0.0,0.0,0.0,Unknown,0.0,0.0,18.3,8.6,291.6,1024.6,9.7,9.9,267.0,22.9,9,10.0,06:14:45,19:41:38,0.64,clear,Clear conditions throughout the day.,clear-day,"72505394728,KEWR,KLGA,72502014734,F1417,KNYC,72503014732",New York,"👕 T-shirt, jeans/skirt, light sneakers 🕶️ (Sunscreen & sunglasses)",Summer,6,19,0,August,2024-08-23,Friday,42410757,organic house,brooklyn drill,"(59.04, 73.42]"
New York,2024-08-24,83.0,66.8,74.8,81.5,66.8,74.6,54.9,51.4,0.0,0.0,0.0,Unknown,0.0,0.0,19.7,8.1,271.6,1023.9,23.0,9.9,236.9,20.4,9,10.0,06:15:44,19:40:06,0.67,partially cloudy,Partly cloudy throughout the day.,partly-cloudy-day,"72505394728,KEWR,KLGA,72502014734,F1417,KNYC,72503014732",New York,"🩳 Shorts, tank top, hat, sunglasses 🕶️ (Sunscreen & sunglasses)",Summer,6,19,0,August,2024-08-24,Saturday,41677817,nan,Unknown,"(73.42, 87.8]"
New York,2024-08-25,84.6,69.3,76.3,84.0,69.3,76.3,59.4,56.7,0.0,0.0,0.0,Unknown,0.0,0.0,23.0,11.0,225.3,1022.7,34.6,9.9,246.7,21.2,9,10.0,06:16:43,19:38:34,0.71,partially cloudy,Partly cloudy throughout the day.,partly-cloudy-day,"72505394728,KEWR,KLGA,72502014734,F1417,KNYC,72503014732",New York,"🩳 Shorts, tank top, hat, sunglasses 🕶️ (Sunscreen & sunglasses)",Summer,6,19,0,August,2024-08-25,Sunday,12204583,afrobeat,afrobeat,"(73.42, 87.8]"
New York,2024-08-26,85.1,70.6,76.3,85.1,70.6,76.5,62.5,63.2,0.088,100.0,8.33,rain,0.0,0.0,40.3,10.8,129.8,1020.2,40.3,9.4,224.9,19.4,9,30.0,06:17:42,19:37:01,0.75,"rain, partially cloudy",Partly cloudy throughout the day with late afternoon rain.,rain,"72505394728,KEWR,KLGA,72502014734,F1417,KNYC,72503014732",New York,"🩳 Shorts, tank top, hat, sunglasses ☔ (Umbrella recommended) 🕶️ (Sunscreen & sunglasses)",Summer,6,19,0,August,2024-08-26,Monday,14021693,nan,Unknown,"(73.42, 87.8]"
New York,2024-08-27,84.5,67.7,75.8,85.0,67.7,75.9,62.7,65.9,0.0,0.0,0.0,Unknown,0.0,0.0,21.9,13.0,144.2,1018.6,12.0,9.7,255.5,22.0,9,10.0,06:18:40,19:35:27,0.78,clear,Clear conditions throughout the day.,clear-day,"72505394728,KEWR,KLGA,72502014734,F1417,KNYC,72503014732",New York,"🩳 Shorts, tank top, hat, sunglasses 🕶️ (Sunscreen & sunglasses)",Summer,6,19,0,August,2024-08-27,Tuesday,8620713,nan,Unknown,"(73.42, 87.8]"
New York,2024-08-28,91.6,74.3,81.9,97.1,74.3,84.3,67.0,61.6,0.005,100.0,4.17,rain,0.0,0.0,35.6,10.7,260.9,1014.5,37.3,9.8,227.5,19.6,9,30.0,06:19:39,19:33:53,0.81,"rain, partially cloudy",Partly cloudy throughout the day with late afternoon rain.,rain,"72505394728,KEWR,KLGA,72502014734,F1417,KNYC,72503014732",New York,"🩳 Shorts, tank top, hat, sunglasses ☔ (Umbrella recommended) 🕶️ (Sunscreen & sunglasses)",Summer,6,19,0,August,2024-08-28,Wednesday,44331838,nan,afrobeats,"(73.42, 87.8]"
New York,2024-08-29,82.1,71.7,75.3,86.6,71.7,75.6,62.9,65.3,0.013,100.0,8.33,rain,0.0,0.0,26.4,12.2,70.4,1021.8,90.3,9.9,132.0,11.3,6,10.0,06:20:38,19:32:18,0.85,"rain, overcast",Cloudy skies throughout the day with morning rain.,rain,"72505394728,KEWR,KLGA,72502014734,F1417,KNYC,72503014732",New York,"🩳 Shorts, tank top, hat, sunglasses ☔ (Umbrella recommended) 🕶️ (Sunscreen & sunglasses)",Summer,6,19,0,August,2024-08-29,Thursday,52755601,nan,Unknown,"(73.42, 87.8]"
New York,2024-08-30,73.4,63.2,69.3,73.4,63.2,69.3,58.9,70.2,0.307,100.0,25.0,rain,0.0,0.0,29.8,11.9,91.0,1024.5,97.7,9.6,103.8,8.9,4,10.0,06:21:36,19:30:43,0.88,"rain, overcast",Cloudy skies throughout the day with rain clearing later.,rain,"72505394728,KEWR,KLGA,72502014734,F1417,KNYC,72503014732",New York,"👕 T-shirt, jeans/skirt, light sneakers ☔ (Umbrella recommended)",Summer,6,19,0,August,2024-08-30,Friday,13943264,nan,Unknown,"(59.04, 73.42]"
New York,2024-08-31,77.3,68.4,72.4,77.3,68.4,72.4,64.0,75.0,0.0,0.0,0.0,Unknown,0.0,0.0,17.2,7.8,126.0,1018.7,92.0,9.9,120.7,10.2,7,10.0,06:22:35,19:29:06,0.92,overcast,Cloudy skies throughout the day.,cloudy,"72505394728,KEWR,KLGA,72502014734,F1417,KNYC,72503014732",New York,"👕 T-shirt, jeans/skirt, light sneakers 🕶️ (Sunscreen & sunglasses)",Summer,6,19,0,August,2024-08-31,Saturday,25419345,afrobeat,afrobeats,"(59.04, 73.42]"
New York,2024-09-02,78.8,66.1,72.6,78.8,66.1,72.6,52.4,50.3,0.0,0.0,0.0,Unknown,0.0,0.0,29.8,16.3,329.4,1015.6,29.8,9.9,279.6,24.2,10,30.0,06:24:32,19:25:52,0.0,partially cloudy,Partly cloudy throughout the day.,partly-cloudy-day,"72505394728,KEWR,KLGA,72502014734,F1417,KNYC,72503014732",New York,"👕 T-shirt, jeans/skirt, light sneakers 🕶️ (Sunscreen & sunglasses)",Autumn,6,19,0,September,2024-09-02,Monday,59263908,afrobeat,afrobeats,"(59.04, 73.42]"
New York,2024-09-03,72.9,58.5,66.0,72.9,58.5,66.0,42.7,44.5,0.0,0.0,0.0,Unknown,0.0,0.0,23.0,11.3,21.2,1026.0,11.4,9.9,266.3,23.1,9,10.0,06:25:30,19:24:15,0.02,clear,Clear conditions throughout the day.,clear-day,"72505394728,KEWR,KLGA,72502014734,F1417,KNYC,72503014732",New York,"👕 T-shirt, jeans/skirt, light sneakers 🕶️ (Sunscreen & sunglasses)",Autumn,6,19,0,September,2024-09-03,Tuesday,46584574,afrobeats,afrobeats,"(59.04, 73.42]"
New York,2024-09-04,76.3,59.6,67.9,76.3,59.6,67.9,47.9,50.1,0.0,0.0,0.0,Unknown,0.0,0.0,20.8,7.2,63.2,1029.9,14.5,9.9,250.3,21.8,8,10.0,06:26:29,19:22:37,0.05,clear,Clear conditions throughout the day.,clear-day,"72505394728,KEWR,KLGA,72502014734,F1417,KNYC,72503014732",New York,"👕 T-shirt, jeans/skirt, light sneakers 🕶️ (Sunscreen & sunglasses)",Autumn,6,19,0,September,2024-09-04,Wednesday,77164392,nan,Unknown,"(59.04, 73.42]"
New York,2024-09-05,76.1,61.0,68.6,76.1,61.0,68.6,53.5,59.3,0.0,0.0,0.0,Unknown,0.0,0.0,18.3,11.3,66.2,1027.8,10.5,9.9,244.6,21.1,8,10.0,06:27:27,19:20:58,0.09,clear,Clear conditions throughout the day.,clear-day,"72505394728,KEWR,KLGA,72502014734,F1417,KNYC,72503014732",New York,"👕 T-shirt, jeans/skirt, light sneakers 🕶️ (Sunscreen & sunglasses)",Autumn,6,19,0,September,2024-09-05,Thursday,37219369,nan,Unknown,"(59.04, 73.42]"
New York,2024-09-06,76.9,64.1,69.7,76.9,64.1,69.7,59.9,71.5,0.0,0.0,0.0,Unknown,0.0,0.0,20.8,10.1,44.9,1019.3,86.4,9.9,167.0,14.6,8,10.0,06:28:26,19:19:19,0.12,partially cloudy,Partly cloudy throughout the day.,partly-cloudy-day,"72505394728,KEWR,KLGA,72502014734,F1417,KNYC,72503014732",New York,"👕 T-shirt, jeans/skirt, light sneakers 🕶️ (Sunscreen & sunglasses)",Autumn,6,19,0,September,2024-09-06,Friday,34208241,nan,Unknown,"(59.04, 73.42]"
New York,2024-09-07,74.5,60.9,68.1,74.5,60.9,68.1,61.0,78.3,0.227,100.0,20.83,rain,0.0,0.0,29.8,18.2,168.9,1011.2,89.4,9.3,111.1,9.7,7,10.0,06:29:24,19:17:40,0.15,"rain, partially cloudy",Partly cloudy throughout the day with rain in the morning and afternoon.,rain,"72505394728,KEWR,KLGA,72502014734,F1417,KNYC,72503014732",New York,"👕 T-shirt, jeans/skirt, light sneakers ☔ (Umbrella recommended) 🕶️ (Sunscreen & sunglasses)",Autumn,6,19,0,September,2024-09-07,Saturday,14201087,afrobeat,afrobeats,"(59.04, 73.42]"
New York,2024-09-08,69.1,56.1,62.8,69.1,56.1,62.8,44.7,54.3,0.0,0.0,0.0,Unknown,0.0,0.0,27.4,10.3,284.3,1015.0,21.4,9.9,245.0,21.2,9,10.0,06:30:22,19:16:00,0.19,partially cloudy,Partly cloudy throughout the day.,partly-cloudy-day,"72505394728,KEWR,KLGA,72502014734,F1417,KNYC,72503014732",New York,"🧶 Hoodie or light jacket, jeans 🕶️ (Sunscreen & sunglasses)",Autumn,6,19,0,September,2024-09-08,Sunday,1284607,afrobeat,afrobeats,"(59.04, 73.42]"
New York,2024-09-09,75.4,56.3,66.5,75.4,56.3,66.5,44.2,45.5,0.0,0.0,0.0,Unknown,0.0,0.0,29.9,10.6,281.3,1018.4,21.8,9.9,243.5,20.9,9,10.0,06:31:21,19:14:20,0.22,partially cloudy,Becoming cloudy in the afternoon.,partly-cloudy-day,"72505394728,KEWR,KLGA,72502014734,F1417,KNYC,72503014732",New York,"👕 T-shirt, jeans/skirt, light sneakers 🕶️ (Sunscreen & sunglasses)",Autumn,6,19,0,September,2024-09-09,Monday,42847464,afrobeat,afrobeats,"(59.04, 73.42]"
New York,2024-09-10,77.9,63.1,70.6,77.9,63.1,70.6,49.2,47.2,0.0,0.0,0.0,Unknown,0.0,0.0,21.9,10.5,308.7,1018.3,24.2,9.9,252.3,21.8,8,10.0,06:32:19,19:12:39,0.25,partially cloudy,Partly cloudy throughout the day.,partly-cloudy-day,"72505394728,KEWR,KLGA,72502014734,F1417,KNYC,72503014732",New York,"👕 T-shirt, jeans/skirt, light sneakers 🕶️ (Sunscreen & sunglasses)",Autumn,6,19,0,September,2024-09-10,Tuesday,58763451,nan,Unknown,"(59.04, 73.42]"
New York,2024-09-11,78.8,59.9,68.7,78.8,59.9,68.7,47.3,48.2,0.0,0.0,0.0,Unknown,0.0,0.0,12.8,6.5,47.6,1022.2,17.9,9.9,254.0,22.2,8,10.0,06:33:18,19:10:59,0.25,clear,Clear conditions throughout the day.,clear-day,"72505394728,KEWR,KLGA,72502014734,F1417,KNYC,72503014732",New York,"👕 T-shirt, jeans/skirt, light sneakers 🕶️ (Sunscreen & sunglasses)",Autumn,6,19,0,September,2024-09-11,Wednesday,9505925,afrobeat,afrobeats,"(59.04, 73.42]"
New York,2024-09-12,79.6,63.1,69.6,79.6,63.1,69.6,57.8,68.3,0.0,0.0,0.0,Unknown,0.0,0.0,18.3,9.6,99.7,1023.9,34.7,8.6,231.1,19.9,8,10.0,06:34:16,19:09:18,0.32,partially cloudy,Clearing in the afternoon.,partly-cloudy-day,"72505394728,KEWR,KLGA,72502014734,F1417,KNYC,72503014732",New York,"👕 T-shirt, jeans/skirt, light sneakers 🕶️ (Sunscreen & sunglasses)",Autumn,6,19,0,September,2024-09-12,Thursday,14931394,afrobeat,afrobeats,"(59.04, 73.42]"
New York,2024-09-13,81.2,63.3,71.3,80.4,63.3,71.2,58.3,65.8,0.0,0.0,0.0,Unknown,0.0,0.0,12.3,6.0,66.1,1023.9,11.0,9.5,225.7,19.5,8,10.0,06:35:15,19:07:37,0.35,clear,Clear conditions throughout the day.,clear-day,"72505394728,KEWR,KLGA,72502014734,F1417,KNYC,72503014732",New York,"👕 T-shirt, jeans/skirt, light sneakers 🕶️ (Sunscreen & sunglasses)",Autumn,6,19,0,September,2024-09-13,Friday,33760764,afrobeats,afrobeats,"(59.04, 73.42]"
New York,2024-09-14,82.9,66.2,73.5,83.0,66.2,73.6,60.9,66.5,0.0,0.0,0.0,Unknown,0.0,0.0,10.5,11.9,57.0,1023.9,7.2,9.6,230.8,20.0,8,10.0,06:36:13,19:05:56,0.39,clear,Clear conditions throughout the day.,clear-day,"72505394728,KEWR,KLGA,72502014734,F1417,KNYC,72503014732",New York,"🩳 Shorts, tank top, hat, sunglasses 🕶️ (Sunscreen & sunglasses)",Autumn,6,19,0,September,2024-09-14,Saturday,29909664,nan,Unknown,"(73.42, 87.8]"
New York,2024-09-15,78.5,65.9,71.6,78.5,65.9,71.6,58.3,63.9,0.0,0.0,0.0,Unknown,0.0,0.0,19.7,11.0,73.4,1026.9,27.2,9.9,232.4,19.9,8,10.0,06:37:12,19:04:15,0.42,partially cloudy,Clearing in the afternoon.,partly-cloudy-day,"72505394728,KEWR,KLGA,72502014734,F1417,KNYC,72503014732",New York,"👕 T-shirt, jeans/skirt, light sneakers 🕶️ (Sunscreen & sunglasses)",Autumn,6,19,0,September,2024-09-15,Sunday,64464854,nan,Unknown,"(59.04, 73.42]"
New York,2024-09-16,76.0,61.2,67.6,76.0,61.2,67.6,54.0,63.9,0.0,0.0,0.0,Unknown,0.0,0.0,23.0,11.4,54.3,1026.3,29.4,9.9,196.7,16.9,7,10.0,06:38:11,19:02:33,0.45,partially cloudy,Partly cloudy throughout the day.,partly-cloudy-day,"72505394728,KEWR,KLGA,72502014734,F1417,KNYC,72503014732",New York,"👕 T-shirt, jeans/skirt, light sneakers 🕶️ (Sunscreen & sunglasses)",Autumn,6,19,0,September,2024-09-16,Monday,86777334,nan,Unknown,"(59.04, 73.42]"
New York,2024-09-17,78.2,65.7,70.6,78.2,65.7,70.6,59.5,68.8,0.0,0.0,0.0,Unknown,0.0,0.0,23.0,9.7,59.3,1022.9,63.2,9.9,154.1,13.3,8,10.0,06:39:09,19:00:52,0.5,partially cloudy,Partly cloudy throughout the day.,partly-cloudy-day,"72505394728,KEWR,KLGA,72502014734,F1417,KNYC,72503014732",New York,"👕 T-shirt, jeans/skirt, light sneakers 🕶️ (Sunscreen & sunglasses)",Autumn,6,19,0,September,2024-09-17,Tuesday,53664654,nan,Unknown,"(59.04, 73.42]"
New York,2024-09-18,74.6,66.8,70.4,74.6,66.8,70.4,60.7,71.9,0.0,0.0,0.0,Unknown,0.0,0.0,31.1,12.6,43.6,1018.0,49.5,9.9,100.8,8.7,5,10.0,06:40:08,18:59:10,0.52,partially cloudy,Partly cloudy throughout the day.,partly-cloudy-day,"72505394728,KEWR,KLGA,72502014734,KNYC,F1417,72503014732",New York,"👕 T-shirt, jeans/skirt, light sneakers",Autumn,6,18,0,September,2024-09-18,Wednesday,106143751,afrobeats,afrobeats,"(59.04, 73.42]"
New York,2024-09-19,84.3,68.0,75.2,82.6,68.0,75.0,57.2,55.5,0.0,0.0,0.0,Unknown,0.0,0.0,31.1,9.8,30.3,1012.2,42.8,9.9,204.7,17.6,7,10.0,06:41:07,18:57:29,0.55,partially cloudy,Partly cloudy throughout the day.,partly-cloudy-day,"72505394728,KEWR,KLGA,72502014734,F1417,KNYC,72503014732",New York,"🩳 Shorts, tank top, hat, sunglasses 🕶️ (Sunscreen & sunglasses)",Autumn,6,18,0,September,2024-09-19,Thursday,43021872,nan,Unknown,"(73.42, 87.8]"
New York,2024-09-20,80.3,68.4,73.2,80.7,68.4,73.2,59.3,62.5,0.0,0.0,0.0,Unknown,0.0,0.0,24.2,12.9,40.6,1013.5,49.0,9.9,187.6,16.2,8,10.0,06:42:06,18:55:47,0.59,partially cloudy,Partly cloudy throughout the day.,partly-cloudy-day,"72505394728,KEWR,KLGA,72502014734,F1417,KNYC,72503014732",New York,"🩳 Shorts, tank top, hat, sunglasses 🕶️ (Sunscreen & sunglasses)",Autumn,6,18,0,September,2024-09-20,Friday,34295665,gregorian chant,gregorian chant,"(59.04, 73.42]"
New York,2024-09-21,78.1,63.8,69.6,78.1,63.8,69.6,55.1,60.9,0.0,0.0,0.0,Unknown,0.0,0.0,20.8,11.9,44.9,1015.4,24.2,9.9,211.9,18.2,8,10.0,06:43:05,18:54:06,0.62,partially cloudy,Partly cloudy throughout the day.,partly-cloudy-day,"72505394728,KEWR,KLGA,72502014734,F1417,KNYC,72503014732",New York,"👕 T-shirt, jeans/skirt, light sneakers 🕶️ (Sunscreen & sunglasses)",Autumn,6,18,0,September,2024-09-21,Saturday,65576748,afrobeat,afrobeats,"(59.04, 73.42]"
New York,2024-09-22,73.3,61.8,66.9,73.3,61.8,66.9,52.2,60.0,0.0,0.0,0.0,Unknown,0.0,0.0,20.1,11.4,54.2,1016.3,58.1,9.9,212.3,18.3,8,10.0,06:44:05,18:52:24,0.66,partially cloudy,Partly cloudy throughout the day.,partly-cloudy-day,"72505394728,KEWR,KLGA,72502014734,F1417,KNYC,72503014732",New York,"👕 T-shirt, jeans/skirt, light sneakers 🕶️ (Sunscreen & sunglasses)",Autumn,6,18,0,September,2024-09-22,Sunday,66792942,afrobeat,afrobeats,"(59.04, 73.42]"
New York,2024-09-23,66.3,60.2,63.7,66.3,60.2,63.7,51.0,63.8,0.031,100.0,16.67,rain,0.0,0.0,24.2,13.4,60.4,1018.0,89.8,9.7,81.2,7.1,4,10.0,06:45:04,18:50:43,0.69,"rain, partially cloudy",Partly cloudy throughout the day with rain.,rain,"72505394728,KEWR,72502014734,KLGA,F1417,KNYC,72503014732",New York,"👕 T-shirt, jeans/skirt, light sneakers ☔ (Umbrella recommended)",Autumn,6,18,0,September,2024-09-23,Monday,15045880,nan,Unknown,"(59.04, 73.42]"
New York,2024-09-24,68.2,60.2,63.7,68.2,60.2,63.7,51.6,65.0,0.0,0.0,0.0,Unknown,0.0,0.0,21.9,12.1,66.0,1020.1,87.3,9.9,83.9,7.2,3,10.0,06:46:04,18:49:02,0.75,partially cloudy,Partly cloudy throughout the day.,partly-cloudy-day,"72505394728,KEWR,KLGA,72502014734,F1417,KNYC,72503014732",New York,"👕 T-shirt, jeans/skirt, light sneakers",Autumn,6,18,0,September,2024-09-24,Tuesday,46259998,nan,Unknown,"(59.04, 73.42]"
New York,2024-09-25,68.0,62.4,64.7,68.0,62.4,64.7,54.0,68.4,0.0,0.0,0.0,Unknown,0.0,0.0,23.0,14.7,95.1,1021.0,94.2,9.9,54.5,4.7,2,10.0,06:47:03,18:47:20,0.76,overcast,Cloudy skies throughout the day.,cloudy,"72505394728,KEWR,KLGA,72502014734,F1417,KNYC,72503014732",New York,"👕 T-shirt, jeans/skirt, light sneakers",Autumn,6,18,0,September,2024-09-25,Wednesday,89417779,nan,afrobeats,"(59.04, 73.42]"
New York,2024-09-26,74.7,64.6,69.9,74.7,64.6,69.9,65.3,85.3,0.062,100.0,20.83,rain,0.0,0.0,17.2,6.0,118.7,1018.0,92.8,8.0,47.6,4.2,2,10.0,06:48:03,18:45:40,0.79,"rain, overcast",Cloudy skies throughout the day with rain in the morning and afternoon.,rain,"72505394728,KEWR,KLGA,72502014734,F1417,KNYC,72503014732",New York,"👕 T-shirt, jeans/skirt, light sneakers ☔ (Umbrella recommended)",Autumn,6,18,0,September,2024-09-26,Thursday,76203706,new age,gregorian chant,"(59.04, 73.42]"
New York,2024-09-27,73.3,64.6,69.3,73.3,64.6,69.3,61.7,77.5,0.119,100.0,12.5,rain,0.0,0.0,17.2,11.1,55.8,1016.0,93.6,9.5,83.8,7.3,4,10.0,06:49:03,18:43:59,0.83,"rain, overcast",Cloudy skies throughout the day with rain clearing later.,rain,"72505394728,KEWR,KLGA,72502014734,F1417,KNYC,72503014732",New York,"👕 T-shirt, jeans/skirt, light sneakers ☔ (Umbrella recommended)",Autumn,6,18,0,September,2024-09-27,Friday,83766532,nan,afrobeats,"(59.04, 73.42]"
New York,2024-09-28,68.0,61.4,64.6,68.0,61.4,64.6,60.3,86.2,0.239,100.0,66.67,rain,0.0,0.0,25.3,13.4,59.8,1014.3,100.0,6.7,41.1,3.5,2,10.0,06:50:04,18:42:18,0.86,"rain, overcast",Cloudy skies throughout the day with a chance of rain throughout the day.,rain,"72505394728,KEWR,KLGA,72502014734,F1417,KNYC,72503014732",New York,"👕 T-shirt, jeans/skirt, light sneakers ☔ (Umbrella recommended)",Autumn,6,18,0,September,2024-09-28,Saturday,24842095,nan,Unknown,"(59.04, 73.42]"
New York,2024-09-29,62.5,60.9,61.9,62.5,60.9,61.9,58.4,88.5,0.536,100.0,79.17,rain,0.0,0.0,21.9,10.4,61.6,1016.3,100.0,5.8,24.6,2.1,1,10.0,06:51:04,18:40:38,0.89,"rain, overcast",Cloudy skies throughout the day with a chance of rain throughout the day.,rain,"72505394728,KEWR,KLGA,72502014734,F1417,KNYC,72503014732",New York,"🧶 Hoodie or light jacket, jeans ☔ (Umbrella recommended)",Autumn,6,18,0,September,2024-09-29,Sunday,100472783,nan,afrobeats,"(59.04, 73.42]"
New York,2024-09-30,70.6,60.5,64.9,70.6,60.5,64.9,55.5,72.8,0.0,0.0,0.0,Unknown,0.0,0.0,20.5,11.8,51.8,1017.1,61.2,9.8,167.5,14.3,8,10.0,06:52:05,18:38:58,0.93,partially cloudy,Partly cloudy throughout the day.,partly-cloudy-day,"72505394728,KEWR,KLGA,72502014734,F1417,KNYC,72503014732",New York,"👕 T-shirt, jeans/skirt, light sneakers 🕶️ (Sunscreen & sunglasses)",Autumn,6,18,0,September,2024-09-30,Monday,42987214,nan,afrobeats,"(59.04, 73.42]"
New York,2024-10-01,67.9,60.9,64.3,67.9,60.9,64.3,55.1,72.3,0.0,0.0,0.0,Unknown,0.0,0.0,29.8,12.6,57.2,1017.5,53.1,9.9,121.2,10.4,5,10.0,06:53:06,18:37:19,0.96,partially cloudy,Partly cloudy throughout the day.,partly-cloudy-day,"72505394728,KEWR,KLGA,72502014734,F8726,KNYC,F1417,72503014732",New York,"👕 T-shirt, jeans/skirt, light sneakers",Autumn,6,18,0,October,2024-10-01,Tuesday,51856217,afrobeat,afrobeats,"(59.04, 73.42]"
New York,2024-10-02,67.9,58.0,62.8,67.9,58.0,62.8,52.3,69.0,0.0,0.0,0.0,Unknown,0.0,0.0,27.7,9.6,60.0,1016.1,89.2,9.9,96.4,8.2,4,10.0,06:54:07,18:35:40,0.0,partially cloudy,Partly cloudy throughout the day.,partly-cloudy-day,"72505394728,KEWR,KLGA,72502014734,F1417,KNYC,72503014732",New York,"🧶 Hoodie or light jacket, jeans",Autumn,6,18,0,October,2024-10-02,Wednesday,72032203,nan,alté,"(59.04, 73.42]"
New York,2024-10-03,71.5,62.7,65.7,71.5,62.7,65.7,53.8,65.6,0.0,0.0,0.0,Unknown,0.0,0.0,13.6,5.3,52.7,1019.8,72.0,9.9,124.2,10.8,5,10.0,06:55:08,18:34:01,0.03,partially cloudy,Partly cloudy throughout the day.,partly-cloudy-day,"72505394728,KEWR,KLGA,72502014734,F1417,KNYC,72503014732",New York,"👕 T-shirt, jeans/skirt, light sneakers",Autumn,6,18,0,October,2024-10-03,Thursday,59559292,nan,Unknown,"(59.04, 73.42]"
New York,2024-10-04,72.8,60.4,66.2,72.8,60.4,66.2,56.4,71.1,0.0,0.0,0.0,Unknown,0.0,0.0,14.1,8.9,203.3,1022.2,49.9,9.9,159.8,13.7,6,10.0,06:56:10,18:32:23,0.06,partially cloudy,Partly cloudy throughout the day.,partly-cloudy-day,"72505394728,KEWR,KLGA,72502014734,F1417,KNYC,72503014732",New York,"👕 T-shirt, jeans/skirt, light sneakers 🕶️ (Sunscreen & sunglasses)",Autumn,6,18,0,October,2024-10-04,Friday,103913319,nan,afrobeats,"(59.04, 73.42]"
New York,2024-10-05,74.5,62.5,67.7,74.5,62.5,67.7,51.1,57.5,0.0,0.0,0.0,Unknown,0.0,0.0,24.2,16.9,7.1,1020.5,34.0,9.9,197.2,16.9,7,10.0,06:57:12,18:30:45,0.1,partially cloudy,Partly cloudy throughout the day.,partly-cloudy-day,"72505394728,KEWR,KLGA,72502014734,F1417,KNYC,72503014732",New York,"👕 T-shirt, jeans/skirt, light sneakers 🕶️ (Sunscreen & sunglasses)",Autumn,6,18,0,October,2024-10-05,Saturday,81419417,nan,Unknown,"(59.04, 73.42]"
New York,2024-10-06,70.5,55.8,63.2,70.5,55.8,63.2,49.4,61.0,0.0,0.0,0.0,Unknown,0.0,0.0,21.9,9.8,86.0,1018.5,12.1,9.9,197.8,17.1,7,10.0,06:58:14,18:29:07,0.13,clear,Clear conditions throughout the day.,clear-day,"72505394728,KEWR,KLGA,72502014734,F1417,KNYC,72503014732",New York,"👕 T-shirt, jeans/skirt, light sneakers 🕶️ (Sunscreen & sunglasses)",Autumn,6,18,0,October,2024-10-06,Sunday,27979680,nan,Unknown,"(59.04, 73.42]"
New York,2024-10-07,75.2,60.5,67.2,75.2,60.5,67.2,50.6,57.2,0.003,100.0,4.17,rain,0.0,0.0,26.4,17.2,269.6,1010.4,52.9,9.9,158.5,13.6,7,10.0,06:59:17,18:27:31,0.17,"rain, partially cloudy",Partly cloudy throughout the day with morning rain.,rain,"72505394728,KEWR,KLGA,72502014734,F1417,KNYC,72503014732",New York,"👕 T-shirt, jeans/skirt, light sneakers ☔ (Umbrella recommended) 🕶️ (Sunscreen & sunglasses)",Autumn,6,18,0,October,2024-10-07,Monday,54552361,nan,afrobeats,"(59.04, 73.42]"
New York,2024-10-08,67.8,53.9,61.2,67.8,53.9,61.2,40.8,49.1,0.0,0.0,0.0,Unknown,0.0,0.0,24.2,13.9,299.0,1012.5,19.5,9.9,179.5,15.5,7,10.0,07:00:19,18:25:54,0.2,clear,Clear conditions throughout the day.,clear-day,"72505394728,KEWR,KLGA,72502014734,F8726,F1417,KNYC,72503014732",New York,"🧶 Hoodie or light jacket, jeans 🕶️ (Sunscreen & sunglasses)",Autumn,7,18,0,October,2024-10-08,Tuesday,33265955,nan,Unknown,"(59.04, 73.42]"
New York,2024-10-09,68.4,56.0,61.7,68.4,56.0,61.7,38.2,42.9,0.0,0.0,0.0,Unknown,0.0,0.0,28.1,14.9,298.5,1012.6,56.9,9.9,164.4,14.2,7,10.0,07:01:22,18:24:19,0.23,partially cloudy,Partly cloudy throughout the day.,partly-cloudy-day,"72505394728,KEWR,KLGA,72502014734,F1417,KNYC,72503014732",New York,"🧶 Hoodie or light jacket, jeans 🕶️ (Sunscreen & sunglasses)",Autumn,7,18,0,October,2024-10-09,Wednesday,12055556,nan,afrobeats,"(59.04, 73.42]"
New York,2024-10-10,61.8,49.1,55.1,61.8,44.2,54.7,36.1,49.4,0.0,0.0,0.0,Unknown,0.0,0.0,30.1,15.9,315.6,1017.1,9.3,9.9,194.1,16.8,7,10.0,07:02:26,18:22:44,0.25,clear,Clear conditions throughout the day.,clear-day,"72505394728,KEWR,KLGA,72502014734,F1417,KNYC,72503014732",New York,"🧶 Hoodie or light jacket, jeans 🕶️ (Sunscreen & sunglasses)",Autumn,7,18,0,October,2024-10-10,Thursday,15424691,afrobeat,afrobeats,"(44.66, 59.04]"
New York,2024-10-11,68.9,47.3,57.9,68.9,43.6,57.5,37.0,47.8,0.0,0.0,0.0,Unknown,0.0,0.0,23.0,11.4,280.8,1017.4,6.0,9.9,185.2,16.0,7,10.0,07:03:29,18:21:09,0.3,clear,Clear conditions throughout the day.,clear-day,"72505394728,KEWR,KLGA,72502014734,F1417,KNYC,72503014732",New York,"🧶 Hoodie or light jacket, jeans 🕶️ (Sunscreen & sunglasses)",Autumn,7,18,0,October,2024-10-11,Friday,10066893,afrobeat,afrobeats,"(44.66, 59.04]"
New York,2024-10-12,74.5,58.9,65.4,74.5,58.9,65.4,37.9,37.8,0.0,0.0,0.0,Unknown,0.0,0.0,27.6,15.0,280.1,1013.0,17.3,9.9,188.6,16.1,7,10.0,07:04:33,18:19:35,0.34,clear,Clear conditions throughout the day.,clear-day,"72505394728,KEWR,KLGA,72502014734,F1417,KNYC,72503014732",New York,"👕 T-shirt, jeans/skirt, light sneakers 🕶️ (Sunscreen & sunglasses)",Autumn,7,18,0,October,2024-10-12,Saturday,40185482,nan,Unknown,"(59.04, 73.42]"
New York,2024-10-13,68.7,56.8,62.1,68.7,56.8,62.1,45.9,56.8,0.0,0.0,0.0,Unknown,0.0,0.0,25.3,9.6,57.4,1010.5,53.4,9.9,156.0,13.5,6,10.0,07:05:38,18:18:02,0.37,partially cloudy,Clearing in the afternoon.,partly-cloudy-day,"72505394728,KEWR,KLGA,72502014734,F1417,KNYC,72503014732",New York,"🧶 Hoodie or light jacket, jeans 🕶️ (Sunscreen & sunglasses)",Autumn,7,18,0,October,2024-10-13,Sunday,29222358,nan,Unknown,"(59.04, 73.42]"
New York,2024-10-14,66.6,49.1,56.9,66.6,43.2,56.2,43.1,62.9,0.0,0.0,0.0,Unknown,0.0,0.0,37.4,21.9,313.8,1004.7,66.3,9.2,133.9,11.5,7,10.0,07:06:42,18:16:30,0.4,partially cloudy,Partly cloudy throughout the day.,partly-cloudy-day,"72505394728,KEWR,KLGA,72502014734,F1417,KNYC,72503014732",New York,"🧶 Hoodie or light jacket, jeans 🕶️ (Sunscreen & sunglasses)",Autumn,7,18,0,October,2024-10-14,Monday,14732182,gospel,african gospel,"(44.66, 59.04]"
New York,2024-10-15,57.3,45.2,50.9,57.3,40.7,49.3,33.2,51.8,0.0,0.0,0.0,Unknown,0.0,0.0,32.2,16.3,293.8,1011.6,32.1,9.9,151.7,12.9,7,10.0,07:07:47,18:14:59,0.44,partially cloudy,Partly cloudy throughout the day.,partly-cloudy-day,"72505394728,KEWR,KLGA,72502014734,F1417,KNYC,72503014732",New York,"🧶 Hoodie or light jacket, jeans 🕶️ (Sunscreen & sunglasses)",Autumn,7,18,0,October,2024-10-15,Tuesday,32440627,nan,Unknown,"(44.66, 59.04]"
New York,2024-10-16,58.1,44.1,51.1,58.1,38.4,48.9,32.4,49.6,0.0,0.0,0.0,Unknown,0.0,0.0,31.1,14.3,306.0,1016.7,21.7,9.9,143.0,12.5,7,10.0,07:08:53,18:13:28,0.47,partially cloudy,Partly cloudy throughout the day.,partly-cloudy-day,"72505394728,KEWR,KLGA,72502014734,F1417,KNYC,72503014732",New York,"🧶 Hoodie or light jacket, jeans 🕶️ (Sunscreen & sunglasses)",Autumn,7,18,0,October,2024-10-16,Wednesday,31647209,nan,Unknown,"(44.66, 59.04]"
New York,2024-10-17,58.6,43.5,51.5,58.6,41.0,50.2,31.6,47.8,0.0,0.0,0.0,Unknown,0.0,0.0,22.2,13.4,8.5,1023.3,15.1,9.9,164.5,14.2,7,10.0,07:09:58,18:11:58,0.5,clear,Clear conditions throughout the day.,clear-day,"72505394728,KEWR,KLGA,72502014734,F1417,KNYC,72503014732",New York,"🧶 Hoodie or light jacket, jeans 🕶️ (Sunscreen & sunglasses)",Autumn,7,18,0,October,2024-10-17,Thursday,36496887,nan,Unknown,"(44.66, 59.04]"
London,2024-04-07,61.1,52.4,56.8,61.1,52.4,56.8,44.8,64.6,0.0,0.0,0.0,Unknown,0.0,0.0,38.0,23.6,219.4,1007.7,69.0,8.4,161.8,13.7,8,22.128353498158862,06:21:26,19:44:43,0.95,partially cloudy,Partly cloudy throughout the day.,partly-cloudy-day,"F6665,03781099999,03672099999,03772099999,03770099999",London,"🧶 Hoodie or light jacket, jeans 🕶️ (Sunscreen & sunglasses)",Spring,6,19,0,April,2024-04-07,Sunday,9134568,gregorian chant,gregorian chant,"(44.66, 59.04]"
London,2024-04-16,55.7,46.5,50.4,55.7,40.0,47.6,38.7,64.9,0.017,100.0,12.5,rain,0.0,0.0,35.8,18.8,308.4,1012.3,78.8,12.8,116.5,10.0,5,22.128353498158862,06:01:48,19:59:46,0.25,"rain, partially cloudy",Partly cloudy throughout the day with rain.,rain,"F6665,03781099999,03672099999,03772099999,03770099999",London,"🧶 Hoodie or light jacket, jeans ☔ (Umbrella recommended)",Spring,6,19,0,April,2024-04-16,Tuesday,6901052,afropop,afrobeats,"(44.66, 59.04]"
London,2024-04-17,53.9,42.0,47.5,53.9,36.8,44.5,34.9,63.7,0.0,0.0,0.0,Unknown,0.0,0.0,28.2,14.7,314.2,1015.8,49.3,13.1,174.5,15.0,6,22.128353498158862,05:59:41,20:01:26,0.29,partially cloudy,Partly cloudy throughout the day.,partly-cloudy-day,"03680099999,03781099999,03672099999,F6665,03772099999,03770099999",London,"🧥 Coat or insulated jacket, boots 🕶️ (Sunscreen & sunglasses)",Spring,5,20,0,April,2024-04-17,Wednesday,3566462,gregorian chant,gregorian chant,"(44.66, 59.04]"
London,2024-04-19,59.1,47.0,51.3,59.1,41.3,49.5,42.6,73.0,0.204,100.0,16.67,rain,0.0,0.0,30.0,17.2,308.7,1017.8,80.1,11.5,130.0,11.2,9,22.128353498158862,05:55:28,20:04:47,0.35,"rain, partially cloudy",Partly cloudy throughout the day with rain.,rain,"F6665,03781099999,03672099999,03768099999,03772099999,03770099999",London,"🧶 Hoodie or light jacket, jeans ☔ (Umbrella recommended) 🕶️ (Sunscreen & sunglasses)",Spring,5,20,0,April,2024-04-19,Friday,83157,nan,Unknown,"(44.66, 59.04]"
London,2024-04-21,53.9,42.0,47.5,53.9,36.4,44.6,34.0,60.1,0.0,0.0,0.0,Unknown,0.0,0.0,24.2,14.7,19.4,1029.7,57.4,11.0,147.0,12.7,9,22.128353498158862,05:51:19,20:08:07,0.42,partially cloudy,Partly cloudy throughout the day.,partly-cloudy-day,"F6665,03781099999,03672099999,03772099999,03770099999",London,"🧥 Coat or insulated jacket, boots 🕶️ (Sunscreen & sunglasses)",Spring,5,20,0,April,2024-04-21,Sunday,24464890,nan,afrobeats,"(44.66, 59.04]"
London,2024-04-23,52.4,43.1,46.9,52.4,40.3,45.0,39.0,74.7,0.016,100.0,8.33,rain,0.0,0.0,21.9,10.7,350.5,1022.8,84.8,9.2,69.0,6.1,3,22.128353498158862,05:47:14,20:11:27,0.48,"rain, partially cloudy",Partly cloudy throughout the day with rain clearing later.,rain,"F6665,03781099999,03672099999,03772099999,03770099999",London,"🧥 Coat or insulated jacket, boots ☔ (Umbrella recommended)",Spring,5,20,0,April,2024-04-23,Tuesday,5926455,nan,trap latino,"(44.66, 59.04]"
London,2024-04-24,50.6,43.9,46.8,50.6,39.8,43.4,31.8,56.7,0.0,0.0,0.0,Unknown,0.0,0.0,19.7,11.7,342.2,1016.7,68.8,12.4,115.6,9.9,8,22.128353498158862,05:45:13,20:13:06,0.5,partially cloudy,Partly cloudy throughout the day.,partly-cloudy-day,"D5621,F6665,03781099999,03672099999,03772099999,03770099999",London,"🧥 Coat or insulated jacket, boots 🕶️ (Sunscreen & sunglasses)",Spring,5,20,0,April,2024-04-24,Wednesday,72917,german hip hop,Unknown,"(44.66, 59.04]"
London,2024-04-27,52.8,43.1,47.6,52.8,37.5,44.1,42.8,83.8,0.135,100.0,25.0,rain,0.0,0.0,19.7,11.7,60.3,1002.7,95.4,5.8,42.6,3.9,2,22.128353498158862,05:39:17,20:18:05,0.62,"rain, overcast",Cloudy skies throughout the day with rain.,rain,"D5621,03781099999,03672099999,03772099999,03770099999",London,"🧥 Coat or insulated jacket, boots ☔ (Umbrella recommended)",Spring,5,20,0,April,2024-04-27,Saturday,3712003,afrobeat,afrobeats,"(44.66, 59.04]"
London,2024-05-15,69.5,56.6,62.1,69.5,56.6,62.1,50.9,69.7,0.032,100.0,8.33,rain,0.0,0.0,13.9,9.9,148.0,1004.2,49.3,10.7,118.8,10.3,9,22.128353498158862,05:08:08,20:46:41,0.25,"rain, partially cloudy",Partly cloudy throughout the day with early morning rain.,rain,"D5621,03781099999,03672099999,03772099999,03770099999",London,"🧶 Hoodie or light jacket, jeans ☔ (Umbrella recommended) 🕶️ (Sunscreen & sunglasses)",Spring,5,20,0,May,2024-05-15,Wednesday,12717790,afropiano,amapiano,"(59.04, 73.42]"
London,2024-05-18,68.3,56.0,60.4,68.3,56.0,60.4,53.3,78.1,0.008,100.0,4.17,rain,0.0,0.0,12.8,7.8,19.7,1012.8,64.7,8.3,76.1,6.7,3,22.128353498158862,05:03:54,20:51:05,0.33,"rain, partially cloudy",Partly cloudy throughout the day with morning rain.,rain,"D5621,03781099999,03672099999,03772099999,03770099999",London,"🧶 Hoodie or light jacket, jeans ☔ (Umbrella recommended)",Spring,5,20,0,May,2024-05-18,Saturday,187380,afrobeat,amapiano,"(59.04, 73.42]"
London,2024-05-21,58.7,53.9,56.4,58.7,53.9,56.4,52.5,87.1,0.557,100.0,41.67,rain,0.0,0.0,12.8,8.1,0.9,1009.6,88.5,5.5,28.5,2.4,1,22.128353498158862,04:59:59,20:55:18,0.43,"rain, partially cloudy",Partly cloudy throughout the day with rain.,rain,"D5621,03781099999,03672099999,03772099999,03770099999",London,"🧶 Hoodie or light jacket, jeans ☔ (Umbrella recommended)",Spring,4,20,0,May,2024-05-21,Tuesday,5156666,nan,Unknown,"(44.66, 59.04]"
London,2024-05-22,58.7,55.7,57.3,58.7,55.7,57.3,55.6,94.0,0.441,100.0,70.83,rain,0.0,0.0,23.0,14.6,254.5,1006.9,89.7,5.3,50.4,4.3,2,22.128353498158862,04:58:45,20:56:40,0.46,"rain, partially cloudy",Partly cloudy throughout the day with a chance of rain throughout the day.,rain,"D5621,03781099999,03672099999,03772099999,03770099999",London,"🧶 Hoodie or light jacket, jeans ☔ (Umbrella recommended)",Spring,4,20,0,May,2024-05-22,Wednesday,27016841,nan,Unknown,"(44.66, 59.04]"
London,2024-05-23,65.0,53.3,58.4,65.0,53.3,58.4,49.2,73.0,0.0,0.0,0.0,Unknown,0.0,0.0,19.7,14.0,260.7,1013.1,73.6,10.9,116.1,10.2,8,22.128353498158862,04:57:34,20:58:00,0.5,partially cloudy,Partly cloudy throughout the day.,partly-cloudy-day,"03680099999,D5621,03781099999,03672099999,03772099999,03770099999",London,"🧶 Hoodie or light jacket, jeans 🕶️ (Sunscreen & sunglasses)",Spring,4,20,0,May,2024-05-23,Thursday,13112254,nan,Unknown,"(44.66, 59.04]"
London,2024-05-24,65.4,49.7,58.2,65.4,46.9,58.0,45.3,63.6,0.0,0.0,0.0,Unknown,0.0,0.0,12.8,9.3,265.3,1018.2,59.7,11.7,168.4,14.5,10,22.128353498158862,04:56:25,20:59:19,0.53,partially cloudy,Partly cloudy throughout the day.,partly-cloudy-day,"D5621,03781099999,03672099999,03772099999,03770099999",London,"🧶 Hoodie or light jacket, jeans 🕶️ (Sunscreen & sunglasses)",Spring,4,20,0,May,2024-05-24,Friday,45898,nan,Unknown,"(44.66, 59.04]"
London,2024-06-09,61.4,45.7,56.4,61.4,45.6,56.2,42.5,60.2,0.0,0.0,0.0,Unknown,0.0,0.0,20.8,13.4,288.0,1013.0,49.1,12.0,101.2,8.7,6,22.128353498158862,04:44:11,21:16:04,0.09,partially cloudy,Partly cloudy throughout the day.,partly-cloudy-day,"03680099999,D5621,03781099999,03672099999,03772099999,03770099999",London,"🧶 Hoodie or light jacket, jeans 🕶️ (Sunscreen & sunglasses)",Summer,4,21,0,June,2024-06-09,Sunday,4303152,nan,Unknown,"(44.66, 59.04]"
London,2024-06-10,61.4,47.9,54.5,61.4,47.9,54.5,46.8,76.0,0.22,100.0,29.17,rain,0.0,0.0,24.2,15.5,310.2,1010.9,74.8,11.9,98.5,8.5,7,22.128353498158862,04:43:50,21:16:48,0.13,"rain, partially cloudy",Partly cloudy throughout the day with a chance of rain throughout the day.,rain,"D5621,03781099999,03672099999,03772099999,03770099999",London,"🧶 Hoodie or light jacket, jeans ☔ (Umbrella recommended) 🕶️ (Sunscreen & sunglasses)",Summer,4,21,0,June,2024-06-10,Monday,68374076,nan,afrobeats,"(44.66, 59.04]"
London,2024-06-11,61.4,45.8,53.8,61.4,43.8,53.2,43.3,69.0,0.0,0.0,0.0,Unknown,0.0,0.0,16.1,11.1,318.9,1018.1,49.8,11.9,148.3,12.8,10,22.128353498158862,04:43:32,21:17:28,0.16,partially cloudy,Partly cloudy throughout the day.,partly-cloudy-day,"D5621,03781099999,03672099999,03772099999,03770099999",London,"🧶 Hoodie or light jacket, jeans 🕶️ (Sunscreen & sunglasses)",Summer,4,21,0,June,2024-06-11,Tuesday,2818864,nan,Unknown,"(44.66, 59.04]"
London,2024-06-12,62.7,47.9,55.6,62.7,47.9,55.6,43.0,64.1,0.0,0.0,0.0,Unknown,0.0,0.0,11.4,8.1,267.4,1020.6,52.3,10.6,62.2,5.2,3,22.128353498158862,04:43:17,21:18:06,0.19,partially cloudy,Partly cloudy throughout the day.,partly-cloudy-day,"D5621,03781099999,03672099999,03772099999,03770099999",London,"🧶 Hoodie or light jacket, jeans",Summer,4,21,0,June,2024-06-12,Wednesday,35120269,nan,Unknown,"(44.66, 59.04]"
London,2024-06-17,71.9,52.1,62.6,71.9,52.1,62.6,48.1,61.7,0.0,0.0,0.0,Unknown,0.0,0.0,19.2,10.7,236.0,1009.6,24.3,11.8,244.8,21.2,10,22.128353498158862,04:42:47,21:20:34,0.35,partially cloudy,Partly cloudy throughout the day.,partly-cloudy-day,"03680099999,D5621,03781099999,03672099999,03772099999,03770099999",London,"🧶 Hoodie or light jacket, jeans 🕶️ (Sunscreen & sunglasses)",Summer,4,21,0,June,2024-06-17,Monday,5648090,nan,Unknown,"(59.04, 73.42]"
London,2024-06-18,72.2,55.5,63.9,72.2,55.5,63.9,50.8,63.8,0.0,0.0,0.0,Unknown,0.0,0.0,15.0,10.6,16.0,1014.0,30.7,11.8,159.0,13.8,9,22.128353498158862,04:42:51,21:20:54,0.38,partially cloudy,Partly cloudy throughout the day.,partly-cloudy-day,"D5621,03781099999,03672099999,03772099999,03770099999",London,"👕 T-shirt, jeans/skirt, light sneakers 🕶️ (Sunscreen & sunglasses)",Summer,4,21,0,June,2024-06-18,Tuesday,37802921,nan,Unknown,"(59.04, 73.42]"
London,2024-06-23,74.4,53.7,66.0,74.4,53.7,66.0,53.1,64.4,0.0,0.0,0.0,Unknown,0.0,0.0,13.9,8.7,252.7,1019.2,40.4,12.1,206.0,17.5,9,22.128353498158862,04:43:52,21:21:52,0.55,partially cloudy,Becoming cloudy in the afternoon.,partly-cloudy-day,"D5621,03781099999,03672099999,03772099999,03770099999",London,"👕 T-shirt, jeans/skirt, light sneakers 🕶️ (Sunscreen & sunglasses)",Summer,4,21,0,June,2024-06-23,Sunday,1556124,nan,Unknown,"(59.04, 73.42]"
London,2024-06-24,81.2,60.5,71.8,81.4,60.5,71.8,58.4,64.8,0.0,0.0,0.0,Unknown,0.0,0.0,11.4,6.8,202.4,1019.0,50.4,12.3,185.9,16.1,9,22.128353498158862,04:44:14,21:21:54,0.59,partially cloudy,Partly cloudy throughout the day.,partly-cloudy-day,"03680099999,D5621,03781099999,03672099999,03772099999,03770099999",London,"👕 T-shirt, jeans/skirt, light sneakers 🕶️ (Sunscreen & sunglasses)",Summer,4,21,0,June,2024-06-24,Monday,569075,nan,Unknown,"(59.04, 73.42]"
London,2024-06-25,83.5,58.4,72.1,83.2,58.4,72.0,56.1,59.5,0.0,0.0,0.0,Unknown,0.0,0.0,10.3,8.3,85.3,1015.6,6.7,11.7,201.1,17.5,9,22.128353498158862,04:44:38,21:21:54,0.62,clear,Clear conditions throughout the day.,clear-day,"D5621,03781099999,03672099999,03772099999,03770099999",London,"👕 T-shirt, jeans/skirt, light sneakers 🕶️ (Sunscreen & sunglasses)",Summer,4,21,0,June,2024-06-25,Tuesday,17757387,nan,Unknown,"(59.04, 73.42]"
London,2024-06-27,74.6,60.5,68.7,74.6,60.5,68.7,54.0,60.5,0.0,0.0,0.0,Unknown,0.0,0.0,24.2,17.8,255.2,1008.9,30.7,9.9,171.8,15.0,9,22.128353498158862,04:45:35,21:21:43,0.69,partially cloudy,Partly cloudy throughout the day.,partly-cloudy-day,"D5621,03781099999,03672099999,03772099999,03770099999",London,"👕 T-shirt, jeans/skirt, light sneakers 🕶️ (Sunscreen & sunglasses)",Summer,4,21,0,June,2024-06-27,Thursday,23492989,nan,Unknown,"(59.04, 73.42]"
London,2024-07-02,66.3,56.4,60.3,66.3,56.4,60.3,49.7,68.7,0.008,100.0,4.17,rain,0.0,0.0,19.7,11.6,319.4,1017.9,73.3,10.2,84.0,7.2,3,22.128353498158862,04:48:44,21:20:21,0.87,"rain, partially cloudy",Partly cloudy throughout the day with afternoon rain.,rain,"D5621,F6665,03781099999,03672099999,03772099999,03770099999",London,"🧶 Hoodie or light jacket, jeans ☔ (Umbrella recommended)",Summer,4,21,0,July,2024-07-02,Tuesday,5028867,nan,Unknown,"(59.04, 73.42]"
London,2024-07-03,67.2,55.1,60.8,67.2,55.1,60.8,52.8,75.4,0.032,100.0,12.5,rain,0.0,0.0,21.9,15.0,233.3,1009.3,80.4,9.5,72.9,6.5,4,22.128353498158862,04:49:30,21:19:55,0.91,"rain, partially cloudy",Partly cloudy throughout the day with rain clearing later.,rain,"D5621,03781099999,03672099999,03772099999,03770099999",London,"🧶 Hoodie or light jacket, jeans ☔ (Umbrella recommended)",Summer,4,21,0,July,2024-07-03,Wednesday,21421387,nan,Unknown,"(59.04, 73.42]"
London,2024-07-04,69.5,54.6,62.3,69.5,54.6,62.3,45.5,56.7,0.0,0.0,0.0,Unknown,0.0,0.0,34.9,21.9,270.3,1009.0,28.6,10.9,198.5,17.1,9,22.128353498158862,04:50:18,21:19:26,0.95,partially cloudy,Partly cloudy throughout the day.,partly-cloudy-day,"03680099999,D5621,03781099999,03672099999,03772099999,03770099999",London,"🧶 Hoodie or light jacket, jeans 🕶️ (Sunscreen & sunglasses)",Summer,4,21,0,July,2024-07-04,Thursday,236858,afrobeat,afrobeat,"(59.04, 73.42]"
London,2024-07-12,65.6,56.6,60.4,65.6,56.6,60.4,50.6,71.3,0.031,100.0,8.33,rain,0.0,0.0,18.8,10.9,26.8,1016.6,89.2,9.4,112.8,9.9,5,22.128353498158862,04:58:04,21:13:51,0.21,"rain, partially cloudy",Partly cloudy throughout the day with early morning rain.,rain,"03769099999,03680099999,D5621,03781099999,03672099999,03768099999,EGLC,03772099999,03770099999",London,"🧶 Hoodie or light jacket, jeans ☔ (Umbrella recommended)",Summer,4,21,0,July,2024-07-12,Friday,3431049,afro soul,afrobeats,"(59.04, 73.42]"
London,2024-07-13,67.4,55.7,60.8,67.4,55.7,60.8,48.7,65.1,0.0,0.0,0.0,Unknown,0.0,0.0,15.9,9.2,288.6,1013.9,71.1,11.4,106.0,9.2,5,22.128353498158862,04:59:11,21:12:56,0.25,partially cloudy,Partly cloudy throughout the day.,partly-cloudy-day,"EGWU,03769099999,EGLL,03768399999,03768099999,03781099999,03672099999,03658099999,03772099999,03680099999,D5621,03761099999,EGLC,03770099999",London,"🧶 Hoodie or light jacket, jeans",Summer,4,21,0,July,2024-07-13,Saturday,2000346,afrobeat,afrobeats,"(59.04, 73.42]"
London,2024-07-16,69.5,57.8,63.9,69.5,57.8,63.9,57.2,79.8,0.016,100.0,4.17,rain,0.0,0.0,20.8,13.8,255.9,1009.2,76.5,11.6,150.6,13.1,7,22.128353498158862,05:02:44,21:09:55,0.34,"rain, partially cloudy",Partly cloudy throughout the day with early morning rain.,rain,"D5621,03781099999,03672099999,03772099999,03770099999",London,"👕 T-shirt, jeans/skirt, light sneakers ☔ (Umbrella recommended) 🕶️ (Sunscreen & sunglasses)",Summer,5,21,0,July,2024-07-16,Tuesday,24294864,nan,Unknown,"(59.04, 73.42]"
London,2024-07-17,75.5,56.9,66.4,75.5,56.9,66.4,54.9,68.6,0.0,0.0,0.0,Unknown,0.0,0.0,15.0,9.9,247.2,1019.7,22.9,11.1,150.7,13.0,8,22.128353498158862,05:03:58,21:08:50,0.37,partially cloudy,Partly cloudy throughout the day.,partly-cloudy-day,"D5621,03781099999,03672099999,03772099999,03770099999",London,"👕 T-shirt, jeans/skirt, light sneakers 🕶️ (Sunscreen & sunglasses)",Summer,5,21,0,July,2024-07-17,Wednesday,20578334,nan,Unknown,"(59.04, 73.42]"
London,2024-07-21,73.7,63.6,68.4,73.7,63.6,68.4,57.3,69.5,0.039,100.0,8.33,rain,0.0,0.0,17.2,11.2,284.5,1010.0,76.2,11.5,122.2,10.5,5,22.128353498158862,05:09:08,21:04:04,0.5,"rain, partially cloudy",Partly cloudy throughout the day with early morning rain.,rain,"D5621,03781099999,03672099999,03768099999,03772099999,03770099999",London,"👕 T-shirt, jeans/skirt, light sneakers ☔ (Umbrella recommended)",Summer,5,21,0,July,2024-07-21,Sunday,49577,nan,Unknown,"(59.04, 73.42]"
London,2024-07-22,74.9,58.4,66.3,74.9,58.4,66.3,57.3,73.0,0.0,0.0,0.0,Unknown,0.0,0.0,31.1,17.1,214.4,1014.5,58.2,10.4,83.9,7.2,4,22.128353498158862,05:10:29,21:02:46,0.54,partially cloudy,Partly cloudy throughout the day.,partly-cloudy-day,"03680099999,D5621,03781099999,03672099999,03772099999,03770099999",London,"👕 T-shirt, jeans/skirt, light sneakers",Summer,5,21,0,July,2024-07-22,Monday,20706130,nan,Unknown,"(59.04, 73.42]"
London,2024-07-23,73.1,62.7,67.7,73.1,62.7,67.7,58.4,73.2,0.008,100.0,4.17,rain,0.0,0.0,17.2,11.8,280.7,1017.5,85.3,10.1,93.3,8.2,3,22.128353498158862,05:11:51,21:01:26,0.57,"rain, partially cloudy",Partly cloudy throughout the day with morning rain.,rain,"D5621,03768399999,03781099999,03672099999,03768099999,EGLC,03772099999,03770099999",London,"👕 T-shirt, jeans/skirt, light sneakers ☔ (Umbrella recommended)",Summer,5,21,0,July,2024-07-23,Tuesday,33431348,nan,Unknown,"(59.04, 73.42]"
London,2024-07-24,76.4,61.4,68.1,76.4,61.4,68.1,58.0,71.5,0.0,0.0,0.0,Unknown,0.0,0.0,23.7,15.0,202.8,1020.0,48.8,10.6,126.8,11.0,6,22.128353498158862,05:13:14,21:00:04,0.61,partially cloudy,Becoming cloudy in the afternoon.,partly-cloudy-day,"03680099999,D5621,03781099999,03672099999,03772099999,03770099999",London,"👕 T-shirt, jeans/skirt, light sneakers 🕶️ (Sunscreen & sunglasses)",Summer,5,21,0,July,2024-07-24,Wednesday,70243414,new age,afrobeats,"(59.04, 73.42]"
London,2024-07-25,68.3,61.1,64.4,68.3,61.1,64.4,60.0,85.9,0.008,100.0,4.17,rain,0.0,0.0,24.2,13.2,214.4,1011.6,96.8,7.0,53.8,4.7,2,22.128353498158862,05:14:39,20:58:40,0.64,"rain, overcast",Cloudy skies throughout the day with late afternoon rain.,rain,"D5621,03781099999,03672099999,03772099999,03770099999",London,"👕 T-shirt, jeans/skirt, light sneakers ☔ (Umbrella recommended)",Summer,5,20,0,July,2024-07-25,Thursday,28371406,nan,Unknown,"(59.04, 73.42]"
London,2024-07-29,83.9,59.3,71.5,82.5,59.3,71.3,54.4,57.4,0.0,0.0,0.0,Unknown,0.0,0.0,16.1,8.2,120.8,1020.8,1.6,12.5,165.3,14.5,8,22.128353498158862,05:20:25,20:52:42,0.79,clear,Clear conditions throughout the day.,clear-day,"03769099999,D5621,03781099999,03672099999,F6665,03772099999,03770099999",London,"👕 T-shirt, jeans/skirt, light sneakers 🕶️ (Sunscreen & sunglasses)",Summer,5,20,0,July,2024-07-29,Monday,18203440,nan,Unknown,"(59.04, 73.42]"
London,2024-07-30,88.4,63.2,75.1,87.3,63.2,74.9,58.2,58.4,0.0,0.0,0.0,Unknown,0.0,0.0,14.5,8.5,57.1,1016.5,3.0,9.2,171.8,14.9,8,22.128353498158862,05:21:53,20:51:08,0.82,clear,Clear conditions throughout the day.,clear-day,"03680099999,D5621,03781099999,03672099999,03768099999,03772099999,03770099999",London,"🩳 Shorts, tank top, hat, sunglasses 🕶️ (Sunscreen & sunglasses)",Summer,5,20,0,July,2024-07-30,Tuesday,26838790,nan,Unknown,"(73.42, 87.8]"
London,2024-07-31,83.6,66.3,73.7,83.6,66.3,73.7,57.3,57.4,0.0,0.0,0.0,Unknown,0.0,0.0,21.5,12.2,79.3,1014.6,27.5,9.1,155.3,13.4,8,22.128353498158862,05:23:23,20:49:31,0.86,partially cloudy,Partly cloudy throughout the day.,partly-cloudy-day,"EGWU,03680099999,EGLL,D5621,03781099999,03672099999,EGLC,03772099999,03770099999",London,"🩳 Shorts, tank top, hat, sunglasses 🕶️ (Sunscreen & sunglasses)",Summer,5,20,0,July,2024-07-31,Wednesday,25367192,nan,Unknown,"(73.42, 87.8]"
London,2024-08-02,80.7,66.3,71.4,81.2,66.3,71.4,61.5,73.5,0.0,0.0,0.0,Unknown,0.0,0.0,16.1,12.8,245.6,1011.9,57.8,6.2,104.4,8.8,7,22.128353498158862,05:26:23,20:46:13,0.93,partially cloudy,Partly cloudy throughout the day.,partly-cloudy-day,"EGWU,03680099999,EGLL,D5621,03781099999,03672099999,EGLC,03772099999,03770099999",London,"👕 T-shirt, jeans/skirt, light sneakers 🕶️ (Sunscreen & sunglasses)",Summer,5,20,0,August,2024-08-02,Friday,24053611,nan,Unknown,"(59.04, 73.42]"
London,2024-08-05,77.3,59.3,67.9,77.3,59.3,67.9,58.3,72.3,0.0,0.0,0.0,Unknown,0.0,0.0,21.9,13.8,215.0,1012.7,54.2,9.0,211.1,18.3,8,22.128353498158862,05:30:58,20:41:03,0.03,partially cloudy,Partly cloudy throughout the day.,partly-cloudy-day,"D5621,F6665,03781099999,03672099999,03772099999,03770099999",London,"👕 T-shirt, jeans/skirt, light sneakers 🕶️ (Sunscreen & sunglasses)",Summer,5,20,0,August,2024-08-05,Monday,164554,nan,Unknown,"(59.04, 73.42]"
London,2024-08-06,72.2,61.1,67.0,72.2,61.1,67.0,58.9,75.8,0.025,100.0,12.5,rain,0.0,0.0,20.8,12.9,227.3,1009.6,67.7,8.9,87.9,7.7,5,22.128353498158862,05:32:31,20:39:16,0.07,"rain, partially cloudy",Partly cloudy throughout the day with afternoon rain.,rain,"03680099999,D5621,03781099999,03672099999,03772099999,03770099999",London,"👕 T-shirt, jeans/skirt, light sneakers ☔ (Umbrella recommended)",Summer,5,20,0,August,2024-08-06,Tuesday,22950264,nan,Unknown,"(59.04, 73.42]"
London,2024-08-07,71.3,55.5,63.8,71.3,55.5,63.8,52.2,67.5,0.0,0.0,0.0,Unknown,0.0,0.0,21.9,14.9,237.4,1012.3,45.9,10.9,97.3,8.4,8,22.128353498158862,05:34:04,20:37:28,0.1,partially cloudy,Partly cloudy throughout the day.,partly-cloudy-day,"D5621,03781099999,03672099999,03772099999,03770099999",London,"👕 T-shirt, jeans/skirt, light sneakers 🕶️ (Sunscreen & sunglasses)",Summer,5,20,0,August,2024-08-07,Wednesday,17088906,nan,Unknown,"(59.04, 73.42]"
London,2024-08-08,69.9,56.9,64.3,69.9,56.9,64.3,56.8,77.3,0.016,100.0,8.33,rain,0.0,0.0,27.7,18.4,210.7,1013.8,57.9,7.6,95.8,8.4,4,22.128353498158862,05:35:37,20:35:38,0.13,"rain, partially cloudy",Partly cloudy throughout the day with afternoon rain.,rain,"D5621,03781099999,03672099999,03772099999,03770099999",London,"👕 T-shirt, jeans/skirt, light sneakers ☔ (Umbrella recommended)",Summer,5,20,0,August,2024-08-08,Thursday,88462040,nan,afrobeats,"(59.04, 73.42]"
London,2024-08-09,76.7,65.6,70.1,76.7,65.6,70.1,56.8,65.1,0.0,0.0,0.0,Unknown,0.0,0.0,27.7,17.4,255.8,1013.8,54.0,10.5,120.3,10.6,8,22.128353498158862,05:37:11,20:33:47,0.16,partially cloudy,Partly cloudy throughout the day.,partly-cloudy-day,"03680099999,D5621,03781099999,03672099999,03772099999,03770099999",London,"👕 T-shirt, jeans/skirt, light sneakers 🕶️ (Sunscreen & sunglasses)",Summer,5,20,0,August,2024-08-09,Friday,25627423,nan,Unknown,"(59.04, 73.42]"
London,2024-08-10,76.4,59.3,67.4,76.4,59.3,67.4,57.2,70.2,0.0,0.0,0.0,Unknown,0.0,0.0,23.0,15.0,233.2,1019.4,50.7,10.2,93.8,8.0,5,22.128353498158862,05:38:45,20:31:55,0.2,partially cloudy,Partly cloudy throughout the day.,partly-cloudy-day,"D5621,03781099999,03672099999,03772099999,03770099999",London,"👕 T-shirt, jeans/skirt, light sneakers",Summer,5,20,0,August,2024-08-10,Saturday,25566302,downtempo,organic house,"(59.04, 73.42]"
London,2024-08-12,90.6,65.4,77.0,94.9,65.4,78.3,64.2,66.7,0.0,0.0,0.0,Unknown,0.0,0.0,26.8,14.1,150.0,1008.7,16.4,6.4,164.7,14.4,7,22.128353498158862,05:41:54,20:28:05,0.25,clear,Clear conditions throughout the day.,clear-day,"EGWU,EGLL,D5621,03781099999,03672099999,EGLC,03772099999,03770099999",London,"🩳 Shorts, tank top, hat, sunglasses 🕶️ (Sunscreen & sunglasses)",Summer,5,20,0,August,2024-08-12,Monday,4001423,nan,Unknown,"(73.42, 87.8]"
London,2024-08-13,80.0,59.3,69.3,80.0,59.3,69.3,54.5,61.0,0.0,0.0,0.0,Unknown,0.0,0.0,19.7,11.4,232.2,1009.3,18.0,11.4,160.1,13.8,8,22.128353498158862,05:43:28,20:26:09,0.29,clear,Clear conditions throughout the day.,clear-day,"D5621,03781099999,03672099999,03772099999,03770099999",London,"👕 T-shirt, jeans/skirt, light sneakers 🕶️ (Sunscreen & sunglasses)",Summer,5,20,0,August,2024-08-13,Tuesday,33325797,nan,Unknown,"(59.04, 73.42]"
London,2024-08-14,75.3,64.1,69.4,75.3,64.1,69.4,60.0,72.6,0.0,0.0,0.0,Unknown,0.0,0.0,12.8,9.2,261.6,1013.3,87.3,10.7,114.5,10.0,7,22.128353498158862,05:45:03,20:24:11,0.33,partially cloudy,Partly cloudy throughout the day.,partly-cloudy-day,"03680099999,D5621,03781099999,03672099999,03772099999,03770099999",London,"👕 T-shirt, jeans/skirt, light sneakers 🕶️ (Sunscreen & sunglasses)",Summer,5,20,0,August,2024-08-14,Wednesday,10617659,nan,Unknown,"(59.04, 73.42]"
London,2024-08-17,74.0,56.9,65.0,74.0,56.9,65.0,49.1,58.6,0.0,0.0,0.0,Unknown,0.0,0.0,11.4,7.2,295.9,1013.6,10.2,14.4,152.3,13.2,7,22.128353498158862,05:49:49,20:18:11,0.42,clear,Clear conditions throughout the day.,clear-day,"D5621,03781099999,03672099999,F6665,03772099999,03770099999",London,"👕 T-shirt, jeans/skirt, light sneakers 🕶️ (Sunscreen & sunglasses)",Summer,5,20,0,August,2024-08-17,Saturday,20635988,nan,Unknown,"(59.04, 73.42]"
London,2024-08-19,68.6,54.6,63.1,68.6,54.6,63.1,53.5,71.6,0.0,0.0,0.0,Unknown,0.0,0.0,25.3,16.1,217.3,1015.8,43.6,7.0,105.8,9.0,5,22.128353498158862,05:52:59,20:14:05,0.5,partially cloudy,Becoming cloudy in the afternoon.,partly-cloudy-day,"03680099999,D5621,03781099999,03672099999,03772099999,03770099999",London,"👕 T-shirt, jeans/skirt, light sneakers",Summer,5,20,0,August,2024-08-19,Monday,34505323,nan,Unknown,"(59.04, 73.42]"
London,2024-08-20,74.0,60.5,67.5,74.0,60.5,67.5,54.1,64.4,0.0,0.0,0.0,Unknown,0.0,0.0,30.4,17.8,248.8,1009.7,62.4,12.0,125.5,11.0,9,22.128353498158862,05:54:35,20:12:00,0.52,partially cloudy,Partly cloudy throughout the day.,partly-cloudy-day,"EGWU,EGLL,03680099999,D5621,03781099999,03672099999,EGLC,03772099999,03770099999",London,"👕 T-shirt, jeans/skirt, light sneakers 🕶️ (Sunscreen & sunglasses)",Summer,5,20,0,August,2024-08-20,Tuesday,23585990,nan,Unknown,"(59.04, 73.42]"
London,2024-08-21,69.5,53.7,62.1,69.5,53.7,62.1,49.2,64.0,0.0,0.0,0.0,Unknown,0.0,0.0,23.0,16.3,247.7,1016.6,48.0,11.6,148.4,12.9,8,22.128353498158862,05:56:11,20:09:55,0.56,partially cloudy,Partly cloudy throughout the day.,partly-cloudy-day,"D5621,03781099999,03672099999,03772099999,03770099999",London,"🧶 Hoodie or light jacket, jeans 🕶️ (Sunscreen & sunglasses)",Summer,5,20,0,August,2024-08-21,Wednesday,25652505,nan,Unknown,"(59.04, 73.42]"
London,2024-08-23,73.7,62.3,67.0,73.7,62.3,67.0,53.2,63.7,0.031,100.0,8.33,rain,0.0,0.0,34.4,21.5,235.8,1003.9,54.7,11.0,157.8,13.6,8,22.128353498158862,05:59:22,20:05:42,0.63,"rain, partially cloudy",Clearing in the afternoon with morning rain.,rain,"03680099999,D5621,03781099999,03672099999,03772099999,03770099999",London,"👕 T-shirt, jeans/skirt, light sneakers ☔ (Umbrella recommended) 🕶️ (Sunscreen & sunglasses)",Summer,5,20,0,August,2024-08-23,Friday,42410757,organic house,brooklyn drill,"(59.04, 73.42]"
London,2024-08-24,63.6,54.8,59.6,63.6,54.8,59.6,56.0,88.4,0.38,100.0,54.17,rain,0.0,0.0,19.7,12.8,222.2,1005.2,72.5,9.6,33.9,2.8,1,22.128353498158862,06:00:57,20:03:34,0.66,"rain, partially cloudy",Partly cloudy throughout the day with a chance of rain throughout the day.,rain,"D5621,03781099999,03672099999,03772099999,03770099999",London,"🧶 Hoodie or light jacket, jeans ☔ (Umbrella recommended)",Summer,6,20,0,August,2024-08-24,Saturday,41677817,nan,Unknown,"(59.04, 73.42]"
London,2024-08-25,68.6,51.2,59.9,68.6,51.2,59.9,50.0,72.1,0.008,100.0,4.17,rain,0.0,0.0,34.4,19.4,229.7,1017.6,36.0,11.2,134.2,11.7,6,22.128353498158862,06:02:33,20:01:25,0.7,"rain, partially cloudy",Partly cloudy throughout the day with early morning rain.,rain,"03680099999,D5621,03781099999,03672099999,03772099999,03770099999",London,"🧶 Hoodie or light jacket, jeans ☔ (Umbrella recommended) 🕶️ (Sunscreen & sunglasses)",Summer,6,20,0,August,2024-08-25,Sunday,12204583,afrobeat,afrobeat,"(59.04, 73.42]"
London,2024-08-26,73.7,60.0,65.1,73.7,60.0,65.1,53.6,68.1,0.0,0.0,0.0,Unknown,0.0,0.0,23.3,13.5,228.9,1019.0,57.3,8.9,110.3,9.5,7,22.128353498158862,06:04:09,19:59:15,0.75,partially cloudy,Partly cloudy throughout the day.,partly-cloudy-day,"03680099999,D5621,03781099999,03672099999,03772099999,03770099999",London,"👕 T-shirt, jeans/skirt, light sneakers 🕶️ (Sunscreen & sunglasses)",Summer,6,19,0,August,2024-08-26,Monday,14021693,nan,Unknown,"(59.04, 73.42]"
London,2024-08-27,78.0,59.6,67.9,78.0,59.6,67.9,55.5,67.3,0.0,0.0,0.0,Unknown,0.0,0.0,28.6,14.6,191.2,1017.9,36.3,10.2,155.2,13.4,8,22.128353498158862,06:05:44,19:57:05,0.77,partially cloudy,Partly cloudy throughout the day.,partly-cloudy-day,"03680099999,D5621,03781099999,03672099999,03772099999,03770099999",London,"👕 T-shirt, jeans/skirt, light sneakers 🕶️ (Sunscreen & sunglasses)",Summer,6,19,0,August,2024-08-27,Tuesday,8620713,nan,Unknown,"(59.04, 73.42]"
London,2024-08-28,83.6,58.2,70.4,83.5,58.2,70.4,56.1,62.7,0.0,0.0,0.0,Unknown,0.0,0.0,21.0,12.0,187.4,1013.1,23.4,12.2,108.2,9.4,6,22.128353498158862,06:07:20,19:54:54,0.8,partially cloudy,Partly cloudy throughout the day.,partly-cloudy-day,"03680099999,D5621,03781099999,03672099999,03772099999,03770099999",London,"👕 T-shirt, jeans/skirt, light sneakers 🕶️ (Sunscreen & sunglasses)",Summer,6,19,0,August,2024-08-28,Wednesday,44331838,nan,afrobeats,"(59.04, 73.42]"
London,2024-08-29,72.8,57.3,65.0,72.8,57.3,65.0,51.0,62.8,0.0,0.0,0.0,Unknown,0.0,0.0,17.2,12.2,275.3,1017.9,11.7,11.8,123.6,10.6,7,22.128353498158862,06:08:56,19:52:42,0.84,clear,Clear conditions throughout the day.,clear-day,"03680099999,D5621,03781099999,03672099999,03772099999,03770099999",London,"👕 T-shirt, jeans/skirt, light sneakers 🕶️ (Sunscreen & sunglasses)",Summer,6,19,0,August,2024-08-29,Thursday,52755601,nan,Unknown,"(59.04, 73.42]"
London,2024-08-30,72.8,55.1,63.4,72.8,55.1,63.4,50.4,64.1,0.0,0.0,0.0,Unknown,0.0,0.0,16.1,9.6,64.4,1022.7,7.9,8.4,116.3,10.1,6,22.128353498158862,06:10:31,19:50:30,0.87,clear,Clear conditions throughout the day.,clear-day,"03680099999,D5621,03781099999,03672099999,03772099999,03770099999",London,"👕 T-shirt, jeans/skirt, light sneakers 🕶️ (Sunscreen & sunglasses)",Summer,6,19,0,August,2024-08-30,Friday,13943264,nan,Unknown,"(59.04, 73.42]"
London,2024-08-31,69.0,60.2,64.2,69.0,60.2,64.2,54.2,70.4,0.0,0.0,0.0,Unknown,0.0,0.0,25.3,15.2,61.4,1022.1,77.7,7.4,41.5,3.5,2,22.128353498158862,06:12:07,19:48:17,0.91,partially cloudy,Partly cloudy throughout the day.,partly-cloudy-day,"D5621,03781099999,03672099999,03772099999,03770099999",London,"👕 T-shirt, jeans/skirt, light sneakers",Summer,6,19,0,August,2024-08-31,Saturday,25419345,afrobeat,afrobeats,"(59.04, 73.42]"
London,2024-09-02,70.1,65.9,68.0,70.1,65.9,68.0,63.1,84.7,0.008,100.0,4.17,rain,0.0,0.0,18.3,12.6,193.0,1010.2,81.2,7.0,37.5,3.3,2,22.128353498158862,06:15:18,19:43:50,0.98,"rain, partially cloudy",Partly cloudy throughout the day with afternoon rain.,rain,"03680099999,D5621,03781099999,03672099999,03772099999,03770099999",London,"👕 T-shirt, jeans/skirt, light sneakers ☔ (Umbrella recommended)",Autumn,6,19,0,September,2024-09-02,Monday,59263908,afrobeat,afrobeats,"(59.04, 73.42]"
London,2024-09-03,74.5,62.7,66.7,74.5,62.7,66.7,59.2,77.9,0.016,100.0,8.33,rain,0.0,0.0,20.8,13.1,259.5,1012.5,88.4,11.3,84.0,7.2,8,22.128353498158862,06:16:54,19:41:35,0.0,"rain, partially cloudy",Partly cloudy throughout the day with early morning rain.,rain,"D5621,03781099999,03672099999,03772099999,03770099999",London,"👕 T-shirt, jeans/skirt, light sneakers ☔ (Umbrella recommended) 🕶️ (Sunscreen & sunglasses)",Autumn,6,19,0,September,2024-09-03,Tuesday,46584574,afrobeats,afrobeats,"(59.04, 73.42]"
London,2024-09-04,66.5,57.4,63.2,66.5,57.4,63.2,52.3,68.4,0.0,0.0,0.0,Unknown,0.0,0.0,13.9,8.9,349.9,1016.6,69.1,12.2,90.4,7.9,5,22.128353498158862,06:18:29,19:39:20,0.05,partially cloudy,Partly cloudy throughout the day.,partly-cloudy-day,"D5621,03781099999,03672099999,03772099999,03770099999",London,"👕 T-shirt, jeans/skirt, light sneakers",Autumn,6,19,0,September,2024-09-04,Wednesday,77164392,nan,Unknown,"(59.04, 73.42]"
London,2024-09-05,67.2,57.5,62.4,67.2,57.5,62.4,59.4,90.1,0.417,100.0,37.5,rain,0.0,0.0,26.4,17.0,32.7,1012.4,92.4,5.4,17.4,1.6,1,22.128353498158862,06:20:05,19:37:05,0.08,"rain, overcast",Cloudy skies throughout the day with a chance of rain throughout the day.,rain,"03680099999,D5621,03781099999,03672099999,03772099999,03770099999",London,"🧶 Hoodie or light jacket, jeans ☔ (Umbrella recommended)",Autumn,6,19,0,September,2024-09-05,Thursday,37219369,nan,Unknown,"(59.04, 73.42]"
London,2024-09-06,66.5,60.2,63.8,66.5,60.2,63.8,62.0,93.8,0.009,100.0,8.33,rain,0.0,0.0,15.0,9.3,246.6,1010.1,91.8,5.0,38.7,3.5,2,22.128353498158862,06:21:40,19:34:49,0.11,"rain, overcast",Cloudy skies throughout the day with rain.,rain,"D5621,03781099999,03672099999,03772099999,03770099999",London,"👕 T-shirt, jeans/skirt, light sneakers ☔ (Umbrella recommended)",Autumn,6,19,0,September,2024-09-06,Friday,34208241,nan,Unknown,"(59.04, 73.42]"
London,2024-09-07,69.5,56.9,63.0,69.5,56.9,63.0,58.5,85.9,0.0,0.0,0.0,Unknown,0.0,0.0,9.2,4.5,49.2,1009.6,60.2,9.4,46.4,3.9,2,22.128353498158862,06:23:16,19:32:33,0.15,partially cloudy,Partly cloudy throughout the day.,partly-cloudy-day,"D5621,03781099999,03672099999,03772099999,03770099999",London,"🧶 Hoodie or light jacket, jeans",Autumn,6,19,0,September,2024-09-07,Saturday,14201087,afrobeat,afrobeats,"(59.04, 73.42]"
London,2024-09-08,69.0,56.9,62.8,69.0,56.9,62.8,58.3,86.0,0.338,100.0,16.67,rain,0.0,0.0,17.2,9.2,180.2,1004.0,66.5,12.6,67.4,5.9,4,22.128353498158862,06:24:51,19:30:16,0.18,"rain, partially cloudy",Partly cloudy throughout the day with rain.,rain,"03769099999,03680099999,D5621,03781099999,03672099999,03772099999,03770099999",London,"🧶 Hoodie or light jacket, jeans ☔ (Umbrella recommended)",Autumn,6,19,0,September,2024-09-08,Sunday,1284607,afrobeat,afrobeats,"(59.04, 73.42]"
London,2024-09-09,63.2,54.8,60.0,63.2,54.8,60.0,52.9,78.2,0.008,100.0,4.17,rain,0.0,0.0,24.6,14.8,299.0,1010.0,76.5,17.2,49.2,4.3,3,22.128353498158862,06:26:27,19:27:59,0.21,"rain, partially cloudy",Partly cloudy throughout the day with morning rain.,rain,"03769099999,03680099999,D5621,03781099999,03672099999,03772099999,03770099999",London,"🧶 Hoodie or light jacket, jeans ☔ (Umbrella recommended)",Autumn,6,19,0,September,2024-09-09,Monday,42847464,afrobeat,afrobeats,"(59.04, 73.42]"
London,2024-09-10,66.3,50.6,57.8,66.3,50.6,57.8,51.1,79.0,0.072,100.0,20.83,rain,0.0,0.0,23.9,18.0,245.3,1008.8,73.6,9.6,45.5,3.8,3,22.128353498158862,06:28:02,19:25:42,0.25,"rain, partially cloudy",Partly cloudy throughout the day with rain.,rain,"03769099999,03680099999,D5621,03781099999,03672099999,03772099999,03770099999",London,"🧶 Hoodie or light jacket, jeans ☔ (Umbrella recommended)",Autumn,6,19,0,September,2024-09-10,Tuesday,58763451,nan,Unknown,"(44.66, 59.04]"
London,2024-09-11,61.4,47.6,52.3,61.4,43.3,50.7,43.8,74.1,0.031,100.0,4.17,rain,0.0,0.0,24.2,17.9,278.4,1009.5,33.0,15.1,101.9,8.9,5,22.128353498158862,06:29:38,19:23:24,0.25,"rain, partially cloudy",Partly cloudy throughout the day with afternoon rain.,rain,"03769099999,03680099999,D5621,03781099999,03672099999,03768099999,03772099999,03770099999",London,"🧶 Hoodie or light jacket, jeans ☔ (Umbrella recommended)",Autumn,6,19,0,September,2024-09-11,Wednesday,9505925,afrobeat,afrobeats,"(44.66, 59.04]"
London,2024-09-12,59.6,44.0,51.3,59.6,39.8,49.6,41.4,70.4,0.0,0.0,0.0,Unknown,0.0,0.0,18.1,11.9,306.0,1016.2,21.7,17.2,112.0,9.6,6,22.128353498158862,06:31:13,19:21:07,0.31,partially cloudy,Becoming cloudy in the afternoon.,partly-cloudy-day,"03769099999,03680099999,D5621,03768399999,03781099999,03672099999,03768099999,03684099999,EGLC,03772099999,03770099999",London,"🧶 Hoodie or light jacket, jeans 🕶️ (Sunscreen & sunglasses)",Autumn,6,19,0,September,2024-09-12,Thursday,14931394,afrobeat,afrobeats,"(44.66, 59.04]"
London,2024-09-13,61.1,43.1,52.7,61.1,40.0,52.1,39.4,63.2,0.0,0.0,0.0,Unknown,0.0,0.0,19.7,6.7,310.9,1027.9,26.0,10.9,103.8,8.8,6,22.128353498158862,06:32:49,19:18:49,0.35,partially cloudy,Becoming cloudy in the afternoon.,partly-cloudy-day,"03769099999,EGWU,03680099999,EGLL,D5621,03781099999,03672099999,03768099999,EGLC,03772099999,03770099999",London,"🧶 Hoodie or light jacket, jeans 🕶️ (Sunscreen & sunglasses)",Autumn,6,19,0,September,2024-09-13,Friday,33760764,afrobeats,afrobeats,"(44.66, 59.04]"
London,2024-09-14,67.4,43.4,55.0,67.4,43.4,55.0,44.4,70.4,0.0,0.0,0.0,Unknown,0.0,0.0,17.2,10.8,231.7,1030.4,12.3,15.1,108.6,9.5,6,22.128353498158862,06:34:25,19:16:31,0.38,clear,Clear conditions throughout the day.,clear-day,"03769099999,03680099999,D5621,03781099999,03672099999,03768099999,03684099999,03772099999,03770099999",London,"🧶 Hoodie or light jacket, jeans 🕶️ (Sunscreen & sunglasses)",Autumn,6,19,0,September,2024-09-14,Saturday,29909664,nan,Unknown,"(44.66, 59.04]"
London,2024-09-15,68.3,48.4,58.3,68.3,47.1,58.0,50.1,75.8,0.0,0.0,0.0,Unknown,0.0,0.0,15.8,11.5,243.7,1027.2,34.2,14.7,106.0,9.0,6,22.128353498158862,06:36:01,19:14:12,0.41,partially cloudy,Partly cloudy throughout the day.,partly-cloudy-day,"03769099999,03680099999,D5621,03781099999,03672099999,03768099999,03772099999,03770099999",London,"🧶 Hoodie or light jacket, jeans 🕶️ (Sunscreen & sunglasses)",Autumn,6,19,0,September,2024-09-15,Sunday,64464854,nan,Unknown,"(44.66, 59.04]"
London,2024-09-16,68.6,55.5,61.3,68.6,55.5,61.3,50.9,70.7,0.0,0.0,0.0,Unknown,0.0,0.0,14.2,9.5,27.1,1028.4,38.9,13.0,76.7,6.5,4,22.128353498158862,06:37:36,19:11:54,0.45,partially cloudy,Partly cloudy throughout the day.,partly-cloudy-day,"03769099999,03680099999,D5621,03781099999,03672099999,03768099999,03684099999,03772099999,03770099999",London,"🧶 Hoodie or light jacket, jeans",Autumn,6,19,0,September,2024-09-16,Monday,86777334,nan,Unknown,"(59.04, 73.42]"
London,2024-09-17,71.3,52.0,61.1,71.3,52.0,61.1,50.0,68.2,0.0,0.0,0.0,Unknown,0.0,0.0,20.2,12.1,47.7,1030.7,37.9,14.2,106.0,9.0,6,22.128353498158862,06:39:12,19:09:35,0.48,partially cloudy,Partly cloudy throughout the day.,partly-cloudy-day,"03769099999,03680099999,D5621,03781099999,03672099999,03772099999,03770099999",London,"🧶 Hoodie or light jacket, jeans 🕶️ (Sunscreen & sunglasses)",Autumn,6,19,0,September,2024-09-17,Tuesday,53664654,nan,Unknown,"(59.04, 73.42]"
London,2024-09-18,75.8,60.2,66.1,75.8,60.2,66.1,55.5,69.7,0.0,0.0,0.0,Unknown,0.0,0.0,23.0,13.2,49.2,1027.8,51.2,10.0,134.2,11.6,6,22.128353498158862,06:40:48,19:07:17,0.5,partially cloudy,Partly cloudy throughout the day.,partly-cloudy-day,"03769099999,03680099999,D5621,03781099999,03672099999,03772099999,03770099999",London,"👕 T-shirt, jeans/skirt, light sneakers 🕶️ (Sunscreen & sunglasses)",Autumn,6,19,0,September,2024-09-18,Wednesday,106143751,afrobeats,afrobeats,"(59.04, 73.42]"
London,2024-09-19,78.0,61.4,67.5,78.0,61.4,67.5,57.4,72.1,0.0,0.0,0.0,Unknown,0.0,0.0,24.2,16.8,48.4,1024.3,51.4,6.7,58.9,5.0,4,22.128353498158862,06:42:24,19:04:58,0.55,partially cloudy,Clearing in the afternoon.,partly-cloudy-day,"03769099999,03680099999,D5621,03781099999,03672099999,03768099999,03772099999,03770099999",London,"👕 T-shirt, jeans/skirt, light sneakers",Autumn,6,19,0,September,2024-09-19,Thursday,43021872,nan,Unknown,"(59.04, 73.42]"
London,2024-09-20,74.0,60.9,65.8,74.0,60.9,65.8,55.9,71.4,0.0,0.0,0.0,Unknown,0.0,0.0,20.0,13.8,52.3,1020.8,58.6,6.3,43.3,3.6,2,22.128353498158862,06:44:00,19:02:40,0.58,partially cloudy,Partly cloudy throughout the day.,partly-cloudy-day,"03769099999,03680099999,D5621,03781099999,03672099999,03768099999,03772099999,03770099999",London,"👕 T-shirt, jeans/skirt, light sneakers",Autumn,6,19,0,September,2024-09-20,Friday,34295665,gregorian chant,gregorian chant,"(59.04, 73.42]"
London,2024-09-21,75.3,60.2,66.6,75.3,60.2,66.6,58.1,75.6,0.0,0.0,0.0,Unknown,0.0,0.0,13.6,8.7,76.0,1017.3,54.9,7.7,63.6,5.5,3,22.128353498158862,06:45:37,19:00:21,0.61,partially cloudy,Partly cloudy throughout the day.,partly-cloudy-day,"03769099999,03680099999,D5621,03781099999,03672099999,03772099999,03770099999",London,"👕 T-shirt, jeans/skirt, light sneakers",Autumn,6,19,0,September,2024-09-21,Saturday,65576748,afrobeat,afrobeats,"(59.04, 73.42]"
London,2024-09-22,69.0,61.4,64.5,69.0,61.4,64.5,61.5,90.0,0.715,100.0,41.67,rain,0.0,0.0,12.8,8.5,99.9,1011.6,88.8,5.6,52.9,4.6,2,22.128353498158862,06:47:13,18:58:03,0.65,"rain, partially cloudy",Partly cloudy throughout the day with a chance of rain throughout the day.,rain,"03769099999,03680099999,D5621,03781099999,03672099999,03772099999,03770099999",London,"👕 T-shirt, jeans/skirt, light sneakers ☔ (Umbrella recommended)",Autumn,6,18,0,September,2024-09-22,Sunday,66792942,afrobeat,afrobeats,"(59.04, 73.42]"
London,2024-09-23,66.4,60.1,62.6,66.4,60.1,62.6,58.0,85.7,1.012,100.0,41.67,rain,0.0,0.0,20.8,15.2,227.6,1003.9,91.5,7.7,54.0,4.9,2,22.128353498158862,06:48:50,18:55:44,0.68,"rain, overcast",Cloudy skies throughout the day with a chance of rain throughout the day.,rain,"03769099999,03680099999,D5621,03781099999,03672099999,03772099999,03770099999",London,"🧶 Hoodie or light jacket, jeans ☔ (Umbrella recommended)",Autumn,6,18,0,September,2024-09-23,Monday,15045880,nan,Unknown,"(59.04, 73.42]"
London,2024-09-24,62.3,56.9,59.1,62.3,56.9,59.1,52.4,79.1,0.023,100.0,4.17,rain,0.0,0.0,18.1,10.7,280.3,1003.1,96.4,9.9,37.3,3.1,2,22.128353498158862,06:50:26,18:53:26,0.75,"rain, overcast",Cloudy skies throughout the day with early morning rain.,rain,"03769099999,EGWU,03680099999,EGLL,D5621,03781099999,03672099999,03768099999,EGLC,03772099999,03770099999",London,"🧶 Hoodie or light jacket, jeans ☔ (Umbrella recommended)",Autumn,6,18,0,September,2024-09-24,Tuesday,46259998,nan,Unknown,"(59.04, 73.42]"
London,2024-09-25,62.0,51.5,57.2,62.0,51.5,57.2,51.6,82.2,0.228,100.0,20.83,rain,0.0,0.0,19.7,9.6,189.3,998.5,90.4,12.0,44.4,3.9,3,22.128353498158862,06:52:03,18:51:08,0.75,"rain, overcast",Cloudy skies throughout the day with rain.,rain,"03769099999,03680099999,D5621,03781099999,03672099999,03772099999,03770099999",London,"🧶 Hoodie or light jacket, jeans ☔ (Umbrella recommended)",Autumn,6,18,0,September,2024-09-25,Wednesday,89417779,nan,afrobeats,"(44.66, 59.04]"
London,2024-09-26,63.7,55.1,58.1,63.7,55.1,58.1,54.5,88.1,0.513,100.0,50.0,rain,0.0,0.0,34.7,17.5,218.0,986.7,76.1,11.3,52.2,4.6,3,22.128353498158862,06:53:40,18:48:50,0.78,"rain, partially cloudy",Partly cloudy throughout the day with a chance of rain throughout the day.,rain,"03769099999,03680099999,D5621,03781099999,03672099999,03768099999,03772099999,03770099999",London,"🧶 Hoodie or light jacket, jeans ☔ (Umbrella recommended)",Autumn,6,18,0,September,2024-09-26,Thursday,76203706,new age,gregorian chant,"(44.66, 59.04]"
London,2024-09-27,56.4,48.8,52.9,56.4,44.7,52.4,45.9,77.6,0.417,100.0,29.17,rain,0.0,0.0,21.9,13.6,307.7,1000.7,69.7,11.2,17.8,1.3,1,22.128353498158862,06:55:18,18:46:32,0.82,"rain, partially cloudy",Partly cloudy throughout the day with a chance of rain throughout the day.,rain,"03769099999,03680099999,D5621,03781099999,03672099999,03772099999,03770099999",London,"🧶 Hoodie or light jacket, jeans ☔ (Umbrella recommended)",Autumn,6,18,0,September,2024-09-27,Friday,83766532,nan,afrobeats,"(44.66, 59.04]"
London,2024-09-28,59.3,40.4,49.6,59.3,38.2,48.5,40.7,73.6,0.0,0.0,0.0,Unknown,0.0,0.0,17.2,10.1,286.9,1022.9,18.9,16.2,55.5,5.1,3,22.128353498158862,06:56:55,18:44:15,0.85,clear,Clear conditions throughout the day.,clear-day,"03769099999,EGWU,EGLL,03768399999,03781099999,03672099999,03768099999,03684099999,03772099999,03680099999,D5621,EGLC,03770099999",London,"🧥 Coat or insulated jacket, boots",Autumn,6,18,0,September,2024-09-28,Saturday,24842095,nan,Unknown,"(44.66, 59.04]"
London,2024-09-29,58.7,43.1,51.5,58.7,43.1,51.4,44.0,76.7,0.008,100.0,4.17,rain,0.0,0.0,26.1,16.7,134.8,1019.8,61.6,14.6,46.7,4.2,3,22.128353498158862,06:58:33,18:41:58,0.89,"rain, partially cloudy",Partly cloudy throughout the day with late afternoon rain.,rain,"EGWU,03769099999,03680099999,D5621,03768399999,03672099999,03768099999,03684099999,03781099999,EGLC,03772099999,03770099999",London,"🧶 Hoodie or light jacket, jeans ☔ (Umbrella recommended)",Autumn,6,18,0,September,2024-09-29,Sunday,100472783,nan,afrobeats,"(44.66, 59.04]"
London,2024-09-30,62.8,52.8,57.4,62.8,52.8,57.4,53.5,87.5,0.199,100.0,37.5,rain,0.0,0.0,32.7,19.3,226.2,1002.3,96.8,11.3,37.1,3.2,2,22.128353498158862,07:00:11,18:39:41,0.92,"rain, overcast",Cloudy skies throughout the day with a chance of rain throughout the day.,rain,"03769099999,03680099999,D5621,03781099999,03672099999,03768099999,03684099999,EGLC,03772099999,03770099999",London,"🧶 Hoodie or light jacket, jeans ☔ (Umbrella recommended)",Autumn,7,18,0,September,2024-09-30,Monday,42987214,nan,afrobeats,"(44.66, 59.04]"
London,2024-10-01,56.9,53.3,54.9,56.9,53.3,54.9,51.2,87.4,0.55,100.0,33.33,rain,0.0,0.0,26.6,17.1,285.9,1007.3,95.0,12.8,25.5,2.2,1,22.128353498158862,07:01:49,18:37:24,0.95,"rain, overcast",Cloudy skies throughout the day with rain.,rain,"03769099999,03680099999,D5621,03781099999,03672099999,03768099999,03772099999,03770099999",London,"🧶 Hoodie or light jacket, jeans ☔ (Umbrella recommended)",Autumn,7,18,0,October,2024-10-01,Tuesday,51856217,afrobeat,afrobeats,"(44.66, 59.04]"
London,2024-10-02,64.4,56.0,58.0,64.4,56.0,58.0,53.1,84.3,0.078,100.0,12.5,rain,0.0,0.0,21.6,12.5,20.2,1013.1,89.4,8.9,42.7,3.8,2,22.128353498158862,07:03:27,18:35:08,0.0,"rain, partially cloudy",Partly cloudy throughout the day with rain.,rain,"03769099999,03680099999,D5621,03781099999,03672099999,03772099999,03770099999",London,"🧶 Hoodie or light jacket, jeans ☔ (Umbrella recommended)",Autumn,7,18,0,October,2024-10-02,Wednesday,72032203,nan,alté,"(44.66, 59.04]"
London,2024-10-03,60.5,49.7,53.9,60.5,49.7,53.9,46.5,76.3,0.0,0.0,0.0,Unknown,0.0,0.0,15.1,8.6,44.9,1021.0,55.3,12.4,37.8,3.2,2,22.128353498158862,07:05:06,18:32:52,0.02,partially cloudy,Partly cloudy throughout the day.,partly-cloudy-day,"03769099999,03680099999,D5621,03781099999,03672099999,03684099999,03772099999,03770099999",London,"🧶 Hoodie or light jacket, jeans",Autumn,7,18,0,October,2024-10-03,Thursday,59559292,nan,Unknown,"(44.66, 59.04]"
London,2024-10-04,61.4,43.9,51.8,61.4,43.9,51.8,45.2,80.3,0.008,100.0,4.17,rain,0.0,0.0,11.1,7.8,169.7,1021.2,28.5,12.9,63.4,5.4,4,22.128353498158862,07:06:44,18:30:36,0.06,"rain, partially cloudy",Partly cloudy throughout the day with morning rain.,rain,"03769099999,03680099999,D5621,03781099999,03672099999,03772099999,03770099999",London,"🧶 Hoodie or light jacket, jeans ☔ (Umbrella recommended)",Autumn,7,18,0,October,2024-10-04,Friday,103913319,nan,afrobeats,"(44.66, 59.04]"
London,2024-10-05,63.6,48.4,55.5,63.6,48.4,55.4,45.9,71.3,0.0,0.0,0.0,Unknown,0.0,0.0,16.7,11.2,136.9,1014.8,59.5,15.2,57.0,5.0,4,22.128353498158862,07:08:23,18:28:21,0.09,partially cloudy,Partly cloudy throughout the day.,partly-cloudy-day,"03769099999,03680099999,D5621,03781099999,03672099999,03768099999,03772099999,03770099999",London,"🧶 Hoodie or light jacket, jeans",Autumn,7,18,0,October,2024-10-05,Saturday,81419417,nan,Unknown,"(44.66, 59.04]"
London,2024-10-06,59.6,53.0,56.5,59.6,53.0,56.5,51.4,83.4,0.016,100.0,8.33,rain,0.0,0.0,19.4,11.0,141.1,1000.3,85.4,11.5,28.8,2.6,1,22.128353498158862,07:10:03,18:26:07,0.13,"rain, partially cloudy",Partly cloudy throughout the day with late afternoon rain.,rain,"03769099999,03680099999,D5621,03781099999,03672099999,03768099999,03772099999,03770099999",London,"🧶 Hoodie or light jacket, jeans ☔ (Umbrella recommended)",Autumn,7,18,0,October,2024-10-06,Sunday,27979680,nan,Unknown,"(44.66, 59.04]"
London,2024-10-07,67.3,52.1,58.8,67.3,52.1,58.8,53.9,84.5,0.047,100.0,8.33,rain,0.0,0.0,20.8,13.3,183.5,997.3,60.5,9.3,52.1,4.6,3,22.128353498158862,07:11:42,18:23:53,0.16,"rain, partially cloudy",Partly cloudy throughout the day with rain.,rain,"03769099999,03680099999,D5621,03781099999,03672099999,03772099999,03770099999",London,"🧶 Hoodie or light jacket, jeans ☔ (Umbrella recommended)",Autumn,7,18,0,October,2024-10-07,Monday,54552361,nan,afrobeats,"(44.66, 59.04]"
London,2024-10-08,65.0,54.8,59.0,65.0,54.8,59.0,54.9,87.3,0.355,100.0,41.67,rain,0.0,0.0,26.6,14.8,179.8,992.3,78.2,9.3,60.0,5.2,4,22.128353498158862,07:13:22,18:21:40,0.19,"rain, partially cloudy",Partly cloudy throughout the day with a chance of rain throughout the day.,rain,"03769099999,03680099999,D5621,03781099999,03672099999,03684099999,03772099999,03770099999",London,"🧶 Hoodie or light jacket, jeans ☔ (Umbrella recommended)",Autumn,7,18,0,October,2024-10-08,Tuesday,33265955,nan,Unknown,"(44.66, 59.04]"
London,2024-10-09,60.9,55.7,57.7,60.9,55.7,57.7,52.7,83.7,0.016,100.0,8.33,rain,0.0,0.0,22.8,10.8,262.5,987.1,92.5,13.4,33.1,2.8,1,22.128353498158862,07:15:03,18:19:27,0.23,"rain, overcast",Cloudy skies throughout the day with early morning rain.,rain,"03769099999,03680099999,D5621,03781099999,03672099999,03768099999,03772099999,03770099999",London,"🧶 Hoodie or light jacket, jeans ☔ (Umbrella recommended)",Autumn,7,18,0,October,2024-10-09,Wednesday,12055556,nan,afrobeats,"(44.66, 59.04]"
London,2024-10-10,56.4,47.5,51.8,56.4,45.8,51.5,43.6,73.9,0.016,100.0,8.33,rain,0.0,0.0,16.4,9.6,344.6,1004.7,70.2,11.5,40.7,3.5,2,22.128353498158862,07:16:43,18:17:14,0.25,"rain, partially cloudy",Partly cloudy throughout the day with morning rain.,rain,"03769099999,03680099999,D5621,03781099999,03672099999,03772099999,03770099999",London,"🧶 Hoodie or light jacket, jeans ☔ (Umbrella recommended)",Autumn,7,18,0,October,2024-10-10,Thursday,15424691,afrobeat,afrobeats,"(44.66, 59.04]"
London,2024-10-11,55.7,38.9,46.9,55.7,38.9,46.6,38.6,75.5,0.0,0.0,0.0,Unknown,0.0,0.0,10.9,5.9,220.4,1016.1,27.0,11.7,63.0,5.4,5,22.128353498158862,07:18:24,18:15:03,0.3,partially cloudy,Partly cloudy throughout the day.,partly-cloudy-day,"03769099999,03680099999,D5621,03781099999,03672099999,03768099999,03772099999,03770099999",London,"🧥 Coat or insulated jacket, boots",Autumn,7,18,0,October,2024-10-11,Friday,10066893,afrobeat,afrobeats,"(44.66, 59.04]"
London,2024-10-12,59.3,47.0,52.3,59.3,43.2,51.1,45.1,76.3,0.024,100.0,4.17,rain,0.0,0.0,18.9,13.2,216.3,1008.5,61.2,16.3,35.1,3.1,2,22.128353498158862,07:20:05,18:12:52,0.33,"rain, partially cloudy",Partly cloudy throughout the day with afternoon rain.,rain,"03769099999,03680099999,D5621,03781099999,03672099999,03772099999,03770099999",London,"🧶 Hoodie or light jacket, jeans ☔ (Umbrella recommended)",Autumn,7,18,0,October,2024-10-12,Saturday,40185482,nan,Unknown,"(44.66, 59.04]"
London,2024-10-13,52.1,42.5,47.4,52.1,38.6,45.1,38.4,71.5,0.0,0.0,0.0,Unknown,0.0,0.0,19.1,10.8,266.5,1017.6,22.3,13.9,44.5,3.8,2,22.128353498158862,07:21:46,18:10:42,0.36,partially cloudy,Partly cloudy throughout the day.,partly-cloudy-day,"03769099999,03680099999,D5621,03781099999,03672099999,03772099999,03770099999",London,"🧥 Coat or insulated jacket, boots",Autumn,7,18,0,October,2024-10-13,Sunday,29222358,nan,Unknown,"(44.66, 59.04]"
London,2024-10-14,53.9,47.4,50.9,53.9,43.6,49.7,47.7,88.9,0.339,100.0,33.33,rain,0.0,0.0,14.1,9.5,83.7,1015.0,94.6,7.9,16.2,1.4,1,22.128353498158862,07:23:28,18:08:32,0.4,"rain, overcast",Cloudy skies throughout the day with rain clearing later.,rain,"03769099999,03680099999,D5621,03781099999,03672099999,03772099999,03770099999",London,"🧶 Hoodie or light jacket, jeans ☔ (Umbrella recommended)",Autumn,7,18,0,October,2024-10-14,Monday,14732182,gospel,african gospel,"(44.66, 59.04]"
London,2024-10-15,63.8,52.4,56.8,63.8,52.4,56.8,53.7,89.4,0.008,100.0,4.17,rain,0.0,0.0,19.4,11.9,103.2,1013.6,87.2,6.3,31.6,2.7,2,22.128353498158862,07:25:10,18:06:24,0.43,"rain, partially cloudy",Partly cloudy throughout the day with late afternoon rain.,rain,"03769099999,03680099999,D5621,03781099999,03672099999,03772099999,03770099999",London,"🧶 Hoodie or light jacket, jeans ☔ (Umbrella recommended)",Autumn,7,18,0,October,2024-10-15,Tuesday,32440627,nan,Unknown,"(44.66, 59.04]"
London,2024-10-16,72.2,58.4,64.1,72.2,58.4,64.1,59.4,85.2,0.0,0.0,0.0,Unknown,0.0,0.0,23.9,12.6,149.5,1002.3,89.4,8.5,33.8,3.0,2,22.128353498158862,07:26:53,18:04:16,0.47,partially cloudy,Partly cloudy throughout the day.,partly-cloudy-day,"03769099999,03680099999,D5621,03781099999,03672099999,03772099999,03770099999",London,"👕 T-shirt, jeans/skirt, light sneakers",Autumn,7,18,0,October,2024-10-16,Wednesday,31647209,nan,Unknown,"(59.04, 73.42]"
London,2024-10-17,65.4,53.3,60.1,65.4,53.3,60.1,54.6,83.1,0.047,100.0,12.5,rain,0.0,0.0,14.7,10.0,228.4,1009.0,49.6,9.5,45.0,3.8,2,22.128353498158862,07:28:35,18:02:09,0.5,"rain, partially cloudy",Clearing in the afternoon with early morning rain.,rain,"03769099999,03680099999,D5621,03781099999,03672099999,03772099999,03770099999",London,"🧶 Hoodie or light jacket, jeans ☔ (Umbrella recommended)",Autumn,7,18,0,October,2024-10-17,Thursday,36496887,nan,Unknown,"(59.04, 73.42]"
Tokyo,2024-04-07,88.8,76.6,81.4,98.6,76.6,86.0,75.5,83.3,0.124,100.0,50.0,rain,0.0,0.0,15.4,6.5,220.5,1008.3,65.8,12.8,240.9,20.8,8,30.0,05:39:03,17:38:14,0.95,"rain, partially cloudy",Partly cloudy throughout the day with rain.,rain,remote,Tokyo,"🩳 Sleeveless, linen, sandals, drink water! ☔ (Umbrella recommended) 🕶️ (Sunscreen & sunglasses)",Spring,5,17,0,April,2024-04-07,Sunday,9134568,gregorian chant,gregorian chant,"(73.42, 87.8]"
Tokyo,2024-04-16,90.9,76.6,82.3,105.1,76.6,88.2,76.7,84.2,0.047,100.0,12.5,rain,0.0,0.0,14.8,4.9,178.9,1010.8,48.9,14.5,238.9,20.6,8,60.0,05:38:31,17:34:08,0.25,"rain, partially cloudy",Partly cloudy throughout the day with afternoon rain.,rain,remote,Tokyo,"🩳 Sleeveless, linen, sandals, drink water! ☔ (Umbrella recommended) 🕶️ (Sunscreen & sunglasses)",Spring,5,17,0,April,2024-04-16,Tuesday,6901052,afropop,afrobeats,"(73.42, 87.8]"
Tokyo,2024-04-17,90.2,77.1,81.8,101.2,77.1,85.9,75.6,82.8,0.028,100.0,16.67,rain,0.0,0.0,19.2,6.0,174.5,1010.0,79.1,14.5,219.0,18.9,8,30.0,05:38:29,17:33:43,0.28,"rain, partially cloudy",Partly cloudy throughout the day with afternoon rain.,rain,remote,Tokyo,"🩳 Sleeveless, linen, sandals, drink water! ☔ (Umbrella recommended) 🕶️ (Sunscreen & sunglasses)",Spring,5,17,0,April,2024-04-17,Wednesday,3566462,gregorian chant,gregorian chant,"(73.42, 87.8]"
Tokyo,2024-04-19,89.5,75.5,80.6,102.6,75.5,84.2,75.7,85.6,0.446,100.0,41.67,rain,0.0,0.0,17.0,3.8,249.5,1009.0,77.6,12.8,202.1,17.5,8,30.0,05:38:26,17:32:54,0.34,"rain, partially cloudy",Partly cloudy throughout the day with rain.,rain,remote,Tokyo,"🩳 Sleeveless, linen, sandals, drink water! ☔ (Umbrella recommended) 🕶️ (Sunscreen & sunglasses)",Spring,5,17,0,April,2024-04-19,Friday,83157,nan,Unknown,"(73.42, 87.8]"
Tokyo,2024-04-21,88.4,76.7,81.1,101.3,76.7,85.9,76.7,87.1,1.241,100.0,54.17,rain,0.0,0.0,16.1,6.5,230.6,1009.8,91.1,10.7,192.1,16.5,8,60.0,05:38:24,17:32:07,0.41,"rain, overcast",Cloudy skies throughout the day with rain.,rain,remote,Tokyo,"🩳 Sleeveless, linen, sandals, drink water! ☔ (Umbrella recommended) 🕶️ (Sunscreen & sunglasses)",Spring,5,17,0,April,2024-04-21,Sunday,24464890,nan,afrobeats,"(73.42, 87.8]"
Tokyo,2024-04-23,89.5,76.6,80.9,101.4,76.6,85.8,76.5,87.0,0.469,100.0,37.5,rain,0.0,0.0,12.8,4.0,207.2,1009.1,97.1,12.7,157.9,13.6,7,60.0,05:38:23,17:31:22,0.47,"rain, overcast",Cloudy skies throughout the day with rain.,rain,remote,Tokyo,"🩳 Sleeveless, linen, sandals, drink water! ☔ (Umbrella recommended) 🕶️ (Sunscreen & sunglasses)",Spring,5,17,0,April,2024-04-23,Tuesday,5926455,nan,trap latino,"(73.42, 87.8]"
Tokyo,2024-04-24,89.0,75.3,81.4,103.3,75.3,87.7,76.4,85.6,0.287,100.0,33.33,rain,0.0,0.0,11.0,2.9,318.5,1009.1,96.4,14.1,166.0,14.3,7,60.0,05:38:23,17:31:00,0.5,"rain, overcast",Cloudy skies throughout the day with rain.,rain,remote,Tokyo,"🩳 Sleeveless, linen, sandals, drink water! ☔ (Umbrella recommended) 🕶️ (Sunscreen & sunglasses)",Spring,5,17,0,April,2024-04-24,Wednesday,72917,german hip hop,Unknown,"(73.42, 87.8]"
Tokyo,2024-04-27,90.9,77.3,82.6,101.7,77.3,88.1,76.2,82.3,0.126,100.0,20.83,rain,0.0,0.0,14.3,4.7,29.1,1009.3,64.2,13.3,226.7,19.6,8,30.0,05:38:26,17:29:59,0.61,"rain, partially cloudy",Partly cloudy throughout the day with rain.,rain,remote,Tokyo,"🩳 Sleeveless, linen, sandals, drink water! ☔ (Umbrella recommended) 🕶️ (Sunscreen & sunglasses)",Spring,5,17,0,April,2024-04-27,Saturday,3712003,afrobeat,afrobeats,"(73.42, 87.8]"
Tokyo,2024-05-15,87.5,75.8,80.6,95.0,75.8,83.4,74.1,82.0,0.02,100.0,16.67,rain,0.0,0.0,12.5,4.7,186.1,1011.9,94.7,15.0,208.5,18.0,7,10.0,05:40:02,17:25:54,0.25,"rain, overcast",Cloudy skies throughout the day with rain in the morning and afternoon.,rain,remote,Tokyo,"🩳 Sleeveless, linen, sandals, drink water! ☔ (Umbrella recommended) 🕶️ (Sunscreen & sunglasses)",Spring,5,17,0,May,2024-05-15,Wednesday,12717790,afropiano,amapiano,"(73.42, 87.8]"
Tokyo,2024-05-18,88.8,73.5,80.4,96.2,73.5,83.7,74.4,83.5,0.0,0.0,0.0,Unknown,0.0,0.0,14.1,6.9,161.3,1010.0,66.0,15.0,222.9,19.1,8,10.0,05:40:31,17:25:36,0.33,partially cloudy,Partly cloudy throughout the day.,partly-cloudy-day,remote,Tokyo,"🩳 Sleeveless, linen, sandals, drink water! 🕶️ (Sunscreen & sunglasses)",Spring,5,17,0,May,2024-05-18,Saturday,187380,afrobeat,amapiano,"(73.42, 87.8]"
Tokyo,2024-05-21,87.5,70.1,78.7,93.4,70.1,80.8,72.2,82.3,0.0,0.0,0.0,Unknown,0.0,0.0,13.6,4.9,174.4,1009.6,40.4,15.0,229.5,19.8,8,10.0,05:41:04,17:25:24,0.42,partially cloudy,Clearing in the afternoon.,partly-cloudy-day,remote,Tokyo,"🩳 Shorts, tank top, hat, sunglasses 🕶️ (Sunscreen & sunglasses)",Spring,5,17,0,May,2024-05-21,Tuesday,5156666,nan,Unknown,"(73.42, 87.8]"
Tokyo,2024-05-22,88.1,72.4,79.8,94.3,72.4,82.6,73.0,81.6,0.0,0.0,0.0,rain,0.0,0.0,10.5,4.3,183.1,1009.6,71.1,14.9,209.9,18.2,8,10.0,05:41:15,17:25:22,0.46,partially cloudy,Partly cloudy throughout the day.,partly-cloudy-day,remote,Tokyo,"🩳 Shorts, tank top, hat, sunglasses 🕶️ (Sunscreen & sunglasses)",Spring,5,17,0,May,2024-05-22,Wednesday,27016841,nan,Unknown,"(73.42, 87.8]"
Tokyo,2024-05-23,88.8,75.8,80.5,100.1,75.8,84.0,75.4,85.7,0.183,100.0,54.17,rain,0.0,0.0,11.4,3.6,207.5,1009.8,82.7,13.4,174.5,15.0,7,10.0,05:41:27,17:25:20,0.5,"rain, partially cloudy",Partly cloudy throughout the day with rain.,rain,remote,Tokyo,"🩳 Sleeveless, linen, sandals, drink water! ☔ (Umbrella recommended) 🕶️ (Sunscreen & sunglasses)",Spring,5,17,0,May,2024-05-23,Thursday,13112254,nan,Unknown,"(73.42, 87.8]"
Tokyo,2024-05-24,89.3,76.2,81.2,98.7,76.2,85.3,75.6,84.4,0.213,100.0,45.83,rain,0.0,0.0,13.9,4.3,99.3,1009.8,68.1,10.2,165.6,14.4,7,10.0,05:41:39,17:25:19,0.52,"rain, partially cloudy",Partly cloudy throughout the day with rain.,rain,remote,Tokyo,"🩳 Sleeveless, linen, sandals, drink water! ☔ (Umbrella recommended) 🕶️ (Sunscreen & sunglasses)",Spring,5,17,0,May,2024-05-24,Friday,45898,nan,Unknown,"(73.42, 87.8]"
Tokyo,2024-06-09,89.0,74.7,80.4,97.5,74.7,83.7,74.3,82.8,0.032,100.0,25.0,rain,0.0,0.0,14.1,6.3,174.9,1011.9,49.1,14.5,187.7,16.1,7,30.0,05:45:23,17:26:30,0.09,"rain, partially cloudy",Partly cloudy throughout the day with rain in the morning and afternoon.,rain,remote,Tokyo,"🩳 Sleeveless, linen, sandals, drink water! ☔ (Umbrella recommended) 🕶️ (Sunscreen & sunglasses)",Summer,5,17,0,June,2024-06-09,Sunday,4303152,nan,Unknown,"(73.42, 87.8]"
Tokyo,2024-06-10,91.1,74.0,81.6,99.3,74.0,85.9,73.8,79.2,0.0,0.0,0.0,Unknown,0.0,0.0,13.6,3.6,163.7,1012.2,52.6,15.0,206.3,17.8,7,30.0,05:45:38,17:26:39,0.12,partially cloudy,Partly cloudy throughout the day.,partly-cloudy-day,remote,Tokyo,"🩳 Sleeveless, linen, sandals, drink water! 🕶️ (Sunscreen & sunglasses)",Summer,5,17,0,June,2024-06-10,Monday,68374076,nan,afrobeats,"(73.42, 87.8]"
Tokyo,2024-06-11,92.2,78.7,83.6,102.3,78.7,88.5,74.4,75.1,0.112,100.0,50.0,rain,0.0,0.0,12.5,2.9,150.6,1012.8,48.3,14.5,193.7,16.7,6,30.0,05:45:53,17:26:49,0.15,"rain, partially cloudy",Partly cloudy throughout the day with rain.,rain,remote,Tokyo,"🩳 Sleeveless, linen, sandals, drink water! ☔ (Umbrella recommended) 🕶️ (Sunscreen & sunglasses)",Summer,5,17,0,June,2024-06-11,Tuesday,2818864,nan,Unknown,"(73.42, 87.8]"
Tokyo,2024-06-12,90.6,75.5,81.2,98.8,75.5,84.3,74.2,80.7,0.135,100.0,58.33,rain,0.0,0.0,14.8,5.1,176.1,1013.5,81.0,14.2,196.6,16.9,7,30.0,05:46:07,17:26:59,0.18,"rain, partially cloudy",Partly cloudy throughout the day with a chance of rain throughout the day.,rain,remote,Tokyo,"🩳 Sleeveless, linen, sandals, drink water! ☔ (Umbrella recommended) 🕶️ (Sunscreen & sunglasses)",Summer,5,17,0,June,2024-06-12,Wednesday,35120269,nan,Unknown,"(73.42, 87.8]"
Tokyo,2024-06-17,91.5,73.3,82.2,95.7,73.3,84.9,70.7,70.7,0.0,0.0,0.0,Unknown,0.0,0.0,14.8,5.1,26.4,1011.3,41.9,15.0,201.7,17.5,7,30.0,05:47:19,17:27:55,0.34,partially cloudy,Becoming cloudy in the afternoon.,partly-cloudy-day,remote,Tokyo,"🩳 Sleeveless, linen, sandals, drink water! 🕶️ (Sunscreen & sunglasses)",Summer,5,17,0,June,2024-06-17,Monday,5648090,nan,Unknown,"(73.42, 87.8]"
Tokyo,2024-06-18,88.8,76.4,81.6,96.0,76.4,84.8,73.0,76.0,0.056,100.0,37.5,rain,0.0,0.0,16.1,7.8,172.1,1011.6,36.4,14.9,207.7,17.8,7,30.0,05:47:33,17:28:07,0.38,"rain, partially cloudy",Becoming cloudy in the afternoon with a chance of rain throughout the day.,rain,remote,Tokyo,"🩳 Sleeveless, linen, sandals, drink water! ☔ (Umbrella recommended) 🕶️ (Sunscreen & sunglasses)",Summer,5,17,0,June,2024-06-18,Tuesday,37802921,nan,Unknown,"(73.42, 87.8]"
Tokyo,2024-06-23,85.0,70.1,77.0,88.6,70.1,78.2,70.0,80.3,0.004,100.0,4.17,rain,0.0,0.0,20.6,9.2,164.3,1011.5,77.8,15.0,162.6,14.0,6,10.0,05:48:39,17:29:13,0.54,"rain, partially cloudy",Partly cloudy throughout the day with afternoon rain.,rain,remote,Tokyo,"🩳 Shorts, tank top, hat, sunglasses ☔ (Umbrella recommended) 🕶️ (Sunscreen & sunglasses)",Summer,5,17,0,June,2024-06-23,Sunday,1556124,nan,Unknown,"(73.42, 87.8]"
Tokyo,2024-06-24,86.1,73.5,79.2,91.8,73.5,81.2,71.1,77.2,0.024,100.0,12.5,rain,0.0,0.0,19.5,7.8,157.6,1011.0,75.6,15.0,176.7,15.4,7,10.0,05:48:51,17:29:26,0.58,"rain, partially cloudy",Partly cloudy throughout the day with afternoon rain.,rain,remote,Tokyo,"🩳 Shorts, tank top, hat, sunglasses ☔ (Umbrella recommended) 🕶️ (Sunscreen & sunglasses)",Summer,5,17,0,June,2024-06-24,Monday,569075,nan,Unknown,"(73.42, 87.8]"
Tokyo,2024-06-25,88.4,70.8,78.9,93.8,70.8,80.7,72.0,81.1,0.048,100.0,33.33,rain,0.0,0.0,14.3,6.9,174.7,1010.4,82.1,15.0,163.2,14.1,7,10.0,05:49:03,17:29:40,0.61,"rain, partially cloudy",Partly cloudy throughout the day with rain.,rain,remote,Tokyo,"🩳 Shorts, tank top, hat, sunglasses ☔ (Umbrella recommended) 🕶️ (Sunscreen & sunglasses)",Summer,5,17,0,June,2024-06-25,Tuesday,17757387,nan,Unknown,"(73.42, 87.8]"
Tokyo,2024-06-27,90.9,75.6,82.5,97.5,75.6,86.1,72.2,72.2,0.004,100.0,4.17,rain,0.0,0.0,16.6,6.3,26.5,1010.6,27.1,15.0,194.7,16.7,7,10.0,05:49:26,17:30:08,0.69,"rain, partially cloudy",Partly cloudy throughout the day with afternoon rain.,rain,remote,Tokyo,"🩳 Sleeveless, linen, sandals, drink water! ☔ (Umbrella recommended) 🕶️ (Sunscreen & sunglasses)",Summer,5,17,0,June,2024-06-27,Thursday,23492989,nan,Unknown,"(73.42, 87.8]"
Tokyo,2024-07-02,88.2,74.9,80.5,95.0,74.9,83.3,72.6,77.6,0.15,100.0,25.0,rain,0.0,0.0,17.4,7.2,163.5,1011.5,98.2,13.1,151.9,13.0,6,30.0,05:50:14,17:31:19,0.87,"rain, overcast",Cloudy skies throughout the day with afternoon rain.,rain,remote,Tokyo,"🩳 Sleeveless, linen, sandals, drink water! ☔ (Umbrella recommended) 🕶️ (Sunscreen & sunglasses)",Summer,5,17,0,July,2024-07-02,Tuesday,5028867,nan,Unknown,"(73.42, 87.8]"
Tokyo,2024-07-03,89.5,72.6,80.7,97.0,72.6,83.9,73.1,79.3,0.0,0.0,0.0,rain,0.0,0.0,22.8,8.3,167.0,1012.3,71.0,14.9,191.9,16.6,7,30.0,05:50:22,17:31:33,0.9,partially cloudy,Partly cloudy throughout the day.,partly-cloudy-day,remote,Tokyo,"🩳 Sleeveless, linen, sandals, drink water! 🕶️ (Sunscreen & sunglasses)",Summer,5,17,0,July,2024-07-03,Wednesday,21421387,nan,Unknown,"(73.42, 87.8]"
Tokyo,2024-07-04,85.9,75.5,78.4,93.5,75.5,80.1,74.0,86.8,0.528,100.0,58.33,rain,0.0,0.0,19.2,6.7,172.2,1012.3,95.6,13.0,112.9,9.9,5,10.0,05:50:30,17:31:47,0.94,"rain, overcast",Cloudy skies throughout the day with a chance of rain throughout the day.,rain,remote,Tokyo,"🩳 Shorts, tank top, hat, sunglasses ☔ (Umbrella recommended)",Summer,5,17,0,July,2024-07-04,Thursday,236858,afrobeat,afrobeat,"(73.42, 87.8]"
Tokyo,2024-07-12,86.6,67.9,76.4,88.5,67.9,77.1,67.3,76.0,0.0,0.0,0.0,Unknown,0.0,0.0,19.9,9.2,163.6,1011.1,75.4,15.0,215.0,18.6,8,10.0,05:51:09,17:33:34,0.2,partially cloudy,Partly cloudy throughout the day.,partly-cloudy-day,remote,Tokyo,"🩳 Shorts, tank top, hat, sunglasses 🕶️ (Sunscreen & sunglasses)",Summer,5,17,0,July,2024-07-12,Friday,3431049,afro soul,afrobeats,"(73.42, 87.8]"
Tokyo,2024-07-13,86.3,69.2,76.1,88.0,69.2,76.8,66.4,73.6,0.0,0.0,0.0,Unknown,0.0,0.0,25.7,11.2,174.9,1011.3,45.5,15.0,200.8,17.4,7,10.0,05:51:11,17:33:46,0.23,partially cloudy,Partly cloudy throughout the day.,partly-cloudy-day,remote,Tokyo,"🩳 Shorts, tank top, hat, sunglasses 🕶️ (Sunscreen & sunglasses)",Summer,5,17,0,July,2024-07-13,Saturday,2000346,afrobeat,afrobeats,"(73.42, 87.8]"
Tokyo,2024-07-16,86.1,67.4,76.6,88.2,67.4,77.3,67.0,73.9,0.0,0.0,0.0,Unknown,0.0,0.0,17.0,7.6,161.8,1011.3,29.2,15.0,202.1,17.4,8,10.0,05:51:13,17:34:22,0.33,partially cloudy,Becoming cloudy in the afternoon.,partly-cloudy-day,remote,Tokyo,"🩳 Shorts, tank top, hat, sunglasses 🕶️ (Sunscreen & sunglasses)",Summer,5,17,0,July,2024-07-16,Tuesday,24294864,nan,Unknown,"(73.42, 87.8]"
Tokyo,2024-07-17,88.2,68.6,78.2,89.8,68.6,79.1,67.7,72.8,0.0,0.0,0.0,Unknown,0.0,0.0,14.5,7.6,149.5,1011.2,44.2,15.0,217.6,18.8,8,10.0,05:51:12,17:34:33,0.36,partially cloudy,Becoming cloudy in the afternoon.,partly-cloudy-day,remote,Tokyo,"🩳 Shorts, tank top, hat, sunglasses 🕶️ (Sunscreen & sunglasses)",Summer,5,17,0,July,2024-07-17,Wednesday,20578334,nan,Unknown,"(73.42, 87.8]"
Tokyo,2024-07-21,87.9,65.4,76.2,89.9,65.4,76.9,66.6,74.7,0.0,0.0,0.0,Unknown,0.0,0.0,22.1,10.3,187.9,1013.5,38.0,15.0,233.2,20.4,8,10.0,05:51:01,17:35:14,0.5,partially cloudy,Partly cloudy throughout the day.,partly-cloudy-day,remote,Tokyo,"🩳 Shorts, tank top, hat, sunglasses 🕶️ (Sunscreen & sunglasses)",Summer,5,17,0,July,2024-07-21,Sunday,49577,nan,Unknown,"(73.42, 87.8]"
Tokyo,2024-07-22,86.6,67.4,76.5,88.7,67.4,77.4,67.6,75.7,0.0,0.0,0.0,Unknown,0.0,0.0,21.5,9.8,195.6,1013.8,39.9,15.0,209.0,18.2,8,10.0,05:50:56,17:35:24,0.53,partially cloudy,Becoming cloudy in the afternoon.,partly-cloudy-day,remote,Tokyo,"🩳 Shorts, tank top, hat, sunglasses 🕶️ (Sunscreen & sunglasses)",Summer,5,17,0,July,2024-07-22,Monday,20706130,nan,Unknown,"(73.42, 87.8]"
Tokyo,2024-07-23,87.5,69.0,77.6,90.4,69.0,78.7,68.8,76.5,0.0,0.0,0.0,Unknown,0.0,0.0,18.3,9.2,200.7,1012.9,67.4,15.0,200.5,17.2,7,10.0,05:50:51,17:35:33,0.56,partially cloudy,Partly cloudy throughout the day.,partly-cloudy-day,remote,Tokyo,"🩳 Shorts, tank top, hat, sunglasses 🕶️ (Sunscreen & sunglasses)",Summer,5,17,0,July,2024-07-23,Tuesday,33431348,nan,Unknown,"(73.42, 87.8]"
Tokyo,2024-07-24,86.4,70.4,77.1,88.8,70.4,78.0,68.8,77.5,0.0,0.0,0.0,rain,0.0,0.0,20.1,9.6,210.3,1011.3,65.1,15.0,210.7,18.2,8,10.0,05:50:45,17:35:41,0.6,partially cloudy,Partly cloudy throughout the day.,partly-cloudy-day,remote,Tokyo,"🩳 Shorts, tank top, hat, sunglasses 🕶️ (Sunscreen & sunglasses)",Summer,5,17,0,July,2024-07-24,Wednesday,70243414,new age,afrobeats,"(73.42, 87.8]"
Tokyo,2024-07-25,88.8,68.4,77.4,90.2,68.4,78.0,67.8,75.5,0.0,0.0,0.0,Unknown,0.0,0.0,18.8,8.9,202.5,1010.5,57.2,15.0,223.2,19.4,8,10.0,05:50:38,17:35:50,0.63,partially cloudy,Partly cloudy throughout the day.,partly-cloudy-day,remote,Tokyo,"🩳 Shorts, tank top, hat, sunglasses 🕶️ (Sunscreen & sunglasses)",Summer,5,17,0,July,2024-07-25,Thursday,28371406,nan,Unknown,"(73.42, 87.8]"
Tokyo,2024-07-29,87.3,69.7,77.0,89.5,69.7,77.8,69.0,78.6,0.0,0.0,0.0,Unknown,0.0,0.0,19.7,9.2,184.3,1011.3,39.8,15.0,202.9,17.5,7,10.0,05:50:02,17:36:18,0.78,partially cloudy,Partly cloudy throughout the day.,partly-cloudy-day,remote,Tokyo,"🩳 Shorts, tank top, hat, sunglasses 🕶️ (Sunscreen & sunglasses)",Summer,5,17,0,July,2024-07-29,Monday,18203440,nan,Unknown,"(73.42, 87.8]"
Tokyo,2024-07-30,87.9,69.0,77.7,91.7,69.0,79.1,70.2,80.0,0.004,100.0,4.17,rain,0.0,0.0,19.9,9.2,191.1,1012.8,36.0,15.0,222.9,19.2,8,10.0,05:49:51,17:36:24,0.81,"rain, partially cloudy",Partly cloudy throughout the day with afternoon rain.,rain,remote,Tokyo,"🩳 Shorts, tank top, hat, sunglasses ☔ (Umbrella recommended) 🕶️ (Sunscreen & sunglasses)",Summer,5,17,0,July,2024-07-30,Tuesday,26838790,nan,Unknown,"(73.42, 87.8]"
Tokyo,2024-07-31,88.6,71.0,78.9,93.6,71.0,80.9,71.6,80.5,0.0,0.0,0.0,Unknown,0.0,0.0,14.8,6.5,193.5,1013.6,51.0,15.0,201.3,17.4,7,10.0,05:49:40,17:36:30,0.85,partially cloudy,Partly cloudy throughout the day.,partly-cloudy-day,remote,Tokyo,"🩳 Shorts, tank top, hat, sunglasses 🕶️ (Sunscreen & sunglasses)",Summer,5,17,0,July,2024-07-31,Wednesday,25367192,nan,Unknown,"(73.42, 87.8]"
Tokyo,2024-08-02,87.2,72.9,79.0,94.0,72.9,81.5,72.7,82.4,0.08,100.0,54.17,rain,0.0,0.0,15.9,7.8,200.8,1012.7,84.1,14.5,194.4,16.7,7,10.0,05:49:15,17:36:39,0.92,"rain, partially cloudy",Partly cloudy throughout the day with rain.,rain,remote,Tokyo,"🩳 Shorts, tank top, hat, sunglasses ☔ (Umbrella recommended) 🕶️ (Sunscreen & sunglasses)",Summer,5,17,0,August,2024-08-02,Friday,24053611,nan,Unknown,"(73.42, 87.8]"
Tokyo,2024-08-05,88.8,68.8,77.3,90.7,68.8,78.3,69.1,79.1,0.0,0.0,0.0,Unknown,0.0,0.0,17.2,7.6,189.6,1012.5,61.7,15.0,261.7,22.6,9,10.0,05:48:31,17:36:51,0.02,partially cloudy,Partly cloudy throughout the day.,partly-cloudy-day,remote,Tokyo,"🩳 Shorts, tank top, hat, sunglasses 🕶️ (Sunscreen & sunglasses)",Summer,5,17,0,August,2024-08-05,Monday,164554,nan,Unknown,"(73.42, 87.8]"
Tokyo,2024-08-06,88.8,69.3,77.5,90.6,69.3,78.0,68.8,78.0,0.0,0.0,0.0,Unknown,0.0,0.0,19.7,8.9,178.7,1012.4,67.3,15.0,251.4,21.9,9,10.0,05:48:15,17:36:53,0.06,partially cloudy,Partly cloudy throughout the day.,partly-cloudy-day,remote,Tokyo,"🩳 Shorts, tank top, hat, sunglasses 🕶️ (Sunscreen & sunglasses)",Summer,5,17,0,August,2024-08-06,Tuesday,22950264,nan,Unknown,"(73.42, 87.8]"
Tokyo,2024-08-07,88.4,68.3,77.6,91.5,68.3,78.9,68.9,76.7,0.0,0.0,0.0,Unknown,0.0,0.0,16.6,7.4,173.5,1013.0,84.6,15.0,207.9,18.0,7,10.0,05:47:58,17:36:56,0.09,partially cloudy,Partly cloudy throughout the day.,partly-cloudy-day,remote,Tokyo,"🩳 Shorts, tank top, hat, sunglasses 🕶️ (Sunscreen & sunglasses)",Summer,5,17,0,August,2024-08-07,Wednesday,17088906,nan,Unknown,"(73.42, 87.8]"
Tokyo,2024-08-08,85.7,73.5,78.9,90.7,73.5,80.6,71.0,77.7,0.044,100.0,25.0,rain,0.0,0.0,21.5,9.4,164.4,1013.7,70.7,15.0,198.4,17.1,7,10.0,05:47:41,17:36:58,0.12,"rain, partially cloudy",Partly cloudy throughout the day with rain in the morning and afternoon.,rain,remote,Tokyo,"🩳 Shorts, tank top, hat, sunglasses ☔ (Umbrella recommended) 🕶️ (Sunscreen & sunglasses)",Summer,5,17,0,August,2024-08-08,Thursday,88462040,nan,afrobeats,"(73.42, 87.8]"
Tokyo,2024-08-09,87.5,72.9,78.9,91.4,72.9,80.2,70.2,76.2,0.0,0.0,0.0,Unknown,0.0,0.0,18.6,9.2,160.5,1012.5,45.3,15.0,196.7,16.9,7,10.0,05:47:23,17:36:59,0.15,partially cloudy,Becoming cloudy in the afternoon.,partly-cloudy-day,remote,Tokyo,"🩳 Shorts, tank top, hat, sunglasses 🕶️ (Sunscreen & sunglasses)",Summer,5,17,0,August,2024-08-09,Friday,25627423,nan,Unknown,"(73.42, 87.8]"
Tokyo,2024-08-10,87.5,71.7,78.1,91.1,71.7,79.4,70.1,78.2,0.0,0.0,0.0,Unknown,0.0,0.0,18.8,8.3,173.3,1011.6,55.6,15.0,217.0,18.7,8,10.0,05:47:04,17:37:00,0.19,partially cloudy,Partly cloudy throughout the day.,partly-cloudy-day,remote,Tokyo,"🩳 Shorts, tank top, hat, sunglasses 🕶️ (Sunscreen & sunglasses)",Summer,5,17,0,August,2024-08-10,Saturday,25566302,downtempo,organic house,"(73.42, 87.8]"
Tokyo,2024-08-12,86.8,64.8,75.2,85.6,64.8,75.0,62.2,67.6,0.0,0.0,0.0,Unknown,0.0,0.0,17.4,7.8,192.2,1011.7,28.2,15.0,280.8,24.2,10,10.0,05:46:24,17:37:00,0.25,partially cloudy,Partly cloudy throughout the day.,partly-cloudy-day,remote,Tokyo,"🩳 Shorts, tank top, hat, sunglasses 🕶️ (Sunscreen & sunglasses)",Summer,5,17,0,August,2024-08-12,Monday,4001423,nan,Unknown,"(73.42, 87.8]"
Tokyo,2024-08-13,88.6,64.8,75.9,90.4,64.8,76.6,66.5,75.5,0.0,0.0,0.0,Unknown,0.0,0.0,20.4,9.2,184.0,1012.3,22.7,15.0,250.4,21.6,9,10.0,05:46:03,17:37:00,0.29,partially cloudy,Becoming cloudy in the afternoon.,partly-cloudy-day,remote,Tokyo,"🩳 Shorts, tank top, hat, sunglasses 🕶️ (Sunscreen & sunglasses)",Summer,5,17,0,August,2024-08-13,Tuesday,33325797,nan,Unknown,"(73.42, 87.8]"
Tokyo,2024-08-14,88.2,68.6,76.6,90.8,68.6,77.5,68.1,77.2,0.0,0.0,0.0,Unknown,0.0,0.0,20.1,9.4,171.7,1011.6,30.9,15.0,239.0,20.6,9,10.0,05:45:42,17:36:59,0.32,partially cloudy,Becoming cloudy in the afternoon.,partly-cloudy-day,remote,Tokyo,"🩳 Shorts, tank top, hat, sunglasses 🕶️ (Sunscreen & sunglasses)",Summer,5,17,0,August,2024-08-14,Wednesday,10617659,nan,Unknown,"(73.42, 87.8]"
Tokyo,2024-08-17,88.6,66.5,75.7,90.6,66.5,76.4,67.7,79.0,0.0,0.0,0.0,Unknown,0.0,0.0,20.1,8.7,195.4,1011.8,25.7,15.0,263.0,22.8,9,10.0,05:44:33,17:36:54,0.42,partially cloudy,Partly cloudy throughout the day.,partly-cloudy-day,remote,Tokyo,"🩳 Shorts, tank top, hat, sunglasses 🕶️ (Sunscreen & sunglasses)",Summer,5,17,0,August,2024-08-17,Saturday,20635988,nan,Unknown,"(73.42, 87.8]"
Tokyo,2024-08-19,88.6,67.9,75.9,92.1,67.9,76.8,67.9,78.5,0.0,0.0,0.0,Unknown,0.0,0.0,21.0,9.6,188.5,1011.7,60.0,15.0,263.1,22.8,9,10.0,05:43:45,17:36:49,0.48,partially cloudy,Partly cloudy throughout the day.,partly-cloudy-day,remote,Tokyo,"🩳 Shorts, tank top, hat, sunglasses 🕶️ (Sunscreen & sunglasses)",Summer,5,17,0,August,2024-08-19,Monday,34505323,nan,Unknown,"(73.42, 87.8]"
Tokyo,2024-08-20,88.1,66.8,76.1,91.0,66.8,77.0,67.5,77.5,0.0,0.0,0.0,Unknown,0.0,0.0,17.7,7.8,197.3,1012.3,22.9,15.0,273.5,23.7,9,10.0,05:43:19,17:36:45,0.5,partially cloudy,Clearing in the afternoon.,partly-cloudy-day,remote,Tokyo,"🩳 Shorts, tank top, hat, sunglasses 🕶️ (Sunscreen & sunglasses)",Summer,5,17,0,August,2024-08-20,Tuesday,23585990,nan,Unknown,"(73.42, 87.8]"
Tokyo,2024-08-21,88.4,68.4,77.3,92.1,68.4,78.6,68.7,77.1,0.0,0.0,0.0,Unknown,0.0,0.0,17.9,7.6,194.7,1012.8,26.7,15.0,243.5,21.1,8,10.0,05:42:54,17:36:42,0.55,partially cloudy,Partly cloudy throughout the day.,partly-cloudy-day,remote,Tokyo,"🩳 Shorts, tank top, hat, sunglasses 🕶️ (Sunscreen & sunglasses)",Summer,5,17,0,August,2024-08-21,Wednesday,25652505,nan,Unknown,"(73.42, 87.8]"
Tokyo,2024-08-23,89.5,69.5,77.3,91.4,69.5,78.1,67.7,74.9,0.0,0.0,0.0,Unknown,0.0,0.0,22.4,10.1,201.9,1013.9,81.6,15.0,242.6,21.0,9,10.0,05:42:01,17:36:33,0.62,partially cloudy,Partly cloudy throughout the day.,partly-cloudy-day,remote,Tokyo,"🩳 Shorts, tank top, hat, sunglasses 🕶️ (Sunscreen & sunglasses)",Summer,5,17,0,August,2024-08-23,Friday,42410757,organic house,brooklyn drill,"(73.42, 87.8]"
Tokyo,2024-08-24,87.9,70.1,77.1,90.3,70.1,78.0,69.2,79.2,0.0,0.0,0.0,Unknown,0.0,0.0,23.3,10.5,192.2,1013.8,47.8,15.0,235.7,20.3,8,10.0,05:41:33,17:36:28,0.66,partially cloudy,Partly cloudy throughout the day.,partly-cloudy-day,remote,Tokyo,"🩳 Shorts, tank top, hat, sunglasses 🕶️ (Sunscreen & sunglasses)",Summer,5,17,0,August,2024-08-24,Saturday,41677817,nan,Unknown,"(73.42, 87.8]"
Tokyo,2024-08-25,86.8,70.6,77.1,89.5,70.6,78.1,68.9,77.7,0.0,0.0,0.0,Unknown,0.0,0.0,24.6,10.7,182.9,1012.8,47.2,15.0,203.4,17.4,7,10.0,05:41:06,17:36:23,0.69,partially cloudy,Partly cloudy throughout the day.,partly-cloudy-day,remote,Tokyo,"🩳 Shorts, tank top, hat, sunglasses 🕶️ (Sunscreen & sunglasses)",Summer,5,17,0,August,2024-08-25,Sunday,12204583,afrobeat,afrobeat,"(73.42, 87.8]"
Tokyo,2024-08-26,88.1,70.4,77.7,91.9,70.4,79.1,69.8,78.5,0.0,0.0,0.0,Unknown,0.0,0.0,22.1,10.1,178.9,1012.3,44.3,15.0,228.2,19.7,8,10.0,05:40:37,17:36:18,0.75,partially cloudy,Becoming cloudy in the afternoon.,partly-cloudy-day,remote,Tokyo,"🩳 Shorts, tank top, hat, sunglasses 🕶️ (Sunscreen & sunglasses)",Summer,5,17,0,August,2024-08-26,Monday,14021693,nan,Unknown,"(73.42, 87.8]"
Tokyo,2024-08-27,87.2,70.2,77.2,89.4,70.2,78.1,69.0,77.9,0.0,0.0,0.0,Unknown,0.0,0.0,25.5,11.4,194.1,1013.4,95.2,15.0,242.9,21.1,9,10.0,05:40:09,17:36:12,0.76,overcast,Cloudy skies throughout the day.,cloudy,remote,Tokyo,"🩳 Shorts, tank top, hat, sunglasses 🕶️ (Sunscreen & sunglasses)",Summer,5,17,0,August,2024-08-27,Tuesday,8620713,nan,Unknown,"(73.42, 87.8]"
Tokyo,2024-08-28,87.5,69.9,76.7,90.2,69.9,77.7,68.8,78.5,0.004,100.0,4.17,rain,0.0,0.0,21.9,10.3,200.2,1013.0,86.9,14.8,272.0,23.4,10,10.0,05:39:40,17:36:06,0.79,"rain, partially cloudy",Partly cloudy throughout the day with afternoon rain.,rain,remote,Tokyo,"🩳 Shorts, tank top, hat, sunglasses ☔ (Umbrella recommended) 🕶️ (Sunscreen & sunglasses)",Summer,5,17,0,August,2024-08-28,Wednesday,44331838,nan,afrobeats,"(73.42, 87.8]"
Tokyo,2024-08-29,85.9,71.9,77.4,89.2,71.9,78.5,69.7,79.0,0.0,0.0,0.0,Unknown,0.0,0.0,22.8,10.3,196.2,1013.0,83.0,15.0,233.0,20.1,8,10.0,05:39:10,17:35:59,0.83,partially cloudy,Partly cloudy throughout the day.,partly-cloudy-day,remote,Tokyo,"🩳 Shorts, tank top, hat, sunglasses 🕶️ (Sunscreen & sunglasses)",Summer,5,17,0,August,2024-08-29,Thursday,52755601,nan,Unknown,"(73.42, 87.8]"
Tokyo,2024-08-30,89.1,70.4,77.3,90.2,70.4,78.0,68.4,77.3,0.0,0.0,0.0,Unknown,0.0,0.0,23.0,10.5,200.5,1012.9,89.0,15.0,269.3,23.2,9,10.0,05:38:40,17:35:53,0.86,partially cloudy,Partly cloudy throughout the day.,partly-cloudy-day,remote,Tokyo,"🩳 Shorts, tank top, hat, sunglasses 🕶️ (Sunscreen & sunglasses)",Summer,5,17,0,August,2024-08-30,Friday,13943264,nan,Unknown,"(73.42, 87.8]"
Tokyo,2024-08-31,88.2,70.1,77.4,90.2,70.1,78.2,68.1,75.6,0.0,0.0,0.0,Unknown,0.0,0.0,20.4,10.3,200.3,1012.1,61.6,15.0,234.2,20.2,9,10.0,05:38:10,17:35:46,0.9,partially cloudy,Partly cloudy throughout the day.,partly-cloudy-day,remote,Tokyo,"🩳 Shorts, tank top, hat, sunglasses 🕶️ (Sunscreen & sunglasses)",Summer,5,17,0,August,2024-08-31,Saturday,25419345,afrobeat,afrobeats,"(73.42, 87.8]"
Tokyo,2024-09-02,89.5,70.2,77.8,94.3,70.2,79.4,70.7,81.0,0.0,0.0,0.0,Unknown,0.0,0.0,22.1,10.1,200.1,1012.5,40.5,15.0,271.9,23.6,9,10.0,05:37:08,17:35:31,0.97,partially cloudy,Partly cloudy throughout the day.,partly-cloudy-day,remote,Tokyo,"🩳 Shorts, tank top, hat, sunglasses 🕶️ (Sunscreen & sunglasses)",Autumn,5,17,0,September,2024-09-02,Monday,59263908,afrobeat,afrobeats,"(73.42, 87.8]"
Tokyo,2024-09-03,87.2,69.7,77.3,89.7,69.7,78.2,69.0,78.0,0.0,0.0,0.0,Unknown,0.0,0.0,23.9,10.5,198.1,1012.8,46.3,15.0,258.2,22.3,9,10.0,05:36:37,17:35:24,0.0,partially cloudy,Partly cloudy throughout the day.,partly-cloudy-day,remote,Tokyo,"🩳 Shorts, tank top, hat, sunglasses 🕶️ (Sunscreen & sunglasses)",Autumn,5,17,0,September,2024-09-03,Tuesday,46584574,afrobeats,afrobeats,"(73.42, 87.8]"
Tokyo,2024-09-04,90.2,70.8,78.9,93.8,70.8,80.3,70.5,77.9,0.0,0.0,0.0,Unknown,0.0,0.0,20.1,8.9,202.7,1011.4,31.4,15.0,223.4,19.3,8,10.0,05:36:05,17:35:16,0.04,partially cloudy,Partly cloudy throughout the day.,partly-cloudy-day,remote,Tokyo,"🩳 Shorts, tank top, hat, sunglasses 🕶️ (Sunscreen & sunglasses)",Autumn,5,17,0,September,2024-09-04,Wednesday,77164392,nan,Unknown,"(73.42, 87.8]"
Tokyo,2024-09-05,87.7,72.4,78.9,95.7,72.4,81.3,72.4,81.6,0.075,100.0,16.67,rain,0.0,0.0,20.8,8.5,191.1,1011.4,62.9,15.0,221.8,19.0,8,10.0,05:35:33,17:35:08,0.07,"rain, partially cloudy",Partly cloudy throughout the day with afternoon rain.,rain,remote,Tokyo,"🩳 Shorts, tank top, hat, sunglasses ☔ (Umbrella recommended) 🕶️ (Sunscreen & sunglasses)",Autumn,5,17,0,September,2024-09-05,Thursday,37219369,nan,Unknown,"(73.42, 87.8]"
Tokyo,2024-09-06,90.8,72.2,79.7,94.6,72.2,81.1,69.7,73.8,0.0,0.0,0.0,Unknown,0.0,0.0,20.4,10.1,159.8,1011.8,77.9,15.0,271.8,23.6,10,10.0,05:35:01,17:35:00,0.1,partially cloudy,Partly cloudy throughout the day.,partly-cloudy-day,remote,Tokyo,"🩳 Shorts, tank top, hat, sunglasses 🕶️ (Sunscreen & sunglasses)",Autumn,5,17,0,September,2024-09-06,Friday,34208241,nan,Unknown,"(73.42, 87.8]"
Tokyo,2024-09-07,91.1,71.0,79.4,93.8,71.0,80.5,69.6,74.5,0.0,0.0,0.0,Unknown,0.0,0.0,24.2,10.7,158.7,1012.9,39.6,15.0,248.0,21.6,9,10.0,05:34:28,17:34:52,0.14,partially cloudy,Partly cloudy throughout the day.,partly-cloudy-day,remote,Tokyo,"🩳 Shorts, tank top, hat, sunglasses 🕶️ (Sunscreen & sunglasses)",Autumn,5,17,0,September,2024-09-07,Saturday,14201087,afrobeat,afrobeats,"(73.42, 87.8]"
Tokyo,2024-09-08,89.1,73.1,79.3,95.8,73.1,81.7,72.4,80.7,0.19,100.0,45.83,rain,0.0,0.0,19.0,7.8,182.3,1012.8,45.0,13.9,217.8,18.8,8,10.0,05:33:55,17:34:43,0.17,"rain, partially cloudy",Partly cloudy throughout the day with rain.,rain,remote,Tokyo,"🩳 Shorts, tank top, hat, sunglasses ☔ (Umbrella recommended) 🕶️ (Sunscreen & sunglasses)",Autumn,5,17,0,September,2024-09-08,Sunday,1284607,afrobeat,afrobeats,"(73.42, 87.8]"
Tokyo,2024-09-09,90.2,73.3,79.4,97.0,73.3,81.8,72.5,80.9,0.099,100.0,12.5,rain,0.0,0.0,18.8,7.6,196.5,1011.7,64.1,13.4,234.6,20.1,9,10.0,05:33:22,17:34:35,0.2,"rain, partially cloudy",Partly cloudy throughout the day with afternoon rain.,rain,remote,Tokyo,"🩳 Shorts, tank top, hat, sunglasses ☔ (Umbrella recommended) 🕶️ (Sunscreen & sunglasses)",Autumn,5,17,0,September,2024-09-09,Monday,42847464,afrobeat,afrobeats,"(73.42, 87.8]"
Tokyo,2024-09-10,86.3,74.0,79.4,92.8,74.0,82.0,72.7,81.0,0.155,100.0,70.83,rain,0.0,0.0,16.3,6.7,197.7,1011.8,82.3,13.1,192.3,16.5,7,10.0,05:32:49,17:34:26,0.24,"rain, partially cloudy",Partly cloudy throughout the day with a chance of rain throughout the day.,rain,remote,Tokyo,"🩳 Shorts, tank top, hat, sunglasses ☔ (Umbrella recommended) 🕶️ (Sunscreen & sunglasses)",Autumn,5,17,0,September,2024-09-10,Tuesday,58763451,nan,Unknown,"(73.42, 87.8]"
Tokyo,2024-09-11,89.7,73.7,80.2,94.1,73.7,82.2,71.6,76.8,0.036,100.0,12.5,rain,0.0,0.0,18.3,7.8,186.5,1012.7,44.0,15.0,222.1,19.0,7,10.0,05:32:16,17:34:17,0.25,"rain, partially cloudy",Partly cloudy throughout the day with rain clearing later.,rain,remote,Tokyo,"🩳 Sleeveless, linen, sandals, drink water! ☔ (Umbrella recommended) 🕶️ (Sunscreen & sunglasses)",Autumn,5,17,0,September,2024-09-11,Wednesday,9505925,afrobeat,afrobeats,"(73.42, 87.8]"
Tokyo,2024-09-12,90.9,70.6,79.3,93.0,70.6,80.4,69.2,74.5,0.0,0.0,0.0,Unknown,0.0,0.0,22.4,9.8,177.4,1012.8,68.6,15.0,276.4,23.9,10,10.0,05:31:43,17:34:08,0.3,partially cloudy,Partly cloudy throughout the day.,partly-cloudy-day,remote,Tokyo,"🩳 Shorts, tank top, hat, sunglasses 🕶️ (Sunscreen & sunglasses)",Autumn,5,17,0,September,2024-09-12,Thursday,14931394,afrobeat,afrobeats,"(73.42, 87.8]"
Tokyo,2024-09-13,91.1,70.1,79.4,93.1,70.1,80.5,69.2,74.3,0.0,0.0,0.0,rain,0.0,0.0,21.9,10.3,186.5,1012.2,21.6,15.0,288.3,24.9,10,10.0,05:31:09,17:33:59,0.34,partially cloudy,Partly cloudy throughout the day.,partly-cloudy-day,remote,Tokyo,"🩳 Shorts, tank top, hat, sunglasses 🕶️ (Sunscreen & sunglasses)",Autumn,5,17,0,September,2024-09-13,Friday,33760764,afrobeats,afrobeats,"(73.42, 87.8]"
Tokyo,2024-09-14,90.4,71.0,79.2,90.8,71.0,80.1,69.1,74.5,0.004,100.0,4.17,rain,0.0,0.0,19.0,8.5,196.5,1011.1,71.6,15.0,266.1,23.0,9,10.0,05:30:35,17:33:51,0.37,"rain, partially cloudy",Partly cloudy throughout the day with afternoon rain.,rain,remote,Tokyo,"🩳 Shorts, tank top, hat, sunglasses ☔ (Umbrella recommended) 🕶️ (Sunscreen & sunglasses)",Autumn,5,17,0,September,2024-09-14,Saturday,29909664,nan,Unknown,"(73.42, 87.8]"
Tokyo,2024-09-15,89.9,71.0,79.2,90.9,71.0,79.9,68.9,74.3,0.0,0.0,0.0,Unknown,0.0,0.0,20.6,9.6,183.0,1010.5,51.1,15.0,262.0,22.7,9,10.0,05:30:02,17:33:42,0.4,partially cloudy,Clearing in the afternoon.,partly-cloudy-day,remote,Tokyo,"🩳 Shorts, tank top, hat, sunglasses 🕶️ (Sunscreen & sunglasses)",Autumn,5,17,0,September,2024-09-15,Sunday,64464854,nan,Unknown,"(73.42, 87.8]"
Tokyo,2024-09-16,88.6,71.7,78.7,89.3,71.7,79.3,67.9,73.0,0.0,0.0,0.0,Unknown,0.0,0.0,23.7,10.1,199.8,1010.7,40.0,15.0,278.4,23.9,9,10.0,05:29:28,17:33:33,0.44,partially cloudy,Partly cloudy throughout the day.,partly-cloudy-day,remote,Tokyo,"🩳 Shorts, tank top, hat, sunglasses 🕶️ (Sunscreen & sunglasses)",Autumn,5,17,0,September,2024-09-16,Monday,86777334,nan,Unknown,"(73.42, 87.8]"
Tokyo,2024-09-17,89.5,70.1,78.2,89.1,70.1,78.3,66.4,71.7,0.0,0.0,0.0,Unknown,0.0,0.0,22.6,9.6,199.0,1009.6,65.4,15.0,289.3,24.9,10,10.0,05:28:54,17:33:24,0.47,partially cloudy,Partly cloudy throughout the day.,partly-cloudy-day,remote,Tokyo,"🩳 Shorts, tank top, hat, sunglasses 🕶️ (Sunscreen & sunglasses)",Autumn,5,17,0,September,2024-09-17,Tuesday,53664654,nan,Unknown,"(73.42, 87.8]"
Tokyo,2024-09-18,88.4,70.8,78.0,87.9,70.8,78.1,66.3,71.6,0.0,0.0,0.0,Unknown,0.0,0.0,23.3,9.4,202.0,1009.8,93.6,15.0,287.4,24.8,10,10.0,05:28:20,17:33:15,0.5,overcast,Cloudy skies throughout the day.,cloudy,remote,Tokyo,"🩳 Shorts, tank top, hat, sunglasses 🕶️ (Sunscreen & sunglasses)",Autumn,5,17,0,September,2024-09-18,Wednesday,106143751,afrobeats,afrobeats,"(73.42, 87.8]"
Tokyo,2024-09-19,90.1,69.2,78.2,90.6,69.2,78.7,67.2,72.9,0.0,0.0,0.0,Unknown,0.0,0.0,23.3,10.7,210.3,1009.5,64.2,15.0,303.1,26.2,10,10.0,05:27:46,17:33:06,0.54,partially cloudy,Clearing in the afternoon.,partly-cloudy-day,remote,Tokyo,"🩳 Shorts, tank top, hat, sunglasses 🕶️ (Sunscreen & sunglasses)",Autumn,5,17,0,September,2024-09-19,Thursday,43021872,nan,Unknown,"(73.42, 87.8]"
Tokyo,2024-09-20,92.7,69.5,79.8,95.0,69.5,80.9,68.4,72.0,0.0,0.0,0.0,Unknown,0.0,0.0,18.6,8.9,219.4,1009.5,40.7,15.0,302.1,26.1,10,10.0,05:27:12,17:32:57,0.57,partially cloudy,Clearing in the afternoon.,partly-cloudy-day,remote,Tokyo,"🩳 Shorts, tank top, hat, sunglasses 🕶️ (Sunscreen & sunglasses)",Autumn,5,17,0,September,2024-09-20,Friday,34295665,gregorian chant,gregorian chant,"(73.42, 87.8]"
Tokyo,2024-09-21,92.6,72.8,80.8,95.5,72.8,82.3,69.9,72.1,0.0,0.0,0.0,Unknown,0.0,0.0,20.4,8.9,212.6,1010.0,79.5,15.0,222.2,19.2,8,10.0,05:26:38,17:32:48,0.61,partially cloudy,Partly cloudy throughout the day.,partly-cloudy-day,remote,Tokyo,"🩳 Sleeveless, linen, sandals, drink water! 🕶️ (Sunscreen & sunglasses)",Autumn,5,17,0,September,2024-09-21,Saturday,65576748,afrobeat,afrobeats,"(73.42, 87.8]"
Tokyo,2024-09-22,94.2,75.3,83.0,99.7,75.3,85.9,71.7,71.2,0.0,0.0,0.0,Unknown,0.0,0.0,13.4,5.1,213.5,1010.2,89.6,15.0,248.8,21.4,9,30.0,05:26:05,17:32:40,0.64,partially cloudy,Partly cloudy throughout the day.,partly-cloudy-day,remote,Tokyo,"🩳 Sleeveless, linen, sandals, drink water! 🕶️ (Sunscreen & sunglasses)",Autumn,5,17,0,September,2024-09-22,Sunday,66792942,afrobeat,afrobeats,"(73.42, 87.8]"
Tokyo,2024-09-23,91.7,76.9,82.7,98.4,76.9,87.0,73.4,75.1,0.04,100.0,20.83,rain,0.0,0.0,13.4,2.7,20.2,1011.1,88.9,13.4,204.4,17.8,7,30.0,05:25:31,17:32:31,0.67,"rain, partially cloudy",Partly cloudy throughout the day with rain in the morning and afternoon.,rain,remote,Tokyo,"🩳 Sleeveless, linen, sandals, drink water! ☔ (Umbrella recommended) 🕶️ (Sunscreen & sunglasses)",Autumn,5,17,0,September,2024-09-23,Monday,15045880,nan,Unknown,"(73.42, 87.8]"
Tokyo,2024-09-24,90.6,75.8,81.3,98.6,75.8,83.9,73.0,76.8,0.323,100.0,20.83,rain,0.0,0.0,18.8,7.2,195.5,1011.3,73.9,13.1,185.1,15.7,7,30.0,05:24:57,17:32:23,0.71,"rain, partially cloudy",Partly cloudy throughout the day with rain.,rain,remote,Tokyo,"🩳 Sleeveless, linen, sandals, drink water! ☔ (Umbrella recommended) 🕶️ (Sunscreen & sunglasses)",Autumn,5,17,0,September,2024-09-24,Tuesday,46259998,nan,Unknown,"(73.42, 87.8]"
Tokyo,2024-09-25,90.9,73.7,80.3,96.7,73.7,83.0,72.5,78.9,0.366,100.0,58.33,rain,0.0,0.0,15.7,6.3,195.8,1011.5,72.4,14.0,221.7,19.2,8,30.0,05:24:24,17:32:15,0.75,"rain, partially cloudy",Partly cloudy throughout the day with rain.,rain,remote,Tokyo,"🩳 Sleeveless, linen, sandals, drink water! ☔ (Umbrella recommended) 🕶️ (Sunscreen & sunglasses)",Autumn,5,17,0,September,2024-09-25,Wednesday,89417779,nan,afrobeats,"(73.42, 87.8]"
Tokyo,2024-09-26,89.1,74.0,79.5,97.4,74.0,82.2,73.8,83.8,0.784,100.0,54.17,rain,0.0,0.0,17.2,6.3,191.7,1011.5,89.3,13.9,194.4,16.8,7,10.0,05:23:51,17:32:07,0.78,"rain, partially cloudy",Partly cloudy throughout the day with rain.,rain,remote,Tokyo,"🩳 Shorts, tank top, hat, sunglasses ☔ (Umbrella recommended) 🕶️ (Sunscreen & sunglasses)",Autumn,5,17,0,September,2024-09-26,Thursday,76203706,new age,gregorian chant,"(73.42, 87.8]"
Tokyo,2024-09-27,89.3,74.7,80.7,99.4,74.7,84.4,74.0,81.2,0.46,100.0,50.0,rain,0.0,0.0,15.9,6.0,195.5,1011.7,61.2,13.5,216.8,18.7,8,30.0,05:23:17,17:31:59,0.81,"rain, partially cloudy",Partly cloudy throughout the day with a chance of rain throughout the day.,rain,remote,Tokyo,"🩳 Sleeveless, linen, sandals, drink water! ☔ (Umbrella recommended) 🕶️ (Sunscreen & sunglasses)",Autumn,5,17,0,September,2024-09-27,Friday,83766532,nan,afrobeats,"(73.42, 87.8]"
Tokyo,2024-09-28,90.9,75.1,82.2,98.2,75.1,85.9,73.5,77.0,0.016,100.0,16.67,rain,0.0,0.0,14.3,6.7,164.7,1011.1,37.1,14.7,268.7,23.3,10,30.0,05:22:45,17:31:51,0.84,"rain, partially cloudy",Clearing in the afternoon with rain in the morning and afternoon.,rain,remote,Tokyo,"🩳 Sleeveless, linen, sandals, drink water! ☔ (Umbrella recommended) 🕶️ (Sunscreen & sunglasses)",Autumn,5,17,0,September,2024-09-28,Saturday,24842095,nan,Unknown,"(73.42, 87.8]"
Tokyo,2024-09-29,92.6,74.0,82.0,98.2,74.0,85.2,72.2,74.3,0.004,100.0,4.17,rain,0.0,0.0,14.5,6.3,161.2,1011.0,34.7,14.8,263.7,22.8,9,30.0,05:22:12,17:31:44,0.88,"rain, partially cloudy",Partly cloudy throughout the day with morning rain.,rain,remote,Tokyo,"🩳 Sleeveless, linen, sandals, drink water! ☔ (Umbrella recommended) 🕶️ (Sunscreen & sunglasses)",Autumn,5,17,0,September,2024-09-29,Sunday,100472783,nan,afrobeats,"(73.42, 87.8]"
Tokyo,2024-09-30,92.7,74.4,82.2,96.7,74.4,84.9,71.7,73.0,0.008,100.0,8.33,rain,0.0,0.0,14.5,5.6,167.1,1010.9,66.6,14.1,271.4,23.7,9,10.0,05:21:39,17:31:37,0.91,"rain, partially cloudy",Partly cloudy throughout the day with afternoon rain.,rain,remote,Tokyo,"🩳 Sleeveless, linen, sandals, drink water! ☔ (Umbrella recommended) 🕶️ (Sunscreen & sunglasses)",Autumn,5,17,0,September,2024-09-30,Monday,42987214,nan,afrobeats,"(73.42, 87.8]"
Tokyo,2024-10-01,89.7,74.7,80.7,97.2,74.7,83.9,73.3,79.6,0.032,100.0,20.83,rain,0.0,0.0,20.8,9.8,181.9,1010.9,98.0,14.1,255.8,22.3,9,30.0,05:21:07,17:31:30,0.95,"rain, overcast",Cloudy skies throughout the day with rain in the morning and afternoon.,rain,remote,Tokyo,"🩳 Sleeveless, linen, sandals, drink water! ☔ (Umbrella recommended) 🕶️ (Sunscreen & sunglasses)",Autumn,5,17,0,October,2024-10-01,Tuesday,51856217,afrobeat,afrobeats,"(73.42, 87.8]"
Tokyo,2024-10-02,90.6,73.7,80.3,95.2,73.7,82.3,71.1,75.6,0.052,100.0,20.83,rain,0.0,0.0,19.7,15.9,197.4,1011.0,77.2,15.0,234.0,20.2,9,30.0,05:20:35,17:31:23,0.98,"rain, partially cloudy",Partly cloudy throughout the day with rain.,rain,remote,Tokyo,"🩳 Sleeveless, linen, sandals, drink water! ☔ (Umbrella recommended) 🕶️ (Sunscreen & sunglasses)",Autumn,5,17,0,October,2024-10-02,Wednesday,72032203,nan,alté,"(73.42, 87.8]"
Tokyo,2024-10-03,89.3,76.2,81.2,93.1,76.2,83.3,71.2,73.1,0.004,100.0,4.17,rain,0.0,0.0,18.6,8.9,185.2,1011.4,93.3,15.0,268.0,23.2,9,30.0,05:20:04,17:31:17,0.0,"rain, overcast",Cloudy skies throughout the day with early morning rain.,rain,remote,Tokyo,"🩳 Sleeveless, linen, sandals, drink water! ☔ (Umbrella recommended) 🕶️ (Sunscreen & sunglasses)",Autumn,5,17,0,October,2024-10-03,Thursday,59559292,nan,Unknown,"(73.42, 87.8]"
Tokyo,2024-10-04,90.6,73.7,81.1,94.5,73.7,83.2,71.4,74.5,0.004,100.0,4.17,rain,0.0,0.0,18.1,8.1,176.6,1011.2,93.2,14.5,267.2,23.1,9,10.0,05:19:32,17:31:11,0.05,"rain, overcast",Cloudy skies throughout the day with afternoon rain.,rain,remote,Tokyo,"🩳 Sleeveless, linen, sandals, drink water! ☔ (Umbrella recommended) 🕶️ (Sunscreen & sunglasses)",Autumn,5,17,0,October,2024-10-04,Friday,103913319,nan,afrobeats,"(73.42, 87.8]"
Tokyo,2024-10-05,93.5,72.9,81.6,96.0,72.9,83.2,69.6,70.1,0.016,100.0,12.5,rain,0.0,0.0,11.6,14.5,197.4,1010.5,95.0,15.0,277.3,24.0,10,10.0,05:19:02,17:31:05,0.08,"rain, overcast",Cloudy skies throughout the day with rain.,rain,remote,Tokyo,"🩳 Sleeveless, linen, sandals, drink water! ☔ (Umbrella recommended) 🕶️ (Sunscreen & sunglasses)",Autumn,5,17,0,October,2024-10-05,Saturday,81419417,nan,Unknown,"(73.42, 87.8]"
Tokyo,2024-10-06,90.9,75.5,81.4,96.1,75.5,83.9,71.5,73.4,0.028,100.0,25.0,rain,0.0,0.0,16.1,8.1,180.8,1011.1,45.9,14.9,267.3,22.9,9,10.0,05:18:31,17:31:00,0.12,"rain, partially cloudy",Partly cloudy throughout the day with a chance of rain throughout the day.,rain,remote,Tokyo,"🩳 Sleeveless, linen, sandals, drink water! ☔ (Umbrella recommended) 🕶️ (Sunscreen & sunglasses)",Autumn,5,17,0,October,2024-10-06,Sunday,27979680,nan,Unknown,"(73.42, 87.8]"
Tokyo,2024-10-07,90.8,72.6,80.9,94.3,72.6,82.7,71.4,75.4,0.02,100.0,12.5,rain,0.0,0.0,21.5,10.3,168.0,1012.9,54.9,15.0,276.5,24.0,10,10.0,05:18:01,17:30:55,0.15,"rain, partially cloudy",Becoming cloudy in the afternoon with rain in the morning and afternoon.,rain,remote,Tokyo,"🩳 Sleeveless, linen, sandals, drink water! ☔ (Umbrella recommended) 🕶️ (Sunscreen & sunglasses)",Autumn,5,17,0,October,2024-10-07,Monday,54552361,nan,afrobeats,"(73.42, 87.8]"
Tokyo,2024-10-08,89.9,73.5,80.7,95.1,73.5,83.1,72.1,77.0,0.0,0.0,0.0,Unknown,0.0,0.0,20.4,8.9,170.8,1012.4,78.0,15.0,254.2,21.8,9,10.0,05:17:31,17:30:51,0.18,partially cloudy,Partly cloudy throughout the day.,partly-cloudy-day,remote,Tokyo,"🩳 Sleeveless, linen, sandals, drink water! 🕶️ (Sunscreen & sunglasses)",Autumn,5,17,0,October,2024-10-08,Tuesday,33265955,nan,Unknown,"(73.42, 87.8]"
Tokyo,2024-10-09,92.0,72.4,81.0,96.5,72.4,83.1,71.5,75.9,0.0,0.0,0.0,Unknown,0.0,0.0,19.7,9.2,181.2,1011.1,47.4,15.0,247.3,21.4,9,10.0,05:17:02,17:30:47,0.22,partially cloudy,Partly cloudy throughout the day.,partly-cloudy-day,remote,Tokyo,"🩳 Sleeveless, linen, sandals, drink water! 🕶️ (Sunscreen & sunglasses)",Autumn,5,17,0,October,2024-10-09,Wednesday,12055556,nan,afrobeats,"(73.42, 87.8]"
Tokyo,2024-10-10,93.3,73.1,81.7,98.6,73.1,84.9,72.7,76.8,0.016,100.0,12.5,rain,0.0,0.0,18.8,8.9,187.1,1010.5,63.8,15.0,275.7,23.9,9,10.0,05:16:33,17:30:43,0.25,"rain, partially cloudy",Partly cloudy throughout the day with afternoon rain.,rain,remote,Tokyo,"🩳 Sleeveless, linen, sandals, drink water! ☔ (Umbrella recommended) 🕶️ (Sunscreen & sunglasses)",Autumn,5,17,0,October,2024-10-10,Thursday,15424691,afrobeat,afrobeats,"(73.42, 87.8]"
Tokyo,2024-10-11,90.6,73.7,82.1,97.6,73.7,85.3,72.7,75.3,0.0,0.0,0.0,Unknown,0.0,0.0,15.4,6.3,166.2,1010.1,79.7,15.0,271.9,23.7,9,10.0,05:16:05,17:30:40,0.25,partially cloudy,Partly cloudy throughout the day.,partly-cloudy-day,remote,Tokyo,"🩳 Sleeveless, linen, sandals, drink water! 🕶️ (Sunscreen & sunglasses)",Autumn,5,17,0,October,2024-10-11,Friday,10066893,afrobeat,afrobeats,"(73.42, 87.8]"
Tokyo,2024-10-12,94.2,75.3,83.6,99.7,75.3,87.5,73.2,73.6,0.036,100.0,29.17,rain,0.0,0.0,17.9,8.3,171.2,1010.1,59.0,14.6,274.5,23.8,10,10.0,05:15:37,17:30:37,0.32,"rain, partially cloudy",Partly cloudy throughout the day with rain.,rain,remote,Tokyo,"🩳 Sleeveless, linen, sandals, drink water! ☔ (Umbrella recommended) 🕶️ (Sunscreen & sunglasses)",Autumn,5,17,0,October,2024-10-12,Saturday,40185482,nan,Unknown,"(73.42, 87.8]"
Tokyo,2024-10-13,98.9,75.6,84.5,100.4,75.6,86.6,69.9,66.3,0.048,100.0,20.83,rain,0.0,0.0,19.7,20.6,191.2,1009.3,72.1,15.0,313.8,27.2,10,10.0,05:15:10,17:30:35,0.35,"rain, partially cloudy",Partly cloudy throughout the day with rain.,rain,remote,Tokyo,"🩳 Sleeveless, linen, sandals, drink water! ☔ (Umbrella recommended) 🕶️ (Sunscreen & sunglasses)",Autumn,5,17,0,October,2024-10-13,Sunday,29222358,nan,Unknown,"(73.42, 87.8]"
Tokyo,2024-10-14,92.6,76.4,82.9,97.9,76.4,86.1,72.5,72.6,0.036,100.0,12.5,rain,0.0,0.0,17.2,8.1,183.8,1010.0,99.4,15.0,266.5,22.9,9,10.0,05:14:43,17:30:33,0.39,"rain, overcast",Cloudy skies throughout the day with early morning rain.,rain,remote,Tokyo,"🩳 Sleeveless, linen, sandals, drink water! ☔ (Umbrella recommended) 🕶️ (Sunscreen & sunglasses)",Autumn,5,17,0,October,2024-10-14,Monday,14732182,gospel,african gospel,"(73.42, 87.8]"
Tokyo,2024-10-15,91.7,72.9,81.0,93.7,72.9,82.1,68.3,68.4,0.0,0.0,0.0,Unknown,0.0,0.0,21.5,9.6,187.1,1011.7,98.2,15.0,260.0,22.7,10,10.0,05:14:17,17:30:32,0.42,overcast,Cloudy skies throughout the day.,cloudy,remote,Tokyo,"🩳 Shorts, tank top, hat, sunglasses 🕶️ (Sunscreen & sunglasses)",Autumn,5,17,0,October,2024-10-15,Tuesday,32440627,nan,Unknown,"(73.42, 87.8]"
Tokyo,2024-10-16,90.4,68.8,78.7,90.3,68.8,79.2,66.1,68.4,0.0,0.0,0.0,Unknown,0.0,0.0,25.1,11.4,193.2,1013.0,50.5,15.0,304.4,26.5,10,10.0,05:13:52,17:30:31,0.46,partially cloudy,Partly cloudy throughout the day.,partly-cloudy-day,remote,Tokyo,"🩳 Shorts, tank top, hat, sunglasses 🕶️ (Sunscreen & sunglasses)",Autumn,5,17,0,October,2024-10-16,Wednesday,31647209,nan,Unknown,"(73.42, 87.8]"
Tokyo,2024-10-17,87.9,71.1,78.6,89.0,71.1,79.1,66.0,67.5,0.0,0.0,0.0,Unknown,0.0,0.0,24.2,11.4,198.6,1013.0,68.8,15.0,280.5,24.3,10,10.0,05:13:27,17:30:31,0.5,partially cloudy,Partly cloudy throughout the day.,partly-cloudy-day,remote,Tokyo,"🩳 Shorts, tank top, hat, sunglasses 🕶️ (Sunscreen & sunglasses)",Autumn,5,17,0,October,2024-10-17,Thursday,36496887,nan,Unknown,"(73.42, 87.8]"
Berlin,2024-04-07,73.5,57.3,65.6,73.5,57.3,65.6,50.7,60.2,0.0,0.0,0.0,Unknown,0.0,0.0,20.8,13.2,198.4,1014.5,77.1,24.8,164.4,14.2,6,22.128353498158862,06:26:03,19:52:08,0.95,partially cloudy,Partly cloudy throughout the day.,partly-cloudy-day,"00427,03987,00403,E2835,00433",Berlin,"👕 T-shirt, jeans/skirt, light sneakers 🕶️ (Sunscreen & sunglasses)",Spring,6,19,0,April,2024-04-07,Sunday,9134568,gregorian chant,gregorian chant,"(59.04, 73.42]"
Berlin,2024-04-16,49.3,41.1,44.5,44.4,34.5,38.6,37.7,77.2,0.135,100.0,33.33,rain,0.0,0.0,37.6,17.4,265.9,1000.2,78.2,20.0,109.9,9.5,4,22.128353498158862,06:05:44,20:07:52,0.25,"rain, partially cloudy",Partly cloudy throughout the day with rain.,rain,"00427,03987,00403,E2835,00433,00400",Berlin,"🧥 Coat or insulated jacket, boots ☔ (Umbrella recommended)",Spring,6,20,0,April,2024-04-16,Tuesday,6901052,afropop,afrobeats,"(30.28, 44.66]"
Berlin,2024-04-17,51.5,36.2,43.3,51.5,30.5,40.0,34.3,72.5,0.006,100.0,12.5,rain,0.0,0.0,17.4,13.1,334.8,1007.7,42.3,27.8,200.2,17.1,8,22.128353498158862,06:03:32,20:09:37,0.28,"rain, partially cloudy",Partly cloudy throughout the day with rain in the morning and afternoon.,rain,"00427,03987,00403,E2835,00433,00400",Berlin,"🧥 Coat or insulated jacket, boots ☔ (Umbrella recommended) 🕶️ (Sunscreen & sunglasses)",Spring,6,20,0,April,2024-04-17,Wednesday,3566462,gregorian chant,gregorian chant,"(30.28, 44.66]"
Berlin,2024-04-19,46.8,41.5,43.5,43.7,35.7,38.9,39.3,85.2,0.267,100.0,58.33,rain,0.0,0.0,31.1,13.5,228.8,1006.2,99.7,19.7,79.5,6.8,5,22.128353498158862,05:59:11,20:13:06,0.35,"rain, overcast",Cloudy skies throughout the day with rain.,rain,"00427,03987,00403,E2835,00433,00400",Berlin,"🧥 Coat or insulated jacket, boots ☔ (Umbrella recommended)",Spring,5,20,0,April,2024-04-19,Friday,83157,nan,Unknown,"(30.28, 44.66]"
Berlin,2024-04-21,47.3,30.8,39.4,42.4,24.1,33.3,28.0,65.0,0.0,0.0,0.0,Unknown,0.0,0.0,26.4,17.7,53.6,1022.8,31.9,27.0,152.9,13.2,7,22.128353498158862,05:54:53,20:16:35,0.42,partially cloudy,Becoming cloudy in the afternoon.,partly-cloudy-day,"00427,03987,00403,E2835,00433,00400",Berlin,"🧥 Heavy coat, thermal wear, gloves, boots 🕶️ (Sunscreen & sunglasses)",Spring,5,20,0,April,2024-04-21,Sunday,24464890,nan,afrobeats,"(30.28, 44.66]"
Berlin,2024-04-23,48.1,31.3,40.6,45.5,26.0,37.7,28.8,66.5,0.0,0.0,0.0,Unknown,0.0,0.0,15.7,8.6,277.3,1019.4,44.8,26.2,263.1,22.9,10,22.128353498158862,05:50:38,20:20:04,0.48,partially cloudy,Becoming cloudy in the afternoon.,partly-cloudy-day,"00427,03987,00403,E2835,00433,00400",Berlin,"🧥 Heavy coat, thermal wear, gloves, boots 🕶️ (Sunscreen & sunglasses)",Spring,5,20,0,April,2024-04-23,Tuesday,5926455,nan,trap latino,"(30.28, 44.66]"
Berlin,2024-04-24,49.1,39.5,44.1,46.2,35.7,40.9,33.0,65.7,0.013,100.0,12.5,rain,0.0,0.0,22.4,9.3,164.2,1007.9,56.6,23.8,135.6,11.7,6,22.128353498158862,05:48:33,20:21:49,0.5,"rain, partially cloudy",Partly cloudy throughout the day with rain.,rain,"00427,03987,00403,E2835,00433,00400",Berlin,"🧥 Coat or insulated jacket, boots ☔ (Umbrella recommended) 🕶️ (Sunscreen & sunglasses)",Spring,5,20,0,April,2024-04-24,Wednesday,72917,german hip hop,Unknown,"(30.28, 44.66]"
Berlin,2024-04-27,70.1,37.4,55.0,70.1,35.4,54.4,38.6,58.1,0.0,0.0,0.0,Unknown,0.0,0.0,19.5,10.0,154.8,1010.7,15.3,29.0,253.5,22.0,9,22.128353498158862,05:42:23,20:27:00,0.62,clear,Clear conditions throughout the day.,clear-day,"00427,03987,00403,E2835,00433,00400",Berlin,"🧶 Hoodie or light jacket, jeans 🕶️ (Sunscreen & sunglasses)",Spring,5,20,0,April,2024-04-27,Saturday,3712003,afrobeat,afrobeats,"(44.66, 59.04]"
Berlin,2024-05-15,78.3,54.9,68.1,78.3,54.9,68.1,40.4,38.0,0.0,0.0,0.0,Unknown,0.0,0.0,32.9,17.2,101.1,1012.3,3.9,29.7,303.2,26.1,9,22.128353498158862,05:09:54,20:56:57,0.25,clear,Clear conditions throughout the day.,clear-day,"00427,03987,00403,E2835,00433,00400",Berlin,"👕 T-shirt, jeans/skirt, light sneakers 🕶️ (Sunscreen & sunglasses)",Spring,5,20,0,May,2024-05-15,Wednesday,12717790,afropiano,amapiano,"(59.04, 73.42]"
Berlin,2024-05-18,66.1,54.9,61.6,66.1,54.9,61.6,48.1,61.6,0.0,0.0,0.0,Unknown,0.0,0.0,25.3,10.9,102.9,1010.5,59.1,29.7,181.9,15.7,8,22.128353498158862,05:05:27,21:01:33,0.33,partially cloudy,Partly cloudy throughout the day.,partly-cloudy-day,"00427,03987,00403,E2835,00433,00400",Berlin,"🧶 Hoodie or light jacket, jeans 🕶️ (Sunscreen & sunglasses)",Spring,5,21,0,May,2024-05-18,Saturday,187380,afrobeat,amapiano,"(59.04, 73.42]"
Berlin,2024-05-21,80.8,55.5,69.0,80.2,55.5,69.0,54.1,63.4,0.0,0.0,0.0,Unknown,0.0,0.0,28.4,17.5,81.6,1010.5,53.6,19.9,254.9,22.0,8,22.128353498158862,05:01:20,21:05:58,0.43,partially cloudy,Partly cloudy throughout the day.,partly-cloudy-day,"00427,03987,00403,E2835,00433,00400",Berlin,"👕 T-shirt, jeans/skirt, light sneakers 🕶️ (Sunscreen & sunglasses)",Spring,5,21,0,May,2024-05-21,Tuesday,5156666,nan,Unknown,"(59.04, 73.42]"
Berlin,2024-05-22,75.9,59.9,69.0,75.9,59.9,69.0,57.8,68.4,0.156,100.0,25.0,rain,0.0,0.0,28.0,13.9,87.6,1006.9,91.2,22.4,117.8,10.1,6,22.128353498158862,05:00:02,21:07:24,0.46,"rain, overcast",Cloudy skies throughout the day with rain.,rain,"00427,03987,00403,E2835,00433,00400",Berlin,"👕 T-shirt, jeans/skirt, light sneakers ☔ (Umbrella recommended) 🕶️ (Sunscreen & sunglasses)",Spring,5,21,0,May,2024-05-22,Wednesday,27016841,nan,Unknown,"(59.04, 73.42]"
Berlin,2024-05-23,74.5,59.1,65.8,74.5,59.1,65.8,54.1,69.1,0.038,100.0,12.5,rain,0.0,0.0,20.6,11.9,274.7,1013.4,78.4,18.8,292.7,25.2,9,22.128353498158862,04:58:47,21:08:48,0.5,"rain, partially cloudy",Partly cloudy throughout the day with early morning rain.,rain,"00427,03987,00403,E2835,00433,00400",Berlin,"👕 T-shirt, jeans/skirt, light sneakers ☔ (Umbrella recommended) 🕶️ (Sunscreen & sunglasses)",Spring,4,21,0,May,2024-05-23,Thursday,13112254,nan,Unknown,"(59.04, 73.42]"
Berlin,2024-05-24,76.5,55.0,66.0,76.5,55.0,66.0,55.0,71.3,0.222,100.0,20.83,rain,0.0,0.0,22.1,14.5,88.6,1018.0,78.0,18.1,215.0,18.7,9,22.128353498158862,04:57:34,21:10:11,0.53,"rain, partially cloudy",Partly cloudy throughout the day with late afternoon rain.,rain,"00427,03987,00403,E2835,00433,00400",Berlin,"👕 T-shirt, jeans/skirt, light sneakers ☔ (Umbrella recommended) 🕶️ (Sunscreen & sunglasses)",Spring,4,21,0,May,2024-05-24,Friday,45898,nan,Unknown,"(59.04, 73.42]"
Berlin,2024-06-09,68.9,51.9,60.9,68.9,51.9,60.9,42.0,52.9,0.0,0.0,0.0,Unknown,0.0,0.0,22.6,14.4,288.6,1008.4,17.1,30.7,321.1,28.0,9,22.128353498158862,04:44:32,21:27:42,0.09,clear,Clear conditions throughout the day.,clear-day,"00427,03987,00403,E2835,00433,00400",Berlin,"🧶 Hoodie or light jacket, jeans 🕶️ (Sunscreen & sunglasses)",Summer,4,21,0,June,2024-06-09,Sunday,4303152,nan,Unknown,"(59.04, 73.42]"
Berlin,2024-06-10,66.3,50.6,58.6,66.3,50.6,58.6,44.7,61.7,0.062,100.0,12.5,rain,0.0,0.0,18.1,10.7,295.3,1006.4,50.0,22.2,182.8,15.8,9,22.128353498158862,04:44:09,21:28:27,0.13,"rain, partially cloudy",Partly cloudy throughout the day with late afternoon rain.,rain,"00427,03987,00403,E2835,00433,00400",Berlin,"🧶 Hoodie or light jacket, jeans ☔ (Umbrella recommended) 🕶️ (Sunscreen & sunglasses)",Summer,4,21,0,June,2024-06-10,Monday,68374076,nan,afrobeats,"(44.66, 59.04]"
Berlin,2024-06-11,63.9,50.9,56.6,63.9,50.9,56.6,46.1,69.7,0.019,100.0,12.5,rain,0.0,0.0,34.0,18.3,253.1,1009.3,53.8,25.0,139.6,12.1,8,22.128353498158862,04:43:49,21:29:10,0.16,"rain, partially cloudy",Partly cloudy throughout the day with rain.,rain,"00427,03987,00403,E2835,00433,00400",Berlin,"🧶 Hoodie or light jacket, jeans ☔ (Umbrella recommended) 🕶️ (Sunscreen & sunglasses)",Summer,4,21,0,June,2024-06-11,Tuesday,2818864,nan,Unknown,"(44.66, 59.04]"
Berlin,2024-06-12,63.2,47.4,55.7,63.2,45.1,55.2,44.2,66.7,0.008,100.0,20.83,rain,0.0,0.0,24.8,13.8,259.4,1016.5,17.5,29.2,286.8,24.7,10,22.128353498158862,04:43:32,21:29:49,0.19,rain,Clear conditions throughout the day with rain in the morning and afternoon.,rain,"00427,03987,00403,E2835,00433,00400",Berlin,"🧶 Hoodie or light jacket, jeans ☔ (Umbrella recommended) 🕶️ (Sunscreen & sunglasses)",Summer,4,21,0,June,2024-06-12,Wednesday,35120269,nan,Unknown,"(44.66, 59.04]"
Berlin,2024-06-17,75.1,61.3,67.5,75.1,61.3,67.5,54.8,64.3,0.03,100.0,16.67,rain,0.0,0.0,22.8,12.6,210.9,1012.1,77.7,25.8,174.8,15.1,10,22.128353498158862,04:42:57,21:32:22,0.35,"rain, partially cloudy",Partly cloudy throughout the day with rain.,rain,"00427,03987,00403,E2835,00433,00400",Berlin,"👕 T-shirt, jeans/skirt, light sneakers ☔ (Umbrella recommended) 🕶️ (Sunscreen & sunglasses)",Summer,4,21,0,June,2024-06-17,Monday,5648090,nan,Unknown,"(59.04, 73.42]"
Berlin,2024-06-18,81.1,56.5,68.0,81.0,56.5,68.0,58.0,74.1,0.409,100.0,20.83,rain,0.0,0.0,21.7,8.0,191.7,1014.1,75.9,24.8,224.0,19.3,10,22.128353498158862,04:42:59,21:32:43,0.38,"rain, partially cloudy",Partly cloudy throughout the day with late afternoon rain.,rain,"00427,03987,00403,E2835,00433,00400",Berlin,"👕 T-shirt, jeans/skirt, light sneakers ☔ (Umbrella recommended) 🕶️ (Sunscreen & sunglasses)",Summer,4,21,0,June,2024-06-18,Tuesday,37802921,nan,Unknown,"(59.04, 73.42]"
Berlin,2024-06-23,72.3,60.2,66.1,72.3,60.2,66.1,54.1,66.6,0.0,0.0,0.0,Unknown,0.0,0.0,25.3,14.2,297.5,1016.8,54.9,26.8,254.4,21.9,10,22.128353498158862,04:44:01,21:33:41,0.55,partially cloudy,Partly cloudy throughout the day.,partly-cloudy-day,"00427,03987,00403,E2835,00433,00400",Berlin,"👕 T-shirt, jeans/skirt, light sneakers 🕶️ (Sunscreen & sunglasses)",Summer,4,21,0,June,2024-06-23,Sunday,1556124,nan,Unknown,"(59.04, 73.42]"
Berlin,2024-06-24,76.5,56.8,67.2,76.5,56.8,67.2,53.6,64.3,0.0,0.0,0.0,Unknown,0.0,0.0,11.0,5.6,353.0,1020.2,42.0,28.3,265.3,22.8,10,22.128353498158862,04:44:22,21:33:43,0.59,partially cloudy,Partly cloudy throughout the day.,partly-cloudy-day,"00427,03987,00403,E2835,00433,00400",Berlin,"👕 T-shirt, jeans/skirt, light sneakers 🕶️ (Sunscreen & sunglasses)",Summer,4,21,0,June,2024-06-24,Monday,569075,nan,Unknown,"(59.04, 73.42]"
Berlin,2024-06-25,80.3,58.5,69.9,80.3,58.5,69.9,55.1,62.0,0.0,0.0,0.0,Unknown,0.0,0.0,22.4,12.3,89.5,1018.5,8.7,27.9,284.5,24.4,10,22.128353498158862,04:44:47,21:33:41,0.62,clear,Clear conditions throughout the day.,clear-day,"00427,03987,00403,E2835,00433,00400",Berlin,"👕 T-shirt, jeans/skirt, light sneakers 🕶️ (Sunscreen & sunglasses)",Summer,4,21,0,June,2024-06-25,Tuesday,17757387,nan,Unknown,"(59.04, 73.42]"
Berlin,2024-06-27,87.0,70.2,77.2,88.0,70.2,77.6,64.1,65.3,0.184,100.0,25.0,rain,0.0,0.0,17.7,9.0,129.6,1009.2,75.7,21.4,203.6,17.5,9,22.128353498158862,04:45:45,21:33:28,0.69,"rain, partially cloudy",Partly cloudy throughout the day with rain.,rain,"00427,03987,00403,E2835,00433,00400",Berlin,"🩳 Shorts, tank top, hat, sunglasses ☔ (Umbrella recommended) 🕶️ (Sunscreen & sunglasses)",Summer,4,21,0,June,2024-06-27,Thursday,23492989,nan,Unknown,"(73.42, 87.8]"
Berlin,2024-07-02,62.7,56.1,58.9,62.7,56.1,58.9,55.2,87.8,0.119,100.0,29.17,rain,0.0,0.0,29.3,12.9,262.8,1011.0,81.3,18.3,116.2,9.9,5,22.128353498158862,04:49:02,21:31:59,0.87,"rain, partially cloudy",Partly cloudy throughout the day with rain.,rain,"00427,03987,00403,E2835,00433,00400",Berlin,"🧶 Hoodie or light jacket, jeans ☔ (Umbrella recommended)",Summer,4,21,0,July,2024-07-02,Tuesday,5028867,nan,Unknown,"(44.66, 59.04]"
Berlin,2024-07-03,64.3,54.2,59.2,64.3,54.2,59.2,50.0,73.2,0.005,100.0,8.33,rain,0.0,0.0,21.0,11.8,266.8,1009.0,95.0,25.5,152.3,13.2,5,22.128353498158862,04:49:49,21:31:32,0.91,"rain, overcast",Cloudy skies throughout the day with early morning rain.,rain,"00427,03987,00403,E2835,00433,00400",Berlin,"🧶 Hoodie or light jacket, jeans ☔ (Umbrella recommended)",Summer,4,21,0,July,2024-07-03,Wednesday,21421387,nan,Unknown,"(59.04, 73.42]"
Berlin,2024-07-04,65.6,54.4,60.2,65.6,54.4,60.2,52.2,75.5,0.04,100.0,12.5,rain,0.0,0.0,33.6,16.7,226.4,1006.9,65.2,27.2,155.1,13.2,9,22.128353498158862,04:50:39,21:31:01,0.94,"rain, partially cloudy",Partly cloudy throughout the day with late afternoon rain.,rain,"00427,03987,00403,E2835,00433,00400",Berlin,"🧶 Hoodie or light jacket, jeans ☔ (Umbrella recommended) 🕶️ (Sunscreen & sunglasses)",Summer,4,21,0,July,2024-07-04,Thursday,236858,afrobeat,afrobeat,"(59.04, 73.42]"
Berlin,2024-07-12,76.6,65.2,69.3,76.6,65.2,69.3,64.8,86.0,0.898,100.0,37.5,rain,0.0,0.0,26.4,11.8,100.7,1012.3,98.3,18.0,101.3,8.8,5,22.128353498158862,04:58:45,21:25:04,0.21,"rain, overcast",Cloudy skies throughout the day with rain.,rain,"00427,03987,00403,E2835,00433,00400",Berlin,"👕 T-shirt, jeans/skirt, light sneakers ☔ (Umbrella recommended)",Summer,4,21,0,July,2024-07-12,Friday,3431049,afro soul,afrobeats,"(59.04, 73.42]"
Berlin,2024-07-13,72.9,57.6,65.2,72.9,57.6,65.2,54.6,70.9,0.045,100.0,8.33,rain,0.0,0.0,25.9,16.4,260.4,1011.0,78.5,23.0,175.0,15.2,9,22.128353498158862,04:59:56,21:24:07,0.24,"rain, partially cloudy",Partly cloudy throughout the day with morning rain.,rain,"00427,03987,00403,E2835,00433,00400",Berlin,"👕 T-shirt, jeans/skirt, light sneakers ☔ (Umbrella recommended) 🕶️ (Sunscreen & sunglasses)",Summer,4,21,0,July,2024-07-13,Saturday,2000346,afrobeat,afrobeats,"(59.04, 73.42]"
Berlin,2024-07-16,82.3,63.8,71.4,83.0,63.8,71.5,60.1,68.4,0.191,100.0,4.17,rain,0.0,0.0,24.4,17.7,278.3,1010.7,68.0,19.2,150.5,13.1,7,22.128353498158862,05:03:38,21:20:56,0.34,"rain, partially cloudy",Partly cloudy throughout the day with late afternoon rain.,rain,"00427,03987,00403,E2835,00433,00400",Berlin,"👕 T-shirt, jeans/skirt, light sneakers ☔ (Umbrella recommended) 🕶️ (Sunscreen & sunglasses)",Summer,5,21,0,July,2024-07-16,Tuesday,24294864,nan,Unknown,"(59.04, 73.42]"
Berlin,2024-07-17,75.4,58.7,67.3,75.4,58.7,67.3,56.4,69.9,0.0,0.0,0.0,Unknown,0.0,0.0,26.2,12.7,247.0,1018.2,60.6,30.9,213.2,18.5,8,22.128353498158862,05:04:55,21:19:47,0.37,partially cloudy,Partly cloudy throughout the day.,partly-cloudy-day,"00427,03987,00403,E2835,00433,00400",Berlin,"👕 T-shirt, jeans/skirt, light sneakers 🕶️ (Sunscreen & sunglasses)",Summer,5,21,0,July,2024-07-17,Wednesday,20578334,nan,Unknown,"(59.04, 73.42]"
Berlin,2024-07-21,89.8,64.6,76.9,89.3,64.6,76.7,59.4,57.1,0.005,100.0,8.33,rain,0.0,0.0,17.7,12.8,100.9,1008.3,30.9,25.7,256.3,22.1,8,22.128353498158862,05:10:20,21:14:47,0.5,"rain, partially cloudy",Partly cloudy throughout the day with late afternoon rain.,rain,"00427,03987,00403,E2835,00433,00400",Berlin,"🩳 Shorts, tank top, hat, sunglasses ☔ (Umbrella recommended) 🕶️ (Sunscreen & sunglasses)",Summer,5,21,0,July,2024-07-21,Sunday,49577,nan,Unknown,"(73.42, 87.8]"
Berlin,2024-07-22,73.5,64.2,69.8,73.5,64.2,69.8,62.8,79.2,0.012,100.0,12.5,rain,0.0,0.0,30.6,15.8,274.1,1012.7,62.2,21.2,81.1,6.9,3,22.128353498158862,05:11:45,21:13:25,0.54,"rain, partially cloudy",Partly cloudy throughout the day with rain.,rain,"00427,03987,00403,E2835,00433,00400",Berlin,"👕 T-shirt, jeans/skirt, light sneakers ☔ (Umbrella recommended)",Summer,5,21,0,July,2024-07-22,Monday,20706130,nan,Unknown,"(59.04, 73.42]"
Berlin,2024-07-23,81.5,55.7,67.3,81.0,55.7,67.3,56.3,71.5,0.085,100.0,16.67,rain,0.0,0.0,17.9,12.9,212.3,1016.7,44.5,24.2,254.0,22.1,10,22.128353498158862,05:13:11,21:12:01,0.57,"rain, partially cloudy",Partly cloudy throughout the day with late afternoon rain.,rain,"00427,03987,00403,E2835,00433,00400",Berlin,"👕 T-shirt, jeans/skirt, light sneakers ☔ (Umbrella recommended) 🕶️ (Sunscreen & sunglasses)",Summer,5,21,0,July,2024-07-23,Tuesday,33431348,nan,Unknown,"(59.04, 73.42]"
Berlin,2024-07-24,74.0,61.7,67.0,74.0,61.7,67.0,57.6,74.2,0.183,100.0,20.83,rain,0.0,0.0,25.5,16.2,299.5,1015.8,70.0,22.5,265.4,22.7,9,22.128353498158862,05:14:38,21:10:35,0.61,"rain, partially cloudy",Partly cloudy throughout the day with rain clearing later.,rain,"00427,03987,00403,E2835,00433,00400",Berlin,"👕 T-shirt, jeans/skirt, light sneakers ☔ (Umbrella recommended) 🕶️ (Sunscreen & sunglasses)",Summer,5,21,0,July,2024-07-24,Wednesday,70243414,new age,afrobeats,"(59.04, 73.42]"
Berlin,2024-07-25,73.2,54.9,64.3,73.2,54.9,64.3,49.7,61.2,0.0,0.0,0.0,Unknown,0.0,0.0,18.6,9.1,290.3,1015.8,30.0,27.7,277.0,24.0,8,22.128353498158862,05:16:06,21:09:07,0.64,partially cloudy,Becoming cloudy in the afternoon.,partly-cloudy-day,"00427,03987,00403,E2835,00433,00400",Berlin,"👕 T-shirt, jeans/skirt, light sneakers 🕶️ (Sunscreen & sunglasses)",Summer,5,21,0,July,2024-07-25,Thursday,28371406,nan,Unknown,"(59.04, 73.42]"
Berlin,2024-07-29,74.7,55.9,65.6,74.7,55.9,65.6,52.1,63.9,0.0,0.0,0.0,Unknown,0.0,0.0,22.1,12.1,307.3,1024.0,12.0,29.4,300.3,25.9,9,22.128353498158862,05:22:09,21:02:53,0.78,clear,Clear conditions throughout the day.,clear-day,"00427,03987,00403,E2835,00433,00400",Berlin,"👕 T-shirt, jeans/skirt, light sneakers 🕶️ (Sunscreen & sunglasses)",Summer,5,21,0,July,2024-07-29,Monday,18203440,nan,Unknown,"(59.04, 73.42]"
Berlin,2024-07-30,81.1,53.2,68.2,80.4,53.2,68.1,53.1,62.4,0.0,0.0,0.0,Unknown,0.0,0.0,11.4,6.3,152.7,1019.5,5.2,30.8,294.5,25.6,8,22.128353498158862,05:23:42,21:01:14,0.82,clear,Clear conditions throughout the day.,clear-day,"00427,03987,00403,E2835,00433,00400",Berlin,"👕 T-shirt, jeans/skirt, light sneakers 🕶️ (Sunscreen & sunglasses)",Summer,5,21,0,July,2024-07-30,Tuesday,26838790,nan,Unknown,"(59.04, 73.42]"
Berlin,2024-07-31,83.8,59.9,73.3,83.0,59.9,73.1,57.6,60.7,0.0,0.0,0.0,Unknown,0.0,0.0,10.5,6.5,190.9,1014.4,56.2,28.6,230.7,20.0,8,22.128353498158862,05:25:15,20:59:34,0.86,partially cloudy,Partly cloudy throughout the day.,partly-cloudy-day,"00427,03987,00403,E2835,00433,00400",Berlin,"🩳 Shorts, tank top, hat, sunglasses 🕶️ (Sunscreen & sunglasses)",Summer,5,20,0,July,2024-07-31,Wednesday,25367192,nan,Unknown,"(59.04, 73.42]"
Berlin,2024-08-02,70.9,63.8,67.5,70.9,63.8,67.5,55.2,64.9,0.0,0.0,0.0,Unknown,0.0,0.0,16.1,9.5,22.8,1010.7,93.3,22.4,108.5,9.5,4,22.128353498158862,05:28:24,20:56:07,0.93,overcast,Cloudy skies throughout the day.,cloudy,"00427,03987,00403,E2835,00433,00400",Berlin,"👕 T-shirt, jeans/skirt, light sneakers",Summer,5,20,0,August,2024-08-02,Friday,24053611,nan,Unknown,"(59.04, 73.42]"
Berlin,2024-08-05,73.1,57.8,65.4,73.1,57.8,65.4,52.8,65.0,0.0,0.0,0.0,Unknown,0.0,0.0,19.9,10.9,303.2,1014.9,45.8,28.9,285.8,24.5,10,22.128353498158862,05:33:12,20:50:44,0.03,partially cloudy,Partly cloudy throughout the day.,partly-cloudy-day,"00427,03987,00403,E2835,00433,00400",Berlin,"👕 T-shirt, jeans/skirt, light sneakers 🕶️ (Sunscreen & sunglasses)",Summer,5,20,0,August,2024-08-05,Monday,164554,nan,Unknown,"(59.04, 73.42]"
Berlin,2024-08-06,77.7,55.1,67.6,77.7,55.1,67.6,53.9,65.0,0.0,0.0,0.0,Unknown,0.0,0.0,12.3,6.3,149.5,1014.5,6.9,27.6,288.0,24.9,9,22.128353498158862,05:34:49,20:48:53,0.06,clear,Clear conditions throughout the day.,clear-day,"00427,03987,00403,E2835,00433,00400",Berlin,"👕 T-shirt, jeans/skirt, light sneakers 🕶️ (Sunscreen & sunglasses)",Summer,5,20,0,August,2024-08-06,Tuesday,22950264,nan,Unknown,"(59.04, 73.42]"
Berlin,2024-08-07,83.8,58.8,72.2,83.3,58.8,72.1,57.5,62.6,0.154,100.0,4.17,rain,0.0,0.0,15.9,8.1,113.6,1011.3,46.9,29.5,272.2,23.5,8,22.128353498158862,05:36:27,20:47:00,0.1,"rain, partially cloudy",Becoming cloudy in the afternoon with late afternoon rain.,rain,"00427,03987,00403,E2835,00433,00400",Berlin,"👕 T-shirt, jeans/skirt, light sneakers ☔ (Umbrella recommended) 🕶️ (Sunscreen & sunglasses)",Summer,5,20,0,August,2024-08-07,Wednesday,17088906,nan,Unknown,"(59.04, 73.42]"
Berlin,2024-08-08,74.0,62.2,68.6,74.0,62.2,68.6,58.2,71.6,0.0,0.0,0.0,Unknown,0.0,0.0,21.5,11.5,301.0,1014.7,71.1,24.5,184.9,16.0,7,22.128353498158862,05:38:05,20:45:06,0.13,partially cloudy,Partly cloudy throughout the day.,partly-cloudy-day,"00427,03987,00403,E2835,00433,00400",Berlin,"👕 T-shirt, jeans/skirt, light sneakers 🕶️ (Sunscreen & sunglasses)",Summer,5,20,0,August,2024-08-08,Thursday,88462040,nan,afrobeats,"(59.04, 73.42]"
Berlin,2024-08-09,76.0,59.7,67.5,76.0,59.7,67.5,59.1,76.0,0.077,100.0,20.83,rain,0.0,0.0,26.4,15.0,215.2,1015.1,78.7,24.1,153.5,13.1,7,22.128353498158862,05:39:43,20:43:11,0.16,"rain, partially cloudy",Partly cloudy throughout the day with rain.,rain,"00427,03987,00403,E2835,00433,00400",Berlin,"👕 T-shirt, jeans/skirt, light sneakers ☔ (Umbrella recommended) 🕶️ (Sunscreen & sunglasses)",Summer,5,20,0,August,2024-08-09,Friday,25627423,nan,Unknown,"(59.04, 73.42]"
Berlin,2024-08-10,78.7,59.9,69.9,78.7,59.9,69.9,58.8,70.6,0.0,0.0,0.0,Unknown,0.0,0.0,20.6,12.2,269.5,1018.4,28.9,24.9,275.6,23.8,9,22.128353498158862,05:41:21,20:41:14,0.19,partially cloudy,Becoming cloudy in the afternoon.,partly-cloudy-day,"00427,03987,00403,E2835,00433,00400",Berlin,"👕 T-shirt, jeans/skirt, light sneakers 🕶️ (Sunscreen & sunglasses)",Summer,5,20,0,August,2024-08-10,Saturday,25566302,downtempo,organic house,"(59.04, 73.42]"
Berlin,2024-08-12,81.2,55.8,69.4,80.5,55.8,69.3,53.3,60.0,0.0,0.0,0.0,Unknown,0.0,0.0,13.0,7.3,25.2,1016.8,3.5,28.9,273.6,23.6,8,22.128353498158862,05:44:39,20:37:16,0.25,clear,Clear conditions throughout the day.,clear-day,"00427,03987,00403,E2835,00433,00400",Berlin,"👕 T-shirt, jeans/skirt, light sneakers 🕶️ (Sunscreen & sunglasses)",Summer,5,20,0,August,2024-08-12,Monday,4001423,nan,Unknown,"(59.04, 73.42]"
Berlin,2024-08-13,85.4,59.8,72.8,83.6,59.8,72.4,53.8,54.2,0.0,0.0,0.0,Unknown,0.0,0.0,20.1,12.1,93.4,1013.6,15.2,27.1,269.3,23.4,8,22.128353498158862,05:46:18,20:35:15,0.29,clear,Clear conditions throughout the day.,clear-day,"00427,03987,00403,E2835,00433,00400",Berlin,"👕 T-shirt, jeans/skirt, light sneakers 🕶️ (Sunscreen & sunglasses)",Summer,5,20,0,August,2024-08-13,Tuesday,33325797,nan,Unknown,"(59.04, 73.42]"
Berlin,2024-08-14,89.9,63.9,76.2,89.6,63.9,76.1,57.1,52.9,0.007,100.0,8.33,rain,0.0,0.0,22.8,10.9,111.8,1011.7,70.6,25.4,241.7,20.9,8,22.128353498158862,05:47:57,20:33:12,0.33,"rain, partially cloudy",Partly cloudy throughout the day with late afternoon rain.,rain,"00427,03987,00403,E2835,00433,00400",Berlin,"🩳 Shorts, tank top, hat, sunglasses ☔ (Umbrella recommended) 🕶️ (Sunscreen & sunglasses)",Summer,5,20,0,August,2024-08-14,Wednesday,10617659,nan,Unknown,"(73.42, 87.8]"
Berlin,2024-08-17,82.9,65.9,74.0,83.9,65.9,74.2,63.6,71.4,0.072,100.0,12.5,rain,0.0,0.0,19.7,11.3,348.4,1012.2,61.8,24.8,228.8,19.9,10,22.128353498158862,05:52:56,20:26:59,0.42,"rain, partially cloudy",Partly cloudy throughout the day with rain.,rain,"00427,03987,00403,E2835,00433,00400",Berlin,"🩳 Shorts, tank top, hat, sunglasses ☔ (Umbrella recommended) 🕶️ (Sunscreen & sunglasses)",Summer,5,20,0,August,2024-08-17,Saturday,20635988,nan,Unknown,"(73.42, 87.8]"
Berlin,2024-08-19,73.4,60.8,66.9,73.4,60.8,66.9,54.0,64.8,0.0,0.0,0.0,Unknown,0.0,0.0,18.6,11.1,326.4,1016.5,62.7,27.0,203.3,17.6,7,22.128353498158862,05:56:16,20:22:44,0.5,partially cloudy,Partly cloudy throughout the day.,partly-cloudy-day,"00427,03987,00403,E2835,00433,00400",Berlin,"👕 T-shirt, jeans/skirt, light sneakers 🕶️ (Sunscreen & sunglasses)",Summer,5,20,0,August,2024-08-19,Monday,34505323,nan,Unknown,"(59.04, 73.42]"
Berlin,2024-08-20,80.2,53.2,68.0,80.5,53.2,68.0,56.1,68.6,0.0,0.0,0.0,Unknown,0.0,0.0,15.4,9.0,131.8,1014.9,9.2,22.6,245.0,21.2,8,22.128353498158862,05:57:56,20:20:35,0.52,clear,Clear conditions throughout the day.,clear-day,"00427,03987,00403,E2835,00433,00400",Berlin,"👕 T-shirt, jeans/skirt, light sneakers 🕶️ (Sunscreen & sunglasses)",Summer,5,20,0,August,2024-08-20,Tuesday,23585990,nan,Unknown,"(59.04, 73.42]"
Berlin,2024-08-21,73.5,60.9,69.2,73.5,60.9,69.2,54.6,61.4,0.006,100.0,4.17,rain,0.0,0.0,32.2,19.4,273.0,1011.4,46.0,26.0,175.3,15.1,9,22.128353498158862,05:59:36,20:18:26,0.56,"rain, partially cloudy",Partly cloudy throughout the day with morning rain.,rain,"00427,03987,00403,E2835,00433,00400",Berlin,"👕 T-shirt, jeans/skirt, light sneakers ☔ (Umbrella recommended) 🕶️ (Sunscreen & sunglasses)",Summer,5,20,0,August,2024-08-21,Wednesday,25652505,nan,Unknown,"(59.04, 73.42]"
Berlin,2024-08-23,86.5,61.7,73.4,83.8,61.7,72.8,50.1,46.8,0.0,0.0,0.0,Unknown,0.0,0.0,30.6,17.4,210.6,1009.2,78.2,25.9,223.1,19.3,7,22.128353498158862,06:02:56,20:14:03,0.63,partially cloudy,Partly cloudy throughout the day.,partly-cloudy-day,"00427,03987,00403,E2835,00433,00400",Berlin,"🩳 Shorts, tank top, hat, sunglasses 🕶️ (Sunscreen & sunglasses)",Summer,6,20,0,August,2024-08-23,Friday,42410757,organic house,brooklyn drill,"(59.04, 73.42]"
Berlin,2024-08-24,90.6,64.2,77.6,89.1,64.2,77.4,60.0,58.0,0.0,0.0,0.0,Unknown,0.0,0.0,24.4,13.6,174.7,1011.5,9.4,30.5,238.9,20.6,7,22.128353498158862,06:04:36,20:11:51,0.66,clear,Clear conditions throughout the day.,clear-day,"00427,03987,00403,E2835,00433,00400",Berlin,"🩳 Shorts, tank top, hat, sunglasses 🕶️ (Sunscreen & sunglasses)",Summer,6,20,0,August,2024-08-24,Saturday,41677817,nan,Unknown,"(73.42, 87.8]"
Berlin,2024-08-25,77.7,62.4,70.8,77.7,62.4,70.8,54.6,57.3,0.004,100.0,8.33,rain,0.0,0.0,29.8,17.4,268.9,1015.7,68.0,28.7,156.5,13.4,8,22.128353498158862,06:06:17,20:09:38,0.7,"rain, partially cloudy",Partly cloudy throughout the day with morning rain.,rain,"00427,03987,00403,E2835,00433,00400",Berlin,"👕 T-shirt, jeans/skirt, light sneakers ☔ (Umbrella recommended) 🕶️ (Sunscreen & sunglasses)",Summer,6,20,0,August,2024-08-25,Sunday,12204583,afrobeat,afrobeat,"(59.04, 73.42]"
Berlin,2024-08-26,77.2,52.7,65.8,77.2,52.7,65.8,48.8,57.5,0.0,0.0,0.0,Unknown,0.0,0.0,14.8,7.8,187.9,1022.6,41.9,27.5,204.3,17.6,8,22.128353498158862,06:07:57,20:07:24,0.75,partially cloudy,Partly cloudy throughout the day.,partly-cloudy-day,"00427,03987,00403,E2835,00433,00400",Berlin,"👕 T-shirt, jeans/skirt, light sneakers 🕶️ (Sunscreen & sunglasses)",Summer,6,20,0,August,2024-08-26,Monday,14021693,nan,Unknown,"(59.04, 73.42]"
Berlin,2024-08-27,79.8,55.8,67.8,79.8,55.8,67.8,51.8,60.8,0.0,0.0,0.0,Unknown,0.0,0.0,16.8,8.9,114.2,1023.8,2.8,27.3,234.1,20.1,7,22.128353498158862,06:09:37,20:05:09,0.77,clear,Clear conditions throughout the day.,clear-day,"00427,03987,00403,E2835,00433,00400",Berlin,"👕 T-shirt, jeans/skirt, light sneakers 🕶️ (Sunscreen & sunglasses)",Summer,6,20,0,August,2024-08-27,Tuesday,8620713,nan,Unknown,"(59.04, 73.42]"
Berlin,2024-08-28,86.4,59.9,72.6,87.0,59.9,72.8,56.7,58.7,0.0,0.0,0.0,Unknown,0.0,0.0,22.1,11.1,104.6,1020.1,0.9,25.8,218.3,18.8,7,22.128353498158862,06:11:17,20:02:54,0.8,clear,Clear conditions throughout the day.,clear-day,"00427,03987,00403,E2835,00433,00400",Berlin,"👕 T-shirt, jeans/skirt, light sneakers 🕶️ (Sunscreen & sunglasses)",Summer,6,20,0,August,2024-08-28,Wednesday,44331838,nan,afrobeats,"(59.04, 73.42]"
Berlin,2024-08-29,93.1,68.6,79.7,91.4,68.6,79.3,61.7,59.4,0.0,0.0,0.0,Unknown,0.0,0.0,14.8,6.9,174.3,1016.5,11.1,21.8,224.1,19.2,7,22.128353498158862,06:12:57,20:00:38,0.84,clear,Clear conditions throughout the day.,clear-day,"00427,03987,00403,E2835,00433,00400",Berlin,"🩳 Shorts, tank top, hat, sunglasses 🕶️ (Sunscreen & sunglasses)",Summer,6,20,0,August,2024-08-29,Thursday,52755601,nan,Unknown,"(73.42, 87.8]"
Berlin,2024-08-30,84.0,66.1,73.9,84.3,66.1,74.0,60.9,64.9,0.0,0.0,0.0,Unknown,0.0,0.0,21.7,18.5,339.8,1019.1,75.8,23.7,194.8,16.9,7,22.128353498158862,06:14:37,19:58:21,0.87,partially cloudy,Partly cloudy throughout the day.,partly-cloudy-day,"00427,03987,00403,E2835,00433,00400",Berlin,"🩳 Shorts, tank top, hat, sunglasses 🕶️ (Sunscreen & sunglasses)",Summer,6,19,0,August,2024-08-30,Friday,13943264,nan,Unknown,"(73.42, 87.8]"
Berlin,2024-08-31,74.9,59.2,66.5,74.9,59.2,66.5,53.1,63.8,0.036,100.0,8.33,rain,0.0,0.0,17.2,12.4,41.4,1024.8,81.4,23.6,206.2,17.7,7,22.128353498158862,06:16:17,19:56:04,0.91,"rain, partially cloudy",Partly cloudy throughout the day with early morning rain.,rain,"00427,03987,00403,E2835,00433,00400",Berlin,"👕 T-shirt, jeans/skirt, light sneakers ☔ (Umbrella recommended) 🕶️ (Sunscreen & sunglasses)",Summer,6,19,0,August,2024-08-31,Saturday,25419345,afrobeat,afrobeats,"(59.04, 73.42]"
Berlin,2024-09-02,80.4,53.8,67.4,80.2,53.8,67.4,52.9,62.2,0.0,0.0,0.0,Unknown,0.0,0.0,17.9,11.5,84.6,1016.2,59.6,24.8,218.8,18.9,7,22.128353498158862,06:19:37,19:51:27,0.98,partially cloudy,Partly cloudy throughout the day.,partly-cloudy-day,"00427,03987,00403,E2835,00433,00400",Berlin,"👕 T-shirt, jeans/skirt, light sneakers 🕶️ (Sunscreen & sunglasses)",Autumn,6,19,0,September,2024-09-02,Monday,59263908,afrobeat,afrobeats,"(59.04, 73.42]"
Berlin,2024-09-03,90.3,63.3,75.7,91.2,63.3,76.1,61.7,64.3,0.0,0.0,0.0,Unknown,0.0,0.0,19.7,8.7,112.8,1014.9,30.8,19.9,202.2,17.4,7,22.128353498158862,06:21:17,19:49:08,0.0,partially cloudy,Partly cloudy throughout the day.,partly-cloudy-day,"00427,03987,00403,E2835,00433,00400",Berlin,"🩳 Shorts, tank top, hat, sunglasses 🕶️ (Sunscreen & sunglasses)",Autumn,6,19,0,September,2024-09-03,Tuesday,46584574,afrobeats,afrobeats,"(73.42, 87.8]"
Berlin,2024-09-04,93.0,67.3,79.2,90.5,67.3,78.5,58.0,53.1,0.0,0.0,0.0,Unknown,0.0,0.0,25.9,14.1,104.1,1014.4,9.9,20.4,200.3,17.2,7,22.128353498158862,06:22:57,19:46:49,0.04,clear,Clear conditions throughout the day.,clear-day,"00427,03987,00403,E2835,00433,00400",Berlin,"🩳 Shorts, tank top, hat, sunglasses 🕶️ (Sunscreen & sunglasses)",Autumn,6,19,0,September,2024-09-04,Wednesday,77164392,nan,Unknown,"(73.42, 87.8]"
Berlin,2024-09-05,88.2,69.0,78.2,86.0,69.0,77.4,52.6,42.9,0.0,0.0,0.0,Unknown,0.0,0.0,34.9,20.8,88.0,1014.8,0.6,21.4,204.2,17.5,7,22.128353498158862,06:24:37,19:44:29,0.08,clear,Clear conditions throughout the day.,clear-day,"00427,03987,00403,E2835,00433,00400",Berlin,"🩳 Shorts, tank top, hat, sunglasses 🕶️ (Sunscreen & sunglasses)",Autumn,6,19,0,September,2024-09-05,Thursday,37219369,nan,Unknown,"(73.42, 87.8]"
Berlin,2024-09-06,84.8,66.4,74.8,82.5,66.4,74.2,49.9,42.8,0.0,0.0,0.0,Unknown,0.0,0.0,27.5,15.9,90.3,1015.0,2.7,21.0,183.8,16.0,7,22.128353498158862,06:26:17,19:42:09,0.11,clear,Clear conditions throughout the day.,clear-day,"00427,03987,00403,E2835,00433,00400",Berlin,"🩳 Shorts, tank top, hat, sunglasses 🕶️ (Sunscreen & sunglasses)",Autumn,6,19,0,September,2024-09-06,Friday,34208241,nan,Unknown,"(73.42, 87.8]"
Berlin,2024-09-07,88.1,59.9,73.9,86.2,59.9,73.5,54.9,54.2,0.0,0.0,0.0,Unknown,0.0,0.0,21.0,10.1,107.7,1014.1,15.6,21.7,184.3,16.1,7,22.128353498158862,06:27:57,19:39:48,0.14,clear,Clear conditions throughout the day.,clear-day,"00427,03987,00403,E2835,00433,00400",Berlin,"🩳 Shorts, tank top, hat, sunglasses 🕶️ (Sunscreen & sunglasses)",Autumn,6,19,0,September,2024-09-07,Saturday,14201087,afrobeat,afrobeats,"(73.42, 87.8]"
Berlin,2024-09-08,89.8,65.7,77.5,88.4,65.7,77.3,58.3,53.4,0.0,0.0,0.0,Unknown,0.0,0.0,21.3,9.2,122.2,1009.0,24.5,22.2,186.0,16.2,7,22.128353498158862,06:29:37,19:37:27,0.18,partially cloudy,Partly cloudy throughout the day.,partly-cloudy-day,"00427,03987,00403,E2835,00433,00400",Berlin,"🩳 Shorts, tank top, hat, sunglasses 🕶️ (Sunscreen & sunglasses)",Autumn,6,19,0,September,2024-09-08,Sunday,1284607,afrobeat,afrobeats,"(73.42, 87.8]"
Berlin,2024-09-09,74.4,58.9,66.4,74.4,58.9,66.4,60.6,82.5,0.424,100.0,45.83,rain,0.0,0.0,23.7,13.7,282.5,1001.4,91.7,18.7,50.1,4.2,3,22.128353498158862,06:31:17,19:35:06,0.21,"rain, overcast",Cloudy skies throughout the day with rain in the morning and afternoon.,rain,"00427,03987,00403,E2835,00433,00400",Berlin,"👕 T-shirt, jeans/skirt, light sneakers ☔ (Umbrella recommended)",Autumn,6,19,0,September,2024-09-09,Monday,42847464,afrobeat,afrobeats,"(59.04, 73.42]"
Berlin,2024-09-10,65.9,57.5,61.8,65.9,57.5,61.8,52.4,73.0,0.007,100.0,12.5,rain,0.0,0.0,22.4,13.5,255.2,1007.6,58.3,21.6,146.0,12.9,9,22.128353498158862,06:32:57,19:32:45,0.24,"rain, partially cloudy",Partly cloudy throughout the day with morning rain.,rain,"00427,03987,00403,E2835,00433,00400",Berlin,"🧶 Hoodie or light jacket, jeans ☔ (Umbrella recommended) 🕶️ (Sunscreen & sunglasses)",Autumn,6,19,0,September,2024-09-10,Tuesday,58763451,nan,Unknown,"(59.04, 73.42]"
Berlin,2024-09-11,61.6,53.5,58.9,61.6,53.5,58.9,49.6,71.6,0.021,100.0,29.17,rain,0.0,0.0,29.5,17.0,221.1,1004.5,96.5,17.2,73.0,6.3,3,22.128353498158862,06:34:37,19:30:23,0.25,"rain, overcast",Cloudy skies throughout the day with rain in the morning and afternoon.,rain,"00427,03987,00403,E2835,00433,00400",Berlin,"🧶 Hoodie or light jacket, jeans ☔ (Umbrella recommended)",Autumn,6,19,0,September,2024-09-11,Wednesday,9505925,afrobeat,afrobeats,"(44.66, 59.04]"
Berlin,2024-09-12,60.1,48.1,53.6,60.1,45.2,52.9,43.1,69.0,0.0,0.0,0.0,Unknown,0.0,0.0,17.2,8.2,268.3,1012.0,86.4,28.4,150.0,13.0,7,22.128353498158862,06:36:17,19:28:01,0.31,partially cloudy,Partly cloudy throughout the day.,partly-cloudy-day,"00427,03987,00403,E2835,00433,00400",Berlin,"🧶 Hoodie or light jacket, jeans 🕶️ (Sunscreen & sunglasses)",Autumn,6,19,0,September,2024-09-12,Thursday,14931394,afrobeat,afrobeats,"(44.66, 59.04]"
Berlin,2024-09-13,59.3,48.3,53.4,59.3,45.4,52.9,45.9,76.2,0.05,100.0,29.17,rain,0.0,0.0,28.0,17.9,338.8,1017.5,99.8,21.3,59.6,5.1,2,22.128353498158862,06:37:57,19:25:38,0.34,"rain, overcast",Cloudy skies throughout the day with rain.,rain,"00427,03987,00403,E2835,00433,00400",Berlin,"🧶 Hoodie or light jacket, jeans ☔ (Umbrella recommended)",Autumn,6,19,0,September,2024-09-13,Friday,33760764,afrobeats,afrobeats,"(44.66, 59.04]"
Berlin,2024-09-14,64.2,52.9,57.7,64.2,52.9,57.7,44.6,62.4,0.0,0.0,0.0,Unknown,0.0,0.0,34.9,21.5,337.5,1022.2,68.4,28.8,175.8,15.2,7,22.128353498158862,06:39:37,19:23:16,0.38,partially cloudy,Partly cloudy throughout the day.,partly-cloudy-day,"00427,03987,00403,E2835,00433,00400",Berlin,"🧶 Hoodie or light jacket, jeans 🕶️ (Sunscreen & sunglasses)",Autumn,6,19,0,September,2024-09-14,Saturday,29909664,nan,Unknown,"(44.66, 59.04]"
Berlin,2024-09-15,64.4,48.3,56.4,64.4,43.2,55.2,45.2,68.6,0.039,100.0,12.5,rain,0.0,0.0,34.2,19.2,338.2,1021.9,39.0,27.9,122.8,10.5,7,22.128353498158862,06:41:17,19:20:53,0.41,"rain, partially cloudy",Becoming cloudy in the afternoon with late afternoon rain.,rain,"00427,03987,00403,E2835,00433,00400",Berlin,"🧶 Hoodie or light jacket, jeans ☔ (Umbrella recommended) 🕶️ (Sunscreen & sunglasses)",Autumn,6,19,0,September,2024-09-15,Sunday,64464854,nan,Unknown,"(44.66, 59.04]"
Berlin,2024-09-16,63.9,54.3,59.1,63.9,54.3,59.1,55.7,88.6,0.182,100.0,25.0,rain,0.0,0.0,28.4,16.3,352.8,1020.0,95.3,18.8,37.5,3.3,1,22.128353498158862,06:42:57,19:18:31,0.44,"rain, overcast",Cloudy skies throughout the day with rain clearing later.,rain,"00427,03987,00403,E2835,00433,00400",Berlin,"🧶 Hoodie or light jacket, jeans ☔ (Umbrella recommended)",Autumn,6,19,0,September,2024-09-16,Monday,86777334,nan,Unknown,"(59.04, 73.42]"
Berlin,2024-09-17,77.1,60.2,66.7,77.1,60.2,66.7,58.5,76.7,0.0,0.0,0.0,Unknown,0.0,0.0,25.5,12.9,27.3,1025.9,30.1,13.2,165.2,14.2,6,22.128353498158862,06:44:37,19:16:08,0.48,partially cloudy,Clearing in the afternoon.,partly-cloudy-day,"00427,03987,00403,E2835,00433,00400",Berlin,"👕 T-shirt, jeans/skirt, light sneakers 🕶️ (Sunscreen & sunglasses)",Autumn,6,19,0,September,2024-09-17,Tuesday,53664654,nan,Unknown,"(59.04, 73.42]"
Berlin,2024-09-18,77.2,58.2,65.6,77.2,58.2,65.6,58.3,79.3,0.0,0.0,0.0,Unknown,0.0,0.0,19.5,11.6,41.0,1029.0,30.6,8.9,150.9,13.1,6,22.128353498158862,06:46:17,19:13:45,0.5,partially cloudy,Partly cloudy throughout the day.,partly-cloudy-day,"00427,03987,00403,E2835,00433,00400",Berlin,"👕 T-shirt, jeans/skirt, light sneakers 🕶️ (Sunscreen & sunglasses)",Autumn,6,19,0,September,2024-09-18,Wednesday,106143751,afrobeats,afrobeats,"(59.04, 73.42]"
Berlin,2024-09-19,75.1,59.8,65.4,75.1,59.8,65.4,56.1,74.4,0.0,0.0,0.0,Unknown,0.0,0.0,26.6,13.9,60.1,1027.1,27.9,14.9,143.1,12.4,6,22.128353498158862,06:47:58,19:11:22,0.54,partially cloudy,Clearing in the afternoon.,partly-cloudy-day,"00427,03987,00403,E2835,00433,00400",Berlin,"👕 T-shirt, jeans/skirt, light sneakers 🕶️ (Sunscreen & sunglasses)",Autumn,6,19,0,September,2024-09-19,Thursday,43021872,nan,Unknown,"(59.04, 73.42]"
Berlin,2024-09-20,75.4,55.4,63.9,75.4,55.4,63.9,45.8,55.2,0.0,0.0,0.0,Unknown,0.0,0.0,25.5,15.7,89.1,1026.4,1.4,22.7,171.0,14.6,6,22.128353498158862,06:49:38,19:08:59,0.58,clear,Clear conditions throughout the day.,clear-day,"00427,03987,00403,E2835,00433,00400",Berlin,"👕 T-shirt, jeans/skirt, light sneakers 🕶️ (Sunscreen & sunglasses)",Autumn,6,19,0,September,2024-09-20,Friday,34295665,gregorian chant,gregorian chant,"(59.04, 73.42]"
Berlin,2024-09-21,74.7,50.8,62.2,74.7,50.8,62.2,45.2,55.7,0.0,0.0,0.0,Unknown,0.0,0.0,19.2,11.7,98.7,1024.0,2.8,21.4,165.4,14.4,6,22.128353498158862,06:51:19,19:06:36,0.61,clear,Clear conditions throughout the day.,clear-day,"00427,03987,00403,E2835,00433,00400",Berlin,"🧶 Hoodie or light jacket, jeans 🕶️ (Sunscreen & sunglasses)",Autumn,6,19,0,September,2024-09-21,Saturday,65576748,afrobeat,afrobeats,"(59.04, 73.42]"
Berlin,2024-09-22,75.9,49.8,62.0,75.9,47.9,62.0,48.2,63.6,0.0,0.0,0.0,Unknown,0.0,0.0,15.4,10.6,107.4,1017.7,2.6,21.5,158.4,13.7,6,22.128353498158862,06:53:00,19:04:14,0.65,clear,Clear conditions throughout the day.,clear-day,"00427,03987,00403,E2835,00433,00400",Berlin,"🧶 Hoodie or light jacket, jeans 🕶️ (Sunscreen & sunglasses)",Autumn,6,19,0,September,2024-09-22,Sunday,66792942,afrobeat,afrobeats,"(59.04, 73.42]"
Berlin,2024-09-23,76.8,49.3,63.0,76.8,49.3,63.0,51.7,70.1,0.0,0.0,0.0,Unknown,0.0,0.0,9.8,7.0,134.1,1010.1,80.4,21.6,161.5,14.1,6,22.128353498158862,06:54:41,19:01:51,0.68,partially cloudy,Partly cloudy throughout the day.,partly-cloudy-day,"00427,03987,00403,E2835,00433,00400",Berlin,"🧶 Hoodie or light jacket, jeans 🕶️ (Sunscreen & sunglasses)",Autumn,6,19,0,September,2024-09-23,Monday,15045880,nan,Unknown,"(59.04, 73.42]"
Berlin,2024-09-24,64.0,52.5,59.0,64.0,52.5,59.0,55.5,88.5,0.359,100.0,25.0,rain,0.0,0.0,19.9,12.3,203.6,1004.8,68.5,17.2,47.0,3.9,2,22.128353498158862,06:56:22,18:59:28,0.75,"rain, partially cloudy",Partly cloudy throughout the day with rain in the morning and afternoon.,rain,"00427,03987,00403,E2835,00433,00400",Berlin,"🧶 Hoodie or light jacket, jeans ☔ (Umbrella recommended)",Autumn,6,18,0,September,2024-09-24,Tuesday,46259998,nan,Unknown,"(44.66, 59.04]"
Berlin,2024-09-25,65.2,55.6,59.5,65.2,55.6,59.5,55.1,85.5,0.397,100.0,16.67,rain,0.0,0.0,24.4,11.7,208.8,1005.6,74.6,23.6,72.2,6.2,3,22.128353498158862,06:58:03,18:57:06,0.75,"rain, partially cloudy",Partly cloudy throughout the day with rain.,rain,"00427,03987,00403,E2835,00433,00400",Berlin,"🧶 Hoodie or light jacket, jeans ☔ (Umbrella recommended)",Autumn,6,18,0,September,2024-09-25,Wednesday,89417779,nan,afrobeats,"(59.04, 73.42]"
Berlin,2024-09-26,67.0,55.9,61.6,67.0,55.9,61.6,55.8,81.7,0.013,100.0,12.5,rain,0.0,0.0,29.8,14.1,186.3,997.0,99.8,24.1,49.3,4.3,2,22.128353498158862,06:59:44,18:54:44,0.78,"rain, overcast",Cloudy skies throughout the day with rain.,rain,"00427,03987,00403,E2835,00433,00400",Berlin,"🧶 Hoodie or light jacket, jeans ☔ (Umbrella recommended)",Autumn,6,18,0,September,2024-09-26,Thursday,76203706,new age,gregorian chant,"(59.04, 73.42]"
Berlin,2024-09-27,67.6,57.3,62.3,67.6,57.3,62.3,50.1,65.8,0.025,100.0,20.83,rain,0.0,0.0,40.0,19.3,220.0,997.9,38.6,28.5,106.9,9.3,5,22.128353498158862,07:01:26,18:52:21,0.82,"rain, partially cloudy",Becoming cloudy in the afternoon with rain.,rain,"00427,03987,00403,E2835,00433,00400",Berlin,"🧶 Hoodie or light jacket, jeans ☔ (Umbrella recommended)",Autumn,7,18,0,September,2024-09-27,Friday,83766532,nan,afrobeats,"(59.04, 73.42]"
Berlin,2024-09-28,59.9,47.2,55.0,59.9,42.6,54.6,44.3,67.9,0.029,100.0,29.17,rain,0.0,0.0,38.9,17.3,271.0,1011.5,41.3,28.4,94.8,8.2,5,22.128353498158862,07:03:08,18:50:00,0.85,"rain, partially cloudy",Partly cloudy throughout the day with rain.,rain,"00427,03987,00403,E2835,00433,00400",Berlin,"🧶 Hoodie or light jacket, jeans ☔ (Umbrella recommended)",Autumn,7,18,0,September,2024-09-28,Saturday,24842095,nan,Unknown,"(44.66, 59.04]"
Berlin,2024-09-29,58.7,42.7,48.9,58.7,38.6,46.9,40.8,75.4,0.0,0.0,0.0,Unknown,0.0,0.0,18.6,11.1,285.8,1026.9,13.2,28.4,125.0,10.8,6,22.128353498158862,07:04:50,18:47:38,0.89,clear,Clear conditions throughout the day.,clear-day,"00427,03987,00403,E2835,00433,00400",Berlin,"🧥 Coat or insulated jacket, boots 🕶️ (Sunscreen & sunglasses)",Autumn,7,18,0,September,2024-09-29,Sunday,100472783,nan,afrobeats,"(44.66, 59.04]"
Berlin,2024-09-30,60.2,42.0,50.2,60.2,37.7,48.5,39.8,70.1,0.0,0.0,0.0,Unknown,0.0,0.0,32.0,15.1,113.8,1022.8,50.8,28.3,143.5,12.4,6,22.128353498158862,07:06:32,18:45:17,0.92,partially cloudy,Partly cloudy throughout the day.,partly-cloudy-day,"00427,03987,00403,E2835,00433,00400",Berlin,"🧶 Hoodie or light jacket, jeans 🕶️ (Sunscreen & sunglasses)",Autumn,7,18,0,September,2024-09-30,Monday,42987214,nan,afrobeats,"(44.66, 59.04]"
Berlin,2024-10-01,51.8,46.5,49.4,51.8,41.2,46.7,44.9,85.2,0.212,100.0,41.67,rain,0.0,0.0,25.5,12.2,111.1,1012.3,84.5,15.7,24.7,2.2,1,22.128353498158862,07:08:14,18:42:56,0.95,"rain, partially cloudy",Partly cloudy throughout the day with rain.,rain,"00427,03987,00403,E2835,00433,00400",Berlin,"🧥 Coat or insulated jacket, boots ☔ (Umbrella recommended)",Autumn,7,18,0,October,2024-10-01,Tuesday,51856217,afrobeat,afrobeats,"(44.66, 59.04]"
Berlin,2024-10-02,50.9,48.0,49.6,50.9,43.1,47.5,47.6,92.9,0.233,100.0,62.5,rain,0.0,0.0,15.9,11.6,51.0,1010.1,99.0,12.0,33.1,2.8,2,22.128353498158862,07:09:57,18:40:35,0.0,"rain, overcast",Cloudy skies throughout the day with a chance of rain throughout the day.,rain,"00427,03987,00403,E2835,00433,00400",Berlin,"🧥 Coat or insulated jacket, boots ☔ (Umbrella recommended)",Autumn,7,18,0,October,2024-10-02,Wednesday,72032203,nan,alté,"(44.66, 59.04]"
Berlin,2024-10-03,57.1,49.2,52.3,57.1,45.0,51.8,49.5,90.1,0.031,100.0,37.5,rain,0.0,0.0,24.4,12.6,342.3,1014.8,95.0,16.2,59.0,5.3,4,22.128353498158862,07:11:40,18:38:15,0.02,"rain, overcast",Cloudy skies throughout the day with a chance of rain throughout the day.,rain,"00427,03987,00403,E2835,00433,00400",Berlin,"🧶 Hoodie or light jacket, jeans ☔ (Umbrella recommended)",Autumn,7,18,0,October,2024-10-03,Thursday,59559292,nan,Unknown,"(44.66, 59.04]"
Berlin,2024-10-04,57.2,48.8,53.1,57.2,45.4,52.8,48.9,85.9,0.019,100.0,12.5,rain,0.0,0.0,25.3,10.4,9.0,1018.7,80.0,23.1,68.6,5.8,3,22.128353498158862,07:13:23,18:35:55,0.06,"rain, partially cloudy",Partly cloudy throughout the day with afternoon rain.,rain,"00427,03987,00403,E2835,00433,00400",Berlin,"🧶 Hoodie or light jacket, jeans ☔ (Umbrella recommended)",Autumn,7,18,0,October,2024-10-04,Friday,103913319,nan,afrobeats,"(44.66, 59.04]"
Berlin,2024-10-05,56.1,46.8,51.3,56.1,43.6,50.5,46.6,84.5,0.0,0.0,0.0,Unknown,0.0,0.0,14.3,8.4,22.1,1019.5,84.8,30.1,50.4,4.3,2,22.128353498158862,07:15:07,18:33:36,0.09,partially cloudy,Partly cloudy throughout the day.,partly-cloudy-day,"00427,03987,00403,E2835,00433,00400",Berlin,"🧶 Hoodie or light jacket, jeans",Autumn,7,18,0,October,2024-10-05,Saturday,81419417,nan,Unknown,"(44.66, 59.04]"
Berlin,2024-10-06,53.2,43.9,48.8,53.2,41.5,47.6,43.7,82.5,0.0,0.0,0.0,Unknown,0.0,0.0,13.4,8.0,103.5,1014.4,66.5,27.3,54.7,4.6,3,22.128353498158862,07:16:50,18:31:17,0.12,partially cloudy,Partly cloudy throughout the day.,partly-cloudy-day,"00427,03987,00403,E2835,00433,00400",Berlin,"🧥 Coat or insulated jacket, boots",Autumn,7,18,0,October,2024-10-06,Sunday,27979680,nan,Unknown,"(44.66, 59.04]"
Berlin,2024-10-07,59.9,44.1,52.1,59.9,39.5,50.3,48.7,88.9,0.002,100.0,8.33,rain,0.0,0.0,18.1,9.3,146.1,1007.6,54.0,16.9,75.8,6.6,4,22.128353498158862,07:18:34,18:28:58,0.16,"rain, partially cloudy",Partly cloudy throughout the day with afternoon rain.,rain,"00427,03987,00403,E2835,00433,00400",Berlin,"🧶 Hoodie or light jacket, jeans ☔ (Umbrella recommended)",Autumn,7,18,0,October,2024-10-07,Monday,54552361,nan,afrobeats,"(44.66, 59.04]"
Berlin,2024-10-08,70.4,52.8,60.5,70.4,52.8,60.5,56.5,88.0,0.12,100.0,16.67,rain,0.0,0.0,16.1,7.8,159.1,1003.2,90.0,14.1,114.4,9.9,5,22.128353498158862,07:20:19,18:26:41,0.19,"rain, partially cloudy",Partly cloudy throughout the day with rain.,rain,"00427,03987,00403,E2835,00433,00400",Berlin,"🧶 Hoodie or light jacket, jeans ☔ (Umbrella recommended)",Autumn,7,18,0,October,2024-10-08,Tuesday,33265955,nan,Unknown,"(59.04, 73.42]"
Berlin,2024-10-09,67.9,56.6,61.4,67.9,56.6,61.4,56.0,83.5,0.258,100.0,37.5,rain,0.0,0.0,27.7,11.6,189.4,997.0,84.8,20.3,104.5,9.1,5,22.128353498158862,07:22:03,18:24:23,0.23,"rain, partially cloudy",Partly cloudy throughout the day with rain.,rain,"00427,03987,00403,E2835,00433,00400",Berlin,"🧶 Hoodie or light jacket, jeans ☔ (Umbrella recommended)",Autumn,7,18,0,October,2024-10-09,Wednesday,12055556,nan,afrobeats,"(59.04, 73.42]"
Berlin,2024-10-10,65.8,50.4,60.2,65.8,50.4,60.2,53.1,77.7,0.06,100.0,41.67,rain,0.0,0.0,38.7,20.8,231.4,991.8,81.1,21.5,50.7,4.3,4,22.128353498158862,07:23:48,18:22:07,0.25,"rain, partially cloudy",Partly cloudy throughout the day with a chance of rain throughout the day.,rain,"00427,03987,00403,E2835,00433,00400",Berlin,"🧶 Hoodie or light jacket, jeans ☔ (Umbrella recommended)",Autumn,7,18,0,October,2024-10-10,Thursday,15424691,afrobeat,afrobeats,"(59.04, 73.42]"
Berlin,2024-10-11,55.8,43.9,48.9,55.8,40.8,46.7,41.7,77.2,0.0,0.0,0.0,Unknown,0.0,0.0,20.6,11.8,269.8,1013.0,26.5,24.6,89.5,7.7,5,22.128353498158862,07:25:33,18:19:51,0.29,partially cloudy,Clearing in the afternoon.,partly-cloudy-day,"00427,03987,00403,E2835,00433,00400",Berlin,"🧥 Coat or insulated jacket, boots",Autumn,7,18,0,October,2024-10-11,Friday,10066893,afrobeat,afrobeats,"(44.66, 59.04]"
Berlin,2024-10-12,56.1,35.9,46.8,56.1,33.5,45.7,39.1,76.7,0.0,0.0,0.0,Unknown,0.0,0.0,24.4,12.6,145.7,1018.2,43.6,26.6,112.0,9.7,5,22.128353498158862,07:27:19,18:17:35,0.33,partially cloudy,Becoming cloudy in the afternoon.,partly-cloudy-day,"00427,03987,00403,E2835,00433,00400",Berlin,"🧥 Coat or insulated jacket, boots",Autumn,7,18,0,October,2024-10-12,Saturday,40185482,nan,Unknown,"(44.66, 59.04]"
Berlin,2024-10-13,53.4,47.3,50.7,53.4,42.1,49.5,44.3,78.7,0.109,100.0,33.33,rain,0.0,0.0,45.2,19.8,247.8,1007.5,86.4,20.8,54.5,4.6,2,22.128353498158862,07:29:05,18:15:21,0.36,"rain, partially cloudy",Partly cloudy throughout the day with a chance of rain throughout the day.,rain,"00427,03987,00403,E2835,00433,00400",Berlin,"🧶 Hoodie or light jacket, jeans ☔ (Umbrella recommended)",Autumn,7,18,0,October,2024-10-13,Sunday,29222358,nan,Unknown,"(44.66, 59.04]"
Berlin,2024-10-14,53.0,44.7,48.8,53.0,39.3,46.0,41.9,77.0,0.0,0.0,0.0,Unknown,0.0,0.0,28.0,15.2,263.7,1017.7,73.6,27.3,64.3,5.5,3,22.128353498158862,07:30:51,18:13:07,0.4,partially cloudy,Partly cloudy throughout the day.,partly-cloudy-day,"00427,03987,00403,E2835,00433,00400",Berlin,"🧥 Coat or insulated jacket, boots",Autumn,7,18,0,October,2024-10-14,Monday,14732182,gospel,african gospel,"(44.66, 59.04]"
Berlin,2024-10-15,54.5,40.1,46.3,54.5,36.2,44.3,39.8,79.6,0.0,0.0,0.0,Unknown,0.0,0.0,12.1,7.6,338.3,1024.1,9.8,24.3,109.7,9.4,5,22.128353498158862,07:32:37,18:10:54,0.43,clear,Clear conditions throughout the day.,clear-day,"00427,03987,00403,E2835,00433,00400",Berlin,"🧥 Coat or insulated jacket, boots",Autumn,7,18,0,October,2024-10-15,Tuesday,32440627,nan,Unknown,"(44.66, 59.04]"
Berlin,2024-10-16,58.1,39.5,48.2,58.1,34.4,45.6,39.8,73.9,0.0,0.0,0.0,Unknown,0.0,0.0,28.2,15.8,115.6,1023.8,20.1,25.4,119.3,10.4,5,22.128353498158862,07:34:24,18:08:42,0.46,partially cloudy,Clearing in the afternoon.,partly-cloudy-day,"00427,03987,00403,E2835,00433,00400",Berlin,"🧥 Coat or insulated jacket, boots",Autumn,7,18,0,October,2024-10-16,Wednesday,31647209,nan,Unknown,"(44.66, 59.04]"
Berlin,2024-10-17,62.4,45.6,52.9,62.4,41.2,51.0,44.8,74.4,0.0,0.0,0.0,Unknown,0.0,0.0,25.7,13.4,128.5,1018.2,41.0,26.5,95.1,8.3,5,22.128353498158862,07:36:11,18:06:31,0.5,partially cloudy,Becoming cloudy in the afternoon.,partly-cloudy-day,"00427,03987,00403,E2835,00433,00400",Berlin,"🧶 Hoodie or light jacket, jeans",Autumn,7,18,0,October,2024-10-17,Thursday,36496887,nan,Unknown,"(44.66, 59.04]"
Tokyo,2024-10-16,78.1,67.3,73.2,78.1,67.3,73.2,65.0,75.9,0.0,0.0,0.0,Unknown,0.0,0.0,10.1,7.4,292.3,1019.8,77.7,8.3,153.8,13.3,6,10.0,05:48:06,17:04:04,0.45,partially cloudy,Partly cloudy throughout the day.,partly-cloudy-day,"47662099999,47671099999,47727099999,47642043313,47680099999,RJTT",Unknown,"🩳 Shorts, tank top, hat, sunglasses 🕶️ (Sunscreen & sunglasses)",Autumn,5,17,0,October,2024-10-16,Wednesday,31647209,nan,Unknown,"(59.04, 73.42]"
Tokyo,2024-10-17,77.2,71.0,73.3,77.2,71.0,73.3,66.2,78.7,0.0,0.0,0.0,Unknown,0.0,0.0,15.2,11.2,30.7,1022.5,81.3,9.7,131.6,11.3,5,10.0,05:48:58,17:02:47,0.5,partially cloudy,Partly cloudy throughout the day.,partly-cloudy-day,"47662099999,47671099999,47727099999,47670099999,47642043313,47680099999,47626099999,47682099999,RJTT",Unknown,"🩳 Shorts, tank top, hat, sunglasses",Autumn,5,17,0,October,2024-10-17,Thursday,36496887,nan,Unknown,"(59.04, 73.42]"
Tokyo,2024-10-18,72.9,69.3,71.0,72.9,69.3,71.0,68.3,91.5,0.082,100.0,12.5,rain,0.0,0.0,14.5,5.8,336.0,1022.6,95.7,7.3,73.4,6.3,3,10.0,05:49:51,17:01:30,0.52,"rain, overcast",Cloudy skies throughout the day with rain.,rain,"47662099999,47671099999,47670099999,47642043313,47680099999,47626099999,47682099999",Unknown,"👕 T-shirt, jeans/skirt, light sneakers ☔ (Umbrella recommended)",Autumn,5,17,0,October,2024-10-18,Friday,55519952,nan,afrobeats,"(59.04, 73.42]"
Tokyo,2024-10-19,84.4,70.4,75.6,90.0,70.4,76.4,70.4,85.1,0.058,100.0,12.5,rain,0.0,0.0,22.1,12.5,229.4,1012.1,82.2,9.1,148.9,12.9,7,10.0,05:50:44,17:00:15,0.55,"rain, partially cloudy",Partly cloudy throughout the day with rain.,rain,"47662099999,47671099999,47670099999,47642043313,47680099999,47626099999,47682099999",Unknown,"🩳 Shorts, tank top, hat, sunglasses ☔ (Umbrella recommended) 🕶️ (Sunscreen & sunglasses)",Autumn,5,17,0,October,2024-10-19,Saturday,13076984,nan,Unknown,"(73.42, 87.8]"
Tokyo,2024-10-20,72.3,57.8,64.0,72.3,57.8,64.0,47.6,55.6,0.005,100.0,4.17,rain,0.0,0.0,28.6,11.5,28.4,1025.7,42.8,12.1,135.0,11.7,6,10.0,05:51:37,16:59:00,0.59,"rain, partially cloudy",Partly cloudy throughout the day with morning rain.,rain,"47662099999,47670099999,47642043313,47680099999,47626099999,47682099999",Unknown,"👕 T-shirt, jeans/skirt, light sneakers ☔ (Umbrella recommended) 🕶️ (Sunscreen & sunglasses)",Autumn,5,16,0,October,2024-10-20,Sunday,11522369,nan,Unknown,"(59.04, 73.42]"
Tokyo,2024-10-21,67.7,52.9,60.9,67.7,52.9,60.9,46.9,60.4,0.0,0.0,0.0,rain,0.0,0.0,18.1,9.1,345.0,1032.3,53.6,13.4,101.4,8.8,4,10.0,05:52:31,16:57:46,0.62,partially cloudy,Partly cloudy throughout the day.,partly-cloudy-day,"47662099999,47670099999,47642043313,47680099999,47626099999,47682099999",Unknown,"🧶 Hoodie or light jacket, jeans",Autumn,5,16,0,October,2024-10-21,Monday,26166661,nan,Unknown,"(59.04, 73.42]"
Tokyo,2024-10-22,75.0,59.1,67.3,75.0,59.1,67.3,56.1,68.3,0.0,0.0,0.0,rain,0.0,0.0,16.6,10.1,338.8,1025.3,78.4,13.4,135.8,11.7,6,10.0,05:53:25,16:56:34,0.65,partially cloudy,Partly cloudy throughout the day.,partly-cloudy-day,"47662099999,47670099999,47642043313,47680099999,47626099999,47682099999",Unknown,"👕 T-shirt, jeans/skirt, light sneakers 🕶️ (Sunscreen & sunglasses)",Autumn,5,16,0,October,2024-10-22,Tuesday,32050627,afrobeat,alté,"(59.04, 73.42]"
Tokyo,2024-10-23,76.3,66.0,71.4,76.3,66.0,71.4,68.0,89.3,0.27,100.0,16.67,rain,0.0,0.0,27.5,12.7,209.3,1015.4,85.6,9.9,87.6,7.6,4,10.0,05:54:20,16:55:22,0.69,"rain, partially cloudy",Partly cloudy throughout the day with rain.,rain,"47662099999,47670099999,47642043313,47680099999,47626099999,47682099999",Unknown,"👕 T-shirt, jeans/skirt, light sneakers ☔ (Umbrella recommended)",Autumn,5,16,0,October,2024-10-23,Wednesday,13559569,lullaby,alté,"(59.04, 73.42]"
Tokyo,2024-10-24,77.3,68.8,72.7,77.3,68.8,72.7,65.8,79.3,0.0,0.0,0.0,rain,0.0,0.0,15.2,9.1,31.7,1016.0,64.7,11.0,65.8,5.7,3,10.0,05:55:15,16:54:12,0.75,partially cloudy,Partly cloudy throughout the day.,partly-cloudy-day,"47662099999,47671099999,47670099999,47642043313,47680099999,47626099999,47682099999",Unknown,"👕 T-shirt, jeans/skirt, light sneakers",Autumn,5,16,0,October,2024-10-24,Thursday,37877269,afrobeat,afrobeats,"(59.04, 73.42]"
Tokyo,2024-10-25,71.0,66.0,68.7,71.0,66.0,68.7,61.1,77.1,0.019,100.0,4.17,rain,0.0,0.0,14.5,7.9,21.3,1023.8,92.9,11.9,25.8,2.2,1,10.0,05:56:10,16:53:02,0.75,"rain, overcast",Cloudy skies throughout the day with morning rain.,rain,"47662099999,47670099999,47642043313,47680099999,47626099999,47682099999",Unknown,"👕 T-shirt, jeans/skirt, light sneakers ☔ (Umbrella recommended)",Autumn,5,16,0,October,2024-10-25,Friday,7657308,nan,Unknown,"(59.04, 73.42]"
Tokyo,2024-10-26,68.7,63.6,66.3,68.7,63.6,66.3,59.6,79.2,0.0,0.0,0.0,Unknown,0.0,0.0,13.4,6.9,342.3,1022.2,76.7,11.2,51.4,4.3,2,10.0,05:57:06,16:51:54,0.79,partially cloudy,Partly cloudy throughout the day.,partly-cloudy-day,"47662099999,47670099999,47642043313,47680099999,47626099999,47682099999",Unknown,"👕 T-shirt, jeans/skirt, light sneakers",Autumn,5,16,0,October,2024-10-26,Saturday,72777294,nan,Unknown,"(59.04, 73.42]"
Tokyo,2024-10-27,73.1,62.7,67.7,73.1,62.7,67.7,63.2,86.0,0.076,100.0,4.17,rain,0.0,0.0,10.7,7.6,320.7,1014.7,79.0,9.3,121.3,10.3,5,10.0,05:58:02,16:50:46,0.82,"rain, partially cloudy",Partly cloudy throughout the day with late afternoon rain.,rain,"47662099999,47671099999,47670099999,47680099999,47642043313,RJTY,47626099999,47682099999,RJTT",Unknown,"👕 T-shirt, jeans/skirt, light sneakers ☔ (Umbrella recommended)",Autumn,5,16,0,October,2024-10-27,Sunday,29826487,nan,Unknown,"(59.04, 73.42]"
Tokyo,2024-10-28,68.3,63.3,65.9,68.3,63.3,65.9,61.9,87.8,0.392,100.0,20.83,rain,0.0,0.0,18.6,6.8,4.9,1008.9,99.0,9.4,12.9,1.0,1,10.0,05:58:58,16:49:40,0.85,"rain, overcast",Cloudy skies throughout the day with rain clearing later.,rain,"47662099999,47670099999,47642043313,47680099999,47626099999,47682099999",Unknown,"👕 T-shirt, jeans/skirt, light sneakers ☔ (Umbrella recommended)",Autumn,5,16,0,October,2024-10-28,Monday,5805887,gregorian chant,gregorian chant,"(59.04, 73.42]"
Tokyo,2024-10-29,65.9,54.3,60.2,65.9,54.3,60.2,53.0,78.2,0.712,100.0,37.5,rain,0.0,0.0,19.0,10.2,27.8,1020.1,99.1,8.8,72.8,6.3,4,10.0,05:59:55,16:48:35,0.89,"rain, overcast",Cloudy skies throughout the day with rain.,rain,"47662099999,47671099999,47670099999,47642043313,47680099999,47626099999,47682099999",Unknown,"🧶 Hoodie or light jacket, jeans ☔ (Umbrella recommended)",Autumn,5,16,0,October,2024-10-29,Tuesday,12465982,gregorian chant,gregorian chant,"(59.04, 73.42]"
Tokyo,2024-11-01,70.7,54.3,62.6,70.7,54.3,62.6,54.4,75.2,0.0,0.0,0.0,rain,0.0,0.0,10.5,5.7,321.8,1023.9,62.1,11.5,126.8,10.9,6,10.0,06:02:47,16:45:28,0.0,partially cloudy,Partly cloudy throughout the day.,partly-cloudy-day,"47662099999,47670099999,47642043313,47680099999,47626099999,47682099999",Unknown,"🧶 Hoodie or light jacket, jeans 🕶️ (Sunscreen & sunglasses)",Autumn,6,16,0,November,2024-11-01,Friday,51380388,nan,Unknown,"(59.04, 73.42]"
Tokyo,2024-11-02,62.4,59.1,60.8,62.4,59.1,60.8,60.4,98.5,1.021,100.0,50.0,rain,0.0,0.0,32.2,7.2,344.9,1013.1,99.5,4.4,18.5,1.6,1,10.0,06:03:45,16:44:29,0.02,"rain, overcast",Cloudy skies throughout the day with a chance of rain throughout the day.,rain,"47662099999,47671099999,47670099999,47642043313,47680099999,47626099999,47682099999",Unknown,"🧶 Hoodie or light jacket, jeans ☔ (Umbrella recommended)",Autumn,6,16,0,November,2024-11-02,Saturday,33975523,afrobeat,afrobeats,"(59.04, 73.42]"
Tokyo,2024-11-03,71.6,58.3,63.6,71.6,58.3,63.6,51.6,67.7,0.039,100.0,4.17,rain,0.0,0.0,18.8,9.3,21.2,1018.2,18.8,12.6,160.5,14.0,6,10.0,06:04:43,16:43:30,0.06,rain,Clear conditions throughout the day with early morning rain.,rain,"47662099999,47670099999,47642043313,47680099999,47626099999,47682099999",Unknown,"👕 T-shirt, jeans/skirt, light sneakers ☔ (Umbrella recommended) 🕶️ (Sunscreen & sunglasses)",Autumn,6,16,0,November,2024-11-03,Sunday,3837880,nan,Unknown,"(59.04, 73.42]"
Tokyo,2024-11-04,72.2,53.0,62.9,72.2,53.0,62.9,53.0,70.9,0.0,0.0,0.0,Unknown,0.0,0.0,21.7,11.3,214.2,1020.0,10.2,11.7,157.3,13.6,6,10.0,06:05:42,16:42:33,0.09,clear,Clear conditions throughout the day.,clear-day,"47662099999,47670099999,47642043313,47680099999,47626099999,47682099999",Unknown,"🧶 Hoodie or light jacket, jeans 🕶️ (Sunscreen & sunglasses)",Autumn,6,16,0,November,2024-11-04,Monday,96114236,nan,Unknown,"(59.04, 73.42]"
Tokyo,2024-11-05,66.8,57.0,62.2,66.8,57.0,62.2,52.9,72.1,0.0,0.0,0.0,rain,0.0,0.0,17.7,9.1,31.9,1016.2,54.2,10.8,104.3,9.0,5,10.0,06:06:41,16:41:38,0.13,partially cloudy,Partly cloudy throughout the day.,partly-cloudy-day,"47662099999,47670099999,47642043313,47680099999,47626099999,47682099999,RJTT",Unknown,"🧶 Hoodie or light jacket, jeans",Autumn,6,16,0,November,2024-11-05,Tuesday,44306256,nan,Unknown,"(59.04, 73.42]"
Tokyo,2024-11-07,62.9,52.1,56.4,62.9,52.1,56.4,38.4,53.0,0.0,0.0,0.0,Unknown,0.0,0.0,28.6,16.9,323.8,1022.4,15.1,14.4,146.3,12.6,6,10.0,06:08:39,16:39:51,0.19,clear,Clear conditions throughout the day.,clear-day,"47662099999,47671099999,47670099999,47642043313,47680099999,47626099999,47682099999",Unknown,"🧶 Hoodie or light jacket, jeans 🕶️ (Sunscreen & sunglasses)",Autumn,6,16,0,November,2024-11-07,Thursday,77072268,nan,afrobeats,"(44.66, 59.04]"
Tokyo,2024-11-08,59.1,47.7,53.3,59.1,45.6,52.9,37.4,55.4,0.0,0.0,0.0,Unknown,0.0,0.0,14.8,7.3,21.0,1028.7,17.2,13.2,120.9,10.4,5,10.0,06:09:38,16:39:00,0.23,clear,Clear conditions throughout the day.,clear-day,"47662099999,47670099999,47642043313,47680099999,47626099999,47682099999",Unknown,"🧶 Hoodie or light jacket, jeans",Autumn,6,16,0,November,2024-11-08,Friday,39741972,nan,Unknown,"(44.66, 59.04]"
Tokyo,2024-11-10,61.1,53.0,56.8,61.1,53.0,56.8,45.6,67.0,0.0,0.0,0.0,rain,0.0,0.0,13.9,8.0,328.7,1025.6,97.4,10.3,62.8,5.3,3,10.0,06:11:38,16:37:23,0.3,overcast,Cloudy skies throughout the day.,cloudy,"47662099999,47671099999,47670099999,47642043313,47680099999,47626099999,47682099999",Unknown,"🧶 Hoodie or light jacket, jeans",Autumn,6,16,0,November,2024-11-10,Sunday,26735246,nan,highlife,"(44.66, 59.04]"
Tokyo,2024-11-11,69.0,56.1,61.4,69.0,56.1,61.4,57.0,86.3,0.078,100.0,8.33,rain,0.0,0.0,20.8,4.8,343.1,1016.0,51.6,9.4,93.9,8.1,4,10.0,06:12:38,16:36:36,0.33,"rain, partially cloudy",Partly cloudy throughout the day with rain clearing later.,rain,"47662099999,47670099999,47642043313,47680099999,47626099999,47682099999",Unknown,"🧶 Hoodie or light jacket, jeans ☔ (Umbrella recommended)",Autumn,6,16,0,November,2024-11-11,Monday,43304537,nan,Unknown,"(59.04, 73.42]"
Tokyo,2024-11-12,68.2,53.7,61.3,68.2,53.7,61.3,53.6,76.7,0.0,0.0,0.0,Unknown,0.0,0.0,12.3,8.0,54.0,1015.5,19.0,11.6,86.3,7.5,4,10.0,06:13:38,16:35:52,0.37,clear,Clear conditions throughout the day.,clear-day,"47662099999,47670099999,47642043313,47680099999,47626099999,47682099999",Unknown,"🧶 Hoodie or light jacket, jeans",Autumn,6,16,0,November,2024-11-12,Tuesday,26942388,nan,Unknown,"(59.04, 73.42]"
Tokyo,2024-11-13,68.3,55.2,61.7,68.3,55.2,61.7,48.9,64.3,0.0,0.0,0.0,Unknown,0.0,0.0,21.5,9.1,57.1,1019.3,22.6,12.4,145.0,12.5,6,10.0,06:14:38,16:35:09,0.4,partially cloudy,Partly cloudy throughout the day.,partly-cloudy-day,"47662099999,47671099999,47727099999,47643099999,47670099999,47642043313,47680099999,47626099999,47682099999,RJTT",Unknown,"🧶 Hoodie or light jacket, jeans 🕶️ (Sunscreen & sunglasses)",Autumn,6,16,0,November,2024-11-13,Wednesday,10435316,nan,Unknown,"(59.04, 73.42]"
Tokyo,2024-11-14,64.5,53.9,60.5,64.5,53.9,60.5,50.0,68.5,0.0,0.0,0.0,rain,0.0,0.0,15.0,5.8,334.0,1023.5,62.6,11.3,95.1,8.3,4,10.0,06:15:38,16:34:27,0.44,partially cloudy,Becoming cloudy in the afternoon.,partly-cloudy-day,"47662099999,47670099999,47642043313,47680099999,47626099999,47682099999",Unknown,"🧶 Hoodie or light jacket, jeans",Autumn,6,16,0,November,2024-11-14,Thursday,49797009,nan,Unknown,"(59.04, 73.42]"
Tokyo,2024-11-15,63.2,57.0,60.5,63.2,57.0,60.5,57.9,91.3,0.011,100.0,16.67,rain,0.0,0.0,22.8,5.9,335.7,1018.9,96.9,6.5,62.4,5.3,3,10.0,06:16:38,16:33:48,0.47,"rain, overcast",Cloudy skies throughout the day with rain clearing later.,rain,"47662099999,47670099999,47642043313,47680099999,47626099999,47682099999",Unknown,"🧶 Hoodie or light jacket, jeans ☔ (Umbrella recommended)",Autumn,6,16,0,November,2024-11-15,Friday,18665927,nan,Unknown,"(59.04, 73.42]"
Tokyo,2024-11-16,65.5,58.7,62.2,65.5,58.7,62.2,54.3,75.5,0.0,0.0,0.0,rain,0.0,0.0,17.4,7.9,341.0,1021.7,85.7,11.0,69.5,6.1,3,10.0,06:17:38,16:33:10,0.5,partially cloudy,Partly cloudy throughout the day.,partly-cloudy-day,"47662099999,47671099999,47670099999,47642043313,47680099999,47626099999,47682099999",Unknown,"🧶 Hoodie or light jacket, jeans",Autumn,6,16,0,November,2024-11-16,Saturday,126913620,afrobeats,afrobeats,"(59.04, 73.42]"
Tokyo,2024-11-17,74.0,59.7,65.8,74.0,59.7,65.8,59.0,79.5,0.0,0.0,0.0,rain,0.0,0.0,17.2,5.9,324.7,1013.6,55.0,12.3,100.0,8.7,6,10.0,06:18:38,16:32:34,0.54,partially cloudy,Partly cloudy throughout the day.,partly-cloudy-day,"47662099999,47671099999,47670099999,47642043313,47680099999,47626099999,47682099999",Unknown,"👕 T-shirt, jeans/skirt, light sneakers 🕶️ (Sunscreen & sunglasses)",Autumn,6,16,0,November,2024-11-17,Sunday,33962738,nan,Unknown,"(59.04, 73.42]"
Tokyo,2024-11-18,65.9,52.8,58.2,65.9,52.8,58.2,42.9,57.0,0.119,100.0,25.0,rain,0.0,0.0,36.9,24.1,12.4,1015.2,80.1,8.0,54.1,4.6,3,10.0,06:19:38,16:32:00,0.57,"rain, partially cloudy",Partly cloudy throughout the day with rain in the morning and afternoon.,rain,"47662099999,47670099999,47642043313,47680099999,RJTY,RJTI,47626099999,47682099999,RJTT",Unknown,"🧶 Hoodie or light jacket, jeans ☔ (Umbrella recommended)",Autumn,6,16,0,November,2024-11-18,Monday,40118593,nan,Unknown,"(44.66, 59.04]"
Tokyo,2024-11-19,53.6,48.5,51.0,53.6,42.2,48.6,32.2,49.0,0.0,0.0,0.0,Unknown,0.0,0.0,41.4,27.5,17.6,1025.2,51.7,6.6,130.3,11.2,5,10.0,06:20:37,16:31:27,0.61,partially cloudy,Partly cloudy throughout the day.,partly-cloudy-day,"RJTY,RJTI,RJTT",Unknown,"🧥 Coat or insulated jacket, boots",Autumn,6,16,0,November,2024-11-19,Tuesday,1044360,german hip hop,german hip hop,"(44.66, 59.04]"
Tokyo,2024-11-20,48.1,44.7,47.3,44.7,39.9,42.4,38.7,72.7,0.108,100.0,54.17,rain,0.0,0.0,15.9,15.4,344.7,1022.7,84.8,6.3,36.5,3.1,2,10.0,06:21:37,16:30:56,0.64,"rain, partially cloudy",Partly cloudy throughout the day with rain.,rain,"47642043313,RJTY,RJTI,RJTT",Unknown,"🧥 Coat or insulated jacket, boots ☔ (Umbrella recommended)",Autumn,6,16,0,November,2024-11-20,Wednesday,10323015,nan,Unknown,"(44.66, 59.04]"
Tokyo,2024-11-21,55.5,48.1,52.2,55.5,42.5,50.9,49.7,91.0,0.2,100.0,58.33,rain,0.0,0.0,16.6,18.2,337.9,1014.2,74.5,5.8,30.0,2.6,1,10.0,06:22:36,16:30:27,0.67,"rain, partially cloudy",Partly cloudy throughout the day with a chance of rain throughout the day.,rain,"47642043313,47680099999,RJTY,RJTI,RJTT",Unknown,"🧶 Hoodie or light jacket, jeans ☔ (Umbrella recommended)",Autumn,6,16,0,November,2024-11-21,Thursday,51999145,nan,Unknown,"(44.66, 59.04]"
Tokyo,2024-11-22,62.1,46.8,55.0,62.1,45.2,54.9,47.9,78.2,0.039,100.0,4.17,rain,0.0,0.0,28.2,13.0,327.3,1011.6,24.1,7.7,133.9,11.4,6,10.0,06:23:36,16:30:01,0.7,"rain, partially cloudy",Partly cloudy throughout the day with morning rain.,rain,"47662099999,47671099999,47727099999,47642043313,47680099999,RJTY,RJTT",Unknown,"🧶 Hoodie or light jacket, jeans ☔ (Umbrella recommended) 🕶️ (Sunscreen & sunglasses)",Autumn,6,16,0,November,2024-11-22,Friday,66390645,nan,afrobeats,"(44.66, 59.04]"
Tokyo,2024-11-23,60.8,50.2,54.6,60.8,50.2,54.6,34.3,47.3,0.0,0.0,0.0,Unknown,0.0,0.0,36.9,21.9,339.4,1016.4,52.5,10.3,99.2,8.5,4,10.0,06:24:34,16:29:35,0.75,partially cloudy,Partly cloudy throughout the day.,partly-cloudy-day,"47662099999,47671099999,47727099999,47642043313,47680099999,RJTT",Unknown,"🧶 Hoodie or light jacket, jeans",Autumn,6,16,0,November,2024-11-23,Saturday,107273255,nan,afrobeats,"(44.66, 59.04]"
Tokyo,2024-11-24,57.4,47.2,52.2,57.4,43.9,50.9,36.4,55.4,0.0,0.0,0.0,Unknown,0.0,0.0,14.1,11.8,24.9,1023.4,49.1,9.6,115.0,9.7,5,10.0,06:25:33,16:29:12,0.77,partially cloudy,Partly cloudy throughout the day.,partly-cloudy-day,"47662099999,47671099999,47727099999,47642043313,47680099999,RJTT",Unknown,"🧶 Hoodie or light jacket, jeans",Autumn,6,16,0,November,2024-11-24,Sunday,29235998,afrobeat,afrobeats,"(44.66, 59.04]"
Tokyo,2024-11-25,57.0,44.9,51.2,57.0,39.7,49.7,35.8,56.4,0.0,0.0,0.0,Unknown,0.0,0.0,11.4,13.4,34.7,1028.3,20.8,9.8,140.0,11.9,6,10.0,06:26:31,16:28:51,0.8,partially cloudy,Partly cloudy throughout the day.,partly-cloudy-day,"47662099999,47671099999,47727099999,47642043313,47680099999,RJTT",Unknown,"🧶 Hoodie or light jacket, jeans 🕶️ (Sunscreen & sunglasses)",Autumn,6,16,0,November,2024-11-25,Monday,41747992,nan,afrobeats,"(44.66, 59.04]"
Tokyo,2024-11-26,57.3,43.1,51.0,57.3,39.3,49.5,40.0,66.9,0.186,100.0,16.67,rain,0.0,0.0,20.6,9.2,334.2,1023.4,55.4,8.4,86.5,7.4,4,10.0,06:27:29,16:28:32,0.83,"rain, partially cloudy",Becoming cloudy in the afternoon with late afternoon rain.,rain,"47662099999,47671099999,47727099999,47643099999,47642043313,47680099999,RJTT",Unknown,"🧶 Hoodie or light jacket, jeans ☔ (Umbrella recommended)",Autumn,6,16,0,November,2024-11-26,Tuesday,69393887,afrobeats,afrobeats,"(44.66, 59.04]"
Tokyo,2024-11-27,70.7,49.2,59.4,70.7,46.5,59.2,50.3,75.1,1.438,100.0,25.0,rain,0.0,0.0,41.8,17.3,238.8,1005.7,50.7,6.9,119.5,10.2,5,10.0,06:28:26,16:28:14,0.87,"rain, partially cloudy",Clearing in the afternoon with early morning rain.,rain,"47662099999,47671099999,47727099999,47642043313,47680099999,RJTY,RJTT",Unknown,"🧶 Hoodie or light jacket, jeans ☔ (Umbrella recommended)",Autumn,6,16,0,November,2024-11-27,Wednesday,62874644,afrobeat,afrobeats,"(59.04, 73.42]"
Tokyo,2024-11-29,61.1,47.0,52.8,61.1,43.7,52.0,30.6,43.3,0.0,0.0,0.0,Unknown,0.0,0.0,18.3,11.4,278.9,1002.2,5.6,13.9,116.8,10.0,5,10.0,06:30:18,16:27:45,0.93,clear,Clear conditions throughout the day.,clear-day,"47662099999,47670099999,47642043313,47680099999,47626099999,47682099999",Unknown,"🧶 Hoodie or light jacket, jeans",Autumn,6,16,0,November,2024-11-29,Friday,1367574,afrobeat,afrobeats,"(44.66, 59.04]"
Tokyo,2024-11-30,60.9,42.6,50.7,60.9,40.7,50.0,33.8,53.7,0.0,0.0,0.0,Unknown,0.0,0.0,14.5,10.1,264.2,1004.0,3.1,13.7,132.4,11.4,5,10.0,06:31:14,16:27:34,0.96,clear,Clear conditions throughout the day.,clear-day,"47662099999,47670099999,47642043313,47680099999,47626099999,47682099999",Unknown,"🧶 Hoodie or light jacket, jeans",Autumn,6,16,0,November,2024-11-30,Saturday,32700597,gregorian chant,gregorian chant,"(44.66, 59.04]"
Tokyo,2024-12-01,61.0,44.7,53.3,61.0,42.2,52.4,38.2,56.8,0.0,0.0,0.0,Unknown,0.0,0.0,13.4,8.1,304.9,1013.0,19.0,8.6,131.9,11.4,6,10.0,06:32:09,16:27:24,0.0,clear,Clear conditions throughout the day.,clear-day,"47662099999,47670099999,47642043313,47680099999,RJTY,RJTI,47626099999,47682099999,RJTT",Unknown,"🧶 Hoodie or light jacket, jeans 🕶️ (Sunscreen & sunglasses)",Winter,6,16,0,December,2024-12-01,Sunday,36383942,nan,Unknown,"(44.66, 59.04]"
Tokyo,2024-12-02,61.1,47.6,53.3,61.1,44.5,52.5,43.3,69.7,0.0,0.0,0.0,Unknown,0.0,0.0,12.1,9.8,312.5,1017.5,31.3,11.6,124.5,10.7,5,10.0,06:33:03,16:27:17,0.03,partially cloudy,Clearing in the afternoon.,partly-cloudy-day,"47662099999,47670099999,47680099999,47642043313,RJTY,47626099999,47682099999,RJTT",Unknown,"🧶 Hoodie or light jacket, jeans",Winter,6,16,0,December,2024-12-02,Monday,35241538,afrobeat,afrobeats,"(44.66, 59.04]"
Tokyo,2024-12-03,62.3,45.8,53.5,62.3,43.3,53.2,45.9,76.5,0.0,0.0,0.0,Unknown,0.0,0.0,12.5,6.9,294.6,1014.8,5.1,12.0,121.9,10.5,5,10.0,06:33:56,16:27:11,0.07,clear,Clear conditions throughout the day.,clear-day,"47662099999,47670099999,47642043313,47680099999,47626099999,47682099999",Unknown,"🧶 Hoodie or light jacket, jeans",Winter,6,16,0,December,2024-12-03,Tuesday,17880294,nan,afrobeats,"(44.66, 59.04]"
Tokyo,2024-12-04,63.3,47.1,55.6,63.3,47.1,55.5,41.0,59.7,0.0,0.0,0.0,Unknown,0.0,0.0,14.5,11.3,342.5,1010.6,40.0,10.3,113.3,9.7,5,10.0,06:34:48,16:27:08,0.1,partially cloudy,Clearing in the afternoon.,partly-cloudy-day,"47662099999,47671099999,47670099999,47642043313,47680099999,RJTY,47626099999,47682099999,RJTT",Unknown,"🧶 Hoodie or light jacket, jeans",Winter,6,16,0,December,2024-12-04,Wednesday,20847557,afrobeat,afrobeats,"(44.66, 59.04]"
Tokyo,2024-12-05,58.4,48.8,52.8,58.4,47.0,52.6,37.1,55.4,0.0,0.0,0.0,rain,0.0,0.0,9.6,6.8,328.7,1008.2,52.7,13.5,77.8,6.7,3,10.0,06:35:40,16:27:06,0.14,partially cloudy,Partly cloudy throughout the day.,partly-cloudy-day,"47662099999,47671099999,47670099999,47642043313,47680099999,47626099999,47682099999",Unknown,"🧶 Hoodie or light jacket, jeans",Winter,6,16,0,December,2024-12-05,Thursday,100949915,afrobeat,afrobeats,"(44.66, 59.04]"
Tokyo,2024-12-06,61.0,42.1,51.9,61.0,40.3,51.1,33.4,50.5,0.0,0.0,0.0,Unknown,0.0,0.0,19.9,10.0,252.8,1008.9,14.4,13.8,131.0,11.3,5,10.0,06:36:31,16:27:07,0.17,clear,Clear conditions throughout the day.,clear-day,"47662099999,47671099999,47670099999,47642043313,47680099999,47626099999,47682099999",Unknown,"🧶 Hoodie or light jacket, jeans",Winter,6,16,0,December,2024-12-06,Friday,70551734,nan,Unknown,"(44.66, 59.04]"
Tokyo,2024-12-07,53.3,43.8,48.3,53.3,39.2,46.9,32.3,54.4,0.0,0.0,0.0,rain,0.0,0.0,14.3,8.0,2.0,1012.3,22.0,13.6,108.2,9.3,5,10.0,06:37:21,16:27:09,0.21,partially cloudy,Partly cloudy throughout the day.,partly-cloudy-day,"47662099999,47671099999,47670099999,47680099999,47642043313,47626099999,47682099999",Unknown,"🧥 Coat or insulated jacket, boots",Winter,6,16,0,December,2024-12-07,Saturday,18593600,afrobeat,afrobeats,"(44.66, 59.04]"
Tokyo,2024-12-08,56.4,39.5,46.1,56.4,37.2,44.2,30.3,55.2,0.0,0.0,0.0,Unknown,0.0,0.0,25.9,13.0,324.9,1010.5,21.9,13.3,122.4,10.6,5,10.0,06:38:09,16:27:13,0.24,partially cloudy,Clearing in the afternoon.,partly-cloudy-day,"47662099999,47671099999,47727099999,47670099999,47642043313,47680099999,47626099999,47682099999,RJTT",Unknown,"🧥 Coat or insulated jacket, boots",Winter,6,16,0,December,2024-12-08,Sunday,9962033,nan,Unknown,"(44.66, 59.04]"
Tokyo,2024-12-09,54.8,37.8,45.7,54.8,33.6,43.4,25.9,46.8,0.0,0.0,0.0,Unknown,0.0,0.0,16.1,9.1,316.8,1016.7,3.6,14.2,133.3,11.4,5,10.0,06:38:57,16:27:20,0.25,clear,Clear conditions throughout the day.,clear-day,"47662099999,47671099999,47670099999,47642043313,47680099999,47626099999,47682099999",Unknown,"🧥 Coat or insulated jacket, boots",Winter,6,16,0,December,2024-12-09,Monday,33876913,nan,Unknown,"(44.66, 59.04]"
Tokyo,2024-12-10,56.1,40.8,47.4,56.1,38.7,46.2,30.4,52.5,0.0,0.0,0.0,Unknown,0.0,0.0,13.9,5.8,313.2,1016.3,12.4,12.8,129.5,11.1,5,10.0,06:39:43,16:27:28,0.31,clear,Clear conditions throughout the day.,clear-day,"47662099999,47671099999,47670099999,47642043313,47680099999,47626099999,47682099999",Unknown,"🧥 Coat or insulated jacket, boots",Winter,6,16,0,December,2024-12-10,Tuesday,63685455,nan,afrobeats,"(44.66, 59.04]"
Tokyo,2024-12-11,55.2,43.0,47.9,55.2,39.7,46.2,30.8,52.2,0.0,0.0,0.0,Unknown,0.0,0.0,21.7,12.2,328.9,1013.1,46.1,12.0,117.9,10.1,5,10.0,06:40:29,16:27:38,0.35,partially cloudy,Partly cloudy throughout the day.,partly-cloudy-day,"47662099999,47671099999,47727099999,47643099999,47670099999,47642043313,47680099999,47626099999,47682099999,RJTT",Unknown,"🧥 Coat or insulated jacket, boots",Winter,6,16,0,December,2024-12-11,Wednesday,25915047,nan,afro adura,"(44.66, 59.04]"
Tokyo,2024-12-12,50.6,40.9,45.0,50.6,36.1,41.5,22.0,40.6,0.0,0.0,0.0,Unknown,0.0,0.0,29.8,10.9,339.7,1016.3,18.6,12.4,108.7,9.4,4,10.0,06:41:13,16:27:51,0.38,clear,Clear conditions throughout the day.,clear-day,"47662099999,47671099999,47670099999,47642043313,47680099999,47626099999,47682099999",Unknown,"🧥 Coat or insulated jacket, boots",Winter,6,16,0,December,2024-12-12,Thursday,38004995,nan,Unknown,"(44.66, 59.04]"
Tokyo,2024-12-13,46.2,35.4,41.5,45.0,33.2,39.7,25.3,52.6,0.0,0.0,0.0,Unknown,0.0,0.0,10.7,6.3,330.0,1015.0,45.1,12.1,77.8,6.5,3,10.0,06:41:56,16:28:05,0.42,partially cloudy,Partly cloudy throughout the day.,partly-cloudy-day,"47662099999,47671099999,47670099999,47642043313,47680099999,47626099999,47682099999",Unknown,"🧥 Coat or insulated jacket, boots",Winter,6,16,0,December,2024-12-13,Friday,4604304,nan,afro adura,"(30.28, 44.66]"
Tokyo,2024-12-14,53.0,38.9,45.0,53.0,34.5,42.1,23.8,45.0,0.0,0.0,0.0,Unknown,0.0,0.0,31.3,15.1,330.9,1009.9,17.8,13.2,127.1,10.8,5,10.0,06:42:38,16:28:21,0.46,clear,Clear conditions throughout the day.,clear-day,"47662099999,47670099999,47642043313,47680099999,47626099999,47682099999",Unknown,"🧥 Coat or insulated jacket, boots",Winter,6,16,0,December,2024-12-14,Saturday,91572305,nan,Unknown,"(44.66, 59.04]"
Tokyo,2024-12-15,53.0,34.0,43.8,53.0,34.0,42.3,26.2,50.2,0.0,0.0,0.0,Unknown,0.0,0.0,14.1,9.2,217.0,1011.4,2.5,13.9,127.4,10.9,5,10.0,06:43:18,16:28:39,0.5,clear,Clear conditions throughout the day.,clear-day,"47662099999,47670099999,47642043313,47680099999,47626099999,47682099999",Unknown,"🧥 Coat or insulated jacket, boots",Winter,6,16,0,December,2024-12-15,Sunday,99269,nan,Unknown,"(30.28, 44.66]"
Tokyo,2024-12-16,53.7,39.5,46.0,53.7,37.7,45.3,31.2,57.4,0.0,0.0,0.0,Unknown,0.0,0.0,12.8,4.8,4.9,1012.9,1.6,14.3,112.5,9.7,5,10.0,06:43:57,16:28:59,0.52,clear,Clear conditions throughout the day.,clear-day,"47662099999,47670099999,47642043313,47680099999,47626099999,47682099999",Unknown,"🧥 Coat or insulated jacket, boots",Winter,6,16,0,December,2024-12-16,Monday,13842855,afrobeats,afrobeats,"(44.66, 59.04]"
Tokyo,2024-12-17,55.7,37.6,46.4,55.7,35.2,45.1,33.1,61.4,0.0,0.0,0.0,Unknown,0.0,0.0,12.3,7.9,233.8,1014.6,2.7,12.9,119.8,10.5,5,10.0,06:44:34,16:29:20,0.56,clear,Clear conditions throughout the day.,clear-day,"47662099999,47671099999,47670099999,47642043313,47680099999,47626099999,47682099999",Unknown,"🧥 Coat or insulated jacket, boots",Winter,6,16,0,December,2024-12-17,Tuesday,3801201,nan,Unknown,"(44.66, 59.04]"
Tokyo,2024-12-18,54.7,37.6,46.4,54.7,35.8,44.1,30.8,56.9,0.0,0.0,0.0,rain,0.0,0.0,18.8,20.8,0.1,1014.3,28.1,11.7,115.1,10.0,5,10.0,06:45:10,16:29:44,0.59,partially cloudy,Becoming cloudy in the afternoon.,partly-cloudy-day,"47662099999,47671099999,47670099999,47642043313,47680099999,47626099999,47682099999,RJTT",Unknown,"🧥 Coat or insulated jacket, boots",Winter,6,16,0,December,2024-12-18,Wednesday,25478911,nan,Unknown,"(44.66, 59.04]"
Tokyo,2024-12-19,46.2,37.5,41.6,44.3,32.3,37.8,28.2,60.3,0.019,100.0,4.17,"rain,snow",0.0,0.0,23.0,10.1,4.5,1017.5,40.1,13.1,104.5,8.9,5,10.0,06:45:45,16:30:09,0.62,"snow, rain, partially cloudy",Clearing in the afternoon with morning rain or snow.,rain,"47662099999,47670099999,47642043313,47680099999,47626099999,47682099999",Unknown,"🧥 Coat or insulated jacket, boots ☔ (Umbrella recommended) ❄️ (Snow boots suggested)",Winter,6,16,0,December,2024-12-19,Thursday,123687091,nan,hiplife,"(30.28, 44.66]"
Tokyo,2024-12-20,52.0,34.1,43.6,52.0,31.3,42.3,29.1,57.6,0.0,0.0,0.0,Unknown,0.0,0.0,11.6,6.9,246.7,1020.9,24.6,13.7,117.2,10.1,5,10.0,06:46:18,16:30:36,0.65,partially cloudy,Partly cloudy throughout the day.,partly-cloudy-day,"47662099999,47670099999,47642043313,47680099999,47626099999,47682099999",Unknown,"🧥 Coat or insulated jacket, boots",Winter,6,16,0,December,2024-12-20,Friday,34815353,nan,Unknown,"(30.28, 44.66]"
Tokyo,2024-12-21,61.0,37.8,49.0,61.0,34.1,48.1,35.3,60.4,0.0,0.0,0.0,Unknown,0.0,0.0,30.2,15.1,209.3,1009.2,10.5,13.1,123.3,10.7,5,10.0,06:46:49,16:31:05,0.68,clear,Clear conditions throughout the day.,clear-day,"47662099999,47670099999,47642043313,47680099999,47626099999,47682099999",Unknown,"🧥 Coat or insulated jacket, boots",Winter,6,16,0,December,2024-12-21,Saturday,79724001,nan,hiplife,"(44.66, 59.04]"
Tokyo,2024-12-22,50.7,38.0,44.9,50.7,34.1,41.4,26.6,49.9,0.0,0.0,0.0,Unknown,0.0,0.0,38.0,14.8,328.0,1006.4,7.2,14.1,122.3,10.5,5,10.0,06:47:19,16:31:35,0.72,clear,Clear conditions throughout the day.,clear-day,"47662099999,47670099999,47642043313,47680099999,47626099999,47682099999",Unknown,"🧥 Coat or insulated jacket, boots",Winter,6,16,0,December,2024-12-22,Sunday,4813700,nan,Unknown,"(44.66, 59.04]"
Tokyo,2024-12-23,51.1,36.8,43.0,51.1,29.9,39.4,19.2,39.7,0.0,0.0,0.0,Unknown,0.0,0.0,19.0,11.3,290.3,1014.3,2.7,14.4,127.8,11.0,5,10.0,06:47:47,16:32:07,0.75,clear,Clear conditions throughout the day.,clear-day,"47662099999,47670099999,47642043313,47680099999,47626099999,47682099999",Unknown,"🧥 Coat or insulated jacket, boots",Winter,6,16,0,December,2024-12-23,Monday,42069978,afrobeat,afrobeats,"(30.28, 44.66]"
Tokyo,2024-12-24,52.4,35.9,43.9,52.4,31.0,41.0,24.1,48.2,0.0,0.0,0.0,Unknown,0.0,0.0,23.0,11.4,319.5,1016.9,3.3,13.6,126.8,11.0,5,10.0,06:48:13,16:32:41,0.78,clear,Clear conditions throughout the day.,clear-day,"47662099999,47670099999,47642043313,47680099999,47626099999,47682099999",Unknown,"🧥 Coat or insulated jacket, boots",Winter,6,16,0,December,2024-12-24,Tuesday,51463232,nan,Unknown,"(30.28, 44.66]"
Tokyo,2024-12-25,51.5,41.1,46.0,51.5,36.1,43.4,25.3,44.8,0.0,0.0,0.0,Unknown,0.0,0.0,11.6,12.6,327.3,1024.2,25.1,13.5,114.6,9.8,5,10.0,06:48:38,16:33:17,0.81,partially cloudy,Partly cloudy throughout the day.,partly-cloudy-day,"47662099999,47671099999,47670099999,47642043313,47680099999,47626099999,47682099999",Unknown,"🧥 Coat or insulated jacket, boots",Winter,6,16,0,December,2024-12-25,Wednesday,139171865,afrobeat,afrobeats,"(44.66, 59.04]"
Tokyo,2024-12-26,58.2,39.0,47.9,58.2,36.7,46.7,31.7,53.9,0.0,0.0,0.0,Unknown,0.0,0.0,10.7,7.0,323.7,1011.8,19.3,12.6,122.5,10.4,5,10.0,06:49:01,16:33:54,0.85,clear,Clear conditions throughout the day.,clear-day,"47662099999,47670099999,47642043313,47680099999,47626099999,47682099999",Unknown,"🧥 Coat or insulated jacket, boots",Winter,6,16,0,December,2024-12-26,Thursday,2572188,afrobeat,afrobeat,"(44.66, 59.04]"
Tokyo,2024-12-27,53.2,39.8,45.6,53.2,36.6,43.4,28.2,51.0,0.0,0.0,0.0,rain,0.0,0.0,19.5,10.2,326.9,1009.8,9.5,14.4,105.7,9.2,4,10.0,06:49:22,16:34:32,0.88,clear,Clear conditions throughout the day.,clear-day,"47662099999,47670099999,47642043313,47680099999,47626099999,47682099999",Unknown,"🧥 Coat or insulated jacket, boots",Winter,6,16,0,December,2024-12-27,Friday,16294428,lullaby,lullaby,"(44.66, 59.04]"
Tokyo,2024-12-28,51.0,35.4,41.7,51.0,32.6,39.9,27.7,58.2,0.0,0.0,0.0,Unknown,0.0,0.0,18.8,6.8,316.5,1010.9,16.1,14.2,116.0,10.0,5,10.0,06:49:41,16:35:12,0.91,clear,Clear conditions throughout the day.,clear-day,"47662099999,47670099999,47642043313,47680099999,47626099999,47682099999",Unknown,"🧥 Coat or insulated jacket, boots",Winter,6,16,0,December,2024-12-28,Saturday,59246168,nan,Unknown,"(30.28, 44.66]"
Tokyo,2024-12-29,52.5,33.5,42.8,52.5,33.1,41.3,26.8,54.6,0.0,0.0,0.0,Unknown,0.0,0.0,22.4,8.3,326.4,1016.1,2.3,13.8,127.2,10.9,5,10.0,06:49:59,16:35:53,0.94,clear,Clear conditions throughout the day.,clear-day,"47662099999,47670099999,47642043313,47680099999,47626099999,47682099999",Unknown,"🧥 Coat or insulated jacket, boots",Winter,6,16,0,December,2024-12-29,Sunday,71950,highlife,afrobeat,"(30.28, 44.66]"
Tokyo,2024-12-30,49.4,38.8,43.1,48.6,33.2,40.9,26.7,52.7,0.0,0.0,0.0,Unknown,0.0,0.0,13.4,7.9,323.4,1020.4,28.5,13.8,105.0,9.1,5,10.0,06:50:14,16:36:36,0.97,partially cloudy,Partly cloudy throughout the day.,partly-cloudy-day,"47662099999,47670099999,47642043313,47680099999,47626099999,47682099999",Unknown,"🧥 Coat or insulated jacket, boots",Winter,6,16,0,December,2024-12-30,Monday,40041556,nan,Unknown,"(30.28, 44.66]"
Tokyo,2024-12-31,57.1,37.5,46.5,57.1,37.2,45.3,30.8,55.5,0.0,0.0,0.0,Unknown,0.0,0.0,31.1,9.5,325.7,1006.6,18.8,13.1,118.1,10.3,5,10.0,06:50:28,16:37:20,0.0,clear,Clear conditions throughout the day.,clear-day,"47662099999,47671099999,47670099999,47642043313,47680099999,47626099999,47682099999",Unknown,"🧥 Coat or insulated jacket, boots",Winter,6,16,0,December,2024-12-31,Tuesday,37585684,lullaby,lullaby,"(44.66, 59.04]"
Lagos,2024-10-16,87.8,76.6,80.5,99.9,76.6,84.7,76.1,86.9,0.028,100.0,4.17,rain,0.0,0.0,12.3,10.3,217.3,1013.8,64.6,6.4,161.4,13.8,6,30.0,06:32:41,18:31:07,0.47,"rain, partially cloudy",Partly cloudy throughout the day with morning rain.,rain,"DNMM,remote,65201099999",Unknown,"🩳 Sleeveless, linen, sandals, drink water! ☔ (Umbrella recommended) 🕶️ (Sunscreen & sunglasses)",Autumn,6,18,0,October,2024-10-16,Wednesday,31647209,nan,Unknown,"(73.42, 87.8]"
Lagos,2024-10-17,82.4,75.2,78.2,90.9,75.2,79.4,75.7,92.0,1.968,100.0,12.5,rain,0.0,0.0,23.5,10.7,195.4,1014.1,77.6,9.3,54.4,4.8,3,10.0,06:32:38,18:30:44,0.5,"rain, partially cloudy",Partly cloudy throughout the day with rain.,rain,"DNMM,remote,65201099999",Unknown,"🩳 Shorts, tank top, hat, sunglasses ☔ (Umbrella recommended)",Autumn,6,18,0,October,2024-10-17,Thursday,36496887,nan,Unknown,"(73.42, 87.8]"
Lagos,2024-10-18,87.8,73.4,80.0,97.8,73.4,83.5,74.3,83.8,0.004,100.0,4.17,rain,0.0,0.0,15.7,11.4,211.8,1013.7,49.7,6.2,225.5,19.5,8,10.0,06:32:37,18:30:23,0.53,"rain, partially cloudy",Partly cloudy throughout the day with early morning rain.,rain,"DNMM,remote,65201099999",Unknown,"🩳 Shorts, tank top, hat, sunglasses ☔ (Umbrella recommended) 🕶️ (Sunscreen & sunglasses)",Autumn,6,18,0,October,2024-10-18,Friday,55519952,nan,afrobeats,"(73.42, 87.8]"
Lagos,2024-10-19,86.6,76.6,81.1,99.4,76.6,86.4,76.3,85.8,0.008,100.0,4.17,rain,0.0,0.0,18.8,11.4,222.3,1012.6,60.3,7.4,211.3,18.2,7,30.0,06:32:35,18:30:02,0.57,"rain, partially cloudy",Partly cloudy throughout the day with afternoon rain.,rain,"DNMM,remote,65201099999",Unknown,"🩳 Sleeveless, linen, sandals, drink water! ☔ (Umbrella recommended) 🕶️ (Sunscreen & sunglasses)",Autumn,6,18,0,October,2024-10-19,Saturday,13076984,nan,Unknown,"(73.42, 87.8]"
Lagos,2024-10-20,87.8,77.0,81.0,99.9,77.0,86.4,76.9,87.8,0.157,100.0,8.33,rain,0.0,0.0,17.0,12.8,217.4,1012.5,69.5,7.8,178.9,15.3,7,30.0,06:32:35,18:29:42,0.6,"rain, partially cloudy",Partly cloudy throughout the day with rain.,rain,"DNMM,remote,65201099999",Unknown,"🩳 Sleeveless, linen, sandals, drink water! ☔ (Umbrella recommended) 🕶️ (Sunscreen & sunglasses)",Autumn,6,18,0,October,2024-10-20,Sunday,11522369,nan,Unknown,"(73.42, 87.8]"
Lagos,2024-10-21,89.6,77.0,81.3,102.4,77.0,86.7,76.6,86.4,0.354,100.0,4.17,rain,0.0,0.0,13.2,10.3,193.8,1012.8,59.0,5.9,276.9,23.9,10,30.0,06:32:35,18:29:22,0.63,"rain, partially cloudy",Partly cloudy throughout the day with early morning rain.,rain,"DNMM,65201099999",Unknown,"🩳 Sleeveless, linen, sandals, drink water! ☔ (Umbrella recommended) 🕶️ (Sunscreen & sunglasses)",Autumn,6,18,0,October,2024-10-21,Monday,26166661,nan,Unknown,"(73.42, 87.8]"
Lagos,2024-10-22,84.2,74.8,78.6,96.1,74.8,81.1,75.8,91.3,0.315,100.0,4.17,rain,0.0,0.0,51.9,10.3,203.8,1012.4,72.7,7.2,178.5,15.5,6,30.0,06:32:35,18:29:03,0.67,"rain, partially cloudy",Partly cloudy throughout the day with late afternoon rain.,rain,"DNMM,remote,65201099999",Unknown,"🩳 Shorts, tank top, hat, sunglasses ☔ (Umbrella recommended) 🕶️ (Sunscreen & sunglasses)",Autumn,6,18,0,October,2024-10-22,Tuesday,32050627,afrobeat,alté,"(73.42, 87.8]"
Lagos,2024-10-23,89.6,71.9,80.5,102.6,71.9,86.3,75.4,85.3,0.0,0.0,0.0,Unknown,0.0,0.0,15.7,10.3,199.1,1012.7,46.9,5.1,197.4,17.1,7,30.0,06:32:37,18:28:45,0.7,partially cloudy,Partly cloudy throughout the day.,partly-cloudy-day,"DNMM,65201099999",Unknown,"🩳 Sleeveless, linen, sandals, drink water! 🕶️ (Sunscreen & sunglasses)",Autumn,6,18,0,October,2024-10-23,Wednesday,13559569,lullaby,alté,"(73.42, 87.8]"
Lagos,2024-10-24,91.4,77.0,82.8,107.8,77.0,90.2,76.7,82.5,0.0,0.0,0.0,rain,0.0,0.0,18.8,10.3,224.7,1012.4,59.4,6.0,210.8,18.2,7,30.0,06:32:39,18:28:28,0.75,partially cloudy,Partly cloudy throughout the day.,partly-cloudy-day,"DNMM,65201099999,VRJT5",Unknown,"🩳 Sleeveless, linen, sandals, drink water! 🕶️ (Sunscreen & sunglasses)",Autumn,6,18,0,October,2024-10-24,Thursday,37877269,afrobeat,afrobeats,"(73.42, 87.8]"
Lagos,2024-10-25,91.0,75.2,80.5,106.6,75.2,85.3,76.8,89.1,1.103,100.0,8.33,rain,0.0,0.0,19.7,17.2,228.6,1012.8,64.7,4.9,162.8,14.0,7,30.0,06:32:41,18:28:12,0.77,"rain, partially cloudy",Partly cloudy throughout the day with rain.,rain,"DNMM,65201099999",Unknown,"🩳 Sleeveless, linen, sandals, drink water! ☔ (Umbrella recommended) 🕶️ (Sunscreen & sunglasses)",Autumn,6,18,0,October,2024-10-25,Friday,7657308,nan,Unknown,"(73.42, 87.8]"
Lagos,2024-10-26,91.4,73.4,80.5,102.7,73.4,85.2,74.7,84.1,0.945,100.0,4.17,rain,0.0,0.0,18.3,12.8,288.1,1012.5,39.4,5.7,160.2,13.8,6,10.0,06:32:44,18:27:56,0.8,"rain, partially cloudy",Partly cloudy throughout the day with early morning rain.,rain,"DNMM,65201099999",Unknown,"🩳 Sleeveless, linen, sandals, drink water! ☔ (Umbrella recommended) 🕶️ (Sunscreen & sunglasses)",Autumn,6,18,0,October,2024-10-26,Saturday,72777294,nan,Unknown,"(73.42, 87.8]"
Lagos,2024-10-27,91.4,73.5,82.7,107.8,73.5,89.2,75.9,80.9,0.0,0.0,0.0,rain,0.0,0.0,15.4,9.2,215.4,1011.7,47.7,6.4,236.1,20.3,8,30.0,06:32:48,18:27:41,0.83,partially cloudy,Partly cloudy throughout the day.,partly-cloudy-day,"DNMM,remote,65201099999",Unknown,"🩳 Sleeveless, linen, sandals, drink water! 🕶️ (Sunscreen & sunglasses)",Autumn,6,18,0,October,2024-10-27,Sunday,29826487,nan,Unknown,"(73.42, 87.8]"
Lagos,2024-10-28,87.8,77.0,80.4,99.9,77.0,85.2,77.0,89.6,0.197,100.0,4.17,rain,0.0,0.0356787491115849,19.7,16.1,230.8,1011.4,58.1,5.4,270.2,23.3,9,30.0,06:32:53,18:27:27,0.86,"rain, partially cloudy",Partly cloudy throughout the day with afternoon rain.,rain,"DNMM,65201099999",Unknown,"🩳 Sleeveless, linen, sandals, drink water! ☔ (Umbrella recommended) 🕶️ (Sunscreen & sunglasses)",Autumn,6,18,0,October,2024-10-28,Monday,5805887,gregorian chant,gregorian chant,"(73.42, 87.8]"
Lagos,2024-10-29,89.2,73.4,79.5,101.6,73.4,83.6,75.8,88.9,1.024,100.0,12.5,rain,0.0,0.0,15.7,8.1,218.9,1011.9,51.7,4.7,192.0,16.6,6,30.0,06:32:58,18:27:14,0.9,"rain, partially cloudy",Partly cloudy throughout the day with rain.,rain,"DNMM,65201099999",Unknown,"🩳 Shorts, tank top, hat, sunglasses ☔ (Umbrella recommended) 🕶️ (Sunscreen & sunglasses)",Autumn,6,18,0,October,2024-10-29,Tuesday,12465982,gregorian chant,gregorian chant,"(73.42, 87.8]"
Lagos,2024-11-01,91.4,78.8,82.0,105.1,78.8,89.1,77.7,87.2,0.008,100.0,8.33,rain,0.0,0.0,14.8,8.1,223.6,1011.5,63.2,7.1,230.3,19.7,9,60.0,06:33:18,18:26:40,0.0,"rain, partially cloudy",Partly cloudy throughout the day with rain in the morning and afternoon.,rain,"DNMM,remote,65201099999",Unknown,"🩳 Sleeveless, linen, sandals, drink water! ☔ (Umbrella recommended) 🕶️ (Sunscreen & sunglasses)",Autumn,6,18,0,November,2024-11-01,Friday,51380388,nan,Unknown,"(73.42, 87.8]"
Lagos,2024-11-02,89.6,78.6,82.7,102.0,78.6,90.1,77.6,85.4,0.0,0.0,0.0,rain,0.0,0.0,19.5,15.0,192.3,1011.2,57.5,5.6,209.4,18.0,8,30.0,06:33:26,18:26:30,0.03,partially cloudy,Partly cloudy throughout the day.,partly-cloudy-day,"DNMM,65201099999",Unknown,"🩳 Sleeveless, linen, sandals, drink water! 🕶️ (Sunscreen & sunglasses)",Autumn,6,18,0,November,2024-11-02,Saturday,33975523,afrobeat,afrobeats,"(73.42, 87.8]"
Lagos,2024-11-03,91.4,78.4,82.7,104.6,78.4,90.0,77.5,85.1,0.236,100.0,4.17,rain,0.0,0.0,15.4,8.1,254.3,1012.6,63.9,6.3,218.9,19.0,8,30.0,06:33:35,18:26:22,0.07,"rain, partially cloudy",Partly cloudy throughout the day with late afternoon rain.,rain,"DNMM,remote,65201099999,VRJT5",Unknown,"🩳 Sleeveless, linen, sandals, drink water! ☔ (Umbrella recommended) 🕶️ (Sunscreen & sunglasses)",Autumn,6,18,0,November,2024-11-03,Sunday,3837880,nan,Unknown,"(73.42, 87.8]"
Lagos,2024-11-04,90.6,73.8,81.2,100.2,73.8,87.6,76.6,87.1,1.26,100.0,4.17,rain,0.0,0.0,28.9,11.4,243.8,1012.2,41.4,8.3,245.0,21.1,9,30.0,06:33:45,18:26:14,0.1,"rain, partially cloudy",Partly cloudy throughout the day with early morning rain.,rain,"DNMM,remote,65201099999",Unknown,"🩳 Sleeveless, linen, sandals, drink water! ☔ (Umbrella recommended) 🕶️ (Sunscreen & sunglasses)",Autumn,6,18,0,November,2024-11-04,Monday,96114236,nan,Unknown,"(73.42, 87.8]"
Lagos,2024-11-05,95.0,77.0,83.9,105.6,77.0,90.6,76.3,79.8,0.0,0.0,0.0,Unknown,0.0,0.0,12.5,8.1,269.5,1010.6,42.7,5.1,254.2,21.8,9,30.0,06:33:55,18:26:07,0.14,partially cloudy,Partly cloudy throughout the day.,partly-cloudy-day,"DNMM,65201099999",Unknown,"🩳 Sleeveless, linen, sandals, drink water! 🕶️ (Sunscreen & sunglasses)",Autumn,6,18,0,November,2024-11-05,Tuesday,44306256,nan,Unknown,"(73.42, 87.8]"
Lagos,2024-11-07,89.9,78.4,82.8,99.9,78.4,88.6,76.0,81.4,0.0,0.0,0.0,rain,0.0,0.0,15.2,6.9,272.8,1010.7,42.6,4.7,155.0,13.3,6,30.0,06:34:18,18:25:57,0.21,partially cloudy,Partly cloudy throughout the day.,partly-cloudy-day,"DNMM,remote,65201099999",Unknown,"🩳 Sleeveless, linen, sandals, drink water! 🕶️ (Sunscreen & sunglasses)",Autumn,6,18,0,November,2024-11-07,Thursday,77072268,nan,afrobeats,"(73.42, 87.8]"
Lagos,2024-11-08,93.2,76.6,83.5,105.1,76.6,90.8,76.6,81.0,0.0,0.0,0.0,rain,0.0,0.0,17.9,11.4,210.7,1011.8,44.6,4.3,229.1,19.7,8,30.0,06:34:31,18:25:53,0.24,partially cloudy,Partly cloudy throughout the day.,partly-cloudy-day,"DNMM,65201099999",Unknown,"🩳 Sleeveless, linen, sandals, drink water! 🕶️ (Sunscreen & sunglasses)",Autumn,6,18,0,November,2024-11-08,Friday,39741972,nan,Unknown,"(73.42, 87.8]"
Lagos,2024-11-10,91.4,73.2,81.5,102.7,73.2,87.2,75.3,82.8,1.024,100.0,4.17,rain,0.0,0.0,32.2,13.9,135.2,1012.5,53.1,5.1,224.0,19.3,8,30.0,06:34:58,18:25:48,0.31,"rain, partially cloudy",Partly cloudy throughout the day with morning rain.,rain,"DNMM,65201099999",Unknown,"🩳 Sleeveless, linen, sandals, drink water! ☔ (Umbrella recommended) 🕶️ (Sunscreen & sunglasses)",Autumn,6,18,0,November,2024-11-10,Sunday,26735246,nan,highlife,"(73.42, 87.8]"
Lagos,2024-11-11,91.2,77.0,82.0,102.6,77.0,87.7,76.7,84.6,0.0,0.0,0.0,rain,0.0,0.0,16.1,9.2,180.4,1010.8,51.9,4.9,228.2,19.6,8,30.0,06:35:13,18:25:47,0.35,partially cloudy,Partly cloudy throughout the day.,partly-cloudy-day,"DNMM,65201099999",Unknown,"🩳 Sleeveless, linen, sandals, drink water! 🕶️ (Sunscreen & sunglasses)",Autumn,6,18,0,November,2024-11-11,Monday,43304537,nan,Unknown,"(73.42, 87.8]"
Lagos,2024-11-12,91.4,76.6,82.5,107.8,76.6,90.1,77.5,85.5,0.354,100.0,4.17,rain,0.0,0.0,20.8,18.3,230.4,1010.2,51.4,5.2,223.6,19.4,9,60.0,06:35:29,18:25:47,0.38,"rain, partially cloudy",Partly cloudy throughout the day with late afternoon rain.,rain,"DNMM,65201099999",Unknown,"🩳 Sleeveless, linen, sandals, drink water! ☔ (Umbrella recommended) 🕶️ (Sunscreen & sunglasses)",Autumn,6,18,0,November,2024-11-12,Tuesday,26942388,nan,Unknown,"(73.42, 87.8]"
Lagos,2024-11-13,91.4,77.0,83.8,107.8,77.0,92.8,77.8,83.2,0.0,0.0,0.0,rain,0.0,0.0,17.4,8.1,210.1,1010.3,48.8,4.6,228.2,19.8,8,60.0,06:35:45,18:25:48,0.42,partially cloudy,Partly cloudy throughout the day.,partly-cloudy-day,"DNMM,65201099999",Unknown,"🩳 Sleeveless, linen, sandals, drink water! 🕶️ (Sunscreen & sunglasses)",Autumn,6,18,0,November,2024-11-13,Wednesday,10435316,nan,Unknown,"(73.42, 87.8]"
Lagos,2024-11-14,93.2,78.8,84.0,107.5,78.8,94.0,78.1,83.3,0.004,100.0,4.17,rain,0.0,0.0,19.5,11.4,216.9,1010.3,57.5,5.6,201.8,17.5,8,75.0,06:36:02,18:25:50,0.45,"rain, partially cloudy",Partly cloudy throughout the day with morning rain.,rain,"DNMM,remote,65201099999",Unknown,"🩳 Sleeveless, linen, sandals, drink water! ☔ (Umbrella recommended) 🕶️ (Sunscreen & sunglasses)",Autumn,6,18,0,November,2024-11-14,Thursday,49797009,nan,Unknown,"(73.42, 87.8]"
Lagos,2024-11-15,91.4,76.8,82.9,105.1,76.8,89.0,75.7,80.0,0.0,0.0,0.0,rain,0.0,0.0,16.8,10.3,179.3,1011.0,50.1,5.4,223.0,19.2,8,75.0,06:36:20,18:25:53,0.5,partially cloudy,Partly cloudy throughout the day.,partly-cloudy-day,"DNMM,65201099999",Unknown,"🩳 Sleeveless, linen, sandals, drink water! 🕶️ (Sunscreen & sunglasses)",Autumn,6,18,0,November,2024-11-15,Friday,18665927,nan,Unknown,"(73.42, 87.8]"
Lagos,2024-11-16,93.2,77.0,83.7,105.1,77.0,91.6,76.9,81.2,0.0,0.0,0.0,rain,0.0,0.0,15.4,11.4,190.0,1010.7,48.2,5.3,238.3,20.4,8,60.0,06:36:38,18:25:57,0.52,partially cloudy,Partly cloudy throughout the day.,partly-cloudy-day,"DNMM,65201099999",Unknown,"🩳 Sleeveless, linen, sandals, drink water! 🕶️ (Sunscreen & sunglasses)",Autumn,6,18,0,November,2024-11-16,Saturday,126913620,afrobeats,afrobeats,"(73.42, 87.8]"
Lagos,2024-11-17,86.0,78.4,81.8,101.9,78.4,88.9,77.5,87.1,0.157,100.0,8.33,rain,0.0,0.0,13.9,11.4,246.5,1010.9,50.8,5.8,266.9,23.1,9,30.0,06:36:57,18:26:02,0.55,"rain, partially cloudy",Partly cloudy throughout the day with rain.,rain,"DNMM,65201099999",Unknown,"🩳 Sleeveless, linen, sandals, drink water! ☔ (Umbrella recommended) 🕶️ (Sunscreen & sunglasses)",Autumn,6,18,0,November,2024-11-17,Sunday,33962738,nan,Unknown,"(73.42, 87.8]"
Lagos,2024-11-18,91.3,76.9,82.9,104.9,76.9,90.0,77.2,84.1,0.032,100.0,25.0,rain,0.0,0.0,13.6,8.1,197.6,1011.1,41.5,5.6,232.0,20.1,8,30.0,06:37:17,18:26:08,0.58,"rain, partially cloudy",Partly cloudy throughout the day with a chance of rain throughout the day.,rain,"DNMM,VRJT5",Unknown,"🩳 Sleeveless, linen, sandals, drink water! ☔ (Umbrella recommended) 🕶️ (Sunscreen & sunglasses)",Autumn,6,18,0,November,2024-11-18,Monday,40118593,nan,Unknown,"(73.42, 87.8]"
Lagos,2024-11-19,94.9,76.9,83.0,102.4,76.9,89.1,76.2,81.9,0.008,100.0,8.33,rain,0.0,0.0,13.4,8.1,248.2,1011.5,46.4,4.6,225.3,19.3,8,30.0,06:37:38,18:26:15,0.62,"rain, partially cloudy",Partly cloudy throughout the day with morning rain.,rain,"DNMM,remote",Unknown,"🩳 Sleeveless, linen, sandals, drink water! ☔ (Umbrella recommended) 🕶️ (Sunscreen & sunglasses)",Autumn,6,18,0,November,2024-11-19,Tuesday,1044360,german hip hop,german hip hop,"(73.42, 87.8]"
Lagos,2024-11-20,96.7,76.9,84.5,102.9,76.9,91.4,75.6,77.2,0.0,0.0,0.0,Unknown,0.0,0.0,17.9,9.2,232.4,1012.3,25.0,4.6,244.6,21.1,9,30.0,06:37:59,18:26:23,0.65,partially cloudy,Partly cloudy throughout the day.,partly-cloudy-day,DNMM,Unknown,"🩳 Sleeveless, linen, sandals, drink water! 🕶️ (Sunscreen & sunglasses)",Autumn,6,18,0,November,2024-11-20,Wednesday,10323015,nan,Unknown,"(73.42, 87.8]"
Lagos,2024-11-21,93.1,76.9,84.2,107.3,76.9,92.5,76.8,79.8,0.0,0.0,0.0,Unknown,0.0,0.0,17.9,11.4,219.0,1011.7,37.6,3.9,232.0,19.9,9,60.0,06:38:21,18:26:32,0.68,partially cloudy,Partly cloudy throughout the day.,partly-cloudy-day,"DNMM,65201099999",Unknown,"🩳 Sleeveless, linen, sandals, drink water! 🕶️ (Sunscreen & sunglasses)",Autumn,6,18,0,November,2024-11-21,Thursday,51999145,nan,Unknown,"(73.42, 87.8]"
Lagos,2024-11-22,91.5,77.4,82.9,105.2,77.4,91.0,77.0,83.2,0.157,100.0,4.17,rain,0.0,0.0,16.1,8.1,259.7,1012.0,54.4,4.8,264.8,22.9,9,30.0,06:38:43,18:26:42,0.71,"rain, partially cloudy",Partly cloudy throughout the day with late afternoon rain.,rain,"DNMM,65201099999",Unknown,"🩳 Sleeveless, linen, sandals, drink water! ☔ (Umbrella recommended) 🕶️ (Sunscreen & sunglasses)",Autumn,6,18,0,November,2024-11-22,Friday,66390645,nan,afrobeats,"(73.42, 87.8]"
Lagos,2024-11-23,93.2,78.4,82.6,105.1,78.4,88.9,77.1,84.5,0.0,0.0,0.0,rain,0.0,0.0,16.1,13.9,226.0,1012.2,53.2,4.0,228.3,19.6,8,30.0,06:39:06,18:26:53,0.75,partially cloudy,Partly cloudy throughout the day.,partly-cloudy-day,"DNMM,65201099999",Unknown,"🩳 Sleeveless, linen, sandals, drink water! 🕶️ (Sunscreen & sunglasses)",Autumn,6,18,0,November,2024-11-23,Saturday,107273255,nan,afrobeats,"(73.42, 87.8]"
Lagos,2024-11-24,95.0,76.6,83.1,107.4,76.6,89.5,76.5,82.0,0.0,0.0,0.0,rain,0.0,0.0,15.0,10.3,210.7,1012.4,51.6,4.7,228.6,19.7,8,60.0,06:39:30,18:27:05,0.78,partially cloudy,Partly cloudy throughout the day.,partly-cloudy-day,"DNMM,remote,65201099999",Unknown,"🩳 Sleeveless, linen, sandals, drink water! 🕶️ (Sunscreen & sunglasses)",Autumn,6,18,0,November,2024-11-24,Sunday,29235998,afrobeat,afrobeats,"(73.42, 87.8]"
Lagos,2024-11-25,95.0,76.8,83.6,105.2,76.8,90.8,76.6,80.8,0.0,0.0,0.0,Unknown,0.0,0.0,19.5,10.3,255.4,1012.7,47.6,4.6,238.6,20.4,9,60.0,06:39:54,18:27:17,0.81,partially cloudy,Partly cloudy throughout the day.,partly-cloudy-day,"DNMM,65201099999",Unknown,"🩳 Sleeveless, linen, sandals, drink water! 🕶️ (Sunscreen & sunglasses)",Autumn,6,18,0,November,2024-11-25,Monday,41747992,nan,afrobeats,"(73.42, 87.8]"
Lagos,2024-11-26,93.2,77.0,83.5,105.6,77.0,90.6,76.7,81.5,0.0,0.0,0.0,Unknown,0.0,0.0,19.0,11.4,204.5,1012.7,48.7,6.1,230.4,19.8,9,60.0,06:40:19,18:27:31,0.84,partially cloudy,Partly cloudy throughout the day.,partly-cloudy-day,"DNMM,remote,65201099999",Unknown,"🩳 Sleeveless, linen, sandals, drink water! 🕶️ (Sunscreen & sunglasses)",Autumn,6,18,0,November,2024-11-26,Tuesday,69393887,afrobeats,afrobeats,"(73.42, 87.8]"
Lagos,2024-11-27,93.2,77.0,83.5,100.5,77.0,89.2,75.0,77.8,0.0,0.0,0.0,Unknown,0.0,0.0,15.2,10.3,258.3,1012.8,44.5,5.5,231.0,19.8,8,60.0,06:40:44,18:27:45,0.88,partially cloudy,Partly cloudy throughout the day.,partly-cloudy-day,"DNMM,remote,65201099999",Unknown,"🩳 Sleeveless, linen, sandals, drink water! 🕶️ (Sunscreen & sunglasses)",Autumn,6,18,0,November,2024-11-27,Wednesday,62874644,afrobeat,afrobeats,"(73.42, 87.8]"
Lagos,2024-11-29,93.5,75.2,82.8,95.4,75.2,84.2,69.5,68.2,0.0,0.0,0.0,Unknown,0.0,0.0,15.0,12.8,48.0,1013.5,31.7,2.5,258.0,22.2,9,10.0,06:41:36,18:28:17,0.94,partially cloudy,Partly cloudy throughout the day.,partly-cloudy-day,"DNMM,65201099999",Unknown,"🩳 Sleeveless, linen, sandals, drink water! 🕶️ (Sunscreen & sunglasses)",Autumn,6,18,0,November,2024-11-29,Friday,1367574,afrobeat,afrobeats,"(73.42, 87.8]"
Lagos,2024-11-30,95.0,73.2,83.1,97.3,73.2,83.7,66.0,60.7,0.0,0.0,0.0,Unknown,0.0,0.0,16.1,11.4,34.8,1013.1,26.1,2.7,259.3,22.2,9,10.0,06:42:03,18:28:34,0.97,partially cloudy,Partly cloudy throughout the day.,partly-cloudy-day,"DNMM,65201099999",Unknown,"🩳 Sleeveless, linen, sandals, drink water! 🕶️ (Sunscreen & sunglasses)",Autumn,6,18,0,November,2024-11-30,Saturday,32700597,gregorian chant,gregorian chant,"(73.42, 87.8]"
Lagos,2024-12-01,96.7,73.3,81.9,98.1,73.3,82.5,65.9,62.4,0.0,0.0,0.0,Unknown,0.0,0.0,16.6,11.4,12.7,1011.5,29.5,2.8,258.6,22.2,9,10.0,06:42:30,18:28:52,0.0,partially cloudy,Partly cloudy throughout the day.,partly-cloudy-day,"DNMM,65201099999",Unknown,"🩳 Shorts, tank top, hat, sunglasses 🕶️ (Sunscreen & sunglasses)",Winter,6,18,0,December,2024-12-01,Sunday,36383942,nan,Unknown,"(73.42, 87.8]"
Lagos,2024-12-02,95.0,73.0,82.8,103.2,73.0,86.3,70.6,69.1,0.0,0.0,0.0,Unknown,0.0,0.0,18.8,10.3,213.7,1010.9,9.6,5.4,256.6,22.1,9,30.0,06:42:58,18:29:11,0.04,clear,Clear conditions throughout the day.,clear-day,"DNMM,remote,65201099999",Unknown,"🩳 Sleeveless, linen, sandals, drink water! 🕶️ (Sunscreen & sunglasses)",Winter,6,18,0,December,2024-12-02,Monday,35241538,afrobeat,afrobeats,"(73.42, 87.8]"
Lagos,2024-12-03,95.0,77.0,83.7,107.4,77.0,91.3,76.1,79.0,0.0,0.0,0.0,Unknown,0.0,0.0,18.8,10.3,218.0,1010.7,23.3,8.2,233.9,20.3,9,30.0,06:43:26,18:29:31,0.08,partially cloudy,Partly cloudy throughout the day.,partly-cloudy-day,"DNMM,remote,65201099999",Unknown,"🩳 Sleeveless, linen, sandals, drink water! 🕶️ (Sunscreen & sunglasses)",Winter,6,18,0,December,2024-12-03,Tuesday,17880294,nan,afrobeats,"(73.42, 87.8]"
Lagos,2024-12-04,93.2,77.0,84.5,107.5,77.0,93.6,77.3,80.1,0.0,0.0,0.0,Unknown,0.0,0.0,19.9,8.1,200.1,1011.4,52.1,3.8,207.4,18.0,7,30.0,06:43:55,18:29:51,0.11,partially cloudy,Partly cloudy throughout the day.,partly-cloudy-day,"DNMM,65201099999",Unknown,"🩳 Sleeveless, linen, sandals, drink water! 🕶️ (Sunscreen & sunglasses)",Winter,6,18,0,December,2024-12-04,Wednesday,20847557,afrobeat,afrobeats,"(73.42, 87.8]"
Lagos,2024-12-05,91.0,77.3,83.3,102.6,77.3,90.8,77.0,82.4,0.0,0.0,0.0,Unknown,0.0,0.0,16.3,12.8,233.7,1011.8,50.5,5.4,211.8,18.3,7,30.0,06:44:23,18:30:13,0.15,partially cloudy,Partly cloudy throughout the day.,partly-cloudy-day,"DNMM,remote,65201099999",Unknown,"🩳 Sleeveless, linen, sandals, drink water! 🕶️ (Sunscreen & sunglasses)",Winter,6,18,0,December,2024-12-05,Thursday,100949915,afrobeat,afrobeats,"(73.42, 87.8]"
Lagos,2024-12-06,91.0,76.6,82.7,102.1,76.6,89.2,76.4,82.5,0.024,100.0,8.33,rain,0.0,0.0,15.9,11.4,206.3,1011.3,38.5,4.8,217.2,18.8,7,30.0,06:44:52,18:30:34,0.18,"rain, partially cloudy",Partly cloudy throughout the day with afternoon rain.,rain,"DNMM,remote,65201099999",Unknown,"🩳 Sleeveless, linen, sandals, drink water! ☔ (Umbrella recommended) 🕶️ (Sunscreen & sunglasses)",Winter,6,18,0,December,2024-12-06,Friday,70551734,nan,Unknown,"(73.42, 87.8]"
Lagos,2024-12-07,95.0,75.2,84.2,107.1,75.2,89.4,73.6,73.2,0.0,0.0,0.0,Unknown,0.0,0.0,17.0,11.4,118.8,1011.1,32.2,5.4,239.7,20.7,8,60.0,06:45:22,18:30:57,0.22,partially cloudy,Partly cloudy throughout the day.,partly-cloudy-day,"DNMM,remote,65201099999",Unknown,"🩳 Sleeveless, linen, sandals, drink water! 🕶️ (Sunscreen & sunglasses)",Winter,6,18,0,December,2024-12-07,Saturday,18593600,afrobeat,afrobeats,"(73.42, 87.8]"
Lagos,2024-12-08,95.0,75.0,84.1,97.3,75.0,86.0,69.0,64.4,0.0,0.0,0.0,Unknown,0.0,0.0,15.9,11.4,55.1,1011.3,25.1,2.6,243.5,21.0,9,30.0,06:45:51,18:31:20,0.25,partially cloudy,Partly cloudy throughout the day.,partly-cloudy-day,"DNMM,65201099999",Unknown,"🩳 Sleeveless, linen, sandals, drink water! 🕶️ (Sunscreen & sunglasses)",Winter,6,18,0,December,2024-12-08,Sunday,9962033,nan,Unknown,"(73.42, 87.8]"
Lagos,2024-12-09,91.7,73.4,82.5,94.3,73.4,84.1,68.9,66.5,0.0,0.0,0.0,Unknown,0.0,0.0,17.2,9.2,26.2,1011.6,34.5,2.6,247.9,21.3,9,30.0,06:46:21,18:31:44,0.29,partially cloudy,Partly cloudy throughout the day.,partly-cloudy-day,"DNMM,65201099999",Unknown,"🩳 Sleeveless, linen, sandals, drink water! 🕶️ (Sunscreen & sunglasses)",Winter,6,18,0,December,2024-12-09,Monday,33876913,nan,Unknown,"(73.42, 87.8]"
Lagos,2024-12-10,95.0,69.8,81.9,97.5,69.8,84.1,68.4,67.1,0.0,0.0,0.0,Unknown,0.0,0.0,19.2,11.4,183.9,1011.1,26.3,3.3,251.4,21.8,9,10.0,06:46:51,18:32:09,0.33,partially cloudy,Partly cloudy throughout the day.,partly-cloudy-day,"DNMM,65201099999",Unknown,"🩳 Shorts, tank top, hat, sunglasses 🕶️ (Sunscreen & sunglasses)",Winter,6,18,0,December,2024-12-10,Tuesday,63685455,nan,afrobeats,"(73.42, 87.8]"
Lagos,2024-12-11,93.2,76.6,83.1,107.5,76.6,89.8,75.8,79.9,0.0,0.0,0.0,Unknown,0.0,0.0,21.0,10.3,198.7,1011.1,38.3,3.6,209.7,18.2,7,60.0,06:47:21,18:32:34,0.36,partially cloudy,Partly cloudy throughout the day.,partly-cloudy-day,"DNMM,65201099999",Unknown,"🩳 Sleeveless, linen, sandals, drink water! 🕶️ (Sunscreen & sunglasses)",Winter,6,18,0,December,2024-12-11,Wednesday,25915047,nan,afro adura,"(73.42, 87.8]"
Lagos,2024-12-12,93.5,78.8,84.7,107.9,78.8,93.9,77.2,79.4,0.0,0.0,0.0,rain,0.0,0.0,18.6,10.3,188.8,1010.6,46.4,5.2,215.9,18.6,8,60.0,06:47:52,18:33:00,0.4,partially cloudy,Partly cloudy throughout the day.,partly-cloudy-day,"DNMM,remote,65201099999",Unknown,"🩳 Sleeveless, linen, sandals, drink water! 🕶️ (Sunscreen & sunglasses)",Winter,6,18,0,December,2024-12-12,Thursday,38004995,nan,Unknown,"(73.42, 87.8]"
Lagos,2024-12-13,91.4,78.4,83.3,105.1,78.4,91.3,77.3,83.0,0.039,100.0,4.17,rain,0.0,0.0,17.2,13.9,208.0,1010.9,46.7,5.1,199.5,17.1,8,60.0,06:48:22,18:33:27,0.43,"rain, partially cloudy",Partly cloudy throughout the day with late afternoon rain.,rain,"DNMM,remote,65201099999",Unknown,"🩳 Sleeveless, linen, sandals, drink water! ☔ (Umbrella recommended) 🕶️ (Sunscreen & sunglasses)",Winter,6,18,0,December,2024-12-13,Friday,4604304,nan,afro adura,"(73.42, 87.8]"
Lagos,2024-12-14,93.2,77.0,83.6,107.5,77.0,90.5,76.6,81.2,0.0,0.0,0.0,rain,0.0,0.0,17.7,10.3,205.7,1010.8,41.2,3.5,247.1,21.2,9,60.0,06:48:52,18:33:53,0.47,partially cloudy,Partly cloudy throughout the day.,partly-cloudy-day,"DNMM,65201099999",Unknown,"🩳 Sleeveless, linen, sandals, drink water! 🕶️ (Sunscreen & sunglasses)",Winter,6,18,0,December,2024-12-14,Saturday,91572305,nan,Unknown,"(73.42, 87.8]"
Lagos,2024-12-15,95.0,75.2,83.3,107.4,75.2,90.3,76.5,81.6,0.0,0.0,0.0,Unknown,0.0,0.0,15.4,11.4,237.2,1011.3,44.2,3.9,220.5,19.1,8,60.0,06:49:23,18:34:21,0.5,partially cloudy,Partly cloudy throughout the day.,partly-cloudy-day,"DNMM,65201099999",Unknown,"🩳 Sleeveless, linen, sandals, drink water! 🕶️ (Sunscreen & sunglasses)",Winter,6,18,0,December,2024-12-15,Sunday,99269,nan,Unknown,"(73.42, 87.8]"
Lagos,2024-12-16,95.6,76.8,84.3,105.1,76.8,91.1,75.8,77.9,0.0,0.0,0.0,Unknown,0.0,0.0,17.2,10.3,239.0,1012.2,38.9,4.0,245.3,21.4,8,60.0,06:49:53,18:34:49,0.53,partially cloudy,Partly cloudy throughout the day.,partly-cloudy-day,"DNMM,remote,65201099999",Unknown,"🩳 Sleeveless, linen, sandals, drink water! 🕶️ (Sunscreen & sunglasses)",Winter,6,18,0,December,2024-12-16,Monday,13842855,afrobeats,afrobeats,"(73.42, 87.8]"
Lagos,2024-12-17,95.0,77.0,83.8,103.3,77.0,88.9,74.3,75.5,0.0,0.0,0.0,Unknown,0.0,0.0,18.3,12.8,229.9,1012.2,33.5,2.5,244.1,21.2,9,30.0,06:50:24,18:35:17,0.57,partially cloudy,Partly cloudy throughout the day.,partly-cloudy-day,"DNMM,65201099999",Unknown,"🩳 Sleeveless, linen, sandals, drink water! 🕶️ (Sunscreen & sunglasses)",Winter,6,18,0,December,2024-12-17,Tuesday,3801201,nan,Unknown,"(73.42, 87.8]"
Lagos,2024-12-18,95.0,75.0,83.5,99.4,75.0,86.3,71.8,71.2,0.0,0.0,0.0,Unknown,0.0,0.0,19.5,9.2,195.4,1012.4,22.2,1.9,247.8,21.5,9,30.0,06:50:54,18:35:46,0.6,partially cloudy,Partly cloudy throughout the day.,partly-cloudy-day,"DNMM,remote,65201099999",Unknown,"🩳 Sleeveless, linen, sandals, drink water! 🕶️ (Sunscreen & sunglasses)",Winter,6,18,0,December,2024-12-18,Wednesday,25478911,nan,Unknown,"(73.42, 87.8]"
Lagos,2024-12-19,93.5,73.4,82.4,95.7,73.4,83.0,66.4,62.5,0.0,0.0,0.0,Unknown,0.0,0.0,16.8,11.4,36.3,1013.2,29.2,1.8,254.6,22.0,9,10.0,06:51:24,18:36:15,0.63,partially cloudy,Partly cloudy throughout the day.,partly-cloudy-day,"DNMM,65201099999",Unknown,"🩳 Sleeveless, linen, sandals, drink water! 🕶️ (Sunscreen & sunglasses)",Winter,6,18,0,December,2024-12-19,Thursday,123687091,nan,hiplife,"(73.42, 87.8]"
Lagos,2024-12-20,93.2,68.3,79.8,92.6,68.3,79.5,59.1,52.4,0.0,0.0,0.0,Unknown,0.0,0.0,17.7,13.9,7.5,1013.0,21.7,3.4,257.7,22.2,9,10.0,06:51:54,18:36:44,0.66,partially cloudy,Partly cloudy throughout the day.,partly-cloudy-day,"DNMM,remote,65201099999",Unknown,"🩳 Shorts, tank top, hat, sunglasses 🕶️ (Sunscreen & sunglasses)",Winter,6,18,0,December,2024-12-20,Friday,34815353,nan,Unknown,"(73.42, 87.8]"
Lagos,2024-12-21,95.0,69.8,81.2,93.2,69.8,80.5,58.8,51.0,0.0,0.0,0.0,Unknown,0.0,0.0,19.7,18.3,27.1,1012.0,26.2,5.2,251.8,21.6,9,10.0,06:52:24,18:37:14,0.7,partially cloudy,Partly cloudy throughout the day.,partly-cloudy-day,"DNMM,remote,65201099999,VRJT5",Unknown,"🩳 Shorts, tank top, hat, sunglasses 🕶️ (Sunscreen & sunglasses)",Winter,6,18,0,December,2024-12-21,Saturday,79724001,nan,hiplife,"(73.42, 87.8]"
Lagos,2024-12-22,95.0,69.8,80.9,93.7,69.8,80.7,61.7,56.3,0.0,0.0,0.0,Unknown,0.0,0.0,16.1,13.9,29.7,1012.1,24.3,1.3,255.2,22.0,9,10.0,06:52:54,18:37:44,0.75,partially cloudy,Partly cloudy throughout the day.,partly-cloudy-day,"DNMM,65201099999,VRJT5",Unknown,"🩳 Shorts, tank top, hat, sunglasses 🕶️ (Sunscreen & sunglasses)",Winter,6,18,0,December,2024-12-22,Sunday,4813700,nan,Unknown,"(73.42, 87.8]"
Lagos,2024-12-23,96.8,71.9,81.7,97.3,71.9,83.1,67.2,64.3,0.0,0.0,0.0,Unknown,0.0,0.0,18.3,9.2,51.7,1011.6,25.3,1.8,252.7,21.7,9,10.0,06:53:23,18:38:14,0.76,partially cloudy,Partly cloudy throughout the day.,partly-cloudy-day,"DNMM,remote,65201099999,VRJT5",Unknown,"🩳 Shorts, tank top, hat, sunglasses 🕶️ (Sunscreen & sunglasses)",Winter,6,18,0,December,2024-12-23,Monday,42069978,afrobeat,afrobeats,"(73.42, 87.8]"
Lagos,2024-12-24,95.0,73.8,82.7,105.2,73.8,86.0,72.2,73.0,0.0,0.0,0.0,Unknown,0.0,0.0,17.2,10.3,199.1,1011.4,31.0,2.0,240.9,20.9,9,10.0,06:53:53,18:38:45,0.79,partially cloudy,Partly cloudy throughout the day.,partly-cloudy-day,"DNMM,remote,65201099999,VRJT5",Unknown,"🩳 Sleeveless, linen, sandals, drink water! 🕶️ (Sunscreen & sunglasses)",Winter,6,18,0,December,2024-12-24,Tuesday,51463232,nan,Unknown,"(73.42, 87.8]"
Lagos,2024-12-25,96.4,75.5,83.4,104.8,75.5,87.6,73.5,74.5,0.0,0.0,0.0,Unknown,0.0,0.0,19.0,9.2,259.8,1011.1,23.4,3.1,236.2,20.3,8,10.0,06:54:21,18:39:15,0.82,partially cloudy,Partly cloudy throughout the day.,partly-cloudy-day,"DNMM,remote,65201099999,VRJT5",Unknown,"🩳 Sleeveless, linen, sandals, drink water! 🕶️ (Sunscreen & sunglasses)",Winter,6,18,0,December,2024-12-25,Wednesday,139171865,afrobeat,afrobeats,"(73.42, 87.8]"
Lagos,2024-12-26,93.5,62.5,80.8,100.1,62.5,85.0,74.0,81.1,0.0,0.0,0.0,Unknown,0.0,0.0,21.5,18.3,217.9,1011.7,39.2,9.2,240.0,20.7,8,60.0,06:54:50,18:39:46,0.86,partially cloudy,Partly cloudy throughout the day.,partly-cloudy-day,"DNMM,remote,65201099999,VRJT5",Unknown,"🩳 Sleeveless, linen, sandals, drink water! 🕶️ (Sunscreen & sunglasses)",Winter,6,18,0,December,2024-12-26,Thursday,2572188,afrobeat,afrobeat,"(73.42, 87.8]"
Lagos,2024-12-27,96.8,62.5,83.8,105.2,62.5,90.0,75.2,77.7,0.0,0.0,0.0,Unknown,0.0,0.0,19.5,17.2,224.3,1011.3,49.7,5.9,225.3,19.4,8,60.0,06:55:18,18:40:17,0.89,partially cloudy,Partly cloudy throughout the day.,partly-cloudy-day,"DNMM,remote,65201099999,VRJT5",Unknown,"🩳 Sleeveless, linen, sandals, drink water! 🕶️ (Sunscreen & sunglasses)",Winter,6,18,0,December,2024-12-27,Friday,16294428,lullaby,lullaby,"(73.42, 87.8]"
Lagos,2024-12-28,94.1,75.2,83.3,105.2,75.2,89.0,75.3,78.8,0.0,0.0,0.0,rain,0.0,0.0,17.4,8.1,208.4,1011.8,40.0,2.5,221.5,19.3,8,60.0,06:55:46,18:40:48,0.92,partially cloudy,Partly cloudy throughout the day.,partly-cloudy-day,"DNMM,65201099999,VRJT5",Unknown,"🩳 Sleeveless, linen, sandals, drink water! 🕶️ (Sunscreen & sunglasses)",Winter,6,18,0,December,2024-12-28,Saturday,59246168,nan,Unknown,"(73.42, 87.8]"
Lagos,2024-12-29,95.0,76.6,84.0,105.2,76.6,89.5,75.3,77.6,0.0,0.0,0.0,Unknown,0.0,0.0,18.6,9.6,197.0,1011.7,34.2,3.9,238.4,20.6,8,60.0,06:56:13,18:41:18,0.95,partially cloudy,Partly cloudy throughout the day.,partly-cloudy-day,"DNMM,remote,65201099999,VRJT5",Unknown,"🩳 Sleeveless, linen, sandals, drink water! 🕶️ (Sunscreen & sunglasses)",Winter,6,18,0,December,2024-12-29,Sunday,71950,highlife,afrobeat,"(73.42, 87.8]"
Lagos,2024-12-30,95.4,77.0,84.3,103.2,77.0,90.6,75.8,78.6,0.0,0.0,0.0,Unknown,0.0,0.0,19.2,15.0,134.7,1011.6,35.9,3.8,234.7,20.5,8,60.0,06:56:40,18:41:49,0.0,partially cloudy,Partly cloudy throughout the day.,partly-cloudy-day,"DNMM,remote,65201099999,VRJT5",Unknown,"🩳 Sleeveless, linen, sandals, drink water! 🕶️ (Sunscreen & sunglasses)",Winter,6,18,0,December,2024-12-30,Monday,40041556,nan,Unknown,"(73.42, 87.8]"
Lagos,2024-12-31,93.1,76.8,83.4,107.4,76.8,90.3,76.6,81.5,0.0,0.0,0.0,Unknown,0.0,0.0,19.2,12.8,198.7,1011.2,34.8,3.0,234.7,20.3,9,30.0,06:57:06,18:42:20,0.02,partially cloudy,Partly cloudy throughout the day.,partly-cloudy-day,"DNMM,65201099999,VRJT5",Unknown,"🩳 Sleeveless, linen, sandals, drink water! 🕶️ (Sunscreen & sunglasses)",Winter,6,18,0,December,2024-12-31,Tuesday,37585684,lullaby,lullaby,"(73.42, 87.8]"
New York,2024-10-16,58.1,44.1,51.1,58.1,38.4,48.9,32.4,49.6,0.0,0.0,0.0,Unknown,0.0,0.0,31.1,14.3,306.0,1016.7,21.7,9.9,143.0,12.5,7,10.0,07:08:53,18:13:28,0.47,partially cloudy,Partly cloudy throughout the day.,partly-cloudy-day,"72505394728,KEWR,KLGA,72502014734,F1417,KNYC,72503014732",Unknown,"🧶 Hoodie or light jacket, jeans 🕶️ (Sunscreen & sunglasses)",Autumn,7,18,0,October,2024-10-16,Wednesday,31647209,nan,Unknown,"(44.66, 59.04]"
New York,2024-10-17,58.6,43.5,51.5,58.6,41.0,50.2,31.6,47.8,0.0,0.0,0.0,Unknown,0.0,0.0,22.2,13.4,8.5,1023.3,15.1,9.9,164.5,14.2,7,10.0,07:09:58,18:11:58,0.5,clear,Clear conditions throughout the day.,clear-day,"72505394728,KEWR,KLGA,72502014734,F1417,KNYC,72503014732",Unknown,"🧶 Hoodie or light jacket, jeans 🕶️ (Sunscreen & sunglasses)",Autumn,7,18,0,October,2024-10-17,Thursday,36496887,nan,Unknown,"(44.66, 59.04]"
New York,2024-10-18,66.8,48.6,57.3,66.8,46.2,57.1,32.0,40.1,0.0,0.0,0.0,Unknown,0.0,0.0,20.8,10.4,357.8,1029.2,4.1,9.9,169.3,14.7,7,10.0,07:11:04,18:10:30,0.54,clear,Clear conditions throughout the day.,clear-day,"72505394728,KEWR,KLGA,72502014734,F1417,KNYC,72503014732",Unknown,"🧶 Hoodie or light jacket, jeans 🕶️ (Sunscreen & sunglasses)",Autumn,7,18,0,October,2024-10-18,Friday,55519952,nan,afrobeats,"(44.66, 59.04]"
New York,2024-10-19,70.6,50.9,59.5,70.6,50.9,59.5,38.0,46.7,0.0,0.0,0.0,Unknown,0.0,0.0,12.1,5.7,24.3,1032.1,7.4,9.9,167.4,14.5,7,10.0,07:12:11,18:09:02,0.57,clear,Clear conditions throughout the day.,clear-day,"72505394728,KEWR,KLGA,72502014734,F1417,KNYC,72503014732",Unknown,"🧶 Hoodie or light jacket, jeans 🕶️ (Sunscreen & sunglasses)",Autumn,7,18,0,October,2024-10-19,Saturday,13076984,nan,Unknown,"(59.04, 73.42]"
New York,2024-10-20,73.6,51.5,62.0,73.6,51.5,62.0,39.0,45.5,0.0,0.0,0.0,Unknown,0.0,0.0,11.2,4.9,253.6,1026.1,8.8,9.9,168.6,14.7,7,10.0,07:13:17,18:07:35,0.61,clear,Clear conditions throughout the day.,clear-day,"72505394728,KEWR,KLGA,72502014734,F1417,KNYC,72503014732",Unknown,"🧶 Hoodie or light jacket, jeans 🕶️ (Sunscreen & sunglasses)",Autumn,7,18,0,October,2024-10-20,Sunday,11522369,nan,Unknown,"(59.04, 73.42]"
New York,2024-10-21,79.7,55.9,67.4,79.7,55.9,67.4,39.0,36.3,0.0,0.0,0.0,Unknown,0.0,0.0,19.7,7.1,271.1,1022.0,2.7,9.9,155.9,13.4,6,10.0,07:14:24,18:06:09,0.64,clear,Clear conditions throughout the day.,clear-day,"72505394728,KEWR,KLGA,72502014734,F1417,KNYC,72503014732",Unknown,"👕 T-shirt, jeans/skirt, light sneakers 🕶️ (Sunscreen & sunglasses)",Autumn,7,18,0,October,2024-10-21,Monday,26166661,nan,Unknown,"(59.04, 73.42]"
New York,2024-10-22,79.8,62.7,70.3,79.8,62.7,70.3,48.5,47.2,0.0,0.0,0.0,Unknown,0.0,0.0,17.2,8.0,83.3,1023.2,2.9,9.9,154.6,13.4,6,10.0,07:15:32,18:04:44,0.67,clear,Clear conditions throughout the day.,clear-day,"72505394728,KEWR,KLGA,72502014734,F1417,KNYC,72503014732",Unknown,"👕 T-shirt, jeans/skirt, light sneakers 🕶️ (Sunscreen & sunglasses)",Autumn,7,18,0,October,2024-10-22,Tuesday,32050627,afrobeat,alté,"(59.04, 73.42]"
New York,2024-10-23,74.8,59.2,66.9,74.8,59.2,66.9,52.1,59.5,0.0,0.0,0.0,Unknown,0.0,0.0,25.3,13.5,175.0,1017.4,9.2,9.9,156.7,13.6,6,10.0,07:16:39,18:03:20,0.71,clear,Clear conditions throughout the day.,clear-day,"72505394728,KEWR,KLGA,72502014734,F1417,KNYC,72503014732",Unknown,"👕 T-shirt, jeans/skirt, light sneakers 🕶️ (Sunscreen & sunglasses)",Autumn,7,18,0,October,2024-10-23,Wednesday,13559569,lullaby,alté,"(59.04, 73.42]"
New York,2024-10-24,68.7,56.4,64.0,68.7,56.4,64.0,43.9,49.4,0.0,0.0,0.0,Unknown,0.0,0.0,31.1,16.6,341.6,1013.4,31.2,9.9,157.0,13.4,6,10.0,07:17:47,18:01:57,0.75,partially cloudy,Clearing in the afternoon.,partly-cloudy-day,"72505394728,KEWR,KLGA,72502014734,F1417,KNYC,72503014732",Unknown,"👕 T-shirt, jeans/skirt, light sneakers 🕶️ (Sunscreen & sunglasses)",Autumn,7,18,0,October,2024-10-24,Thursday,37877269,afrobeat,afrobeats,"(59.04, 73.42]"
New York,2024-10-25,63.4,47.6,55.3,63.4,45.4,54.9,35.1,47.9,0.0,0.0,0.0,Unknown,0.0,0.0,20.8,9.9,328.3,1019.1,12.9,9.9,162.0,14.0,6,10.0,07:18:55,18:00:36,0.77,clear,Clear conditions throughout the day.,clear-day,"72505394728,KEWR,KLGA,72502014734,F1417,KNYC,72503014732",Unknown,"🧶 Hoodie or light jacket, jeans 🕶️ (Sunscreen & sunglasses)",Autumn,7,18,0,October,2024-10-25,Friday,7657308,nan,Unknown,"(44.66, 59.04]"
New York,2024-10-26,63.7,54.4,58.8,63.7,54.4,58.8,32.8,38.4,0.0,0.0,0.0,Unknown,0.0,0.0,31.8,18.8,307.0,1019.5,29.9,9.9,160.0,13.8,7,10.0,07:20:04,17:59:16,0.81,partially cloudy,Clearing in the afternoon.,partly-cloudy-day,"72505394728,KEWR,KLGA,72502014734,F1417,KNYC,72503014732",Unknown,"🧶 Hoodie or light jacket, jeans 🕶️ (Sunscreen & sunglasses)",Autumn,7,17,0,October,2024-10-26,Saturday,72777294,nan,Unknown,"(44.66, 59.04]"
New York,2024-10-27,57.6,45.5,51.5,57.6,40.6,50.5,27.4,41.5,0.0,0.0,0.0,Unknown,0.0,0.0,24.2,11.8,302.3,1028.0,18.8,9.9,165.8,14.4,6,10.0,07:21:13,17:57:56,0.84,clear,Clear conditions throughout the day.,clear-day,"72505394728,KEWR,KLGA,72502014734,F1417,KNYC,72503014732",Unknown,"🧶 Hoodie or light jacket, jeans 🕶️ (Sunscreen & sunglasses)",Autumn,7,17,0,October,2024-10-27,Sunday,29826487,nan,Unknown,"(44.66, 59.04]"
New York,2024-10-28,60.3,47.1,53.2,60.3,45.6,53.0,31.3,44.0,0.0,0.0,0.0,Unknown,0.0,0.0,16.1,8.2,87.7,1029.8,39.7,9.9,134.2,11.6,6,10.0,07:22:22,17:56:39,0.87,partially cloudy,Clearing in the afternoon.,partly-cloudy-day,"72505394728,KEWR,KLGA,72502014734,F1417,KNYC,72503014732",Unknown,"🧶 Hoodie or light jacket, jeans 🕶️ (Sunscreen & sunglasses)",Autumn,7,17,0,October,2024-10-28,Monday,5805887,gregorian chant,gregorian chant,"(44.66, 59.04]"
New York,2024-10-29,62.9,52.0,58.0,62.9,52.0,58.0,48.9,71.7,0.007,100.0,4.17,rain,0.0,0.0,27.8,12.5,117.9,1030.5,83.4,9.9,101.4,8.8,9,10.0,07:23:31,17:55:22,0.9,"rain, partially cloudy",Partly cloudy throughout the day with afternoon rain.,rain,"72505394728,KEWR,KLGA,72502014734,F1417,KNYC,72503014732",Unknown,"🧶 Hoodie or light jacket, jeans ☔ (Umbrella recommended) 🕶️ (Sunscreen & sunglasses)",Autumn,7,17,0,October,2024-10-29,Tuesday,12465982,gregorian chant,gregorian chant,"(44.66, 59.04]"
New York,2024-11-01,79.2,60.7,71.5,79.2,60.7,71.5,48.0,46.3,0.0,0.0,0.0,Unknown,0.0,0.0,31.0,15.2,254.6,1014.4,27.9,9.9,105.7,9.0,6,10.0,07:27:01,17:51:40,0.0,partially cloudy,Clearing in the afternoon.,partly-cloudy-day,"72505394728,KEWR,KLGA,72502014734,F1417,KNYC,72503014732",Unknown,"👕 T-shirt, jeans/skirt, light sneakers 🕶️ (Sunscreen & sunglasses)",Autumn,7,17,0,November,2024-11-01,Friday,51380388,nan,Unknown,"(59.04, 73.42]"
New York,2024-11-02,59.9,49.5,55.5,59.9,46.0,55.4,33.5,43.6,0.0,0.0,0.0,Unknown,0.0,0.0,25.8,14.3,325.3,1025.1,12.9,9.9,145.9,12.7,6,10.0,07:28:11,17:50:29,0.04,clear,Clear conditions throughout the day.,clear-day,"72505394728,KEWR,KLGA,72502014734,F1417,KNYC,72503014732",Unknown,"🧶 Hoodie or light jacket, jeans 🕶️ (Sunscreen & sunglasses)",Autumn,7,17,0,November,2024-11-02,Saturday,33975523,afrobeat,afrobeats,"(44.66, 59.04]"
New York,2024-11-03,54.2,40.8,47.6,54.2,36.1,45.1,24.0,41.7,0.0,0.0,0.0,Unknown,0.0,0.0,19.0,11.5,23.3,1031.1,10.8,9.9,139.8,12.7,6,10.0,06:29:22,16:49:20,0.07,clear,Clear conditions throughout the day.,clear-day,"72505394728,KEWR,KLGA,72502014734,F1417,KNYC,72503014732",Unknown,"🧥 Coat or insulated jacket, boots 🕶️ (Sunscreen & sunglasses)",Autumn,6,16,0,November,2024-11-03,Sunday,3837880,nan,Unknown,"(44.66, 59.04]"
New York,2024-11-04,56.7,45.0,51.8,56.7,42.1,50.9,37.9,59.6,0.0,0.0,0.0,Unknown,0.0,0.0,21.9,9.5,91.3,1031.1,48.0,9.9,96.3,8.4,5,10.0,06:30:33,16:48:12,0.11,partially cloudy,Partly cloudy throughout the day.,partly-cloudy-day,"72505394728,KEWR,KLGA,72502014734,F1417,KNYC,72503014732",Unknown,"🧶 Hoodie or light jacket, jeans",Autumn,6,16,0,November,2024-11-04,Monday,96114236,nan,Unknown,"(44.66, 59.04]"
New York,2024-11-05,73.1,55.0,63.2,73.1,55.0,63.2,52.7,69.7,0.0,0.0,0.0,Unknown,0.0,0.0,25.3,15.0,223.0,1022.5,34.2,9.4,122.3,10.6,5,10.0,06:31:43,16:47:05,0.15,partially cloudy,Clearing in the afternoon.,partly-cloudy-day,"72505394728,KEWR,KLGA,72502014734,F1417,KNYC,72503014732",Unknown,"👕 T-shirt, jeans/skirt, light sneakers",Autumn,6,16,0,November,2024-11-05,Tuesday,44306256,nan,Unknown,"(59.04, 73.42]"
New York,2024-11-07,73.0,56.1,67.6,73.0,56.1,67.6,48.3,51.5,0.0,0.0,0.0,Unknown,0.0,0.0,31.1,12.0,303.0,1017.3,24.4,9.9,127.8,11.1,5,10.0,06:34:06,16:44:57,0.21,partially cloudy,Partly cloudy throughout the day.,partly-cloudy-day,"72505394728,KEWR,KLGA,72502014734,F1417,KNYC,72503014732",Unknown,"👕 T-shirt, jeans/skirt, light sneakers",Autumn,6,16,0,November,2024-11-07,Thursday,77072268,nan,afrobeats,"(59.04, 73.42]"
New York,2024-11-08,68.9,50.8,59.0,68.9,50.8,59.0,34.4,42.0,0.0,0.0,0.0,Unknown,0.0,0.0,42.7,23.7,290.1,1014.7,7.4,9.9,130.3,11.4,6,10.0,06:35:17,16:43:55,0.25,clear,Clear conditions throughout the day.,clear-day,"72505394728,KEWR,KLGA,72502014734,F1417,KNYC,72503014732",Unknown,"🧶 Hoodie or light jacket, jeans 🕶️ (Sunscreen & sunglasses)",Autumn,6,16,0,November,2024-11-08,Friday,39741972,nan,Unknown,"(44.66, 59.04]"
New York,2024-11-10,57.8,45.1,52.5,57.8,43.5,52.3,32.0,46.6,0.043,100.0,8.33,rain,0.0,0.0,21.9,10.8,199.3,1023.1,48.7,9.7,75.0,6.6,4,10.0,06:37:39,16:41:57,0.32,"rain, partially cloudy",Becoming cloudy in the afternoon with late afternoon rain.,rain,"72505394728,KEWR,KLGA,72502014734,F1417,KNYC,72503014732",Unknown,"🧶 Hoodie or light jacket, jeans ☔ (Umbrella recommended)",Autumn,6,16,0,November,2024-11-10,Sunday,26735246,nan,highlife,"(44.66, 59.04]"
New York,2024-11-11,67.9,55.0,61.3,67.9,55.0,61.3,47.9,64.2,0.138,100.0,25.0,rain,0.0,0.0,31.6,16.3,250.8,1007.1,51.8,9.3,133.3,11.7,6,10.0,06:38:50,16:41:01,0.35,"rain, partially cloudy",Clearing in the afternoon with early morning rain.,rain,"72505394728,KEWR,KLGA,72502014734,F1417,KNYC,72503014732",Unknown,"🧶 Hoodie or light jacket, jeans ☔ (Umbrella recommended) 🕶️ (Sunscreen & sunglasses)",Autumn,6,16,0,November,2024-11-11,Monday,43304537,nan,Unknown,"(59.04, 73.42]"
New York,2024-11-12,58.6,42.5,50.6,58.6,36.2,48.8,29.3,44.2,0.0,0.0,0.0,Unknown,0.0,0.0,40.0,24.5,316.2,1016.7,11.5,9.9,132.0,11.6,6,10.0,06:40:01,16:40:06,0.39,clear,Clear conditions throughout the day.,clear-day,"72505394728,KEWR,KLGA,72502014734,F1417,KNYC,72503014732",Unknown,"🧥 Coat or insulated jacket, boots 🕶️ (Sunscreen & sunglasses)",Autumn,6,16,0,November,2024-11-12,Tuesday,26942388,nan,Unknown,"(44.66, 59.04]"
New York,2024-11-13,49.5,36.9,42.9,48.4,28.9,37.7,18.8,38.6,0.0,0.0,0.0,Unknown,0.0,0.0,26.5,14.3,21.2,1030.9,6.0,9.9,132.5,11.4,6,10.0,06:41:12,16:39:13,0.42,clear,Clear conditions throughout the day.,clear-day,"72505394728,KEWR,KLGA,72502014734,F1417,KNYC,72503014732",Unknown,"🧥 Coat or insulated jacket, boots 🕶️ (Sunscreen & sunglasses)",Autumn,6,16,0,November,2024-11-13,Wednesday,10435316,nan,Unknown,"(30.28, 44.66]"
New York,2024-11-14,46.3,37.3,42.7,46.0,32.4,39.0,24.3,47.9,0.0,0.0,0.0,Unknown,0.0,0.0,23.0,10.9,34.0,1024.8,28.2,9.9,76.6,6.5,4,10.0,06:42:23,16:38:22,0.46,partially cloudy,Partly cloudy throughout the day.,partly-cloudy-day,"72505394728,KEWR,KLGA,72502014734,F1417,KNYC,72503014732",Unknown,"🧥 Coat or insulated jacket, boots",Autumn,6,16,0,November,2024-11-14,Thursday,49797009,nan,Unknown,"(30.28, 44.66]"
New York,2024-11-15,58.6,41.7,49.5,58.6,38.4,48.3,24.1,37.0,0.0,0.0,0.0,Unknown,0.0,0.0,29.9,14.1,319.2,1012.0,26.0,9.8,111.2,9.6,6,10.0,06:43:34,16:37:33,0.5,partially cloudy,Partly cloudy throughout the day.,partly-cloudy-day,"72505394728,KEWR,KLGA,72502014734,F1417,KNYC,72503014732",Unknown,"🧥 Coat or insulated jacket, boots 🕶️ (Sunscreen & sunglasses)",Autumn,6,16,0,November,2024-11-15,Friday,18665927,nan,Unknown,"(44.66, 59.04]"
New York,2024-11-16,62.6,46.3,53.3,62.6,40.6,51.5,26.1,35.6,0.0,0.0,0.0,Unknown,0.0,0.0,33.3,19.8,309.7,1011.4,3.3,9.9,125.5,10.8,5,10.0,06:44:44,16:36:46,0.53,clear,Clear conditions throughout the day.,clear-day,"72505394728,KEWR,KLGA,72502014734,F1417,KNYC,72503014732",Unknown,"🧶 Hoodie or light jacket, jeans",Autumn,6,16,0,November,2024-11-16,Saturday,126913620,afrobeats,afrobeats,"(44.66, 59.04]"
New York,2024-11-17,62.9,45.4,53.9,62.9,42.6,52.8,26.5,35.9,0.0,0.0,0.0,Unknown,0.0,0.0,21.8,10.8,293.3,1016.0,20.2,9.6,100.2,8.7,5,10.0,06:45:54,16:36:01,0.56,partially cloudy,Partly cloudy throughout the day.,partly-cloudy-day,"72505394728,KEWR,KLGA,72502014734,F1417,KNYC,72503014732",Unknown,"🧶 Hoodie or light jacket, jeans",Autumn,6,16,0,November,2024-11-17,Sunday,33962738,nan,Unknown,"(44.66, 59.04]"
New York,2024-11-18,66.4,50.2,57.3,66.4,50.2,57.3,33.7,41.7,0.0,0.0,0.0,Unknown,0.0,0.0,32.2,17.4,298.4,1011.4,21.5,9.9,116.7,10.1,5,10.0,06:47:04,16:35:17,0.59,partially cloudy,Partly cloudy throughout the day.,partly-cloudy-day,"72505394728,KEWR,KLGA,72502014734,F1417,KNYC,72503014732",Unknown,"🧶 Hoodie or light jacket, jeans",Autumn,6,16,0,November,2024-11-18,Monday,40118593,nan,Unknown,"(44.66, 59.04]"
New York,2024-11-19,59.9,47.2,53.6,59.9,44.6,53.3,33.0,46.4,0.0,0.0,0.0,Unknown,0.0,0.0,19.7,9.8,325.9,1012.6,30.1,9.9,98.9,8.5,5,10.0,06:48:14,16:34:36,0.62,partially cloudy,Partly cloudy throughout the day.,partly-cloudy-day,"72505394728,KEWR,KLGA,72502014734,F1417,KNYC,72503014732",Unknown,"🧶 Hoodie or light jacket, jeans",Autumn,6,16,0,November,2024-11-19,Tuesday,1044360,german hip hop,german hip hop,"(44.66, 59.04]"
New York,2024-11-20,58.5,53.6,55.9,58.5,53.6,55.9,39.6,54.7,0.0,0.0,0.0,Unknown,0.0,0.0,26.4,10.7,77.9,1007.9,97.4,9.9,43.5,3.6,3,10.0,06:49:23,16:33:57,0.66,overcast,Cloudy skies throughout the day.,cloudy,"72505394728,KEWR,KLGA,72502014734,F1417,KNYC,72503014732",Unknown,"🧶 Hoodie or light jacket, jeans",Autumn,6,16,0,November,2024-11-20,Wednesday,10323015,nan,Unknown,"(44.66, 59.04]"
New York,2024-11-21,54.3,38.5,47.1,54.3,30.9,43.3,43.0,85.7,1.318,100.0,95.83,rain,0.0,0.0,33.3,16.0,5.6,999.6,100.0,5.3,22.9,1.9,1,10.0,06:50:32,16:33:20,0.69,"rain, overcast",Cloudy skies throughout the day with a chance of rain throughout the day.,rain,"72505394728,KEWR,KLGA,72502014734,F1417,KNYC,72503014732",Unknown,"🧥 Coat or insulated jacket, boots ☔ (Umbrella recommended)",Autumn,6,16,0,November,2024-11-21,Thursday,51999145,nan,Unknown,"(44.66, 59.04]"
New York,2024-11-22,40.1,37.3,38.9,38.2,29.8,33.1,33.6,81.2,0.575,100.0,75.0,rain,0.1,0.0,35.3,16.6,232.6,993.7,100.0,8.7,27.8,2.3,2,10.0,06:51:40,16:32:45,0.75,"rain, overcast",Cloudy skies throughout the day with a chance of rain or snow throughout the day.,snow,"72505394728,KEWR,KLGA,72502014734,F1417,KNYC,72503014732",Unknown,"🧥 Heavy coat, thermal wear, gloves, boots ☔ (Umbrella recommended)",Autumn,6,16,0,November,2024-11-22,Friday,66390645,nan,afrobeats,"(30.28, 44.66]"
New York,2024-11-23,49.6,37.9,44.3,43.8,33.7,38.9,33.7,67.4,0.03,100.0,16.67,rain,0.0,0.0,43.4,25.9,295.0,1000.4,61.9,9.6,97.9,8.4,4,10.0,06:52:47,16:32:12,0.75,"rain, partially cloudy",Partly cloudy throughout the day with early morning rain.,rain,"72505394728,KEWR,KLGA,72502014734,F1417,KNYC,72503014732",Unknown,"🧥 Coat or insulated jacket, boots ☔ (Umbrella recommended)",Autumn,6,16,0,November,2024-11-23,Saturday,107273255,nan,afrobeats,"(30.28, 44.66]"
New York,2024-11-24,53.4,45.3,49.0,53.4,38.7,45.6,31.2,50.5,0.0,0.0,0.0,Unknown,0.0,0.0,35.6,21.7,280.9,1011.4,53.6,9.9,84.8,7.3,5,10.0,06:53:55,16:31:41,0.79,partially cloudy,Partly cloudy throughout the day.,partly-cloudy-day,"72505394728,KEWR,KLGA,72502014734,F1417,KNYC,72503014732",Unknown,"🧥 Coat or insulated jacket, boots",Autumn,6,16,0,November,2024-11-24,Sunday,29235998,afrobeat,afrobeats,"(44.66, 59.04]"
New York,2024-11-25,54.2,41.9,48.3,54.2,36.5,46.6,28.7,47.7,0.0,0.0,0.0,Unknown,0.0,0.0,25.3,10.5,281.4,1016.9,37.1,9.9,114.5,9.8,5,10.0,06:55:01,16:31:13,0.82,partially cloudy,Partly cloudy throughout the day.,partly-cloudy-day,"72505394728,KEWR,KLGA,72502014734,F1417,KNYC,72503014732",Unknown,"🧥 Coat or insulated jacket, boots",Autumn,6,16,0,November,2024-11-25,Monday,41747992,nan,afrobeats,"(44.66, 59.04]"
New York,2024-11-26,58.3,48.0,54.1,58.3,44.5,53.8,41.2,63.3,0.2,100.0,16.67,rain,0.0,0.0,24.2,13.0,275.5,1011.5,74.1,9.1,37.2,3.3,2,10.0,06:56:07,16:30:46,0.85,"rain, partially cloudy",Partly cloudy throughout the day with morning rain.,rain,"72505394728,KEWR,KLGA,72502014734,F1417,KNYC,72503014732",Unknown,"🧶 Hoodie or light jacket, jeans ☔ (Umbrella recommended)",Autumn,6,16,0,November,2024-11-26,Tuesday,69393887,afrobeats,afrobeats,"(44.66, 59.04]"
New York,2024-11-27,51.7,42.7,47.3,51.7,37.4,45.0,27.7,46.8,0.0,0.0,0.0,Unknown,0.0,0.0,21.9,10.7,249.7,1016.1,35.5,9.9,112.8,9.6,5,10.0,06:57:12,16:30:22,0.88,partially cloudy,Becoming cloudy in the afternoon.,partly-cloudy-day,"72505394728,KEWR,KLGA,72502014734,F1417,KNYC,72503014732",Unknown,"🧥 Coat or insulated jacket, boots",Autumn,6,16,0,November,2024-11-27,Wednesday,62874644,afrobeat,afrobeats,"(44.66, 59.04]"
New York,2024-11-29,46.8,35.3,41.5,42.8,27.6,36.2,26.8,55.9,0.002,100.0,4.17,rain,0.0,0.0,29.8,14.1,256.2,1011.7,52.5,9.9,55.6,4.8,5,10.0,06:59:19,16:29:40,0.95,"rain, partially cloudy",Partly cloudy throughout the day with afternoon rain.,rain,"72505394728,KEWR,KLGA,72502014734,F1417,KNYC,72503014732",Unknown,"🧥 Coat or insulated jacket, boots ☔ (Umbrella recommended)",Autumn,6,16,0,November,2024-11-29,Friday,1367574,afrobeat,afrobeats,"(30.28, 44.66]"
New York,2024-11-30,39.5,30.5,34.3,33.7,20.8,26.6,15.4,46.3,0.0,0.0,0.0,Unknown,0.0,0.0,25.9,15.6,273.6,1015.5,13.5,9.9,112.6,9.7,5,10.0,07:00:21,16:29:23,0.98,clear,Clear conditions throughout the day.,clear-day,"72505394728,KEWR,KLGA,72502014734,F1417,KNYC,72503014732",Unknown,"🧥 Heavy coat, thermal wear, gloves, boots",Autumn,7,16,0,November,2024-11-30,Saturday,32700597,gregorian chant,gregorian chant,"(30.28, 44.66]"
New York,2024-12-01,37.8,27.0,32.1,29.5,16.2,24.1,10.8,41.3,0.0,0.0,0.0,Unknown,0.0,0.0,30.0,16.1,259.2,1018.5,23.0,9.9,72.8,6.2,5,10.0,07:01:23,16:29:07,0.0,partially cloudy,Partly cloudy throughout the day.,partly-cloudy-day,"72505394728,KEWR,KLGA,72502014734,F1417,KNYC,72503014732",Unknown,"🧥 Heavy coat, thermal wear, gloves, boots",Winter,7,16,0,December,2024-12-01,Sunday,36383942,nan,Unknown,"(30.28, 44.66]"
New York,2024-12-02,38.7,29.9,34.0,33.4,21.5,27.6,15.8,47.2,0.0,0.0,0.0,Unknown,0.0,0.0,23.0,12.8,297.6,1020.4,26.7,9.9,104.2,9.0,5,10.0,07:02:23,16:28:54,0.05,partially cloudy,Becoming cloudy in the afternoon.,partly-cloudy-day,"72505394728,KEWR,KLGA,72502014734,F1417,KNYC,72503014732",Unknown,"🧥 Heavy coat, thermal wear, gloves, boots",Winter,7,16,0,December,2024-12-02,Monday,35241538,afrobeat,afrobeats,"(30.28, 44.66]"
New York,2024-12-03,41.5,32.6,36.4,39.1,25.1,30.1,19.4,50.9,0.0,0.0,0.0,Unknown,0.0,0.0,31.2,14.0,291.2,1023.5,72.4,9.9,87.5,7.6,5,10.0,07:03:22,16:28:44,0.09,partially cloudy,Partly cloudy throughout the day.,partly-cloudy-day,"72505394728,KEWR,KLGA,72502014734,F1417,KNYC,72503014732",Unknown,"🧥 Heavy coat, thermal wear, gloves, boots",Winter,7,16,0,December,2024-12-03,Tuesday,17880294,nan,afrobeats,"(30.28, 44.66]"
New York,2024-12-04,41.4,30.4,36.1,35.7,24.0,31.2,18.4,49.0,0.0,0.0,0.0,Unknown,0.0,0.0,39.6,16.4,216.1,1019.6,51.9,9.9,64.5,5.6,4,10.0,07:04:20,16:28:35,0.12,partially cloudy,Becoming cloudy in the afternoon.,partly-cloudy-day,"72505394728,KEWR,KLGA,72502014734,F1417,KNYC,72503014732",Unknown,"🧥 Heavy coat, thermal wear, gloves, boots",Winter,7,16,0,December,2024-12-04,Wednesday,20847557,afrobeat,afrobeats,"(30.28, 44.66]"
New York,2024-12-05,39.5,32.3,36.8,35.8,21.7,28.6,24.3,62.1,0.105,100.0,16.67,"rain,snow",0.4,0.0,45.9,27.4,259.1,1004.0,72.6,9.4,63.0,5.4,4,10.0,07:05:17,16:28:29,0.16,"snow, rain, partially cloudy",Partly cloudy throughout the day with rain or snow clearing later.,snow,"72505394728,KEWR,KLGA,72502014734,F1417,KNYC,72503014732",Unknown,"🧥 Heavy coat, thermal wear, gloves, boots ☔ (Umbrella recommended) ❄️ (Snow boots suggested)",Winter,7,16,0,December,2024-12-05,Thursday,100949915,afrobeat,afrobeats,"(30.28, 44.66]"
New York,2024-12-06,34.8,30.3,32.5,26.6,19.8,23.6,10.4,39.8,0.0,0.0,0.0,Unknown,0.0,0.0,32.7,17.7,293.4,1017.6,47.5,9.9,113.9,9.8,5,10.0,07:06:13,16:28:26,0.19,partially cloudy,Clearing in the afternoon.,partly-cloudy-day,"72505394728,KEWR,KLGA,72502014734,F1417,KNYC,72503014732",Unknown,"🧥 Heavy coat, thermal wear, gloves, boots",Winter,7,16,0,December,2024-12-06,Friday,70551734,nan,Unknown,"(30.28, 44.66]"
New York,2024-12-07,40.6,31.5,35.8,34.3,21.7,28.2,15.7,43.8,0.0,0.0,0.0,Unknown,0.0,0.0,29.8,15.4,255.8,1019.1,74.6,9.9,94.9,8.3,5,10.0,07:07:07,16:28:24,0.23,partially cloudy,Partly cloudy throughout the day.,partly-cloudy-day,"72505394728,KEWR,KLGA,72502014734,F1417,KNYC,72503014732",Unknown,"🧥 Heavy coat, thermal wear, gloves, boots",Winter,7,16,0,December,2024-12-07,Saturday,18593600,afrobeat,afrobeats,"(30.28, 44.66]"
New York,2024-12-08,54.7,38.2,46.3,54.7,31.6,43.3,22.5,39.0,0.0,0.0,0.0,Unknown,0.0,0.0,31.8,17.7,248.6,1010.6,52.3,9.9,94.1,8.2,5,10.0,07:08:00,16:28:25,0.25,partially cloudy,Clearing in the afternoon.,partly-cloudy-day,"72505394728,KEWR,KLGA,72502014734,F1417,KNYC,72503014732",Unknown,"🧥 Coat or insulated jacket, boots",Winter,7,16,0,December,2024-12-08,Sunday,9962033,nan,Unknown,"(44.66, 59.04]"
New York,2024-12-09,50.6,43.1,47.3,50.6,41.5,45.9,38.6,72.8,0.182,100.0,25.0,rain,0.0,0.0,24.2,8.5,50.6,1014.9,68.5,7.9,27.6,2.5,1,10.0,07:08:51,16:28:28,0.3,"rain, partially cloudy",Partly cloudy throughout the day with rain.,rain,"72505394728,KEWR,KLGA,72502014734,F1417,KNYC,72503014732",Unknown,"🧥 Coat or insulated jacket, boots ☔ (Umbrella recommended)",Winter,7,16,0,December,2024-12-09,Monday,33876913,nan,Unknown,"(44.66, 59.04]"
New York,2024-12-10,50.4,44.7,46.7,50.4,40.5,43.7,43.5,88.6,0.236,100.0,20.83,rain,0.0,0.0,27.7,8.6,60.3,1017.1,99.9,3.4,13.9,1.1,1,10.0,07:09:41,16:28:34,0.33,"rain, overcast",Cloudy skies throughout the day with rain.,rain,"72505394728,KEWR,KLGA,72502014734,F1417,KNYC,72503014732",Unknown,"🧥 Coat or insulated jacket, boots ☔ (Umbrella recommended)",Winter,7,16,0,December,2024-12-10,Tuesday,63685455,nan,afrobeats,"(44.66, 59.04]"
New York,2024-12-11,60.3,42.7,54.7,60.3,35.8,53.7,51.4,88.5,0.845,100.0,87.5,rain,0.0,0.0,32.4,15.0,173.9,1004.2,99.6,5.1,11.6,0.8,1,10.0,07:10:30,16:28:41,0.37,"rain, overcast",Cloudy skies throughout the day with a chance of rain throughout the day.,rain,"72505394728,KEWR,KLGA,72502014734,F1417,KNYC,72503014732",Unknown,"🧶 Hoodie or light jacket, jeans ☔ (Umbrella recommended)",Winter,7,16,0,December,2024-12-11,Wednesday,25915047,nan,afro adura,"(44.66, 59.04]"
New York,2024-12-12,42.4,30.1,36.8,34.2,22.8,28.5,15.2,42.6,0.0,0.0,0.0,Unknown,0.0,0.0,37.9,21.7,261.6,1019.2,22.2,9.9,104.4,9.0,5,10.0,07:11:17,16:28:51,0.41,partially cloudy,Partly cloudy throughout the day.,partly-cloudy-day,"72505394728,KEWR,KLGA,72502014734,F1417,KNYC,72503014732",Unknown,"🧥 Heavy coat, thermal wear, gloves, boots",Winter,7,16,0,December,2024-12-12,Thursday,38004995,nan,Unknown,"(30.28, 44.66]"
New York,2024-12-13,32.9,27.4,29.8,25.3,17.6,21.4,5.4,35.2,0.0,0.0,0.0,Unknown,0.0,0.0,28.7,13.4,304.8,1037.2,26.8,9.9,110.8,9.6,5,10.0,07:12:02,16:29:04,0.44,partially cloudy,Clearing in the afternoon.,partly-cloudy-day,"72505394728,KEWR,KLGA,72502014734,F1417,KNYC,72503014732",Unknown,"🧥 Heavy coat, thermal wear, gloves, boots",Winter,7,16,0,December,2024-12-13,Friday,4604304,nan,afro adura,"(15.828, 30.28]"
New York,2024-12-14,33.8,25.7,29.6,33.8,17.4,24.0,10.2,44.1,0.0,0.0,0.0,Unknown,0.0,0.0,13.9,11.6,20.3,1046.2,8.6,9.9,107.0,9.4,5,10.0,07:12:46,16:29:18,0.48,clear,Clear conditions throughout the day.,clear-day,"72505394728,KEWR,KLGA,72502014734,F8726,F1417,KNYC,72503014732",Unknown,"🧥 Heavy coat, thermal wear, gloves, boots",Winter,7,16,0,December,2024-12-14,Saturday,91572305,nan,Unknown,"(15.828, 30.28]"
New York,2024-12-15,41.1,28.3,34.5,35.9,20.7,29.3,22.1,60.1,0.005,100.0,4.17,rain,0.0,0.0,18.3,8.6,39.3,1041.6,51.8,9.9,55.3,4.8,4,10.0,07:13:27,16:29:35,0.5,"rain, partially cloudy",Becoming cloudy in the afternoon with late afternoon rain.,rain,"72505394728,KEWR,KLGA,72502014734,F1417,KNYC,72503014732",Unknown,"🧥 Heavy coat, thermal wear, gloves, boots ☔ (Umbrella recommended)",Winter,7,16,0,December,2024-12-15,Sunday,99269,nan,Unknown,"(30.28, 44.66]"
New York,2024-12-16,51.3,38.2,44.8,51.3,34.0,41.9,41.4,88.0,0.889,100.0,83.33,rain,0.0,0.0,26.4,10.0,79.1,1028.8,100.0,4.2,26.2,2.2,1,10.0,07:14:07,16:29:54,0.54,"rain, overcast",Cloudy skies throughout the day with a chance of rain throughout the day.,rain,"72505394728,KEWR,KLGA,72502014734,F1417,KNYC,72503014732",Unknown,"🧥 Coat or insulated jacket, boots ☔ (Umbrella recommended)",Winter,7,16,0,December,2024-12-16,Monday,13842855,afrobeats,afrobeats,"(44.66, 59.04]"
New York,2024-12-17,58.7,51.0,53.6,58.7,51.0,53.6,42.8,69.0,0.085,100.0,16.67,rain,0.0,0.0,32.2,12.4,237.1,1019.9,65.8,9.4,71.3,6.3,4,10.0,07:14:46,16:30:15,0.57,"rain, partially cloudy",Partly cloudy throughout the day with early morning rain.,rain,"72505394728,KEWR,KLGA,72502014734,F1417,KNYC,72503014732",Unknown,"🧶 Hoodie or light jacket, jeans ☔ (Umbrella recommended)",Winter,7,16,0,December,2024-12-17,Tuesday,3801201,nan,Unknown,"(44.66, 59.04]"
New York,2024-12-18,53.2,43.0,47.7,53.2,40.9,46.9,33.3,58.9,0.128,100.0,20.83,rain,0.0,0.0,13.2,8.3,83.3,1020.8,48.0,8.7,87.6,7.7,5,10.0,07:15:22,16:30:39,0.61,"rain, partially cloudy",Becoming cloudy in the afternoon with late afternoon rain.,rain,"72505394728,KEWR,KLGA,72502014734,F1417,KNYC,72503014732",Unknown,"🧥 Coat or insulated jacket, boots ☔ (Umbrella recommended)",Winter,7,16,0,December,2024-12-18,Wednesday,25478911,nan,Unknown,"(44.66, 59.04]"
New York,2024-12-19,44.6,36.9,41.5,40.6,31.3,35.8,26.8,56.8,0.148,100.0,16.67,rain,0.0,0.0,29.8,17.0,321.0,1022.7,54.7,9.5,76.2,6.5,5,10.0,07:15:56,16:31:04,0.64,"rain, partially cloudy",Partly cloudy throughout the day with rain clearing later.,rain,"72505394728,KEWR,KLGA,72502014734,F1417,KNYC,72503014732",Unknown,"🧥 Coat or insulated jacket, boots ☔ (Umbrella recommended)",Winter,7,16,0,December,2024-12-19,Thursday,123687091,nan,hiplife,"(30.28, 44.66]"
New York,2024-12-20,37.1,33.4,35.8,30.9,25.4,28.4,26.6,69.9,0.042,100.0,20.83,"rain,snow",0.3,0.0,29.8,17.0,38.0,1017.4,89.7,8.8,13.2,1.1,1,10.0,07:16:29,16:31:32,0.67,"snow, rain, partially cloudy",Partly cloudy throughout the day with rain or snow.,snow,"72505394728,KEWR,KLGA,72502014734,F1417,KNYC,72503014732",Unknown,"🧥 Heavy coat, thermal wear, gloves, boots ☔ (Umbrella recommended) ❄️ (Snow boots suggested)",Winter,7,16,0,December,2024-12-20,Friday,34815353,nan,Unknown,"(30.28, 44.66]"
New York,2024-12-21,33.4,20.4,28.5,27.6,8.8,18.1,16.7,62.7,0.127,100.0,33.33,"rain,snow",1.2,0.9,38.0,23.0,315.0,1017.2,70.9,6.8,105.5,9.1,5,10.0,07:16:59,16:32:02,0.7,"snow, rain, partially cloudy",Partly cloudy throughout the day with rain or snow clearing later.,snow,"72505394728,KEWR,KLGA,72502014734,F1417,KNYC,72503014732",Unknown,"🧥 Heavy coat, thermal wear, gloves, boots ☔ (Umbrella recommended) ❄️ (Snow boots suggested)",Winter,7,16,0,December,2024-12-21,Saturday,79724001,nan,hiplife,"(15.828, 30.28]"
New York,2024-12-22,20.9,14.4,18.2,13.3,0.7,6.0,1.3,47.6,0.0,0.0,0.0,Unknown,0.0,0.3,28.9,18.4,321.0,1030.8,10.8,9.9,107.3,9.3,5,10.0,07:17:28,16:32:34,0.75,clear,Clear conditions throughout the day.,clear-day,"72505394728,KEWR,KLGA,72502014734,F1417,KNYC,72503014732",Unknown,"🧥 Heavy coat, thermal wear, gloves, boots",Winter,7,16,0,December,2024-12-22,Sunday,4813700,nan,Unknown,"(15.828, 30.28]"
New York,2024-12-23,29.8,12.5,20.6,27.0,1.3,15.0,4.5,50.1,0.0,0.0,0.0,Unknown,0.0,0.1,15.2,9.2,11.6,1035.8,21.5,9.9,97.5,8.4,4,10.0,07:17:54,16:33:07,0.77,partially cloudy,Partly cloudy throughout the day.,partly-cloudy-day,"72505394728,KEWR,KLGA,72502014734,F1417,KNYC,72503014732",Unknown,"🧥 Heavy coat, thermal wear, gloves, boots",Winter,7,16,0,December,2024-12-23,Monday,42069978,afrobeat,afrobeats,"(15.828, 30.28]"
New York,2024-12-24,39.3,28.7,33.7,35.0,21.3,27.4,21.8,62.1,0.054,100.0,12.5,"rain,snow",0.8,0.1,20.8,13.0,274.8,1025.7,71.5,8.9,50.5,4.3,4,10.0,07:18:19,16:33:43,0.8,"snow, rain, partially cloudy",Partly cloudy throughout the day with morning rain or snow.,snow,"72505394728,KEWR,KLGA,72502014734,F1417,KNYC,72503014732",Unknown,"🧥 Heavy coat, thermal wear, gloves, boots ☔ (Umbrella recommended) ❄️ (Snow boots suggested)",Winter,7,16,0,December,2024-12-24,Tuesday,51463232,nan,Unknown,"(30.28, 44.66]"
New York,2024-12-25,35.4,28.9,32.9,33.5,21.0,28.5,20.8,60.9,0.0,0.0,0.0,Unknown,0.0,0.0,18.3,9.6,5.6,1028.4,65.1,9.9,69.8,6.1,5,10.0,07:18:41,16:34:21,0.83,partially cloudy,Partly cloudy throughout the day.,partly-cloudy-day,"72505394728,KEWR,KLGA,72502014734,F1417,KNYC,72503014732",Unknown,"🧥 Heavy coat, thermal wear, gloves, boots",Winter,7,16,0,December,2024-12-25,Wednesday,139171865,afrobeat,afrobeats,"(30.28, 44.66]"
New York,2024-12-26,36.0,25.0,30.3,36.0,18.1,26.2,16.8,57.4,0.0,0.0,0.0,Unknown,0.0,0.0,11.2,6.8,7.1,1031.2,21.3,9.9,109.5,9.5,6,10.0,07:19:01,16:35:01,0.86,partially cloudy,Becoming cloudy in the afternoon.,partly-cloudy-day,"72505394728,KEWR,KLGA,72502014734,F1417,KNYC,72503014732",Unknown,"🧥 Heavy coat, thermal wear, gloves, boots 🕶️ (Sunscreen & sunglasses)",Winter,7,16,0,December,2024-12-26,Thursday,2572188,afrobeat,afrobeat,"(30.28, 44.66]"
New York,2024-12-27,42.5,26.4,34.8,42.3,21.6,33.6,22.9,61.7,0.0,0.0,0.0,Unknown,0.0,0.0,9.4,5.8,351.7,1030.3,31.6,9.8,83.2,7.1,4,10.0,07:19:19,16:35:42,0.9,partially cloudy,Partly cloudy throughout the day.,partly-cloudy-day,"72505394728,KEWR,KLGA,72502014734,F1417,KNYC,72503014732",Unknown,"🧥 Heavy coat, thermal wear, gloves, boots",Winter,7,16,0,December,2024-12-27,Friday,16294428,lullaby,lullaby,"(30.28, 44.66]"
New York,2024-12-28,50.9,39.3,44.8,50.9,36.6,44.4,40.5,84.9,0.528,100.0,91.67,rain,0.0,0.0,8.3,5.6,337.4,1024.8,100.0,3.3,18.9,1.6,1,10.0,07:19:35,16:36:26,0.93,"rain, overcast",Cloudy skies throughout the day with a chance of rain throughout the day.,rain,"72505394728,KEWR,KLGA,72502014734,F1417,KNYC,72503014732",Unknown,"🧥 Coat or insulated jacket, boots ☔ (Umbrella recommended)",Winter,7,16,0,December,2024-12-28,Saturday,59246168,nan,Unknown,"(44.66, 59.04]"
New York,2024-12-29,64.5,49.2,54.6,64.5,48.4,54.6,47.7,77.8,0.156,100.0,33.33,rain,0.0,0.0,32.4,16.9,160.3,1017.4,92.9,6.5,53.9,4.6,3,10.0,07:19:48,16:37:11,0.96,"rain, overcast",Cloudy skies throughout the day with rain clearing later.,rain,"72505394728,KEWR,KLGA,72502014734,F1417,KNYC,72503014732",Unknown,"🧶 Hoodie or light jacket, jeans ☔ (Umbrella recommended)",Winter,7,16,0,December,2024-12-29,Sunday,71950,highlife,afrobeat,"(44.66, 59.04]"
New York,2024-12-30,57.8,48.7,54.8,57.8,47.9,54.7,40.3,61.2,0.338,100.0,25.0,rain,0.0,0.0,34.4,21.1,224.7,1005.0,72.4,8.8,79.9,6.9,5,10.0,07:20:00,16:37:58,0.0,"rain, partially cloudy",Partly cloudy throughout the day with early morning rain.,rain,"72505394728,KEWR,KLGA,72502014734,F1417,KNYC,72503014732",Unknown,"🧶 Hoodie or light jacket, jeans ☔ (Umbrella recommended)",Winter,7,16,0,December,2024-12-30,Monday,40041556,nan,Unknown,"(44.66, 59.04]"
New York,2024-12-31,52.2,44.5,48.0,52.2,38.6,45.8,33.8,58.9,0.447,100.0,12.5,rain,0.0,0.0,23.0,13.5,124.4,1009.8,28.7,9.2,102.3,8.8,5,10.0,07:20:09,16:38:47,0.03,"rain, partially cloudy",Partly cloudy throughout the day with late afternoon rain.,rain,"72505394728,KEWR,KLGA,72502014734,F1417,KNYC,72503014732",Unknown,"🧥 Coat or insulated jacket, boots ☔ (Umbrella recommended)",Winter,7,16,0,December,2024-12-31,Tuesday,37585684,lullaby,lullaby,"(44.66, 59.04]"
London,2024-10-16,72.2,58.4,64.1,72.2,58.4,64.1,59.4,85.2,0.0,0.0,0.0,Unknown,0.0,0.0,23.9,12.6,149.5,1002.3,89.4,8.5,33.8,3.0,2,22.128353498158862,07:26:53,18:04:16,0.47,partially cloudy,Partly cloudy throughout the day.,partly-cloudy-day,"03769099999,03680099999,D5621,03781099999,03672099999,03772099999,03770099999",Unknown,"👕 T-shirt, jeans/skirt, light sneakers",Autumn,7,18,0,October,2024-10-16,Wednesday,31647209,nan,Unknown,"(59.04, 73.42]"
London,2024-10-17,65.4,53.3,60.1,65.4,53.3,60.1,54.6,83.1,0.047,100.0,12.5,rain,0.0,0.0,14.7,10.0,228.4,1009.0,49.6,9.5,45.0,3.8,2,22.128353498158862,07:28:35,18:02:09,0.5,"rain, partially cloudy",Clearing in the afternoon with early morning rain.,rain,"03769099999,03680099999,D5621,03781099999,03672099999,03772099999,03770099999",Unknown,"🧶 Hoodie or light jacket, jeans ☔ (Umbrella recommended)",Autumn,7,18,0,October,2024-10-17,Thursday,36496887,nan,Unknown,"(59.04, 73.42]"
London,2024-10-18,61.4,50.2,54.5,61.4,50.2,54.5,50.7,87.8,0.0,0.0,0.0,Unknown,0.0,0.0,16.9,11.2,210.8,1014.1,52.6,7.4,55.7,4.8,4,22.128353498158862,07:30:18,18:00:03,0.53,partially cloudy,Partly cloudy throughout the day.,partly-cloudy-day,"03769099999,03680099999,D5621,03781099999,03672099999,03772099999,03770099999",Unknown,"🧶 Hoodie or light jacket, jeans",Autumn,7,18,0,October,2024-10-18,Friday,55519952,nan,afrobeats,"(44.66, 59.04]"
London,2024-10-19,62.9,51.0,57.4,62.9,51.0,57.4,53.0,86.1,0.245,100.0,41.67,rain,0.0,0.0,21.9,14.2,217.6,1011.1,61.7,9.5,26.7,2.2,1,22.128353498158862,07:32:01,17:57:58,0.57,"rain, partially cloudy",Partly cloudy throughout the day with rain clearing later.,rain,"03769099999,03680099999,D5621,03781099999,03672099999,03772099999,03770099999",Unknown,"🧶 Hoodie or light jacket, jeans ☔ (Umbrella recommended)",Autumn,7,17,0,October,2024-10-19,Saturday,13076984,nan,Unknown,"(44.66, 59.04]"
London,2024-10-20,63.8,53.0,58.2,63.8,53.0,58.2,53.7,85.2,0.04,100.0,12.5,rain,0.0,0.0,32.5,19.4,200.1,1010.6,72.3,6.7,17.6,1.6,1,22.128353498158862,07:33:45,17:55:54,0.6,"rain, partially cloudy",Partly cloudy throughout the day with rain in the morning and afternoon.,rain,"03769099999,03680099999,D5621,03781099999,03672099999,03772099999,03770099999",Unknown,"🧶 Hoodie or light jacket, jeans ☔ (Umbrella recommended)",Autumn,7,17,0,October,2024-10-20,Sunday,11522369,nan,Unknown,"(44.66, 59.04]"
London,2024-10-21,58.4,50.3,55.7,58.4,50.3,55.7,50.2,82.0,0.0,0.0,0.0,Unknown,0.0,0.0,20.8,11.5,218.0,1020.2,46.8,7.7,20.3,1.7,1,22.128353498158862,07:35:29,17:53:52,0.63,partially cloudy,Partly cloudy throughout the day.,partly-cloudy-day,"03769099999,03680099999,D5621,03781099999,03672099999,03772099999,03770099999",Unknown,"🧶 Hoodie or light jacket, jeans",Autumn,7,17,0,October,2024-10-21,Monday,26166661,nan,Unknown,"(44.66, 59.04]"
London,2024-10-22,61.4,46.7,53.7,61.4,44.1,53.0,50.1,88.4,0.0,0.0,0.0,Unknown,0.0,0.0,16.4,12.6,216.4,1027.7,33.5,8.4,55.8,4.8,5,22.128353498158862,07:37:13,17:51:50,0.67,partially cloudy,Partly cloudy throughout the day.,partly-cloudy-day,"03769099999,03680099999,D5621,03781099999,03672099999,03772099999,03770099999",Unknown,"🧶 Hoodie or light jacket, jeans",Autumn,7,17,0,October,2024-10-22,Tuesday,32050627,afrobeat,alté,"(44.66, 59.04]"
London,2024-10-23,62.3,52.4,56.6,62.3,52.4,56.6,52.1,85.4,0.0,0.0,0.0,Unknown,0.0,0.0,12.8,9.7,185.2,1031.0,62.8,8.1,42.2,3.6,3,22.128353498158862,07:38:57,17:49:49,0.7,partially cloudy,Partly cloudy throughout the day.,partly-cloudy-day,"03769099999,03680099999,D5621,03781099999,03672099999,03772099999,03770099999",Unknown,"🧶 Hoodie or light jacket, jeans",Autumn,7,17,0,October,2024-10-23,Wednesday,13559569,lullaby,alté,"(44.66, 59.04]"
London,2024-10-24,64.5,49.2,55.9,64.5,46.7,55.7,51.0,84.4,0.008,100.0,4.17,rain,0.0,0.0,19.1,11.5,134.5,1019.5,34.4,9.4,59.2,5.1,4,22.128353498158862,07:40:42,17:47:49,0.75,"rain, partially cloudy",Partly cloudy throughout the day with morning rain.,rain,"03769099999,03680099999,D5621,03781099999,03672099999,F6665,03772099999,03770099999",Unknown,"🧶 Hoodie or light jacket, jeans ☔ (Umbrella recommended)",Autumn,7,17,0,October,2024-10-24,Thursday,37877269,afrobeat,afrobeats,"(44.66, 59.04]"
London,2024-10-25,62.0,53.3,57.5,62.0,53.3,57.5,55.9,94.3,0.024,100.0,8.33,rain,0.0,0.0,13.3,7.2,131.1,1013.7,77.9,5.1,13.3,1.2,1,22.128353498158862,07:42:27,17:45:51,0.77,"rain, partially cloudy",Partly cloudy throughout the day with rain.,rain,"03769099999,03680099999,D5621,03781099999,03672099999,03772099999,03770099999",Unknown,"🧶 Hoodie or light jacket, jeans ☔ (Umbrella recommended)",Autumn,7,17,0,October,2024-10-25,Friday,7657308,nan,Unknown,"(44.66, 59.04]"
London,2024-10-26,58.7,48.8,54.1,58.7,48.8,54.1,52.4,94.3,0.008,100.0,4.17,rain,0.0,0.0,6.7,5.6,231.8,1016.0,71.2,6.4,22.5,2.0,2,22.128353498158862,07:44:12,17:43:54,0.8,"rain, partially cloudy",Partly cloudy throughout the day with afternoon rain.,rain,"03769099999,EGWU,03680099999,EGLL,D5621,03781099999,03672099999,EGLC,03772099999,03770099999",Unknown,"🧶 Hoodie or light jacket, jeans ☔ (Umbrella recommended)",Autumn,7,17,0,October,2024-10-26,Saturday,72777294,nan,Unknown,"(44.66, 59.04]"
London,2024-10-27,59.3,45.8,52.3,59.3,45.6,52.2,47.9,86.1,0.0,0.0,0.0,Unknown,0.0,0.0,14.2,8.3,232.9,1021.3,38.4,7.7,56.5,5.1,4,22.128353498158862,06:45:58,16:41:58,0.83,partially cloudy,Partly cloudy throughout the day.,partly-cloudy-day,"03769099999,03680099999,D5621,03781099999,03672099999,03772099999,03770099999",Unknown,"🧶 Hoodie or light jacket, jeans",Autumn,6,16,0,October,2024-10-27,Sunday,29826487,nan,Unknown,"(44.66, 59.04]"
London,2024-10-28,59.3,53.9,56.9,59.3,53.9,56.9,53.9,89.8,0.024,100.0,12.5,rain,0.0,0.0,22.5,12.7,221.6,1021.6,90.5,6.8,27.0,2.4,2,22.128353498158862,06:47:43,16:40:04,0.87,"rain, overcast",Cloudy skies throughout the day with rain.,rain,"03769099999,03680099999,D5621,03781099999,03672099999,03768099999,03772099999,03770099999",Unknown,"🧶 Hoodie or light jacket, jeans ☔ (Umbrella recommended)",Autumn,6,16,0,October,2024-10-28,Monday,5805887,gregorian chant,gregorian chant,"(44.66, 59.04]"
London,2024-10-29,61.0,53.7,57.4,61.0,53.7,57.4,54.3,89.8,0.016,100.0,4.17,rain,0.0,0.0,11.6,6.3,268.2,1024.3,96.3,8.2,23.8,2.0,2,22.128353498158862,06:49:29,16:38:11,0.9,"rain, overcast",Cloudy skies throughout the day with early morning rain.,rain,"03769099999,03680099999,D5621,03781099999,03672099999,03768099999,03772099999,03770099999",Unknown,"🧶 Hoodie or light jacket, jeans ☔ (Umbrella recommended)",Autumn,6,16,0,October,2024-10-29,Tuesday,12465982,gregorian chant,gregorian chant,"(44.66, 59.04]"
London,2024-11-01,55.6,53.0,54.3,55.6,53.0,54.3,48.2,79.9,0.0,0.0,0.0,Unknown,0.0,0.0,12.7,9.2,308.9,1025.3,99.9,6.7,22.8,1.9,1,22.128353498158862,06:54:47,16:32:41,0.0,overcast,Cloudy skies throughout the day.,cloudy,"03769099999,03680099999,D5621,03781099999,03672099999,03768099999,03772099999,03770099999",Unknown,"🧶 Hoodie or light jacket, jeans",Autumn,6,16,0,November,2024-11-01,Friday,51380388,nan,Unknown,"(44.66, 59.04]"
London,2024-11-02,58.4,53.9,55.6,58.4,53.9,55.6,50.7,83.6,0.008,100.0,4.17,rain,0.0,0.0,17.5,9.5,83.6,1029.8,99.7,7.0,19.4,1.8,1,22.128353498158862,06:56:33,16:30:54,0.03,"rain, overcast",Cloudy skies throughout the day with afternoon rain.,rain,"03769099999,03680099999,D5621,03781099999,03672099999,03772099999,03770099999",Unknown,"🧶 Hoodie or light jacket, jeans ☔ (Umbrella recommended)",Autumn,6,16,0,November,2024-11-02,Saturday,33975523,afrobeat,afrobeats,"(44.66, 59.04]"
London,2024-11-03,55.1,52.4,54.2,55.1,52.4,54.2,47.7,78.7,0.0,0.0,0.0,Unknown,0.0,0.0,13.9,8.6,101.3,1028.2,100.0,6.4,12.9,1.2,1,22.128353498158862,06:58:19,16:29:08,0.07,overcast,Cloudy skies throughout the day.,cloudy,"03769099999,03680099999,D5621,03781099999,03672099999,03772099999,03770099999",Unknown,"🧶 Hoodie or light jacket, jeans",Autumn,6,16,0,November,2024-11-03,Sunday,3837880,nan,Unknown,"(44.66, 59.04]"
London,2024-11-04,55.1,51.0,52.2,55.1,51.0,52.2,46.4,80.7,0.0,0.0,0.0,Unknown,0.0,0.0,10.9,8.1,91.9,1025.1,86.1,5.9,22.4,2.0,2,22.128353498158862,07:00:05,16:27:25,0.1,partially cloudy,Partly cloudy throughout the day.,partly-cloudy-day,"03769099999,EGWU,03680099999,EGLL,D5621,03781099999,03672099999,EGLC,03772099999,03770099999",Unknown,"🧶 Hoodie or light jacket, jeans",Autumn,7,16,0,November,2024-11-04,Monday,96114236,nan,Unknown,"(44.66, 59.04]"
London,2024-11-05,53.3,50.6,51.7,53.3,50.6,51.7,47.4,85.3,0.0,0.0,0.0,Unknown,0.0,0.0,7.5,4.5,322.5,1023.4,99.5,3.3,20.3,1.6,1,22.128353498158862,07:01:51,16:25:43,0.14,overcast,Cloudy skies throughout the day.,cloudy,"03769099999,03680099999,D5621,03781099999,03672099999,03768099999,03772099999,03770099999",Unknown,"🧶 Hoodie or light jacket, jeans",Autumn,7,16,0,November,2024-11-05,Tuesday,44306256,nan,Unknown,"(44.66, 59.04]"
London,2024-11-07,54.8,48.8,51.1,54.8,47.8,50.9,47.7,88.4,0.0,0.0,0.0,Unknown,0.0,0.0,12.3,8.5,98.8,1030.3,99.7,3.7,10.8,1.0,1,22.128353498158862,07:05:23,16:22:25,0.21,overcast,Cloudy skies throughout the day.,cloudy,"03769099999,03680099999,D5621,03781099999,03672099999,03768099999,03772099999,03770099999",Unknown,"🧶 Hoodie or light jacket, jeans",Autumn,7,16,0,November,2024-11-07,Thursday,77072268,nan,afrobeats,"(44.66, 59.04]"
London,2024-11-08,50.3,47.6,49.0,50.3,45.0,46.9,43.5,81.1,0.0,0.0,0.0,Unknown,0.0,0.0,11.2,7.7,104.8,1025.5,99.7,4.9,9.5,0.8,1,22.128353498158862,07:07:09,16:20:48,0.24,overcast,Cloudy skies throughout the day.,cloudy,"03769099999,03680099999,D5621,03781099999,03672099999,03772099999,03770099999",Unknown,"🧥 Coat or insulated jacket, boots",Autumn,7,16,0,November,2024-11-08,Friday,39741972,nan,Unknown,"(44.66, 59.04]"
London,2024-11-10,51.5,42.5,48.3,51.5,42.5,48.0,44.3,86.2,0.0,0.0,0.0,Unknown,0.0,0.0,8.9,5.2,225.9,1028.0,89.7,4.6,13.1,1.2,1,22.128353498158862,07:10:39,16:17:41,0.31,partially cloudy,Partly cloudy throughout the day.,partly-cloudy-day,"03769099999,03680099999,D5621,03781099999,03672099999,03772099999,03770099999",Unknown,"🧥 Coat or insulated jacket, boots",Autumn,7,16,0,November,2024-11-10,Sunday,26735246,nan,highlife,"(44.66, 59.04]"
London,2024-11-11,53.9,46.1,50.7,53.9,43.3,49.9,43.8,77.9,0.0,0.0,0.0,Unknown,0.0,0.0,12.4,8.6,335.1,1034.8,35.3,8.7,24.4,2.1,1,22.128353498158862,07:12:24,16:16:11,0.35,partially cloudy,Partly cloudy throughout the day.,partly-cloudy-day,"03769099999,03680099999,D5621,03781099999,03672099999,03772099999,03770099999",Unknown,"🧶 Hoodie or light jacket, jeans",Autumn,7,16,0,November,2024-11-11,Monday,43304537,nan,Unknown,"(44.66, 59.04]"
London,2024-11-12,55.1,45.7,49.7,55.1,40.8,47.7,43.4,79.4,0.016,100.0,4.17,rain,0.0,0.0,24.2,16.3,19.2,1035.6,61.4,9.2,41.1,3.5,3,22.128353498158862,07:14:09,16:14:43,0.38,"rain, partially cloudy",Partly cloudy throughout the day with late afternoon rain.,rain,"03769099999,03680099999,D5621,03781099999,03672099999,03772099999,03770099999",Unknown,"🧥 Coat or insulated jacket, boots ☔ (Umbrella recommended)",Autumn,7,16,0,November,2024-11-12,Tuesday,26942388,nan,Unknown,"(44.66, 59.04]"
London,2024-11-13,53.7,44.7,49.3,53.7,42.7,47.9,44.0,82.3,0.0,0.0,0.0,Unknown,0.0,0.0,12.7,7.3,358.5,1034.9,54.2,7.7,29.5,2.6,2,22.128353498158862,07:15:53,16:13:17,0.42,partially cloudy,Partly cloudy throughout the day.,partly-cloudy-day,"03769099999,03680099999,D5621,03781099999,03672099999,03768099999,03772099999,03770099999",Unknown,"🧥 Coat or insulated jacket, boots",Autumn,7,16,0,November,2024-11-13,Wednesday,10435316,nan,Unknown,"(44.66, 59.04]"
London,2024-11-14,54.2,46.1,50.3,54.2,45.1,50.0,44.2,80.2,0.0,0.0,0.0,Unknown,0.0,0.0,15.6,9.0,29.6,1031.5,94.8,7.1,17.6,1.7,1,22.128353498158862,07:17:36,16:11:53,0.45,overcast,Cloudy skies throughout the day.,cloudy,"03769099999,03680099999,D5621,03781099999,03672099999,03772099999,03770099999",Unknown,"🧶 Hoodie or light jacket, jeans",Autumn,7,16,0,November,2024-11-14,Thursday,49797009,nan,Unknown,"(44.66, 59.04]"
London,2024-11-15,49.4,40.7,46.6,48.9,39.7,45.4,39.9,78.0,0.0,0.0,0.0,Unknown,0.0,0.0,8.6,6.9,260.0,1027.4,80.5,9.7,19.7,1.7,1,22.128353498158862,07:19:19,16:10:31,0.5,partially cloudy,Partly cloudy throughout the day.,partly-cloudy-day,"03769099999,03680099999,D5621,03781099999,03672099999,03768099999,03772099999,03770099999",Unknown,"🧥 Coat or insulated jacket, boots",Autumn,7,16,0,November,2024-11-15,Friday,18665927,nan,Unknown,"(44.66, 59.04]"
London,2024-11-16,51.9,41.1,47.0,51.9,38.7,45.6,43.5,87.6,0.008,100.0,4.17,rain,0.0,0.0,15.8,10.4,250.1,1018.8,90.0,8.0,10.5,1.0,1,22.128353498158862,07:21:02,16:09:12,0.52,"rain, partially cloudy",Partly cloudy throughout the day with late afternoon rain.,rain,"03769099999,03680099999,D5621,03781099999,03672099999,03772099999,03770099999",Unknown,"🧥 Coat or insulated jacket, boots ☔ (Umbrella recommended)",Autumn,7,16,0,November,2024-11-16,Saturday,126913620,afrobeats,afrobeats,"(44.66, 59.04]"
London,2024-11-17,52.4,45.2,47.8,52.4,40.5,44.8,42.3,81.7,0.024,100.0,8.33,rain,0.0,0.0,20.5,14.4,267.5,1014.6,70.4,11.4,26.7,2.3,2,22.128353498158862,07:22:43,16:07:55,0.55,"rain, partially cloudy",Partly cloudy throughout the day with rain.,rain,"03769099999,EGWU,03680099999,EGLL,D5621,03781099999,03672099999,EGLC,03772099999,03770099999",Unknown,"🧥 Coat or insulated jacket, boots ☔ (Umbrella recommended)",Autumn,7,16,0,November,2024-11-17,Sunday,33962738,nan,Unknown,"(44.66, 59.04]"
London,2024-11-18,47.4,44.5,45.8,45.9,39.8,44.1,43.1,90.1,0.394,100.0,66.67,rain,0.0,0.0,20.6,8.6,115.5,1009.4,86.0,5.7,18.5,1.6,1,22.128353498158862,07:24:24,16:06:41,0.58,"rain, partially cloudy",Partly cloudy throughout the day with rain.,rain,"EGWU,EGLL,D5621,EGLC",Unknown,"🧥 Coat or insulated jacket, boots ☔ (Umbrella recommended)",Autumn,7,16,0,November,2024-11-18,Monday,40118593,nan,Unknown,"(44.66, 59.04]"
London,2024-11-19,53.5,34.0,40.4,53.5,28.8,36.2,37.8,90.5,0.403,100.0,66.67,"rain,snow",0.0,0.0,36.0,15.9,308.0,998.2,87.5,5.9,9.0,0.8,1,22.128353498158862,07:26:04,16:05:29,0.62,"snow, rain, partially cloudy",Partly cloudy throughout the day with a chance of rain or snow throughout the day.,rain,"EGWU,EGLL,D5621,EGLC",Unknown,"🧥 Heavy coat, thermal wear, gloves, boots ☔ (Umbrella recommended) ❄️ (Snow boots suggested)",Autumn,7,16,0,November,2024-11-19,Tuesday,1044360,german hip hop,german hip hop,"(30.28, 44.66]"
London,2024-11-20,42.3,31.5,35.8,34.7,24.2,28.7,29.3,77.3,0.0,0.0,0.0,Unknown,0.0,0.0,27.3,15.5,274.7,1008.9,40.8,6.2,21.9,1.8,2,22.128353498158862,07:27:44,16:04:20,0.65,partially cloudy,Partly cloudy throughout the day.,partly-cloudy-day,"EGWU,EGLL,D5621,F6665,EGLC",Unknown,"🧥 Heavy coat, thermal wear, gloves, boots",Autumn,7,16,0,November,2024-11-20,Wednesday,10323015,nan,Unknown,"(30.28, 44.66]"
London,2024-11-21,38.4,32.2,34.7,34.1,26.1,29.8,28.5,78.4,0.0,0.0,0.0,Unknown,0.0,0.0,18.5,10.3,274.4,1001.7,74.4,7.0,15.9,1.4,1,22.128353498158862,07:29:22,16:03:13,0.68,partially cloudy,Partly cloudy throughout the day.,partly-cloudy-day,"EGWU,03769099999,EGLL,03680099999,D5621,03781099999,03672099999,EGLC,03772099999,03770099999",Unknown,"🧥 Heavy coat, thermal wear, gloves, boots",Autumn,7,16,0,November,2024-11-21,Thursday,51999145,nan,Unknown,"(30.28, 44.66]"
London,2024-11-22,46.1,33.5,39.5,40.0,24.8,33.1,31.2,72.5,0.0,0.0,0.0,Unknown,0.0,0.0,26.6,18.1,264.7,1008.0,34.4,15.3,21.3,1.9,2,22.128353498158862,07:30:59,16:02:09,0.71,partially cloudy,Partly cloudy throughout the day.,partly-cloudy-day,"03769099999,03680099999,D5621,03781099999,03672099999,03768099999,03772099999,03770099999",Unknown,"🧥 Heavy coat, thermal wear, gloves, boots",Autumn,7,16,0,November,2024-11-22,Friday,66390645,nan,afrobeats,"(30.28, 44.66]"
London,2024-11-23,59.1,34.4,48.3,59.1,31.6,45.7,44.8,87.6,0.143,100.0,37.5,rain,0.0,0.0,42.4,22.9,192.8,1003.1,88.5,6.7,4.5,0.3,0,22.128353498158862,07:32:35,16:01:07,0.75,"rain, partially cloudy",Partly cloudy throughout the day with a chance of rain throughout the day.,rain,"03769099999,03680099999,D5621,03781099999,03672099999,03772099999,03770099999",Unknown,"🧥 Coat or insulated jacket, boots ☔ (Umbrella recommended)",Autumn,7,16,0,November,2024-11-23,Saturday,107273255,nan,afrobeats,"(44.66, 59.04]"
London,2024-11-24,63.8,53.7,60.8,63.8,53.7,60.8,52.7,75.1,0.229,100.0,25.0,rain,0.0,0.0,46.1,27.5,203.6,994.8,93.9,7.3,17.3,1.4,1,22.128353498158862,07:34:10,16:00:09,0.78,"rain, overcast",Cloudy skies throughout the day with rain.,rain,"03769099999,03680099999,D5621,03781099999,03672099999,03772099999,03770099999",Unknown,"🧶 Hoodie or light jacket, jeans ☔ (Umbrella recommended)",Autumn,7,16,0,November,2024-11-24,Sunday,29235998,afrobeat,afrobeats,"(59.04, 73.42]"
London,2024-11-25,53.9,43.4,50.0,53.9,39.6,48.3,43.3,78.3,0.12,100.0,16.67,rain,0.0,0.0,24.2,16.6,231.4,1001.7,38.8,9.3,20.6,1.7,1,22.128353498158862,07:35:43,15:59:13,0.81,"rain, partially cloudy",Partly cloudy throughout the day with early morning rain.,rain,"03769099999,03680099999,D5621,03781099999,03672099999,03772099999,03770099999",Unknown,"🧥 Coat or insulated jacket, boots ☔ (Umbrella recommended)",Autumn,7,15,0,November,2024-11-25,Monday,41747992,nan,afrobeats,"(44.66, 59.04]"
London,2024-11-26,50.6,41.6,45.4,50.6,38.6,42.7,39.0,78.3,0.0,0.0,0.0,Unknown,0.0,0.0,14.2,8.4,222.7,1014.9,32.9,11.4,22.5,1.8,2,22.128353498158862,07:37:15,15:58:20,0.84,partially cloudy,Partly cloudy throughout the day.,partly-cloudy-day,"03769099999,EGWU,03680099999,EGLL,D5621,03781099999,03672099999,EGLC,03772099999,03770099999",Unknown,"🧥 Coat or insulated jacket, boots",Autumn,7,15,0,November,2024-11-26,Tuesday,69393887,afrobeats,afrobeats,"(44.66, 59.04]"
London,2024-11-27,48.5,36.8,43.7,44.1,33.2,39.0,40.8,89.7,1.022,100.0,37.5,rain,0.0,0.0,30.0,12.6,331.7,1013.1,73.3,8.8,7.0,0.7,0,22.128353498158862,07:38:46,15:57:30,0.88,"rain, partially cloudy",Partly cloudy throughout the day with rain clearing later.,rain,"03769099999,03680099999,D5621,03781099999,03672099999,03772099999,03770099999",Unknown,"🧥 Coat or insulated jacket, boots ☔ (Umbrella recommended)",Autumn,7,15,0,November,2024-11-27,Wednesday,62874644,afrobeat,afrobeats,"(30.28, 44.66]"
London,2024-11-29,51.2,38.9,44.3,51.2,34.5,40.7,38.1,80.0,0.0,0.0,0.0,Unknown,0.0,0.0,21.9,12.1,139.5,1025.7,11.2,13.9,21.0,1.8,2,22.128353498158862,07:41:43,15:55:59,0.94,clear,Clear conditions throughout the day.,clear-day,"03769099999,03680099999,D5621,03781099999,03672099999,03772099999,03770099999",Unknown,"🧥 Coat or insulated jacket, boots",Autumn,7,15,0,November,2024-11-29,Friday,1367574,afrobeat,afrobeats,"(30.28, 44.66]"
London,2024-11-30,56.9,47.9,53.3,56.9,45.6,52.9,50.0,88.4,0.0,0.0,0.0,Unknown,0.0,0.0,19.9,8.7,180.8,1023.0,96.4,6.2,14.2,1.2,1,22.128353498158862,07:43:09,15:55:18,0.98,overcast,Cloudy skies throughout the day.,cloudy,"03769099999,EGWU,03680099999,EGLL,D5621,03781099999,03672099999,EGLC,03772099999,03770099999",Unknown,"🧶 Hoodie or light jacket, jeans",Autumn,7,15,0,November,2024-11-30,Saturday,32700597,gregorian chant,gregorian chant,"(44.66, 59.04]"
London,2024-12-01,55.3,51.7,53.8,55.3,51.7,53.8,50.9,89.9,0.083,100.0,29.17,rain,0.0,0.0,27.5,11.3,185.8,1014.1,86.1,6.2,6.3,0.7,0,22.128353498158862,07:44:32,15:54:40,0.0,"rain, partially cloudy",Partly cloudy throughout the day with a chance of rain throughout the day.,rain,"EGWU,03769099999,EGLL,03680099999,D5621,03781099999,03672099999,EGLC,03772099999,03770099999",Unknown,"🧶 Hoodie or light jacket, jeans ☔ (Umbrella recommended)",Winter,7,15,0,December,2024-12-01,Sunday,36383942,nan,Unknown,"(44.66, 59.04]"
London,2024-12-02,53.9,46.1,50.0,53.9,43.0,48.0,44.1,80.1,0.0,0.0,0.0,Unknown,0.0,0.0,20.8,13.7,267.6,1013.3,78.9,13.8,16.5,1.4,1,22.128353498158862,07:45:55,15:54:06,0.04,partially cloudy,Partly cloudy throughout the day.,partly-cloudy-day,"03769099999,03680099999,D5621,03781099999,03672099999,03768099999,03772099999,03770099999",Unknown,"🧥 Coat or insulated jacket, boots",Winter,7,15,0,December,2024-12-02,Monday,35241538,afrobeat,afrobeats,"(44.66, 59.04]"
London,2024-12-03,45.8,40.7,43.6,45.8,38.5,42.3,37.7,79.6,0.0,0.0,0.0,Unknown,0.0,0.0,12.2,6.5,356.0,1022.6,71.5,9.6,20.1,1.6,1,22.128353498158862,07:47:15,15:53:34,0.08,partially cloudy,Partly cloudy throughout the day.,partly-cloudy-day,"03769099999,EGWU,03680099999,EGLL,D5621,03781099999,03672099999,EGLC,03772099999,03770099999",Unknown,"🧥 Coat or insulated jacket, boots",Winter,7,15,0,December,2024-12-03,Tuesday,17880294,nan,afrobeats,"(30.28, 44.66]"
London,2024-12-04,50.3,37.6,44.2,50.3,35.7,41.7,40.6,87.2,0.016,100.0,8.33,rain,0.0,0.0,21.6,13.8,200.6,1024.1,84.3,10.0,14.3,1.3,1,22.128353498158862,07:48:33,15:53:06,0.11,"rain, partially cloudy",Partly cloudy throughout the day with late afternoon rain.,rain,"03769099999,03680099999,D5621,03781099999,03672099999,03768099999,03772099999,03770099999",Unknown,"🧥 Coat or insulated jacket, boots ☔ (Umbrella recommended)",Winter,7,15,0,December,2024-12-04,Wednesday,20847557,afrobeat,afrobeats,"(30.28, 44.66]"
London,2024-12-05,57.8,47.9,53.9,57.8,41.1,53.1,50.5,88.3,0.298,100.0,45.83,rain,0.0,0.0,36.4,22.1,229.6,1007.6,87.9,8.7,11.3,1.0,1,22.128353498158862,07:49:49,15:52:41,0.15,"rain, partially cloudy",Partly cloudy throughout the day with a chance of rain throughout the day.,rain,"03769099999,03680099999,D5621,03781099999,03672099999,03772099999,03770099999",Unknown,"🧶 Hoodie or light jacket, jeans ☔ (Umbrella recommended)",Winter,7,15,0,December,2024-12-05,Thursday,100949915,afrobeat,afrobeats,"(44.66, 59.04]"
London,2024-12-06,52.1,44.0,47.6,52.1,37.8,42.7,38.8,71.8,0.024,100.0,8.33,rain,0.0,0.0,32.2,18.6,245.8,1013.1,44.3,10.1,25.2,2.1,2,22.128353498158862,07:51:02,15:52:19,0.19,"rain, partially cloudy",Partly cloudy throughout the day with late afternoon rain.,rain,"03769099999,03680099999,D5621,03781099999,03672099999,03772099999,03770099999",Unknown,"🧥 Coat or insulated jacket, boots ☔ (Umbrella recommended)",Winter,7,15,0,December,2024-12-06,Friday,70551734,nan,Unknown,"(44.66, 59.04]"
London,2024-12-07,54.2,44.0,47.5,54.2,34.3,41.0,41.3,79.3,0.199,100.0,33.33,rain,0.0,0.0,49.9,30.6,277.2,994.9,97.4,9.7,6.5,0.5,1,22.128353498158862,07:52:14,15:52:01,0.22,"rain, overcast",Cloudy skies throughout the day with a chance of rain throughout the day.,rain,"03769099999,03680099999,D5621,03781099999,03672099999,03772099999,03770099999",Unknown,"🧥 Coat or insulated jacket, boots ☔ (Umbrella recommended)",Winter,7,15,0,December,2024-12-07,Saturday,18593600,afrobeat,afrobeats,"(44.66, 59.04]"
London,2024-12-08,47.9,43.4,45.7,42.2,35.1,38.6,41.4,85.0,0.287,100.0,58.33,rain,0.0,0.0,36.6,20.2,354.6,1016.8,96.6,7.5,7.1,0.6,0,22.128353498158862,07:53:22,15:51:46,0.25,"rain, overcast",Cloudy skies throughout the day with a chance of rain throughout the day.,rain,"03769099999,03680099999,D5621,03781099999,03672099999,03768099999,03772099999,03770099999",Unknown,"🧥 Coat or insulated jacket, boots ☔ (Umbrella recommended)",Winter,7,15,0,December,2024-12-08,Sunday,9962033,nan,Unknown,"(44.66, 59.04]"
London,2024-12-09,47.6,44.9,46.3,41.5,38.4,40.3,40.0,78.6,0.0,0.0,0.0,Unknown,0.0,0.0,27.7,15.6,28.3,1030.1,93.9,10.0,17.2,1.5,2,22.128353498158862,07:54:29,15:51:34,0.29,overcast,Cloudy skies throughout the day.,cloudy,"03769099999,03680099999,D5621,03781099999,03672099999,03772099999,03770099999",Unknown,"🧥 Coat or insulated jacket, boots",Winter,7,15,0,December,2024-12-09,Monday,33876913,nan,Unknown,"(44.66, 59.04]"
London,2024-12-10,46.1,43.4,44.8,40.1,36.6,38.5,38.9,80.1,0.0,0.0,0.0,Unknown,0.0,0.0,25.6,15.2,40.9,1032.2,98.5,7.1,6.2,0.5,0,22.128353498158862,07:55:33,15:51:25,0.33,overcast,Cloudy skies throughout the day.,cloudy,"03769099999,03680099999,D5621,03781099999,03672099999,03772099999,03770099999",Unknown,"🧥 Coat or insulated jacket, boots",Winter,7,15,0,December,2024-12-10,Tuesday,63685455,nan,afrobeats,"(44.66, 59.04]"
London,2024-12-11,45.6,43.1,44.4,41.1,37.5,39.3,38.0,78.2,0.0,0.0,0.0,Unknown,0.0,0.0,18.9,12.3,44.7,1032.3,98.7,7.3,5.2,0.4,0,22.128353498158862,07:56:34,15:51:21,0.36,overcast,Cloudy skies throughout the day.,cloudy,"03769099999,03680099999,D5621,03781099999,03672099999,03772099999,03770099999",Unknown,"🧥 Coat or insulated jacket, boots",Winter,7,15,0,December,2024-12-11,Wednesday,25915047,nan,afro adura,"(30.28, 44.66]"
London,2024-12-12,47.0,41.3,45.0,45.1,37.7,42.2,42.0,89.6,0.048,100.0,16.67,rain,0.0,0.0,9.7,7.0,47.2,1030.8,99.2,6.4,8.5,0.5,1,22.128353498158862,07:57:33,15:51:19,0.4,"rain, overcast",Cloudy skies throughout the day with rain.,rain,"03769099999,03680099999,D5621,03781099999,03672099999,03772099999,03770099999",Unknown,"🧥 Coat or insulated jacket, boots ☔ (Umbrella recommended)",Winter,7,15,0,December,2024-12-12,Thursday,38004995,nan,Unknown,"(44.66, 59.04]"
London,2024-12-13,44.9,39.5,41.8,43.4,35.5,38.9,39.2,90.6,0.032,100.0,16.67,rain,0.0,0.0,12.3,6.1,148.4,1025.3,99.1,3.8,5.5,0.5,0,22.128353498158862,07:58:29,15:51:21,0.43,"rain, overcast",Cloudy skies throughout the day with rain clearing later.,rain,"03769099999,03680099999,D5621,03781099999,03672099999,03768099999,03772099999,03770099999",Unknown,"🧥 Coat or insulated jacket, boots ☔ (Umbrella recommended)",Winter,7,15,0,December,2024-12-13,Friday,4604304,nan,afro adura,"(30.28, 44.66]"
London,2024-12-14,46.7,39.5,43.0,42.1,35.0,38.4,38.7,85.2,0.008,100.0,4.17,rain,0.0,0.0,15.0,9.8,272.7,1022.7,77.0,10.1,11.0,0.9,1,22.128353498158862,07:59:21,15:51:26,0.47,"rain, partially cloudy",Partly cloudy throughout the day with morning rain.,rain,"03769099999,03680099999,D5621,03781099999,03672099999,03772099999,03770099999",Unknown,"🧥 Coat or insulated jacket, boots ☔ (Umbrella recommended)",Winter,7,15,0,December,2024-12-14,Saturday,91572305,nan,Unknown,"(30.28, 44.66]"
London,2024-12-15,54.2,41.6,49.1,54.2,36.1,47.1,45.7,88.0,0.0,0.0,0.0,Unknown,0.0,0.0,24.2,17.2,252.9,1027.5,85.1,17.3,16.3,1.3,1,22.128353498158862,08:00:12,15:51:35,0.5,partially cloudy,Partly cloudy throughout the day.,partly-cloudy-day,"03769099999,03680099999,D5621,03781099999,03672099999,03772099999,03770099999",Unknown,"🧥 Coat or insulated jacket, boots",Winter,8,15,0,December,2024-12-15,Sunday,99269,nan,Unknown,"(44.66, 59.04]"
London,2024-12-16,53.0,47.9,51.2,53.0,44.8,50.4,45.3,80.3,0.0,0.0,0.0,Unknown,0.0,0.0,22.8,18.4,245.1,1030.8,87.6,16.8,10.7,1.1,1,22.128353498158862,08:00:59,15:51:47,0.54,partially cloudy,Partly cloudy throughout the day.,partly-cloudy-day,"03769099999,03680099999,D5621,03781099999,03672099999,03772099999,03770099999",Unknown,"🧶 Hoodie or light jacket, jeans",Winter,8,15,0,December,2024-12-16,Monday,13842855,afrobeats,afrobeats,"(44.66, 59.04]"
London,2024-12-17,50.6,41.1,47.8,50.6,38.6,45.4,44.8,89.6,0.008,100.0,4.17,rain,0.0,0.0,26.6,16.6,191.4,1023.0,82.1,8.0,5.5,0.6,0,22.128353498158862,08:01:43,15:52:03,0.57,"rain, partially cloudy",Partly cloudy throughout the day with late afternoon rain.,rain,"03769099999,03680099999,D5621,03781099999,03672099999,03768099999,03772099999,03770099999",Unknown,"🧥 Coat or insulated jacket, boots ☔ (Umbrella recommended)",Winter,8,15,0,December,2024-12-17,Tuesday,3801201,nan,Unknown,"(44.66, 59.04]"
London,2024-12-18,58.2,50.6,55.4,58.2,50.6,55.4,50.8,84.8,0.064,100.0,20.83,rain,0.0,0.0,40.3,21.5,218.6,1005.8,95.7,5.8,15.0,1.3,1,22.128353498158862,08:02:24,15:52:22,0.6,"rain, overcast",Cloudy skies throughout the day with rain.,rain,"03769099999,EGWU,03680099999,EGLL,D5621,03781099999,03672099999,EGLC,03772099999,03770099999",Unknown,"🧶 Hoodie or light jacket, jeans ☔ (Umbrella recommended)",Winter,8,15,0,December,2024-12-18,Wednesday,25478911,nan,Unknown,"(44.66, 59.04]"
London,2024-12-19,56.6,40.2,45.4,56.6,34.0,39.8,38.1,75.9,0.039,100.0,4.17,rain,0.0,0.0,28.6,17.5,289.0,1007.9,59.0,15.5,19.8,1.7,2,22.128353498158862,08:03:02,15:52:44,0.63,"rain, partially cloudy",Partly cloudy throughout the day with early morning rain.,rain,"03769099999,03680099999,D5621,03781099999,03672099999,03772099999,03770099999",Unknown,"🧥 Coat or insulated jacket, boots ☔ (Umbrella recommended)",Winter,8,15,0,December,2024-12-19,Thursday,123687091,nan,hiplife,"(44.66, 59.04]"
London,2024-12-20,49.2,36.8,43.0,44.4,31.7,37.9,38.6,84.6,0.032,100.0,12.5,rain,0.0,0.0,23.6,12.7,241.1,1018.8,38.9,11.7,19.5,1.7,1,22.128353498158862,08:03:36,15:53:10,0.66,"rain, partially cloudy",Partly cloudy throughout the day with rain.,rain,"03769099999,03680099999,D5621,03781099999,03672099999,03772099999,03770099999",Unknown,"🧥 Coat or insulated jacket, boots ☔ (Umbrella recommended)",Winter,8,15,0,December,2024-12-20,Friday,34815353,nan,Unknown,"(30.28, 44.66]"
London,2024-12-21,54.8,40.7,47.7,54.8,35.8,44.2,42.8,83.8,0.039,100.0,8.33,rain,0.0,0.0,32.4,18.9,245.7,1011.0,66.1,9.2,7.7,0.8,1,22.128353498158862,08:04:08,15:53:39,0.7,"rain, partially cloudy",Partly cloudy throughout the day with morning rain.,rain,"03769099999,03680099999,D5621,03781099999,03672099999,03772099999,03770099999",Unknown,"🧥 Coat or insulated jacket, boots ☔ (Umbrella recommended)",Winter,8,15,0,December,2024-12-21,Saturday,79724001,nan,hiplife,"(44.66, 59.04]"
London,2024-12-22,47.0,40.4,43.7,41.1,32.0,35.8,33.7,68.0,0.0,0.0,0.0,Unknown,0.0,0.0,32.5,21.4,283.4,1007.0,51.2,13.5,16.7,1.3,1,22.128353498158862,08:04:36,15:54:11,0.75,partially cloudy,Partly cloudy throughout the day.,partly-cloudy-day,"03769099999,03680099999,D5621,03781099999,03672099999,03772099999,03770099999",Unknown,"🧥 Coat or insulated jacket, boots",Winter,8,15,0,December,2024-12-22,Sunday,4813700,nan,Unknown,"(30.28, 44.66]"
London,2024-12-23,44.9,41.1,43.2,41.3,35.5,38.2,34.2,71.3,0.008,100.0,4.17,rain,0.0,0.0,28.0,16.7,288.3,1022.5,46.2,8.7,13.5,1.2,1,22.128353498158862,08:05:01,15:54:46,0.76,"rain, partially cloudy",Becoming cloudy in the afternoon with late afternoon rain.,rain,"03769099999,03680099999,D5621,03781099999,03672099999,03772099999,03770099999",Unknown,"🧥 Coat or insulated jacket, boots ☔ (Umbrella recommended)",Winter,8,15,0,December,2024-12-23,Monday,42069978,afrobeat,afrobeats,"(30.28, 44.66]"
London,2024-12-24,53.3,43.8,49.4,53.3,40.5,48.1,47.7,93.9,0.008,100.0,4.17,rain,0.0,0.0,12.4,10.0,258.7,1025.9,92.0,6.1,18.2,1.6,1,22.128353498158862,08:05:23,15:55:25,0.79,"rain, overcast",Cloudy skies throughout the day with early morning rain.,rain,"03769099999,03680099999,D5621,03781099999,03672099999,03772099999,03770099999",Unknown,"🧥 Coat or insulated jacket, boots ☔ (Umbrella recommended)",Winter,8,15,0,December,2024-12-24,Tuesday,51463232,nan,Unknown,"(44.66, 59.04]"
London,2024-12-25,50.1,47.6,48.8,50.1,43.8,46.9,46.3,90.9,0.0,0.0,0.0,Unknown,0.0,0.0,12.5,7.9,256.7,1032.6,99.8,7.5,10.0,0.9,1,22.128353498158862,08:05:41,15:56:07,0.83,overcast,Cloudy skies throughout the day.,cloudy,"03769099999,03680099999,D5621,03781099999,03672099999,03772099999,03770099999",Unknown,"🧥 Coat or insulated jacket, boots",Winter,8,15,0,December,2024-12-25,Wednesday,139171865,afrobeat,afrobeats,"(44.66, 59.04]"
London,2024-12-26,47.4,43.1,44.6,47.0,41.0,43.7,42.7,92.8,0.0,0.0,0.0,Unknown,0.0,0.0,8.9,5.2,184.1,1034.6,99.9,4.0,8.5,0.9,0,22.128353498158862,08:05:56,15:56:52,0.86,overcast,Cloudy skies throughout the day.,cloudy,"03769099999,03680099999,D5621,03781099999,03672099999,03772099999,03770099999",Unknown,"🧥 Coat or insulated jacket, boots",Winter,8,15,0,December,2024-12-26,Thursday,2572188,afrobeat,afrobeat,"(30.28, 44.66]"
London,2024-12-27,44.7,42.5,43.6,44.7,40.9,43.3,42.8,96.8,0.0,0.0,0.0,Unknown,0.0,0.0,6.3,4.4,264.1,1032.6,98.5,1.6,6.6,0.5,0,22.128353498158862,08:06:08,15:57:41,0.89,overcast,Cloudy skies throughout the day.,cloudy,"03769099999,03680099999,D5621,03781099999,03672099999,03768099999,03772099999,03770099999",Unknown,"🧥 Coat or insulated jacket, boots",Winter,8,15,0,December,2024-12-27,Friday,16294428,lullaby,lullaby,"(30.28, 44.66]"
London,2024-12-28,42.5,39.5,40.8,40.7,35.3,38.1,39.2,94.0,0.0,0.0,0.0,Unknown,0.0,0.0,10.1,6.2,275.0,1029.2,99.9,3.1,7.4,0.6,0,22.128353498158862,08:06:16,15:58:32,0.92,overcast,Cloudy skies throughout the day.,cloudy,"03769099999,03680099999,D5621,03781099999,03672099999,03772099999,03770099999",Unknown,"🧥 Heavy coat, thermal wear, gloves, boots",Winter,8,15,0,December,2024-12-28,Saturday,59246168,nan,Unknown,"(30.28, 44.66]"
London,2024-12-29,47.4,38.0,41.9,43.0,33.0,37.8,40.1,93.4,0.0,0.0,0.0,Unknown,0.0,0.0,11.1,9.9,249.4,1029.8,99.9,3.2,12.1,1.0,1,22.128353498158862,08:06:21,15:59:26,0.95,overcast,Cloudy skies throughout the day.,cloudy,"03769099999,03680099999,D5621,03781099999,03672099999,03772099999,03770099999",Unknown,"🧥 Coat or insulated jacket, boots",Winter,8,15,0,December,2024-12-29,Sunday,71950,highlife,afrobeat,"(30.28, 44.66]"
London,2024-12-30,48.3,45.8,47.0,43.8,40.6,42.2,41.2,80.3,0.0,0.0,0.0,Unknown,0.0,0.0,18.5,14.2,238.8,1027.7,98.2,17.7,21.0,1.8,2,22.128353498158862,08:06:23,16:00:23,0.0,overcast,Cloudy skies throughout the day.,cloudy,"03769099999,03680099999,D5621,03781099999,03672099999,03772099999,03770099999",Unknown,"🧥 Coat or insulated jacket, boots",Winter,8,16,0,December,2024-12-30,Monday,40041556,nan,Unknown,"(44.66, 59.04]"
London,2024-12-31,54.6,45.8,50.8,54.6,41.8,49.0,44.4,78.9,0.0,0.0,0.0,Unknown,0.0,0.0,34.7,22.9,226.8,1020.1,88.3,9.3,18.7,1.7,1,22.128353498158862,08:06:21,16:01:23,0.02,partially cloudy,Partly cloudy throughout the day.,partly-cloudy-day,"03769099999,03680099999,D5621,03781099999,03672099999,03772099999,03770099999",Unknown,"🧥 Coat or insulated jacket, boots",Winter,8,16,0,December,2024-12-31,Tuesday,37585684,lullaby,lullaby,"(44.66, 59.04]"
Berlin,2024-10-16,58.1,39.5,48.2,58.1,34.4,45.6,39.8,74.0,0.0,0.0,0.0,Unknown,0.0,0.0,28.2,15.8,115.8,1023.8,20.1,25.4,119.3,10.4,5,22.128353498158862,07:34:24,18:08:42,0.46,partially cloudy,Clearing in the afternoon.,partly-cloudy-day,"00427,07389,03987,00403,E2835,00433,00400",Unknown,"🧥 Coat or insulated jacket, boots",Autumn,7,18,0,October,2024-10-16,Wednesday,31647209,nan,Unknown,"(44.66, 59.04]"
Berlin,2024-10-17,62.3,45.6,52.9,62.3,41.1,51.0,44.8,74.4,0.0,0.0,0.0,Unknown,0.0,0.0,25.7,13.4,128.6,1018.2,41.0,26.5,95.1,8.3,5,22.128353498158862,07:36:11,18:06:31,0.5,partially cloudy,Becoming cloudy in the afternoon.,partly-cloudy-day,"00427,07389,03987,00403,E2835,00433,00400",Unknown,"🧶 Hoodie or light jacket, jeans",Autumn,7,18,0,October,2024-10-17,Thursday,36496887,nan,Unknown,"(44.66, 59.04]"
Berlin,2024-10-18,63.6,47.3,54.7,63.6,44.5,54.0,48.4,80.3,0.0,0.0,0.0,Unknown,0.0,0.0,19.5,10.7,120.2,1017.0,62.3,20.4,95.3,8.3,4,22.128353498158862,07:37:59,18:04:20,0.53,partially cloudy,Partly cloudy throughout the day.,partly-cloudy-day,"00427,07389,03987,00403,E2835,00433,00400",Unknown,"🧶 Hoodie or light jacket, jeans",Autumn,7,18,0,October,2024-10-18,Friday,55519952,nan,afrobeats,"(44.66, 59.04]"
Berlin,2024-10-19,64.8,49.9,56.3,64.8,46.6,56.2,49.7,78.8,0.0,0.0,0.0,Unknown,0.0,0.0,19.5,10.2,155.1,1017.8,78.3,22.3,79.8,6.8,4,22.128353498158862,07:39:46,18:02:11,0.56,partially cloudy,Partly cloudy throughout the day.,partly-cloudy-day,"00427,07389,03987,00403,E2835,00433,00400",Unknown,"🧶 Hoodie or light jacket, jeans",Autumn,7,18,0,October,2024-10-19,Saturday,13076984,nan,Unknown,"(44.66, 59.04]"
Berlin,2024-10-20,61.6,51.1,55.3,61.6,51.1,55.3,49.1,80.5,0.0,0.0,0.0,Unknown,0.0,0.0,18.1,8.9,154.8,1022.5,88.8,18.5,78.3,7.0,4,22.128353498158862,07:41:34,18:00:02,0.6,partially cloudy,Partly cloudy throughout the day.,partly-cloudy-day,"00427,07389,03987,00403,E2835,00433,00400",Unknown,"🧶 Hoodie or light jacket, jeans",Autumn,7,18,0,October,2024-10-20,Sunday,11522369,nan,Unknown,"(44.66, 59.04]"
Berlin,2024-10-21,65.4,56.6,60.7,65.4,56.6,60.7,55.6,83.5,0.01,100.0,8.33,rain,0.0,0.0,17.9,9.5,196.9,1023.6,92.7,22.1,40.0,3.4,2,22.128353498158862,07:43:23,17:57:55,0.63,"rain, overcast",Cloudy skies throughout the day with morning rain.,rain,"00427,07389,03987,00403,E2835,00433,00400",Unknown,"🧶 Hoodie or light jacket, jeans ☔ (Umbrella recommended)",Autumn,7,17,0,October,2024-10-21,Monday,26166661,nan,Unknown,"(59.04, 73.42]"
Berlin,2024-10-22,62.4,48.5,55.7,62.4,45.6,55.4,51.3,85.3,0.0,0.0,0.0,Unknown,0.0,0.0,27.3,19.4,248.4,1025.1,54.8,21.7,45.4,3.9,2,22.128353498158862,07:45:11,17:55:49,0.66,partially cloudy,Partly cloudy throughout the day.,partly-cloudy-day,"00427,07389,03987,00403,E2835,00433,00400",Unknown,"🧶 Hoodie or light jacket, jeans",Autumn,7,17,0,October,2024-10-22,Tuesday,32050627,afrobeat,alté,"(44.66, 59.04]"
Berlin,2024-10-23,60.7,42.5,49.8,60.7,39.8,48.5,46.1,87.8,0.0,0.0,0.0,Unknown,0.0,0.0,13.0,7.1,249.0,1034.8,6.5,17.7,84.3,7.3,5,22.128353498158862,07:47:00,17:53:44,0.7,clear,Clear conditions throughout the day.,clear-day,"00427,07389,03987,00403,E2835,00433,00400",Unknown,"🧥 Coat or insulated jacket, boots",Autumn,7,17,0,October,2024-10-23,Wednesday,13559569,lullaby,alté,"(44.66, 59.04]"
Berlin,2024-10-24,60.2,38.7,48.9,60.2,35.6,47.9,44.1,85.1,0.0,0.0,0.0,Unknown,0.0,0.0,19.9,12.0,109.5,1031.4,5.8,15.5,101.2,8.7,4,22.128353498158862,07:48:49,17:51:40,0.75,clear,Clear conditions throughout the day.,clear-day,"00427,07389,03987,00403,E2835,00433,00400",Unknown,"🧥 Coat or insulated jacket, boots",Autumn,7,17,0,October,2024-10-24,Thursday,37877269,afrobeat,afrobeats,"(44.66, 59.04]"
Berlin,2024-10-25,63.2,43.9,52.1,63.2,40.9,51.0,47.6,85.6,0.0,0.0,0.0,Unknown,0.0,0.0,14.3,6.9,149.0,1022.4,2.6,13.7,92.8,7.9,4,22.128353498158862,07:50:38,17:49:37,0.76,clear,Clear conditions throughout the day.,clear-day,"00427,07389,03987,00403,E2835,00433,00400",Unknown,"🧶 Hoodie or light jacket, jeans",Autumn,7,17,0,October,2024-10-25,Friday,7657308,nan,Unknown,"(44.66, 59.04]"
Berlin,2024-10-26,64.7,45.1,53.1,64.7,44.0,52.9,49.9,89.5,0.0,0.0,0.0,Unknown,0.0,0.0,10.1,7.4,136.0,1021.0,13.3,7.5,93.7,8.1,4,22.128353498158862,07:52:28,17:47:35,0.8,clear,Clear conditions throughout the day.,clear-day,"00427,07389,03987,00403,E2835,00433,00400",Unknown,"🧶 Hoodie or light jacket, jeans",Autumn,7,17,0,October,2024-10-26,Saturday,72777294,nan,Unknown,"(44.66, 59.04]"
Berlin,2024-10-27,59.1,45.1,51.8,59.1,40.8,50.6,48.9,90.0,0.001,100.0,4.17,rain,0.0,0.0,23.9,16.1,226.4,1019.4,47.6,4.2,76.2,6.9,5,22.128353498158862,06:54:18,16:45:35,0.83,"rain, partially cloudy",Partly cloudy throughout the day with afternoon rain.,rain,"00427,07389,06265,03509,03987,10385099999,00403,EDDB,E2835,05745,00433,00400",Unknown,"🧶 Hoodie or light jacket, jeans ☔ (Umbrella recommended)",Autumn,6,16,0,October,2024-10-27,Sunday,29826487,nan,Unknown,"(44.66, 59.04]"
Berlin,2024-10-28,60.1,44.7,52.5,60.1,42.9,51.8,50.6,93.5,0.007,100.0,8.33,rain,0.0,0.0,17.2,11.4,214.5,1024.0,88.5,8.1,37.8,3.2,1,22.128353498158862,06:56:08,16:43:36,0.86,"rain, partially cloudy",Partly cloudy throughout the day with rain.,rain,"00427,07389,06265,03509,03987,10385099999,00403,EDDB,E2835,05745,00400,00433",Unknown,"🧶 Hoodie or light jacket, jeans ☔ (Umbrella recommended)",Autumn,6,16,0,October,2024-10-28,Monday,5805887,gregorian chant,gregorian chant,"(44.66, 59.04]"
Berlin,2024-10-29,59.4,53.6,56.2,59.4,53.6,56.2,53.3,89.9,0.028,100.0,20.83,rain,0.0,0.0,16.1,8.7,244.6,1024.1,98.5,14.0,31.6,2.8,2,22.128353498158862,06:57:58,16:41:39,0.9,"rain, overcast",Cloudy skies throughout the day with rain clearing later.,rain,"00427,07389,03987,00403,E2835,00433,00400",Unknown,"🧶 Hoodie or light jacket, jeans ☔ (Umbrella recommended)",Autumn,6,16,0,October,2024-10-29,Tuesday,12465982,gregorian chant,gregorian chant,"(44.66, 59.04]"
Berlin,2024-11-01,54.4,50.0,52.1,54.4,44.8,51.9,48.3,86.9,0.0,0.0,0.0,Unknown,0.0,0.0,28.6,14.5,265.9,1021.1,82.5,7.0,17.0,1.5,1,22.128353498158862,07:03:29,16:35:55,0.0,partially cloudy,Partly cloudy throughout the day.,partly-cloudy-day,"00427,07389,03987,00403,E2835,00433,00400",Unknown,"🧶 Hoodie or light jacket, jeans",Autumn,7,16,0,November,2024-11-01,Friday,51380388,nan,Unknown,"(44.66, 59.04]"
Berlin,2024-11-02,52.0,33.4,45.1,52.0,32.2,42.8,38.2,77.5,0.032,100.0,16.67,rain,0.0,0.0,22.4,13.9,339.2,1029.9,56.5,21.9,77.5,6.8,4,22.128353498158862,07:05:20,16:34:04,0.03,"rain, partially cloudy",Partly cloudy throughout the day with early morning rain.,rain,"00427,07389,03987,00403,E2835,00433,00400",Unknown,"🧥 Coat or insulated jacket, boots ☔ (Umbrella recommended)",Autumn,7,16,0,November,2024-11-02,Saturday,33975523,afrobeat,afrobeats,"(44.66, 59.04]"
Berlin,2024-11-03,50.3,31.1,40.2,50.3,27.5,37.6,35.3,83.9,0.0,0.0,0.0,Unknown,0.0,0.0,15.2,7.6,243.8,1031.2,47.7,21.6,78.8,6.9,4,22.128353498158862,07:07:10,16:32:14,0.07,partially cloudy,Partly cloudy throughout the day.,partly-cloudy-day,"00427,07389,03987,00403,E2835,00433,00400",Unknown,"🧥 Heavy coat, thermal wear, gloves, boots",Autumn,7,16,0,November,2024-11-03,Sunday,3837880,nan,Unknown,"(30.28, 44.66]"
Berlin,2024-11-04,51.1,43.2,47.5,51.1,39.1,45.6,45.3,92.2,0.008,100.0,16.67,rain,0.0,0.0,13.9,7.4,237.5,1030.6,99.5,10.6,28.2,2.5,1,22.128353498158862,07:09:01,16:30:26,0.1,"rain, overcast",Cloudy skies throughout the day with morning rain.,rain,"00427,07389,03987,00403,E2835,00433,00400",Unknown,"🧥 Coat or insulated jacket, boots ☔ (Umbrella recommended)",Autumn,7,16,0,November,2024-11-04,Monday,96114236,nan,Unknown,"(44.66, 59.04]"
Berlin,2024-11-05,48.1,39.4,44.4,46.0,36.1,41.9,41.5,89.6,0.0,0.0,0.0,Unknown,0.0,0.0,15.2,8.0,134.6,1027.9,75.8,12.4,39.1,3.3,1,22.128353498158862,07:10:51,16:28:40,0.14,partially cloudy,Partly cloudy throughout the day.,partly-cloudy-day,"00427,07389,03987,00403,E2835,00433,00400",Unknown,"🧥 Coat or insulated jacket, boots",Autumn,7,16,0,November,2024-11-05,Tuesday,44306256,nan,Unknown,"(30.28, 44.66]"
Berlin,2024-11-07,41.4,39.9,40.6,41.3,35.1,38.7,37.7,89.6,0.003,100.0,8.33,rain,0.0,0.0,9.2,9.3,58.5,1035.0,99.9,15.5,16.1,1.3,1,22.128353498158862,07:14:32,16:25:12,0.21,"rain, overcast",Cloudy skies throughout the day with morning rain.,rain,"00427,07389,03987,00403,E2835,00433,00400",Unknown,"🧥 Heavy coat, thermal wear, gloves, boots ☔ (Umbrella recommended)",Autumn,7,16,0,November,2024-11-07,Thursday,77072268,nan,afrobeats,"(30.28, 44.66]"
Berlin,2024-11-08,42.6,40.1,41.4,40.3,34.3,36.2,37.1,84.6,0.0,0.0,0.0,Unknown,0.0,0.0,20.4,11.9,98.7,1033.3,82.0,12.7,15.9,1.3,1,22.128353498158862,07:16:22,16:23:32,0.24,partially cloudy,Partly cloudy throughout the day.,partly-cloudy-day,"00427,07389,03987,00403,E2835,00433,00400",Unknown,"🧥 Coat or insulated jacket, boots",Autumn,7,16,0,November,2024-11-08,Friday,39741972,nan,Unknown,"(30.28, 44.66]"
Berlin,2024-11-10,35.2,33.3,34.3,35.1,27.9,31.3,33.6,97.3,0.0,0.0,0.0,Unknown,0.0,0.0,10.1,8.3,139.8,1029.5,82.3,1.6,13.5,1.2,1,22.128353498158862,07:20:01,16:20:16,0.31,partially cloudy,Partly cloudy throughout the day.,partly-cloudy-day,"00427,07389,03987,00403,E2835,00433,00400",Unknown,"🧥 Heavy coat, thermal wear, gloves, boots",Autumn,7,16,0,November,2024-11-10,Sunday,26735246,nan,highlife,"(30.28, 44.66]"
Berlin,2024-11-11,42.4,34.4,38.8,39.6,30.5,36.1,37.2,93.9,0.0,0.0,0.0,Unknown,0.0,0.0,12.3,8.3,129.2,1028.5,99.9,3.8,16.5,1.3,1,22.128353498158862,07:21:50,16:18:41,0.35,overcast,Cloudy skies throughout the day.,cloudy,"00427,07389,03987,00403,E2835,00433,00400",Unknown,"🧥 Heavy coat, thermal wear, gloves, boots",Autumn,7,16,0,November,2024-11-11,Monday,43304537,nan,Unknown,"(30.28, 44.66]"
Berlin,2024-11-12,41.0,38.7,39.7,39.3,33.5,36.4,37.7,92.5,0.005,100.0,4.17,rain,0.0,0.0,13.0,7.8,59.6,1032.3,99.0,6.5,11.4,1.1,1,22.128353498158862,07:23:39,16:17:09,0.38,"rain, overcast",Cloudy skies throughout the day with afternoon rain.,rain,"00427,07389,03987,00403,E2835,00433,00400",Unknown,"🧥 Heavy coat, thermal wear, gloves, boots ☔ (Umbrella recommended)",Autumn,7,16,0,November,2024-11-12,Tuesday,26942388,nan,Unknown,"(30.28, 44.66]"
Berlin,2024-11-13,46.7,37.7,41.8,45.7,33.8,38.9,39.6,92.0,0.003,100.0,8.33,rain,0.0,0.0,15.4,7.5,276.2,1029.3,77.0,11.8,27.8,2.3,3,22.128353498158862,07:25:27,16:15:39,0.42,"rain, partially cloudy",Partly cloudy throughout the day with rain clearing later.,rain,"00427,07389,03987,00403,E2835,00433,00400",Unknown,"🧥 Coat or insulated jacket, boots ☔ (Umbrella recommended)",Autumn,7,16,0,November,2024-11-13,Wednesday,10435316,nan,Unknown,"(30.28, 44.66]"
Berlin,2024-11-14,47.2,35.8,42.7,42.7,31.2,38.3,40.8,93.2,0.03,100.0,25.0,rain,0.0,0.0,19.7,13.3,257.9,1022.8,92.9,9.6,14.0,1.2,1,22.128353498158862,07:27:15,16:14:11,0.45,"rain, overcast",Cloudy skies throughout the day with rain in the morning and afternoon.,rain,"00427,07389,03987,00403,E2835,00433,00400",Unknown,"🧥 Coat or insulated jacket, boots ☔ (Umbrella recommended)",Autumn,7,16,0,November,2024-11-14,Thursday,49797009,nan,Unknown,"(30.28, 44.66]"
Berlin,2024-11-15,48.9,40.7,45.7,44.7,37.1,41.4,41.9,86.9,0.0,0.0,0.0,Unknown,0.0,0.0,20.1,12.6,267.2,1023.9,98.0,14.4,27.8,2.4,2,22.128353498158862,07:29:02,16:12:45,0.5,overcast,Cloudy skies throughout the day.,cloudy,"00427,07389,03987,00403,E2835,00433,00400",Unknown,"🧥 Coat or insulated jacket, boots",Autumn,7,16,0,November,2024-11-15,Friday,18665927,nan,Unknown,"(44.66, 59.04]"
Berlin,2024-11-16,47.4,44.3,45.2,43.2,38.4,40.0,37.4,74.0,0.0,0.0,0.0,Unknown,0.0,0.0,24.8,12.5,237.7,1017.5,79.6,22.9,12.0,1.0,1,22.128353498158862,07:30:49,16:11:21,0.52,partially cloudy,Partly cloudy throughout the day.,partly-cloudy-day,"00427,07389,03987,00403,E2835,00433,00400",Unknown,"🧥 Coat or insulated jacket, boots",Autumn,7,16,0,November,2024-11-16,Saturday,126913620,afrobeats,afrobeats,"(44.66, 59.04]"
Berlin,2024-11-17,45.4,41.2,43.1,39.5,34.2,36.9,39.4,86.9,0.132,100.0,41.67,rain,0.0,0.0,28.0,17.1,238.6,1006.2,95.0,14.5,13.8,1.2,1,22.128353498158862,07:32:34,16:10:00,0.55,"rain, overcast",Cloudy skies throughout the day with a chance of rain throughout the day.,rain,"00427,07389,03987,00403,E2835,00433,00400",Unknown,"🧥 Coat or insulated jacket, boots ☔ (Umbrella recommended)",Autumn,7,16,0,November,2024-11-17,Sunday,33962738,nan,Unknown,"(30.28, 44.66]"
Berlin,2024-11-18,43.8,38.5,41.1,37.0,32.3,34.3,34.1,76.1,0.0,0.0,0.0,Unknown,0.0,0.0,31.3,14.9,253.9,1006.1,66.2,28.9,21.6,1.8,2,22.128353498158862,07:34:19,16:08:42,0.58,partially cloudy,Partly cloudy throughout the day.,partly-cloudy-day,"00427,07389,03987,00403,E2835,00433,00400",Unknown,"🧥 Coat or insulated jacket, boots",Autumn,7,16,0,November,2024-11-18,Monday,40118593,nan,Unknown,"(30.28, 44.66]"
Berlin,2024-11-19,49.9,34.3,38.6,44.7,24.6,32.4,36.4,91.7,0.834,100.0,62.5,"rain,snow",0.0,0.0,38.5,16.3,229.2,995.0,99.8,14.7,7.3,0.8,0,22.128353498158862,07:36:03,16:07:26,0.62,"snow, rain, overcast",Cloudy skies throughout the day with rain or snow.,rain,"00427,07389,03987,00403,E2835,00433,00400",Unknown,"🧥 Heavy coat, thermal wear, gloves, boots ☔ (Umbrella recommended) ❄️ (Snow boots suggested)",Autumn,7,16,0,November,2024-11-19,Tuesday,1044360,german hip hop,german hip hop,"(30.28, 44.66]"
Berlin,2024-11-20,37.7,34.9,36.2,30.3,25.3,28.2,32.7,87.4,0.081,100.0,33.33,"rain,snow",0.1,0.0,26.6,16.2,274.3,994.3,87.5,17.9,23.2,1.8,2,22.128353498158862,07:37:47,16:06:13,0.65,"snow, rain, partially cloudy",Partly cloudy throughout the day with rain or snow.,snow,"00427,07389,03987,00403,E2835,00433,00400",Unknown,"🧥 Heavy coat, thermal wear, gloves, boots ☔ (Umbrella recommended) ❄️ (Snow boots suggested)",Autumn,7,16,0,November,2024-11-20,Wednesday,10323015,nan,Unknown,"(30.28, 44.66]"
Berlin,2024-11-21,37.7,31.3,34.4,30.8,23.8,27.0,29.7,82.8,0.002,100.0,4.17,"rain,snow",0.0,0.0,28.2,13.7,243.8,996.3,73.4,24.4,31.0,2.7,2,22.128353498158862,07:39:29,16:05:02,0.68,"snow, rain, partially cloudy",Partly cloudy throughout the day with early morning snow or rain.,rain,"00427,07389,03987,00403,E2835,00433,00400",Unknown,"🧥 Heavy coat, thermal wear, gloves, boots ☔ (Umbrella recommended) ❄️ (Snow boots suggested)",Autumn,7,16,0,November,2024-11-21,Thursday,51999145,nan,Unknown,"(30.28, 44.66]"
Berlin,2024-11-22,36.9,31.1,34.9,30.6,24.5,28.1,30.0,82.3,0.013,100.0,12.5,"rain,snow",0.1,0.0,22.6,12.6,233.0,998.1,85.2,23.1,19.8,1.6,2,22.128353498158862,07:41:10,16:03:54,0.71,"snow, rain, partially cloudy",Partly cloudy throughout the day with rain or snow.,snow,"00427,07389,03987,05825,00403,E2835,00433,00400",Unknown,"🧥 Heavy coat, thermal wear, gloves, boots ☔ (Umbrella recommended) ❄️ (Snow boots suggested)",Autumn,7,16,0,November,2024-11-22,Friday,66390645,nan,afrobeats,"(30.28, 44.66]"
Berlin,2024-11-23,41.4,31.1,35.9,35.5,23.0,28.9,30.3,79.9,0.008,100.0,4.17,"rain,snow",0.0,0.0,26.4,14.7,232.2,1016.4,63.8,27.9,22.8,1.8,1,22.128353498158862,07:42:49,16:02:49,0.75,"snow, rain, partially cloudy",Partly cloudy throughout the day with early morning snow or rain.,rain,"00427,07389,03987,00403,E2835,00433,00400",Unknown,"🧥 Heavy coat, thermal wear, gloves, boots ☔ (Umbrella recommended) ❄️ (Snow boots suggested)",Autumn,7,16,0,November,2024-11-23,Saturday,107273255,nan,afrobeats,"(30.28, 44.66]"
Berlin,2024-11-24,54.3,37.4,47.0,54.3,29.3,43.8,40.9,80.1,0.444,100.0,45.83,rain,0.0,0.0,27.1,13.0,191.7,1012.4,93.4,17.6,25.4,2.3,1,22.128353498158862,07:44:28,16:01:47,0.78,"rain, overcast",Cloudy skies throughout the day with a chance of rain throughout the day.,rain,"00427,07389,03987,00403,E2835,00433,00400",Unknown,"🧥 Coat or insulated jacket, boots ☔ (Umbrella recommended)",Autumn,7,16,0,November,2024-11-24,Sunday,29235998,afrobeat,afrobeats,"(44.66, 59.04]"
Berlin,2024-11-25,57.0,49.2,53.7,57.0,45.3,53.2,41.7,64.0,0.0,0.0,0.0,Unknown,0.0,0.0,25.5,12.8,171.1,1010.1,71.6,29.4,26.3,2.1,1,22.128353498158862,07:46:05,16:00:47,0.81,partially cloudy,Partly cloudy throughout the day.,partly-cloudy-day,"00427,07389,03987,00403,E2835,00433,00400",Unknown,"🧶 Hoodie or light jacket, jeans",Autumn,7,16,0,November,2024-11-25,Monday,41747992,nan,afrobeats,"(44.66, 59.04]"
Berlin,2024-11-26,52.3,45.4,48.7,52.3,42.2,46.7,43.7,83.0,0.07,100.0,25.0,rain,0.0,0.0,18.3,9.2,228.9,1016.3,60.1,19.9,40.5,3.6,3,22.128353498158862,07:47:41,15:59:51,0.84,"rain, partially cloudy",Partly cloudy throughout the day with rain clearing later.,rain,"00427,07389,03987,00403,E2835,00433,00400",Unknown,"🧥 Coat or insulated jacket, boots ☔ (Umbrella recommended)",Autumn,7,15,0,November,2024-11-26,Tuesday,69393887,afrobeats,afrobeats,"(44.66, 59.04]"
Berlin,2024-11-27,48.3,39.4,44.3,46.4,35.8,40.3,40.6,87.0,0.137,100.0,16.67,rain,0.0,0.0,37.6,14.6,178.4,1019.0,53.7,18.4,53.7,4.6,3,22.128353498158862,07:49:15,15:58:57,0.88,"rain, partially cloudy",Becoming cloudy in the afternoon with late afternoon rain.,rain,"00427,07389,03987,00403,E2835,00433,00400",Unknown,"🧥 Coat or insulated jacket, boots ☔ (Umbrella recommended)",Autumn,7,15,0,November,2024-11-27,Wednesday,62874644,afrobeat,afrobeats,"(30.28, 44.66]"
Berlin,2024-11-29,43.2,36.8,40.5,40.8,30.7,36.4,35.9,83.5,0.0,0.0,0.0,Unknown,0.0,0.0,26.2,15.3,320.0,1032.3,73.0,29.0,9.5,0.8,1,22.128353498158862,07:52:18,15:57:19,0.94,partially cloudy,Partly cloudy throughout the day.,partly-cloudy-day,"00427,07389,03987,00403,E2835,00433,00400",Unknown,"🧥 Heavy coat, thermal wear, gloves, boots",Autumn,7,15,0,November,2024-11-29,Friday,1367574,afrobeat,afrobeats,"(30.28, 44.66]"
Berlin,2024-11-30,42.0,32.9,37.2,37.2,26.7,32.4,32.4,82.8,0.0,0.0,0.0,Unknown,0.0,0.0,17.0,9.3,157.9,1033.3,52.0,28.4,56.5,5.0,3,22.128353498158862,07:53:47,15:56:35,0.97,partially cloudy,Partly cloudy throughout the day.,partly-cloudy-day,"00427,07389,03987,00403,E2835,00433,00400",Unknown,"🧥 Heavy coat, thermal wear, gloves, boots",Autumn,7,15,0,November,2024-11-30,Saturday,32700597,gregorian chant,gregorian chant,"(30.28, 44.66]"
Berlin,2024-12-01,41.1,28.6,33.1,36.9,22.3,27.5,30.1,88.8,0.0,0.0,0.0,Unknown,0.0,0.0,16.1,8.4,152.0,1025.7,1.0,14.7,56.4,4.9,3,22.128353498158862,07:55:14,15:55:54,0.0,clear,Clear conditions throughout the day.,clear-day,"00427,07389,03987,00403,E2835,00433,00400",Unknown,"🧥 Heavy coat, thermal wear, gloves, boots",Winter,7,15,0,December,2024-12-01,Sunday,36383942,nan,Unknown,"(30.28, 44.66]"
Berlin,2024-12-02,44.3,29.8,37.9,40.3,23.4,32.8,33.4,83.6,0.0,0.0,0.0,Unknown,0.0,0.0,16.1,9.1,186.1,1016.1,62.3,19.5,25.4,2.2,1,22.128353498158862,07:56:39,15:55:17,0.04,partially cloudy,Partly cloudy throughout the day.,partly-cloudy-day,"00427,07389,03987,00403,E2835,00433,00400",Unknown,"🧥 Heavy coat, thermal wear, gloves, boots",Winter,7,15,0,December,2024-12-02,Monday,35241538,afrobeat,afrobeats,"(30.28, 44.66]"
Berlin,2024-12-03,47.3,41.0,42.9,44.3,35.6,38.7,39.9,89.2,0.08,100.0,33.33,rain,0.0,0.0,15.7,14.2,227.4,1014.6,82.4,15.6,26.5,2.4,2,22.128353498158862,07:58:02,15:54:42,0.08,"rain, partially cloudy",Partly cloudy throughout the day with rain.,rain,"00427,07389,03987,00403,E2835,00433,00400",Unknown,"🧥 Coat or insulated jacket, boots ☔ (Umbrella recommended)",Winter,7,15,0,December,2024-12-03,Tuesday,17880294,nan,afrobeats,"(30.28, 44.66]"
Berlin,2024-12-04,41.2,39.5,40.0,37.4,34.6,35.5,37.5,90.9,0.032,100.0,37.5,rain,0.0,0.0,15.9,8.5,255.0,1021.8,93.2,14.4,17.8,1.7,1,22.128353498158862,07:59:23,15:54:11,0.11,"rain, overcast",Cloudy skies throughout the day with a chance of rain throughout the day.,rain,"00427,07389,03987,00403,E2835,00433,00400",Unknown,"🧥 Heavy coat, thermal wear, gloves, boots ☔ (Umbrella recommended)",Winter,7,15,0,December,2024-12-04,Wednesday,20847557,afrobeat,afrobeats,"(30.28, 44.66]"
Berlin,2024-12-05,40.8,36.7,38.8,35.9,29.2,33.1,34.9,86.0,0.097,100.0,29.17,rain,0.0,0.0,23.3,11.8,206.4,1021.7,72.0,14.8,46.1,4.1,3,22.128353498158862,08:00:41,15:53:44,0.15,"rain, partially cloudy",Clearing in the afternoon with rain clearing later.,rain,"00427,07389,03987,00403,E2835,00433,00400",Unknown,"🧥 Heavy coat, thermal wear, gloves, boots ☔ (Umbrella recommended)",Winter,8,15,0,December,2024-12-05,Thursday,100949915,afrobeat,afrobeats,"(30.28, 44.66]"
Berlin,2024-12-06,44.7,36.6,40.6,44.7,28.1,35.7,38.2,91.5,0.382,100.0,62.5,rain,0.1,0.0,25.5,13.9,167.6,1004.2,98.9,13.1,12.4,0.9,1,22.128353498158862,08:01:58,15:53:19,0.18,"rain, overcast",Cloudy skies throughout the day with a chance of rain or snow throughout the day.,snow,"00427,07389,03987,00403,E2835,00433,00400",Unknown,"🧥 Heavy coat, thermal wear, gloves, boots ☔ (Umbrella recommended)",Winter,8,15,0,December,2024-12-06,Friday,70551734,nan,Unknown,"(30.28, 44.66]"
Berlin,2024-12-07,43.9,40.1,42.0,40.3,33.9,37.0,39.6,91.5,0.136,100.0,54.17,rain,0.0,0.0,19.9,10.8,175.2,1006.1,99.8,15.2,20.3,1.8,1,22.128353498158862,08:03:11,15:52:58,0.22,"rain, overcast",Cloudy skies throughout the day with a chance of rain throughout the day.,rain,"00427,07389,03987,00403,E2835,00433,00400",Unknown,"🧥 Coat or insulated jacket, boots ☔ (Umbrella recommended)",Winter,8,15,0,December,2024-12-07,Saturday,18593600,afrobeat,afrobeats,"(30.28, 44.66]"
Berlin,2024-12-08,40.9,38.8,40.1,36.5,31.6,34.4,38.2,92.9,0.04,100.0,25.0,rain,0.0,0.0,18.8,11.9,78.1,1011.0,100.0,8.7,7.1,0.7,0,22.128353498158862,08:04:22,15:52:41,0.25,"rain, overcast",Cloudy skies throughout the day with rain.,rain,"00427,07389,03987,00403,E2835,00433,00400",Unknown,"🧥 Heavy coat, thermal wear, gloves, boots ☔ (Umbrella recommended)",Winter,8,15,0,December,2024-12-08,Sunday,9962033,nan,Unknown,"(30.28, 44.66]"
Berlin,2024-12-09,40.6,34.6,38.3,34.0,28.0,31.5,36.3,92.6,0.141,100.0,41.67,"rain,snow",0.0,0.0,22.4,15.8,45.1,1023.9,100.0,10.6,8.5,0.7,1,22.128353498158862,08:05:31,15:52:27,0.29,"snow, rain, overcast",Cloudy skies throughout the day with a chance of rain or snow throughout the day.,rain,"00427,07389,03987,00403,E2835,00433,00400",Unknown,"🧥 Heavy coat, thermal wear, gloves, boots ☔ (Umbrella recommended) ❄️ (Snow boots suggested)",Winter,8,15,0,December,2024-12-09,Monday,33876913,nan,Unknown,"(30.28, 44.66]"
Berlin,2024-12-10,39.8,36.6,37.7,32.7,28.9,30.9,34.5,88.3,0.0,0.0,0.0,Unknown,0.0,0.0,21.3,15.4,64.5,1030.5,99.3,16.4,8.5,0.6,0,22.128353498158862,08:06:37,15:52:17,0.33,overcast,Cloudy skies throughout the day.,cloudy,"00427,07389,03987,05825,00403,E2835,00433,00400",Unknown,"🧥 Heavy coat, thermal wear, gloves, boots",Winter,8,15,0,December,2024-12-10,Tuesday,63685455,nan,afrobeats,"(30.28, 44.66]"
Berlin,2024-12-11,38.3,34.4,36.4,38.3,28.4,32.3,32.7,86.5,0.0,0.0,0.0,Unknown,0.0,0.0,11.2,8.6,340.6,1030.6,97.7,16.7,9.3,0.9,1,22.128353498158862,08:07:40,15:52:10,0.36,overcast,Cloudy skies throughout the day.,cloudy,"00427,07389,03987,00403,E2835,00433,00400",Unknown,"🧥 Heavy coat, thermal wear, gloves, boots",Winter,8,15,0,December,2024-12-11,Wednesday,25915047,nan,afro adura,"(30.28, 44.66]"
Berlin,2024-12-12,36.3,34.7,35.4,36.3,30.0,32.5,30.9,83.6,0.0,0.0,0.0,Unknown,0.0,0.0,7.4,5.7,298.4,1032.2,94.6,14.4,6.8,0.5,0,22.128353498158862,08:08:40,15:52:07,0.4,overcast,Cloudy skies throughout the day.,cloudy,"00427,07389,03987,00403,E2835,00433,00400",Unknown,"🧥 Heavy coat, thermal wear, gloves, boots",Winter,8,15,0,December,2024-12-12,Thursday,38004995,nan,Unknown,"(30.28, 44.66]"
Berlin,2024-12-13,37.0,32.8,34.6,31.0,26.6,28.9,29.8,82.7,0.0,0.0,0.0,Unknown,0.0,0.0,17.7,10.8,138.9,1031.7,63.9,15.4,27.8,2.5,3,22.128353498158862,08:09:38,15:52:07,0.43,partially cloudy,Partly cloudy throughout the day.,partly-cloudy-day,"00427,07389,03987,00403,E2835,00433,00400",Unknown,"🧥 Heavy coat, thermal wear, gloves, boots",Winter,8,15,0,December,2024-12-13,Friday,4604304,nan,afro adura,"(30.28, 44.66]"
Berlin,2024-12-14,37.5,29.6,32.8,29.9,20.9,25.2,30.1,89.7,0.04,100.0,12.5,"rain,snow",0.0,0.0,25.1,12.1,239.3,1017.1,80.7,6.7,6.9,0.5,0,22.128353498158862,08:10:32,15:52:11,0.47,"snow, rain, partially cloudy",Partly cloudy throughout the day with late afternoon rain or snow.,rain,"00427,07389,03987,00403,E2835,00433,00400",Unknown,"🧥 Heavy coat, thermal wear, gloves, boots ☔ (Umbrella recommended) ❄️ (Snow boots suggested)",Winter,8,15,0,December,2024-12-14,Saturday,91572305,nan,Unknown,"(30.28, 44.66]"
Berlin,2024-12-15,46.9,38.3,41.9,40.6,30.9,34.9,39.9,92.6,0.091,100.0,79.17,rain,0.0,0.0,33.3,15.5,261.2,1018.2,99.7,9.8,12.2,1.0,1,22.128353498158862,08:11:23,15:52:19,0.5,"rain, overcast",Cloudy skies throughout the day with a chance of rain throughout the day.,rain,"00427,07389,03987,00403,E2835,00433,00400",Unknown,"🧥 Coat or insulated jacket, boots ☔ (Umbrella recommended)",Winter,8,15,0,December,2024-12-15,Sunday,99269,nan,Unknown,"(30.28, 44.66]"
Berlin,2024-12-16,52.5,47.9,50.1,52.5,41.9,47.4,46.8,88.5,0.046,100.0,29.17,rain,0.0,0.0,38.5,20.4,263.9,1021.1,100.0,16.8,19.0,1.7,2,22.128353498158862,08:12:11,15:52:30,0.53,"rain, overcast",Cloudy skies throughout the day with rain.,rain,"00427,07389,03987,00403,E2835,00433,00400",Unknown,"🧥 Coat or insulated jacket, boots ☔ (Umbrella recommended)",Winter,8,15,0,December,2024-12-16,Monday,13842855,afrobeats,afrobeats,"(44.66, 59.04]"
Berlin,2024-12-17,49.5,47.7,48.8,44.2,41.9,43.5,42.6,79.2,0.0,0.0,0.0,Unknown,0.0,0.0,34.7,18.6,262.8,1023.4,99.2,23.5,10.3,1.0,1,22.128353498158862,08:12:56,15:52:45,0.57,overcast,Cloudy skies throughout the day.,cloudy,"00427,07389,03987,00403,E2835,00433,00400",Unknown,"🧥 Coat or insulated jacket, boots",Winter,8,15,0,December,2024-12-17,Tuesday,3801201,nan,Unknown,"(44.66, 59.04]"
Berlin,2024-12-18,53.7,43.5,48.0,53.7,38.7,45.4,40.9,76.3,0.003,100.0,4.17,rain,0.0,0.0,30.2,15.0,209.4,1014.6,84.8,24.5,19.3,1.7,2,22.128353498158862,08:13:38,15:53:03,0.6,"rain, partially cloudy",Partly cloudy throughout the day with afternoon rain.,rain,"00427,07389,03987,00403,E2835,00433,00400",Unknown,"🧥 Coat or insulated jacket, boots ☔ (Umbrella recommended)",Winter,8,15,0,December,2024-12-18,Wednesday,25478911,nan,Unknown,"(44.66, 59.04]"
Berlin,2024-12-19,56.0,43.2,51.7,56.0,35.6,50.2,45.2,78.5,0.061,100.0,33.33,rain,0.0,0.0,34.0,20.1,227.6,998.8,95.6,22.6,13.4,1.1,1,22.128353498158862,08:14:16,15:53:25,0.63,"rain, overcast",Cloudy skies throughout the day with rain.,rain,"00427,07389,03987,00403,E2835,00433,00400",Unknown,"🧥 Coat or insulated jacket, boots ☔ (Umbrella recommended)",Winter,8,15,0,December,2024-12-19,Thursday,123687091,nan,hiplife,"(44.66, 59.04]"
Berlin,2024-12-20,43.0,38.7,41.9,35.8,32.3,34.4,35.0,76.5,0.0,0.0,0.0,Unknown,0.0,0.0,34.4,19.1,268.0,1011.0,54.7,23.5,39.8,3.5,3,22.128353498158862,08:14:52,15:53:50,0.66,partially cloudy,Partly cloudy throughout the day.,partly-cloudy-day,"00427,07389,03987,00403,E2835,00433,00400",Unknown,"🧥 Coat or insulated jacket, boots",Winter,8,15,0,December,2024-12-20,Friday,34815353,nan,Unknown,"(30.28, 44.66]"
Berlin,2024-12-21,43.7,36.5,40.3,37.9,29.6,33.5,35.1,81.8,0.036,100.0,20.83,rain,0.0,0.0,30.9,15.4,213.0,1012.6,91.3,21.7,11.5,1.0,1,22.128353498158862,08:15:23,15:54:19,0.7,"rain, overcast",Cloudy skies throughout the day with rain.,rain,"00427,07389,03987,00403,E2835,00433,00400",Unknown,"🧥 Heavy coat, thermal wear, gloves, boots ☔ (Umbrella recommended)",Winter,8,15,0,December,2024-12-21,Saturday,79724001,nan,hiplife,"(30.28, 44.66]"
Berlin,2024-12-22,45.0,38.8,42.4,39.6,32.8,36.6,38.9,87.5,0.149,100.0,37.5,rain,0.0,0.0,30.6,14.9,230.5,996.7,89.8,19.6,12.6,1.0,1,22.128353498158862,08:15:52,15:54:51,0.75,"rain, partially cloudy",Partly cloudy throughout the day with a chance of rain throughout the day.,rain,"00427,07389,03987,00403,E2835,00433,00400",Unknown,"🧥 Coat or insulated jacket, boots ☔ (Umbrella recommended)",Winter,8,15,0,December,2024-12-22,Sunday,4813700,nan,Unknown,"(30.28, 44.66]"
Berlin,2024-12-23,41.4,37.1,39.3,35.4,29.3,32.6,35.8,87.3,0.102,100.0,54.17,rain,0.0,0.0,26.6,12.3,249.2,1005.7,91.4,19.0,15.0,1.4,1,22.128353498158862,08:16:17,15:55:27,0.76,"rain, overcast",Cloudy skies throughout the day with rain.,rain,"00427,07389,03987,00403,E2835,00433,00400",Unknown,"🧥 Heavy coat, thermal wear, gloves, boots ☔ (Umbrella recommended)",Winter,8,15,0,December,2024-12-23,Monday,42069978,afrobeat,afrobeats,"(30.28, 44.66]"
Berlin,2024-12-24,40.1,33.8,38.2,36.5,28.8,32.7,34.5,86.6,0.0,0.0,0.0,Unknown,0.0,0.0,21.9,13.1,277.3,1023.7,82.3,22.7,12.7,1.1,1,22.128353498158862,08:16:38,15:56:06,0.79,partially cloudy,Partly cloudy throughout the day.,partly-cloudy-day,"00427,07389,03987,00403,E2835,00433,00400",Unknown,"🧥 Heavy coat, thermal wear, gloves, boots",Winter,8,15,0,December,2024-12-24,Tuesday,51463232,nan,Unknown,"(30.28, 44.66]"
Berlin,2024-12-25,41.8,32.4,37.4,39.4,27.4,33.5,35.1,91.3,0.0,0.0,0.0,Unknown,0.0,0.0,12.8,6.5,191.7,1034.6,76.6,14.6,20.1,1.8,1,22.128353498158862,08:16:56,15:56:49,0.82,partially cloudy,Partly cloudy throughout the day.,partly-cloudy-day,"00427,07389,03987,00403,E2835,00433,00400",Unknown,"🧥 Heavy coat, thermal wear, gloves, boots",Winter,8,15,0,December,2024-12-25,Wednesday,139171865,afrobeat,afrobeats,"(30.28, 44.66]"
Berlin,2024-12-26,43.8,39.4,41.9,41.9,36.7,39.9,41.6,99.1,0.019,100.0,37.5,rain,0.0,0.0,7.8,4.9,193.7,1038.1,99.1,1.8,11.1,0.8,1,22.128353498158862,08:17:10,15:57:34,0.86,"rain, overcast",Cloudy skies throughout the day with a chance of rain throughout the day.,rain,"00427,07389,03987,00403,E2835,00433,00400",Unknown,"🧥 Coat or insulated jacket, boots ☔ (Umbrella recommended)",Winter,8,15,0,December,2024-12-26,Thursday,2572188,afrobeat,afrobeat,"(30.28, 44.66]"
Berlin,2024-12-27,38.9,32.9,35.6,38.2,31.1,33.9,35.6,99.8,0.0,0.0,0.0,Unknown,0.0,0.0,6.7,4.9,164.4,1036.1,99.1,0.6,16.6,1.4,1,22.128353498158862,08:17:21,15:58:23,0.89,overcast,Cloudy skies throughout the day.,fog,"00427,07389,03987,00403,E2835,00433,00400",Unknown,"🧥 Heavy coat, thermal wear, gloves, boots",Winter,8,15,0,December,2024-12-27,Friday,16294428,lullaby,lullaby,"(30.28, 44.66]"
Berlin,2024-12-28,32.1,28.0,30.0,32.1,24.1,28.5,29.7,99.0,0.0,0.0,0.0,Unknown,0.0,0.0,7.6,4.0,190.9,1030.9,91.6,0.6,13.7,1.3,1,22.128353498158862,08:17:29,15:59:16,0.92,overcast,Cloudy skies throughout the day.,fog,"00427,07389,03987,00403,E2835,00433,00400",Unknown,"🧥 Heavy coat, thermal wear, gloves, boots",Winter,8,15,0,December,2024-12-28,Saturday,59246168,nan,Unknown,"(15.828, 30.28]"
Berlin,2024-12-29,35.4,25.9,29.9,29.2,20.4,24.4,29.3,97.3,0.0,0.0,0.0,Unknown,0.0,0.0,21.5,13.2,241.0,1027.1,61.5,3.7,16.5,1.4,2,22.128353498158862,08:17:32,16:00:11,0.95,partially cloudy,Partly cloudy throughout the day.,partly-cloudy-day,"00427,07389,03987,00403,E2835,00433,00400",Unknown,"🧥 Heavy coat, thermal wear, gloves, boots",Winter,8,16,0,December,2024-12-29,Sunday,71950,highlife,afrobeat,"(15.828, 30.28]"
Berlin,2024-12-30,37.4,30.2,35.2,28.6,21.3,25.6,32.8,91.1,0.012,100.0,12.5,"rain,snow",0.0,0.0,23.9,19.7,226.8,1025.8,86.1,4.6,9.5,0.9,1,22.128353498158862,08:17:33,16:01:10,0.0,"snow, rain, partially cloudy",Partly cloudy throughout the day with rain or snow clearing later.,rain,"00427,07389,03987,10385099999,00403,EDDB,E2835,00433,00400",Unknown,"🧥 Heavy coat, thermal wear, gloves, boots ☔ (Umbrella recommended) ❄️ (Snow boots suggested)",Winter,8,16,0,December,2024-12-30,Monday,40041556,nan,Unknown,"(30.28, 44.66]"
Berlin,2024-12-31,37.4,28.4,33.3,31.4,20.4,25.1,30.3,88.8,0.0,0.0,0.0,Unknown,0.0,0.0,25.3,15.0,225.8,1023.5,70.2,5.9,42.0,3.6,2,22.128353498158862,08:17:29,16:02:11,0.02,partially cloudy,Partly cloudy throughout the day.,partly-cloudy-day,"10385099999,EDDB,E2835",Unknown,"🧥 Heavy coat, thermal wear, gloves, boots",Winter,8,16,0,December,2024-12-31,Tuesday,37585684,lullaby,lullaby,"(30.28, 44.66]"
Tokyo,2025-01-01,52.5,40.4,44.9,52.5,34.9,42.5,19.7,37.2,0.0,0.0,0.0,Unknown,0.0,0.0,22.4,10.3,319.6,1015.2,1.6,14.3,124.9,10.8,5,10.0,06:50:40,16:38:06,0.04,clear,Clear conditions throughout the day.,clear-day,"47662099999,47670099999,47642043313,47680099999,47626099999,47682099999",Unknown,"🧥 Coat or insulated jacket, boots",Winter,6,16,0,January,2025-01-01,Wednesday,72911063,nan,afrobeats,"(44.66, 59.04]"
Tokyo,2025-01-02,56.5,36.3,45.9,56.5,32.3,44.5,28.5,51.6,0.0,0.0,0.0,Unknown,0.0,0.0,15.4,5.7,358.1,1015.3,14.4,13.6,127.5,11.1,5,10.0,06:50:50,16:38:52,0.08,clear,Clear conditions throughout the day.,clear-day,"47662099999,47670099999,47642043313,47680099999,47626099999,47682099999",Unknown,"🧥 Coat or insulated jacket, boots",Winter,6,16,0,January,2025-01-02,Thursday,48018399,nan,Unknown,"(44.66, 59.04]"
Tokyo,2025-01-03,44.4,39.5,42.0,41.3,35.3,39.2,34.6,75.0,0.0,0.0,0.0,rain,0.0,0.0,16.6,9.1,27.6,1014.8,57.4,13.1,45.9,4.0,2,10.0,06:50:58,16:39:40,0.11,partially cloudy,Partly cloudy throughout the day.,partly-cloudy-day,"47662099999,47670099999,47642043313,47680099999,47626099999,47682099999",Unknown,"🧥 Coat or insulated jacket, boots",Winter,6,16,0,January,2025-01-03,Friday,85634098,nan,hiplife,"(30.28, 44.66]"
Tokyo,2025-01-04,48.8,35.3,41.1,45.9,27.8,38.3,24.4,54.4,0.0,0.0,0.0,Unknown,0.0,0.0,18.3,10.1,357.5,1019.3,24.8,13.6,129.4,11.2,5,10.0,06:51:05,16:40:30,0.15,partially cloudy,Partly cloudy throughout the day.,partly-cloudy-day,"47662099999,47671099999,47670099999,47642043313,47680099999,47626099999,47682099999",Unknown,"🧥 Coat or insulated jacket, boots",Winter,6,16,0,January,2025-01-04,Saturday,24345288,afrobeat,afrobeat,"(30.28, 44.66]"
Tokyo,2025-01-05,48.8,33.0,40.4,47.1,27.6,38.2,26.4,58.0,0.0,0.0,0.0,Unknown,0.0,0.0,14.1,5.8,349.9,1023.2,13.6,13.3,118.1,10.3,5,10.0,06:51:09,16:41:20,0.19,clear,Clear conditions throughout the day.,clear-day,"47662099999,47670099999,47642043313,47680099999,47626099999,47682099999",Unknown,"🧥 Heavy coat, thermal wear, gloves, boots",Winter,6,16,0,January,2025-01-05,Sunday,33281390,nan,Unknown,"(30.28, 44.66]"
Tokyo,2025-01-06,46.1,35.1,40.1,45.0,33.3,37.6,31.8,73.8,0.672,100.0,29.17,rain,0.0,0.0,28.0,9.3,338.7,1015.1,64.9,9.1,80.0,6.7,4,10.0,06:51:11,16:42:11,0.22,"rain, partially cloudy",Partly cloudy throughout the day with rain.,rain,"47662099999,47670099999,47642043313,47680099999,47626099999,47682099999",Unknown,"🧥 Heavy coat, thermal wear, gloves, boots ☔ (Umbrella recommended)",Winter,6,16,0,January,2025-01-06,Monday,13347470,afrobeat,alté,"(30.28, 44.66]"
Tokyo,2025-01-07,55.0,39.6,46.4,55.0,39.4,45.0,37.3,73.9,0.342,100.0,4.17,rain,0.0,0.0,27.5,11.3,300.8,1000.9,31.7,11.8,87.2,7.5,4,10.0,06:51:12,16:43:03,0.25,"rain, partially cloudy",Clearing in the afternoon with early morning rain.,rain,"47662099999,47671099999,47670099999,47642043313,47680099999,47626099999,47682099999,RJTT",Unknown,"🧥 Coat or insulated jacket, boots ☔ (Umbrella recommended)",Winter,6,16,0,January,2025-01-07,Tuesday,57109574,nan,alté,"(44.66, 59.04]"
Tokyo,2025-01-08,52.4,37.4,44.4,52.4,34.3,41.8,20.1,38.4,0.0,0.0,0.0,Unknown,0.0,0.0,19.7,13.8,256.4,1008.1,11.5,13.2,131.0,11.3,5,10.0,06:51:10,16:43:57,0.29,clear,Clear conditions throughout the day.,clear-day,"47662099999,47671099999,47727099999,47670099999,47642043313,47680099999,RJTY,47626099999,47682099999,RJTT,RJAA",Unknown,"🧥 Coat or insulated jacket, boots",Winter,6,16,0,January,2025-01-08,Wednesday,14082227,nan,Unknown,"(30.28, 44.66]"
Tokyo,2025-01-09,53.7,38.4,44.2,53.7,32.7,40.7,19.3,37.8,0.0,0.0,0.0,Unknown,0.0,0.0,27.1,11.8,236.7,1007.6,4.5,13.1,138.0,11.9,5,10.0,06:51:07,16:44:51,0.33,clear,Clear conditions throughout the day.,clear-day,"47662099999,47671099999,47670099999,47680099999,47642043313,47626099999,47682099999",Unknown,"🧥 Coat or insulated jacket, boots",Winter,6,16,0,January,2025-01-09,Thursday,30274774,nan,Unknown,"(30.28, 44.66]"
Tokyo,2025-01-10,47.9,34.1,40.3,43.7,26.6,35.3,13.5,33.9,0.0,0.0,0.0,Unknown,0.0,0.0,30.4,15.0,295.1,1013.8,2.6,13.9,140.4,12.1,6,10.0,06:51:01,16:45:46,0.36,clear,Clear conditions throughout the day.,clear-day,"47662099999,47670099999,47642043313,47680099999,RJTY,47626099999,47682099999,RJTT,RJAA",Unknown,"🧥 Heavy coat, thermal wear, gloves, boots 🕶️ (Sunscreen & sunglasses)",Winter,6,16,0,January,2025-01-10,Friday,9185730,afrobeat,afrobeat,"(30.28, 44.66]"
Tokyo,2025-01-11,51.2,33.7,41.5,51.2,27.5,39.0,19.2,41.7,0.0,0.0,0.0,Unknown,0.0,0.0,19.7,9.1,304.0,1021.0,4.8,14.4,140.6,12.1,6,10.0,06:50:54,16:46:42,0.4,clear,Clear conditions throughout the day.,clear-day,"47662099999,47670099999,47642043313,47680099999,47626099999,47682099999",Unknown,"🧥 Coat or insulated jacket, boots 🕶️ (Sunscreen & sunglasses)",Winter,6,16,0,January,2025-01-11,Saturday,9356137,nan,afro adura,"(30.28, 44.66]"
Tokyo,2025-01-12,46.2,37.1,41.5,46.2,33.6,39.4,29.1,61.6,0.0,0.0,0.0,Unknown,0.0,0.0,11.0,6.8,332.2,1019.2,67.0,12.6,78.9,6.9,4,10.0,06:50:44,16:47:39,0.44,partially cloudy,Partly cloudy throughout the day.,partly-cloudy-day,"47662099999,47671099999,47727099999,47670099999,47642043313,47680099999,47626099999,47682099999,RJTT",Unknown,"🧥 Coat or insulated jacket, boots",Winter,6,16,0,January,2025-01-12,Sunday,40113330,nan,Unknown,"(30.28, 44.66]"
Tokyo,2025-01-13,55.0,34.6,44.4,55.0,34.3,42.3,26.6,52.0,0.0,0.0,0.0,Unknown,0.0,0.0,30.2,17.2,319.8,1016.5,14.4,13.9,141.4,12.1,6,10.0,06:50:33,16:48:36,0.47,clear,Clear conditions throughout the day.,clear-day,"47662099999,47670099999,47642043313,47680099999,47626099999,47682099999",Unknown,"🧥 Coat or insulated jacket, boots 🕶️ (Sunscreen & sunglasses)",Winter,6,16,0,January,2025-01-13,Monday,52003664,nan,Unknown,"(30.28, 44.66]"
Tokyo,2025-01-14,54.2,34.9,43.6,54.2,34.9,42.7,28.1,55.2,0.0,0.0,0.0,Unknown,0.0,0.0,9.6,7.9,302.6,1018.6,4.1,11.7,139.5,12.0,6,10.0,06:50:20,16:49:34,0.5,clear,Clear conditions throughout the day.,clear-day,"47662099999,47670099999,47642043313,47680099999,47626099999,47682099999",Unknown,"🧥 Coat or insulated jacket, boots 🕶️ (Sunscreen & sunglasses)",Winter,6,16,0,January,2025-01-14,Tuesday,30431395,nan,Unknown,"(30.28, 44.66]"
Tokyo,2025-01-15,58.3,37.5,45.8,58.3,34.6,44.0,28.5,52.4,0.0,0.0,0.0,Unknown,0.0,0.0,24.8,14.9,299.3,1012.0,15.5,12.5,135.3,11.8,5,10.0,06:50:05,16:50:33,0.54,clear,Clear conditions throughout the day.,clear-day,"47662099999,47670099999,47642043313,47680099999,47626099999,47682099999",Unknown,"🧥 Coat or insulated jacket, boots",Winter,6,16,0,January,2025-01-15,Wednesday,35667877,nan,Unknown,"(44.66, 59.04]"
Tokyo,2025-01-17,48.8,34.1,40.9,44.7,30.5,35.9,20.2,45.2,0.0,0.0,0.0,Unknown,0.0,0.0,29.8,14.9,320.3,1017.4,2.7,14.3,143.4,12.4,6,10.0,06:49:29,16:52:32,0.6,clear,Clear conditions throughout the day.,clear-day,"47662099999,47670099999,47642043313,47680099999,47626099999,47682099999",Unknown,"🧥 Heavy coat, thermal wear, gloves, boots 🕶️ (Sunscreen & sunglasses)",Winter,6,16,0,January,2025-01-17,Friday,11147246,disco,italo disco,"(30.28, 44.66]"
Tokyo,2025-01-18,47.9,35.0,40.2,45.8,29.8,37.0,21.1,46.6,0.0,0.0,0.0,Unknown,0.0,0.0,14.1,7.1,23.3,1023.6,6.0,13.4,131.9,11.3,5,10.0,06:49:08,16:53:32,0.63,clear,Clear conditions throughout the day.,clear-day,"47662099999,47670099999,47642043313,47680099999,47626099999,47682099999",Unknown,"🧥 Heavy coat, thermal wear, gloves, boots",Winter,6,16,0,January,2025-01-18,Saturday,47706276,nan,Unknown,"(30.28, 44.66]"
Tokyo,2025-01-19,47.4,35.3,42.4,47.4,31.2,39.9,27.3,55.5,0.0,0.0,0.0,rain,0.0,0.0,14.5,10.2,331.9,1020.8,69.7,11.1,120.2,10.3,5,10.0,06:48:45,16:54:33,0.67,partially cloudy,Partly cloudy throughout the day.,partly-cloudy-day,"47662099999,47670099999,47642043313,47680099999,47626099999,47682099999",Unknown,"🧥 Coat or insulated jacket, boots",Winter,6,16,0,January,2025-01-19,Sunday,16490500,alté,afro adura,"(30.28, 44.66]"
Tokyo,2025-01-20,56.0,41.3,48.4,56.0,38.4,47.6,39.1,71.1,0.02,100.0,8.33,rain,0.0,0.0,13.0,6.0,11.2,1012.3,61.5,9.6,108.8,9.4,5,10.0,06:48:20,16:55:34,0.7,"rain, partially cloudy",Partly cloudy throughout the day with rain.,rain,"47662099999,47671099999,47670099999,47642043313,47680099999,47626099999,47682099999",Unknown,"🧥 Coat or insulated jacket, boots ☔ (Umbrella recommended)",Winter,6,16,0,January,2025-01-20,Monday,108308064,nan,afro adura,"(44.66, 59.04]"
Tokyo,2025-01-21,55.9,45.6,48.9,55.9,42.5,47.7,39.6,71.0,0.0,0.0,0.0,rain,0.0,0.0,16.1,7.0,4.5,1015.3,56.5,11.6,78.8,6.9,3,10.0,06:47:54,16:56:36,0.73,partially cloudy,Partly cloudy throughout the day.,partly-cloudy-day,"47662099999,47670099999,47642043313,47680099999,47626099999,47682099999",Unknown,"🧥 Coat or insulated jacket, boots",Winter,6,16,0,January,2025-01-21,Tuesday,88417264,nan,Unknown,"(44.66, 59.04]"
Tokyo,2025-01-22,54.8,40.3,46.9,54.8,35.0,45.4,26.5,46.2,0.0,0.0,0.0,Unknown,0.0,0.0,17.4,8.0,353.1,1020.0,5.6,13.4,150.3,13.0,6,10.0,06:47:25,16:57:37,0.75,clear,Clear conditions throughout the day.,clear-day,"47662099999,47670099999,47642043313,47680099999,47626099999,47682099999",Unknown,"🧥 Coat or insulated jacket, boots 🕶️ (Sunscreen & sunglasses)",Winter,6,16,0,January,2025-01-22,Wednesday,73126069,nan,Unknown,"(44.66, 59.04]"
Tokyo,2025-01-23,56.5,40.7,47.5,56.5,37.5,46.0,35.3,63.2,0.0,0.0,0.0,Unknown,0.0,0.0,12.1,8.6,336.3,1021.6,40.9,9.5,132.8,11.6,5,10.0,06:46:55,16:58:39,0.79,partially cloudy,Partly cloudy throughout the day.,partly-cloudy-day,"47727099999,47670099999,47642043313,47680099999,RJTI,RJTF,47679043319,47662099999,47687099999,47671099999,47643099999,RJTY,47626099999,47682099999,RJTT,RJAA",Unknown,"🧥 Coat or insulated jacket, boots",Winter,6,16,0,January,2025-01-23,Thursday,20952205,variété française,variété française,"(44.66, 59.04]"
Tokyo,2025-01-25,48.0,41.5,44.5,44.7,37.7,41.7,34.9,70.3,0.019,100.0,4.17,rain,0.0,0.0,18.1,7.1,11.8,1020.7,62.5,11.2,53.0,4.6,2,10.0,06:45:50,17:00:44,0.86,"rain, partially cloudy",Partly cloudy throughout the day with early morning rain.,rain,"47662099999,47670099999,47642043313,47680099999,47626099999,47682099999",Unknown,"🧥 Coat or insulated jacket, boots ☔ (Umbrella recommended)",Winter,6,17,0,January,2025-01-25,Saturday,10778884,nan,italo disco,"(30.28, 44.66]"
Tokyo,2025-01-26,53.0,38.5,44.5,53.0,33.3,41.6,24.5,46.6,0.0,0.0,0.0,Unknown,0.0,0.0,30.0,15.1,335.1,1017.8,1.6,14.4,158.7,13.6,6,10.0,06:45:14,17:01:47,0.89,clear,Clear conditions throughout the day.,clear-day,"47662099999,47670099999,47642043313,47680099999,47626099999,47682099999",Unknown,"🧥 Coat or insulated jacket, boots 🕶️ (Sunscreen & sunglasses)",Winter,6,17,0,January,2025-01-26,Sunday,3707953,nan,Unknown,"(30.28, 44.66]"
Tokyo,2025-01-27,49.2,36.8,43.4,48.4,33.4,41.2,27.6,54.4,0.0,0.0,0.0,Unknown,0.0,0.0,17.0,7.9,116.4,1014.7,44.6,13.5,118.1,10.2,5,10.0,06:44:37,17:02:50,0.92,partially cloudy,Partly cloudy throughout the day.,partly-cloudy-day,"47662099999,47670099999,47642043313,47680099999,47626099999,47682099999",Unknown,"🧥 Coat or insulated jacket, boots",Winter,6,17,0,January,2025-01-27,Monday,89947084,nan,afrobeats,"(30.28, 44.66]"
Tokyo,2025-01-28,55.2,40.7,47.1,55.2,37.4,45.4,30.4,52.4,0.0,0.0,0.0,rain,0.0,0.0,15.4,8.2,340.1,1007.5,25.9,11.9,138.0,11.9,6,10.0,06:43:58,17:03:53,0.96,partially cloudy,Partly cloudy throughout the day.,partly-cloudy-day,"47662099999,47670099999,47642043313,47680099999,47626099999,47682099999",Unknown,"🧥 Coat or insulated jacket, boots 🕶️ (Sunscreen & sunglasses)",Winter,6,17,0,January,2025-01-28,Tuesday,89849810,nan,afrobeats,"(44.66, 59.04]"
Tokyo,2025-01-29,53.3,38.2,44.7,53.3,33.4,42.2,19.8,37.9,0.0,0.0,0.0,Unknown,0.0,0.0,25.1,11.8,238.6,1009.6,2.9,13.4,163.9,14.1,6,10.0,06:43:18,17:04:55,0.0,clear,Clear conditions throughout the day.,clear-day,"47662099999,47670099999,47642043313,47680099999,47626099999,47682099999",Unknown,"🧥 Coat or insulated jacket, boots 🕶️ (Sunscreen & sunglasses)",Winter,6,17,0,January,2025-01-29,Wednesday,38052981,nan,Unknown,"(44.66, 59.04]"
Tokyo,2025-01-30,51.8,35.4,43.6,51.8,34.2,42.1,20.0,41.3,0.0,0.0,0.0,Unknown,0.0,0.0,19.7,8.1,316.8,1013.2,2.0,14.3,159.7,13.7,6,10.0,06:42:35,17:05:58,0.02,clear,Clear conditions throughout the day.,clear-day,"47662099999,47670099999,47642043313,47680099999,47626099999,47682099999",Unknown,"🧥 Coat or insulated jacket, boots 🕶️ (Sunscreen & sunglasses)",Winter,6,17,0,January,2025-01-30,Thursday,19202597,nan,Unknown,"(30.28, 44.66]"
Tokyo,2025-01-31,53.8,37.1,44.8,53.8,33.8,42.6,19.7,37.7,0.0,0.0,0.0,Unknown,0.0,0.0,15.9,10.2,325.9,1019.5,5.4,14.3,161.2,14.0,6,10.0,06:41:51,17:07:01,0.06,clear,Clear conditions throughout the day.,clear-day,"47662099999,47670099999,47642043313,47680099999,47626099999,47682099999",Unknown,"🧥 Coat or insulated jacket, boots 🕶️ (Sunscreen & sunglasses)",Winter,6,17,0,January,2025-01-31,Friday,30703077,nan,Unknown,"(44.66, 59.04]"
Tokyo,2025-02-01,52.4,38.0,45.3,52.4,31.7,43.4,26.8,49.1,0.0,0.0,0.0,Unknown,0.0,0.0,9.8,9.4,32.8,1021.2,20.6,12.4,152.9,13.4,6,10.0,06:41:06,17:08:04,0.09,partially cloudy,Partly cloudy throughout the day.,partly-cloudy-day,"47662099999,47670099999,47642043313,47680099999,RJTY,47626099999,47682099999,RJTT,RJAA",Unknown,"🧥 Coat or insulated jacket, boots 🕶️ (Sunscreen & sunglasses)",Winter,6,17,0,February,2025-02-01,Saturday,16236148,nan,Unknown,"(44.66, 59.04]"
Tokyo,2025-02-02,47.9,37.8,40.7,45.9,31.8,37.4,37.4,88.6,0.276,100.0,25.0,rain,0.0,0.0,19.9,8.1,336.2,1016.8,92.5,8.1,33.7,3.0,2,10.0,06:40:19,17:09:07,0.13,"rain, overcast",Cloudy skies throughout the day with a chance of rain throughout the day.,rain,"47662099999,47670099999,47642043313,47680099999,47626099999,47682099999",Unknown,"🧥 Heavy coat, thermal wear, gloves, boots ☔ (Umbrella recommended)",Winter,6,17,0,February,2025-02-02,Sunday,120234335,nan,afrobeats,"(30.28, 44.66]"
Tokyo,2025-02-03,48.3,39.5,43.1,47.9,35.5,41.2,35.2,74.5,0.0,0.0,0.0,Unknown,0.0,0.0,12.1,6.9,324.5,1008.3,80.4,10.6,82.2,7.1,4,10.0,06:39:30,17:10:09,0.16,partially cloudy,Partly cloudy throughout the day.,partly-cloudy-day,"47662099999,47670099999,47642043313,47680099999,47626099999,47682099999",Unknown,"🧥 Coat or insulated jacket, boots",Winter,6,17,0,February,2025-02-03,Monday,24192582,nan,Unknown,"(30.28, 44.66]"
Tokyo,2025-02-04,50.2,37.7,43.0,50.2,32.8,39.9,27.4,56.0,0.0,0.0,0.0,"rain,snow",0.0,0.0,19.5,9.2,306.7,999.4,34.6,12.6,119.8,10.2,5,10.0,06:38:40,17:11:12,0.2,partially cloudy,Becoming cloudy in the afternoon.,partly-cloudy-day,"47662099999,47670099999,47642043313,47680099999,47626099999,47682099999",Unknown,"🧥 Coat or insulated jacket, boots",Winter,6,17,0,February,2025-02-04,Tuesday,25348088,nan,Unknown,"(30.28, 44.66]"
Tokyo,2025-02-05,46.1,33.2,39.5,43.2,28.1,34.5,16.8,41.8,0.0,0.0,0.0,Unknown,0.0,0.0,25.9,15.1,256.3,1001.4,14.5,14.4,162.9,14.0,6,10.0,06:37:49,17:12:14,0.25,clear,Clear conditions throughout the day.,clear-day,"47662099999,47670099999,47642043313,47680099999,47626099999,47682099999",Unknown,"🧥 Heavy coat, thermal wear, gloves, boots 🕶️ (Sunscreen & sunglasses)",Winter,6,17,0,February,2025-02-05,Wednesday,31772881,nan,Unknown,"(30.28, 44.66]"
Tokyo,2025-02-06,47.5,31.5,39.2,46.3,24.5,35.1,14.1,36.3,0.0,0.0,0.0,Unknown,0.0,0.0,19.9,10.6,216.3,1008.3,6.2,14.3,168.0,14.6,6,10.0,06:36:56,17:13:16,0.27,clear,Clear conditions throughout the day.,clear-day,"47662099999,47670099999,47642043313,47680099999,47626099999,47682099999",Unknown,"🧥 Heavy coat, thermal wear, gloves, boots 🕶️ (Sunscreen & sunglasses)",Winter,6,17,0,February,2025-02-06,Thursday,6525525,highlife,highlife,"(30.28, 44.66]"
Tokyo,2025-02-08,48.4,33.1,40.3,43.6,21.0,33.9,16.4,38.5,0.0,0.0,0.0,Unknown,0.0,0.0,37.4,22.2,306.8,1006.7,5.8,13.6,172.5,14.8,6,10.0,06:35:05,17:15:20,0.34,clear,Clear conditions throughout the day.,clear-day,"47662099999,47671099999,47670099999,47686099999,47642043313,47680099999,RJTY,47626099999,47682099999,RJTT,RJAA",Unknown,"🧥 Heavy coat, thermal wear, gloves, boots 🕶️ (Sunscreen & sunglasses)",Winter,6,17,0,February,2025-02-08,Saturday,10425972,nan,Unknown,"(30.28, 44.66]"
Tokyo,2025-02-09,52.0,34.1,41.2,52.0,28.3,37.3,15.5,36.5,0.0,0.0,0.0,Unknown,0.0,0.0,27.1,10.2,320.2,1014.8,2.1,14.4,180.4,15.6,7,10.0,06:34:08,17:16:22,0.38,clear,Clear conditions throughout the day.,clear-day,"47662099999,47670099999,47642043313,47680099999,47626099999,47682099999",Unknown,"🧥 Coat or insulated jacket, boots 🕶️ (Sunscreen & sunglasses)",Winter,6,17,0,February,2025-02-09,Sunday,61612921,nan,Unknown,"(30.28, 44.66]"
Tokyo,2025-02-10,51.9,31.8,41.7,51.9,25.7,38.9,18.6,40.7,0.0,0.0,0.0,Unknown,0.0,0.0,16.1,7.9,311.7,1016.3,4.2,13.6,164.2,14.1,7,10.0,06:33:09,17:17:23,0.41,clear,Clear conditions throughout the day.,clear-day,"47662099999,47670099999,47642043313,47680099999,RJTY,47626099999,47682099999,RJTT,RJAA",Unknown,"🧥 Coat or insulated jacket, boots 🕶️ (Sunscreen & sunglasses)",Winter,6,17,0,February,2025-02-10,Monday,4847559,gregorian chant,afrobeats,"(30.28, 44.66]"
Tokyo,2025-02-11,49.4,33.2,41.4,44.2,30.1,37.0,19.8,43.3,0.0,0.0,0.0,Unknown,0.0,0.0,31.1,17.2,320.3,1020.1,2.6,13.4,182.1,15.8,7,10.0,06:32:09,17:18:24,0.45,clear,Clear conditions throughout the day.,clear-day,"47662099999,47670099999,47642043313,47680099999,RJTY,47626099999,47682099999,RJTT,RJAA",Unknown,"🧥 Coat or insulated jacket, boots 🕶️ (Sunscreen & sunglasses)",Winter,6,17,0,February,2025-02-11,Tuesday,9702857,nan,Unknown,"(30.28, 44.66]"
Tokyo,2025-02-12,54.5,34.8,44.7,54.5,30.7,43.4,28.5,53.4,0.0,0.0,0.0,Unknown,0.0,0.0,46.1,26.6,227.9,1016.9,29.1,10.3,138.7,12.0,6,10.0,06:31:08,17:19:25,0.5,partially cloudy,Partly cloudy throughout the day.,partly-cloudy-day,"47662099999,47687099999,47671099999,47670099999,47686099999,47642043313,47680099999,RJTY,47626099999,47682099999,RJTT,RJAA",Unknown,"🧥 Coat or insulated jacket, boots 🕶️ (Sunscreen & sunglasses)",Winter,6,17,0,February,2025-02-12,Wednesday,43002035,nan,Unknown,"(44.66, 59.04]"
Tokyo,2025-02-13,54.7,39.4,46.9,54.7,29.7,43.0,26.1,46.9,0.0,0.0,0.0,Unknown,0.0,0.0,53.0,30.1,330.6,1004.0,28.6,8.0,185.2,16.0,7,10.0,06:30:06,17:20:25,0.52,partially cloudy,Partly cloudy throughout the day.,wind,"47662099999,47687099999,47671099999,47642043313,47680099999,RJTY,RJTT",Unknown,"🧥 Coat or insulated jacket, boots 🕶️ (Sunscreen & sunglasses)",Winter,6,17,0,February,2025-02-13,Thursday,22836076,nan,Unknown,"(44.66, 59.04]"
Tokyo,2025-02-15,55.6,41.8,48.9,55.6,37.1,47.6,30.3,49.8,0.0,0.0,0.0,rain,0.0,0.0,19.7,10.2,176.1,1018.2,15.6,13.7,179.7,15.4,7,10.0,06:27:57,17:22:25,0.58,clear,Clear conditions throughout the day.,clear-day,"47662099999,47670099999,47642043313,47680099999,47626099999,47682099999",Unknown,"🧥 Coat or insulated jacket, boots 🕶️ (Sunscreen & sunglasses)",Winter,6,17,0,February,2025-02-15,Saturday,72278099,nan,Unknown,"(44.66, 59.04]"
Tokyo,2025-02-16,61.0,45.8,52.4,61.0,43.9,51.8,36.4,55.9,0.0,0.0,0.0,Unknown,0.0,0.0,12.1,9.0,58.1,1011.1,54.8,12.3,158.4,13.7,7,10.0,06:26:51,17:23:25,0.61,partially cloudy,Partly cloudy throughout the day.,partly-cloudy-day,"47662099999,47671099999,47670099999,47642043313,47680099999,47626099999,47682099999,RJTT",Unknown,"🧶 Hoodie or light jacket, jeans 🕶️ (Sunscreen & sunglasses)",Winter,6,17,0,February,2025-02-16,Sunday,41524762,nan,afrobeats,"(44.66, 59.04]"
Tokyo,2025-02-17,57.8,39.8,49.2,57.8,32.3,47.1,31.4,51.4,0.0,0.0,0.0,rain,0.0,0.0,38.0,17.3,325.4,1004.8,35.2,12.3,152.2,13.0,6,10.0,06:25:44,17:24:24,0.65,partially cloudy,Partly cloudy throughout the day.,partly-cloudy-day,"47662099999,47670099999,47642043313,47680099999,47626099999,47682099999",Unknown,"🧥 Coat or insulated jacket, boots 🕶️ (Sunscreen & sunglasses)",Winter,6,17,0,February,2025-02-17,Monday,32180251,nan,Unknown,"(44.66, 59.04]"
Tokyo,2025-02-18,47.3,36.2,41.0,42.7,27.8,35.3,13.0,32.1,0.0,0.0,0.0,snow,0.0,0.0,32.4,14.9,322.8,1010.4,27.8,13.5,177.8,15.2,6,10.0,06:24:36,17:25:23,0.68,partially cloudy,Partly cloudy throughout the day.,partly-cloudy-day,"47662099999,47670099999,47642043313,47680099999,47626099999,47682099999",Unknown,"🧥 Heavy coat, thermal wear, gloves, boots 🕶️ (Sunscreen & sunglasses)",Winter,6,17,0,February,2025-02-18,Tuesday,68340859,nan,afrobeats,"(30.28, 44.66]"
Tokyo,2025-02-19,46.6,33.2,39.2,41.6,27.6,33.5,13.1,35.8,0.0,0.0,0.0,Unknown,0.0,0.0,37.4,14.9,326.4,1013.5,2.5,14.6,197.4,17.1,7,10.0,06:23:26,17:26:21,0.71,clear,Clear conditions throughout the day.,clear-day,"47662099999,47670099999,47642043313,47680099999,47626099999,47682099999",Unknown,"🧥 Heavy coat, thermal wear, gloves, boots 🕶️ (Sunscreen & sunglasses)",Winter,6,17,0,February,2025-02-19,Wednesday,55836930,afrobeat,afrobeats,"(30.28, 44.66]"
Tokyo,2025-02-20,49.2,30.6,40.1,47.0,25.1,36.1,11.6,32.4,0.0,0.0,0.0,Unknown,0.0,0.0,20.4,11.3,311.8,1018.9,20.8,13.4,199.2,17.4,7,10.0,06:22:16,17:27:20,0.74,partially cloudy,Becoming cloudy in the afternoon.,partly-cloudy-day,"47662099999,47671099999,47670099999,47642043313,47680099999,47626099999,47682099999,RJTT",Unknown,"🧥 Heavy coat, thermal wear, gloves, boots 🕶️ (Sunscreen & sunglasses)",Winter,6,17,0,February,2025-02-20,Thursday,65132670,nan,Unknown,"(30.28, 44.66]"
Tokyo,2025-02-21,50.0,35.0,41.8,50.0,26.3,37.1,11.8,29.6,0.0,0.0,0.0,Unknown,0.0,0.0,20.4,16.9,319.2,1020.6,37.1,13.0,191.7,16.7,7,10.0,06:21:05,17:28:18,0.75,partially cloudy,Becoming cloudy in the afternoon.,partly-cloudy-day,"47662099999,47671099999,47670099999,47686099999,47642043313,47680099999,RJTY,47626099999,47682099999,RJTT,RJAA",Unknown,"🧥 Coat or insulated jacket, boots 🕶️ (Sunscreen & sunglasses)",Winter,6,17,0,February,2025-02-21,Friday,31512849,nan,afrobeats,"(30.28, 44.66]"
Tokyo,2025-02-22,46.9,34.9,40.0,44.6,27.7,35.8,15.1,36.3,0.0,0.0,0.0,snow,0.0,0.0,27.7,14.8,322.7,1019.9,28.8,13.9,179.2,15.5,7,10.0,06:19:53,17:29:15,0.81,partially cloudy,Partly cloudy throughout the day.,partly-cloudy-day,"47662099999,47670099999,47642043313,47680099999,47626099999,47682099999",Unknown,"🧥 Heavy coat, thermal wear, gloves, boots 🕶️ (Sunscreen & sunglasses)",Winter,6,17,0,February,2025-02-22,Saturday,122248569,nan,afrobeats,"(30.28, 44.66]"
Tokyo,2025-02-23,50.2,33.0,41.2,50.2,26.3,37.1,11.5,31.0,0.0,0.0,0.0,rain,0.0,0.0,16.8,9.2,313.0,1020.7,28.7,13.9,205.0,17.7,8,10.0,06:18:39,17:30:12,0.84,partially cloudy,Becoming cloudy in the afternoon.,partly-cloudy-day,"47662099999,47670099999,47642043313,47680099999,47626099999,47682099999",Unknown,"🧥 Coat or insulated jacket, boots 🕶️ (Sunscreen & sunglasses)",Winter,6,17,0,February,2025-02-23,Sunday,53519172,afrobeats,afrobeats,"(30.28, 44.66]"
Tokyo,2025-02-24,49.3,32.6,40.6,44.7,27.1,35.9,16.3,38.2,0.0,0.0,0.0,Unknown,0.0,0.0,28.4,13.8,335.0,1018.1,8.0,14.6,202.9,17.6,7,10.0,06:17:25,17:31:09,0.87,clear,Clear conditions throughout the day.,clear-day,"47662099999,47670099999,47642043313,47680099999,47626099999,47682099999",Unknown,"🧥 Heavy coat, thermal wear, gloves, boots 🕶️ (Sunscreen & sunglasses)",Winter,6,17,0,February,2025-02-24,Monday,29284691,afrobeat,afrobeats,"(30.28, 44.66]"
Tokyo,2025-02-25,53.2,34.5,44.4,53.2,30.1,41.9,23.4,44.6,0.0,0.0,0.0,Unknown,0.0,0.0,25.7,12.7,186.2,1023.2,1.2,14.1,217.6,18.8,8,10.0,06:16:10,17:32:06,0.91,clear,Clear conditions throughout the day.,clear-day,"47662099999,47670099999,47642043313,47680099999,47626099999,47682099999",Unknown,"🧥 Coat or insulated jacket, boots 🕶️ (Sunscreen & sunglasses)",Winter,6,17,0,February,2025-02-25,Tuesday,717123,afrobeats,afrobeats,"(30.28, 44.66]"
Tokyo,2025-02-27,59.6,40.7,50.4,59.6,36.8,48.9,26.2,40.6,0.0,0.0,0.0,Unknown,0.0,0.0,15.0,9.1,247.8,1019.6,2.0,13.0,217.5,18.8,8,10.0,06:13:38,17:33:58,0.97,clear,Clear conditions throughout the day.,clear-day,"47662099999,47670099999,47642043313,47680099999,47626099999,47682099999",Unknown,"🧶 Hoodie or light jacket, jeans 🕶️ (Sunscreen & sunglasses)",Winter,6,17,0,February,2025-02-27,Thursday,36617000,nan,Unknown,"(44.66, 59.04]"
Tokyo,2025-02-28,61.0,43.3,51.7,61.0,40.0,50.8,34.7,53.1,0.0,0.0,0.0,Unknown,0.0,0.0,15.4,7.2,0.2,1019.6,26.7,10.2,187.3,16.1,7,10.0,06:12:21,17:34:53,0.0,partially cloudy,Clearing in the afternoon.,partly-cloudy-day,"47662099999,47670099999,47642043313,47680099999,RJTY,47626099999,47682099999,RJTT,RJAA",Unknown,"🧶 Hoodie or light jacket, jeans 🕶️ (Sunscreen & sunglasses)",Winter,6,17,0,February,2025-02-28,Friday,29779550,nan,Unknown,"(44.66, 59.04]"
Tokyo,2025-03-01,66.5,45.2,55.7,66.5,42.5,55.4,40.5,59.0,0.0,0.0,0.0,Unknown,0.0,0.0,22.8,13.8,167.2,1019.1,9.7,9.5,211.0,18.3,8,10.0,06:11:03,17:35:48,0.04,clear,Clear conditions throughout the day.,clear-day,"47662099999,47670099999,47642043313,47680099999,RJTY,47626099999,47682099999,RJTT,RJAA",Unknown,"🧶 Hoodie or light jacket, jeans 🕶️ (Sunscreen & sunglasses)",Spring,6,17,0,March,2025-03-01,Saturday,125952747,afrobeat,afrobeats,"(44.66, 59.04]"
Tokyo,2025-03-02,68.9,46.8,58.2,68.9,44.6,57.8,41.6,57.2,0.0,0.0,0.0,Unknown,0.0,0.0,12.5,7.9,349.3,1014.2,35.7,9.1,188.8,16.1,7,10.0,06:09:44,17:36:43,0.07,partially cloudy,Partly cloudy throughout the day.,partly-cloudy-day,"47662099999,47670099999,47642043313,47680099999,47626099999,47682099999",Unknown,"🧶 Hoodie or light jacket, jeans 🕶️ (Sunscreen & sunglasses)",Spring,6,17,0,March,2025-03-02,Sunday,91386353,afrobeat,afrobeats,"(44.66, 59.04]"
Tokyo,2025-03-03,57.0,35.4,43.6,57.0,29.4,39.9,40.5,89.3,0.799,100.0,54.17,"rain,snow",1.5,0.1,26.6,12.7,39.3,1016.7,95.4,6.6,15.7,1.4,1,10.0,06:08:25,17:37:38,0.11,"snow, rain, overcast",Cloudy skies throughout the day with a chance of rain or snow throughout the day.,snow,"47662099999,47671099999,47670099999,47686099999,47642043313,47680099999,RJTY,47626099999,47682099999,RJTT,RJAA",Unknown,"🧥 Coat or insulated jacket, boots ☔ (Umbrella recommended) ❄️ (Snow boots suggested)",Spring,6,17,0,March,2025-03-03,Monday,11557390,afrobeat,afrobeats,"(30.28, 44.66]"
Tokyo,2025-03-04,40.8,33.0,36.4,38.4,25.4,32.1,29.4,76.7,0.233,100.0,12.5,"rain,snow",0.4,0.1,19.2,9.3,2.7,1026.5,93.8,9.1,86.1,7.6,5,10.0,06:07:05,17:38:32,0.14,"snow, rain, overcast",Cloudy skies throughout the day with late afternoon rain or snow.,snow,"47662099999,47671099999,47670099999,47642043313,47680099999,47626099999,47682099999",Unknown,"🧥 Heavy coat, thermal wear, gloves, boots ☔ (Umbrella recommended) ❄️ (Snow boots suggested)",Spring,6,17,0,March,2025-03-04,Tuesday,20787418,afrobeat,afrobeats,"(30.28, 44.66]"
Tokyo,2025-03-05,47.1,33.6,41.1,45.5,26.6,36.4,40.7,98.5,0.756,100.0,37.5,rain,1.5,0.1,25.1,10.4,328.3,1016.2,99.9,3.8,23.2,1.9,1,10.0,06:05:45,17:39:26,0.18,"rain, overcast",Cloudy skies throughout the day with a chance of rain or snow throughout the day.,snow,"47662099999,47670099999,47642043313,47680099999,47626099999,47682099999",Unknown,"🧥 Coat or insulated jacket, boots ☔ (Umbrella recommended)",Spring,6,17,0,March,2025-03-05,Wednesday,22563400,nan,Unknown,"(30.28, 44.66]"
Tokyo,2025-03-06,52.5,44.7,48.4,52.5,38.9,46.1,33.8,59.8,0.0,0.0,0.0,rain,0.0,0.0,22.4,13.7,327.5,1011.1,97.3,11.9,86.7,7.5,4,10.0,06:04:23,17:40:19,0.21,overcast,Cloudy skies throughout the day.,cloudy,"47662099999,47670099999,47642043313,47680099999,47626099999,47682099999",Unknown,"🧥 Coat or insulated jacket, boots",Spring,6,17,0,March,2025-03-06,Thursday,1135,nan,Unknown,"(44.66, 59.04]"
Tokyo,2025-03-07,51.9,38.4,44.7,51.9,33.2,40.7,21.3,39.8,0.0,0.0,0.0,snow,0.0,0.0,34.4,19.5,325.9,1019.8,17.8,14.3,231.2,20.1,8,10.0,06:03:02,17:41:13,0.25,clear,Clear conditions throughout the day.,clear-day,"47662099999,47670099999,47642043313,47680099999,47626099999,47682099999",Unknown,"🧥 Coat or insulated jacket, boots 🕶️ (Sunscreen & sunglasses)",Spring,6,17,0,March,2025-03-07,Friday,46100598,gregorian chant,afrobeats,"(44.66, 59.04]"
Tokyo,2025-03-08,42.5,33.1,38.0,39.2,29.8,34.6,25.6,63.7,0.35,100.0,20.83,rain,0.0,0.0,16.6,7.9,17.9,1027.8,92.5,10.1,90.5,7.8,4,10.0,06:01:40,17:42:06,0.28,"rain, overcast",Cloudy skies throughout the day with rain.,rain,"47662099999,47670099999,47642043313,47680099999,47626099999,47682099999",Unknown,"🧥 Heavy coat, thermal wear, gloves, boots ☔ (Umbrella recommended)",Spring,6,17,0,March,2025-03-08,Saturday,45192229,nan,Unknown,"(30.28, 44.66]"
Tokyo,2025-03-09,54.7,35.0,44.2,54.7,29.9,41.6,32.7,67.6,0.039,100.0,4.17,"rain,snow",0.1,0.0,22.1,9.1,358.9,1026.0,38.4,9.9,194.0,16.6,7,10.0,06:00:17,17:42:58,0.32,"snow, rain, partially cloudy",Clearing in the afternoon with early morning snow or rain.,snow,"47662099999,47670099999,47642043313,47680099999,47626099999,47682099999",Unknown,"🧥 Coat or insulated jacket, boots ☔ (Umbrella recommended) ❄️ (Snow boots suggested) 🕶️ (Sunscreen & sunglasses)",Spring,6,17,0,March,2025-03-09,Sunday,5769662,nan,Unknown,"(30.28, 44.66]"
Tokyo,2025-03-10,57.2,38.0,48.1,57.2,35.6,46.4,26.8,44.8,0.0,0.0,0.0,Unknown,0.0,0.0,13.0,11.2,123.3,1029.5,8.2,13.4,243.7,21.1,8,10.0,05:58:54,17:43:51,0.35,clear,Clear conditions throughout the day.,clear-day,"47662099999,47670099999,47642043313,47680099999,47626099999,47682099999",Unknown,"🧥 Coat or insulated jacket, boots 🕶️ (Sunscreen & sunglasses)",Spring,5,17,0,March,2025-03-10,Monday,11852726,nan,Unknown,"(44.66, 59.04]"
Tokyo,2025-03-11,56.0,44.4,50.5,56.0,42.8,49.7,41.0,70.7,0.019,100.0,4.17,rain,0.0,0.0,21.0,9.0,194.9,1024.9,83.6,11.5,106.5,9.3,5,10.0,05:57:30,17:44:43,0.39,"rain, partially cloudy",Partly cloudy throughout the day with late afternoon rain.,rain,"47662099999,47670099999,47642043313,47680099999,47626099999,47682099999",Unknown,"🧶 Hoodie or light jacket, jeans ☔ (Umbrella recommended)",Spring,5,17,0,March,2025-03-11,Tuesday,31029989,nan,Unknown,"(44.66, 59.04]"
Tokyo,2025-03-12,58.2,47.9,52.7,58.2,46.7,52.5,51.7,96.3,0.602,100.0,29.17,rain,0.0,0.0,17.7,9.0,317.0,1018.1,99.4,3.6,78.5,6.7,3,10.0,05:56:07,17:45:35,0.42,"rain, overcast",Cloudy skies throughout the day with rain.,rain,"47662099999,47670099999,47642043313,47680099999,47626099999,47682099999",Unknown,"🧶 Hoodie or light jacket, jeans ☔ (Umbrella recommended)",Spring,5,17,0,March,2025-03-12,Wednesday,37965633,lullaby,lullaby,"(44.66, 59.04]"
Tokyo,2025-03-13,66.8,49.5,58.1,66.8,48.8,58.1,47.5,71.4,0.001,100.0,4.17,rain,0.0,0.0,11.9,8.1,316.8,1012.8,57.2,8.2,155.1,13.5,5,10.0,05:54:42,17:46:27,0.46,"rain, partially cloudy",Partly cloudy throughout the day with late afternoon rain.,rain,"47662099999,47670099999,47642043313,47680099999,RJTY,47626099999,47682099999,RJTT,RJAA",Unknown,"🧶 Hoodie or light jacket, jeans ☔ (Umbrella recommended)",Spring,5,17,0,March,2025-03-13,Thursday,4744681,lullaby,lullaby,"(44.66, 59.04]"
Tokyo,2025-03-14,64.6,47.9,55.3,64.6,43.8,54.5,25.4,33.2,0.0,0.0,0.0,Unknown,0.0,0.0,15.0,9.3,308.1,1020.9,11.9,12.6,219.7,18.9,8,10.0,05:53:18,17:47:19,0.5,clear,Clear conditions throughout the day.,clear-day,"47662099999,47670099999,47642043313,47680099999,47626099999,47682099999",Unknown,"🧶 Hoodie or light jacket, jeans 🕶️ (Sunscreen & sunglasses)",Spring,5,17,0,March,2025-03-14,Friday,27231436,afrobeat,afrobeats,"(44.66, 59.04]"
Tokyo,2025-03-15,51.9,44.8,48.2,51.9,41.6,46.4,28.5,48.1,0.0,0.0,0.0,rain,0.0,0.0,14.3,8.2,7.5,1025.3,74.1,12.4,119.9,10.2,6,10.0,05:51:53,17:48:10,0.53,partially cloudy,Partly cloudy throughout the day.,partly-cloudy-day,"47662099999,47670099999,47642043313,47680099999,47626099999,47682099999",Unknown,"🧥 Coat or insulated jacket, boots 🕶️ (Sunscreen & sunglasses)",Spring,5,17,0,March,2025-03-15,Saturday,30592589,gregorian chant,afrobeats,"(44.66, 59.04]"
Tokyo,2025-03-16,45.8,40.8,43.4,43.5,36.4,39.4,42.1,95.2,1.051,100.0,62.5,rain,0.0,0.0,28.2,10.3,329.2,1008.8,99.0,4.8,20.1,1.6,1,10.0,05:50:28,17:49:01,0.56,"rain, overcast",Cloudy skies throughout the day with a chance of rain throughout the day.,rain,"47662099999,47670099999,47642043313,47680099999,47626099999,47682099999,RJTT",Unknown,"🧥 Coat or insulated jacket, boots ☔ (Umbrella recommended)",Spring,5,17,0,March,2025-03-16,Sunday,17272323,nan,afrobeats,"(30.28, 44.66]"
Tokyo,2025-03-17,59.9,44.3,50.2,59.9,39.8,48.8,36.7,65.4,0.114,100.0,12.5,rain,0.0,0.0,36.7,15.0,325.4,999.8,36.2,12.3,233.7,20.3,8,10.0,05:49:03,17:49:52,0.59,"rain, partially cloudy",Partly cloudy throughout the day with rain.,rain,"47662099999,47670099999,47642043313,47680099999,47626099999,47682099999",Unknown,"🧶 Hoodie or light jacket, jeans ☔ (Umbrella recommended) 🕶️ (Sunscreen & sunglasses)",Spring,5,17,0,March,2025-03-17,Monday,7206362,afrobeat,afrobeats,"(44.66, 59.04]"
Tokyo,2025-03-18,54.1,40.8,47.4,54.1,37.3,45.1,28.8,49.7,0.001,100.0,4.17,rain,0.0,0.0,23.3,13.5,43.0,1013.0,62.0,13.8,190.6,16.4,6,10.0,05:47:37,17:50:43,0.63,"rain, partially cloudy",Partly cloudy throughout the day with late afternoon rain.,rain,"47662099999,47670099999,47642043313,47680099999,47626099999,47682099999",Unknown,"🧥 Coat or insulated jacket, boots ☔ (Umbrella recommended) 🕶️ (Sunscreen & sunglasses)",Spring,5,17,0,March,2025-03-18,Tuesday,39790361,nan,Unknown,"(44.66, 59.04]"
Tokyo,2025-03-19,49.8,33.5,42.4,45.3,26.3,37.1,36.5,81.5,0.555,100.0,54.17,"rain,snow",0.2,0.1,32.7,14.2,326.6,1009.4,70.8,9.4,82.9,7.4,4,10.0,05:46:12,17:51:34,0.66,"snow, rain, partially cloudy",Partly cloudy throughout the day with a chance of rain or snow throughout the day.,snow,"47662099999,47670099999,47642043313,47680099999,47626099999,47682099999,RJTT",Unknown,"🧥 Coat or insulated jacket, boots ☔ (Umbrella recommended) ❄️ (Snow boots suggested)",Spring,5,17,0,March,2025-03-19,Wednesday,47933867,nan,rap,"(30.28, 44.66]"
Tokyo,2025-03-20,55.4,39.8,46.9,55.4,36.0,45.1,30.6,54.4,0.002,100.0,8.33,"rain,snow",0.0,0.0,13.4,9.4,30.0,1017.7,34.3,13.7,177.2,15.4,6,10.0,05:44:46,17:52:24,0.69,"snow, rain, partially cloudy",Partly cloudy throughout the day with rain or snow in the morning and afternoon.,rain,"47662099999,47670099999,47642043313,47680099999,47626099999,47682099999,RJTT",Unknown,"🧥 Coat or insulated jacket, boots ☔ (Umbrella recommended) ❄️ (Snow boots suggested) 🕶️ (Sunscreen & sunglasses)",Spring,5,17,0,March,2025-03-20,Thursday,8659039,hip hop,rap,"(44.66, 59.04]"
Tokyo,2025-03-21,63.1,39.8,51.9,63.1,36.1,51.3,38.9,63.1,0.0,0.0,0.0,Unknown,0.0,0.0,21.3,10.3,180.4,1012.2,2.1,11.6,255.1,22.0,9,10.0,05:43:20,17:53:15,0.73,clear,Clear conditions throughout the day.,clear-day,"47662099999,47670099999,47642043313,47680099999,47626099999,47682099999,RJTT",Unknown,"🧶 Hoodie or light jacket, jeans 🕶️ (Sunscreen & sunglasses)",Spring,5,17,0,March,2025-03-21,Friday,12251532,afrobeat,afrobeats,"(44.66, 59.04]"
Tokyo,2025-03-22,73.6,44.9,60.1,73.6,42.4,59.8,39.8,49.3,0.0,0.0,0.0,Unknown,0.0,0.0,22.8,10.5,194.2,1006.0,0.0,11.5,259.4,22.5,9,10.0,05:41:54,17:54:05,0.75,clear,Clear conditions throughout the day.,clear-day,"47662099999,47670099999,47642043313,47680099999,47626099999,47682099999",Unknown,"🧶 Hoodie or light jacket, jeans 🕶️ (Sunscreen & sunglasses)",Spring,5,17,0,March,2025-03-22,Saturday,25618818,nan,afrobeats,"(59.04, 73.42]"
Tokyo,2025-03-23,76.9,54.4,63.4,76.9,54.4,63.4,40.8,46.6,0.0,0.0,0.0,Unknown,0.0,0.0,19.2,9.2,101.3,1006.6,2.5,11.2,249.7,21.5,9,10.0,05:40:28,17:54:55,0.79,clear,Clear conditions throughout the day.,clear-day,"47662099999,47670099999,47642043313,47680099999,47626099999,47682099999",Unknown,"👕 T-shirt, jeans/skirt, light sneakers 🕶️ (Sunscreen & sunglasses)",Spring,5,17,0,March,2025-03-23,Sunday,9057665,nan,Unknown,"(59.04, 73.42]"
Tokyo,2025-03-24,65.5,50.3,58.5,65.5,50.3,58.5,50.3,74.7,0.004,100.0,8.33,rain,0.0,0.0,18.8,9.2,135.8,1010.4,53.9,9.9,151.1,13.0,5,10.0,05:39:02,17:55:45,0.82,"rain, partially cloudy",Partly cloudy throughout the day with late afternoon rain.,rain,"47662099999,47670099999,47642043313,47680099999,47626099999,47682099999",Unknown,"🧶 Hoodie or light jacket, jeans ☔ (Umbrella recommended)",Spring,5,17,0,March,2025-03-24,Monday,40147157,nan,Unknown,"(44.66, 59.04]"
Tokyo,2025-03-25,75.3,51.2,63.7,75.3,51.2,63.7,49.0,62.4,0.0,0.0,0.0,Unknown,0.0,0.0,24.4,11.4,181.2,1003.3,2.1,8.8,262.4,22.7,9,10.0,05:37:36,17:56:35,0.86,clear,Clear conditions throughout the day.,clear-day,"47662099999,47670099999,47642043313,47680099999,47626099999,47682099999",Unknown,"👕 T-shirt, jeans/skirt, light sneakers 🕶️ (Sunscreen & sunglasses)",Spring,5,17,0,March,2025-03-25,Tuesday,10211511,nan,Unknown,"(59.04, 73.42]"
Tokyo,2025-03-26,78.0,60.1,68.8,78.0,60.1,68.8,44.0,45.0,0.0,0.0,0.0,Unknown,0.0,0.0,24.6,13.8,225.2,1003.1,6.9,8.3,265.4,22.8,9,10.0,05:36:10,17:57:25,0.89,clear,Clear conditions throughout the day.,clear-day,"47662099999,47670099999,47642043313,47680099999,RJTI,RJTY,47626099999,RJTF,47682099999,RJTT,RJAA",Unknown,"👕 T-shirt, jeans/skirt, light sneakers 🕶️ (Sunscreen & sunglasses)",Spring,5,17,0,March,2025-03-26,Wednesday,1333006,gregorian chant,gregorian chant,"(59.04, 73.42]"
Tokyo,2025-03-27,70.8,54.8,63.9,70.8,54.8,63.9,53.3,69.1,0.0,0.0,0.0,Unknown,0.0,0.0,34.7,18.2,161.5,1008.6,47.8,9.3,230.9,19.9,8,10.0,05:34:44,17:58:14,0.92,partially cloudy,Partly cloudy throughout the day.,partly-cloudy-day,"47662099999,47671099999,47643099999,47670099999,47686099999,47642043313,47680099999,47626099999,47682099999,RJTT,RJAA",Unknown,"👕 T-shirt, jeans/skirt, light sneakers 🕶️ (Sunscreen & sunglasses)",Spring,5,17,0,March,2025-03-27,Thursday,9307412,gregorian chant,gregorian chant,"(59.04, 73.42]"
Tokyo,2025-03-28,76.6,59.3,68.4,76.6,59.3,68.4,61.0,78.1,0.089,100.0,16.67,rain,0.0,0.0,36.9,17.3,174.9,999.5,84.4,10.0,99.3,8.5,5,10.0,05:33:19,17:59:04,0.96,"rain, partially cloudy",Partly cloudy throughout the day with rain.,rain,"47662099999,47670099999,47641099999,47642043313,47680099999,47626099999,47682099999,RJTT",Unknown,"👕 T-shirt, jeans/skirt, light sneakers ☔ (Umbrella recommended)",Spring,5,17,0,March,2025-03-28,Friday,50408700,nan,Unknown,"(59.04, 73.42]"
Tokyo,2025-03-29,57.5,40.4,46.3,57.5,35.9,43.5,43.6,90.2,0.466,100.0,37.5,rain,0.0,0.0,23.5,9.8,44.3,1015.4,99.1,8.3,34.0,2.8,1,10.0,05:31:53,17:59:54,0.0,"rain, overcast",Cloudy skies throughout the day with rain.,rain,"47662099999,47670099999,47641099999,47642043313,47680099999,47626099999,47682099999,RJTT",Unknown,"🧥 Coat or insulated jacket, boots ☔ (Umbrella recommended)",Spring,5,17,0,March,2025-03-29,Saturday,73167798,afrobeat,afrobeats,"(44.66, 59.04]"
Tokyo,2025-03-30,58.1,41.6,48.7,58.1,37.3,47.5,36.1,63.5,0.02,100.0,8.33,rain,0.0,0.0,21.7,12.7,353.6,1019.5,79.9,12.0,216.9,18.7,7,10.0,05:30:27,18:00:43,0.02,"rain, partially cloudy",Partly cloudy throughout the day with rain.,rain,"47662099999,47670099999,47642043313,47680099999,47626099999,47682099999",Unknown,"🧥 Coat or insulated jacket, boots ☔ (Umbrella recommended) 🕶️ (Sunscreen & sunglasses)",Spring,5,18,0,March,2025-03-30,Sunday,73895896,afrobeat,afrobeats,"(44.66, 59.04]"
Tokyo,2025-03-31,46.7,42.5,44.9,44.4,38.8,41.5,32.1,61.2,0.0,0.0,0.0,rain,0.0,0.0,20.1,8.0,40.0,1026.9,94.1,12.7,91.6,7.9,4,10.0,05:29:02,18:01:33,0.06,overcast,Cloudy skies throughout the day.,cloudy,"47662099999,47670099999,47642043313,47680099999,47626099999,47682099999",Unknown,"🧥 Coat or insulated jacket, boots",Spring,5,18,0,March,2025-03-31,Monday,34981331,afrobeat,alté,"(44.66, 59.04]"
Tokyo,2025-04-01,42.4,39.5,41.3,39.1,34.0,36.7,40.0,95.2,1.108,100.0,87.5,rain,0.0,0.0,27.7,9.6,339.2,1026.4,100.0,5.1,22.7,1.8,1,10.0,05:27:37,18:02:22,0.09,"rain, overcast",Cloudy skies throughout the day with a chance of rain throughout the day.,rain,"47662099999,47670099999,47642043313,47680099999,47626099999,47682099999",Unknown,"🧥 Coat or insulated jacket, boots ☔ (Umbrella recommended)",Spring,5,18,0,April,2025-04-01,Tuesday,17347544,afrobeat,alté,"(30.28, 44.66]"
Tokyo,2025-04-02,56.0,42.4,48.9,56.0,38.6,46.7,46.4,91.6,1.621,100.0,45.83,rain,0.0,0.0,27.3,10.3,353.4,1016.1,99.5,7.0,40.9,3.5,1,10.0,05:26:12,18:03:12,0.13,"rain, overcast",Cloudy skies throughout the day with a chance of rain throughout the day.,rain,"47662099999,47670099999,47642043313,47680099999,47626099999,47682099999",Unknown,"🧥 Coat or insulated jacket, boots ☔ (Umbrella recommended)",Spring,5,18,0,April,2025-04-02,Wednesday,9428431,afrobeat,alté,"(44.66, 59.04]"
Tokyo,2025-04-03,49.4,43.6,47.5,47.6,43.5,45.3,44.5,89.6,0.234,100.0,25.0,rain,0.0,0.0,15.2,8.3,29.7,1013.9,98.0,10.1,66.5,5.9,2,10.0,05:24:48,18:04:01,0.16,"rain, overcast",Cloudy skies throughout the day with rain in the morning and afternoon.,rain,"47662099999,47670099999,47642043313,47680099999,47626099999,47682099999,RJTT",Unknown,"🧥 Coat or insulated jacket, boots ☔ (Umbrella recommended)",Spring,5,18,0,April,2025-04-03,Thursday,9856116,afrobeat,afrobeats,"(44.66, 59.04]"
Tokyo,2025-04-04,64.0,42.2,52.3,64.0,41.5,52.0,37.1,62.1,0.002,100.0,4.17,rain,0.0,0.0,18.1,13.6,321.5,1014.7,20.1,11.4,232.2,20.1,8,10.0,05:23:23,18:04:51,0.19,"rain, partially cloudy",Partly cloudy throughout the day with morning rain.,rain,"47662099999,47670099999,47642043313,47680099999,47626099999,47682099999",Unknown,"🧶 Hoodie or light jacket, jeans ☔ (Umbrella recommended) 🕶️ (Sunscreen & sunglasses)",Spring,5,18,0,April,2025-04-04,Friday,16980130,afrobeat,afrobeats,"(44.66, 59.04]"
Tokyo,2025-04-05,61.4,43.5,53.3,61.4,40.0,52.4,38.6,58.5,0.0,0.0,0.0,rain,0.0,0.0,21.3,13.9,141.5,1019.7,35.6,13.2,257.7,22.2,9,10.0,05:21:59,18:05:40,0.25,partially cloudy,Becoming cloudy in the afternoon.,partly-cloudy-day,"47662099999,47727099999,47670099999,47680099999,47642043313,47626099999,47682099999,RJTT",Unknown,"🧶 Hoodie or light jacket, jeans 🕶️ (Sunscreen & sunglasses)",Spring,5,18,0,April,2025-04-05,Saturday,72933034,afrobeat,afrobeats,"(44.66, 59.04]"
Tokyo,2025-04-06,62.9,51.6,58.4,62.9,51.6,58.4,50.4,75.6,0.02,100.0,8.33,rain,0.0,0.0,34.2,16.4,188.7,1015.2,70.7,8.4,204.1,17.7,6,10.0,05:20:36,18:06:30,0.26,"rain, partially cloudy",Partly cloudy throughout the day with afternoon rain.,rain,"47662099999,47670099999,47642043313,47680099999,RJTY,RJTI,47626099999,RJTF,47682099999,RJTT,RJAA",Unknown,"🧶 Hoodie or light jacket, jeans ☔ (Umbrella recommended) 🕶️ (Sunscreen & sunglasses)",Spring,5,18,0,April,2025-04-06,Sunday,29968054,nan,afrobeats,"(44.66, 59.04]"
Lagos,2025-01-01,95.0,77.0,83.9,107.4,77.0,90.7,76.1,79.1,0.0,0.0,0.0,Unknown,0.0,0.0,20.8,17.2,237.4,1010.4,32.8,3.8,227.6,19.8,8,30.0,06:57:32,18:42:51,0.05,partially cloudy,Partly cloudy throughout the day.,partly-cloudy-day,"DNMM,remote,65201099999,VRJT5",Unknown,"🩳 Sleeveless, linen, sandals, drink water! 🕶️ (Sunscreen & sunglasses)",Winter,6,18,0,January,2025-01-01,Wednesday,72911063,nan,afrobeats,"(73.42, 87.8]"
Lagos,2025-01-02,95.0,77.0,84.4,109.3,77.0,92.0,76.5,78.7,0.0,0.0,0.0,Unknown,0.0,0.0,19.0,12.8,224.6,1010.3,38.2,4.0,232.2,20.0,9,60.0,06:57:57,18:43:22,0.09,partially cloudy,Partly cloudy throughout the day.,partly-cloudy-day,"DNMM,65201099999,VRJT5",Unknown,"🩳 Sleeveless, linen, sandals, drink water! 🕶️ (Sunscreen & sunglasses)",Winter,6,18,0,January,2025-01-02,Thursday,48018399,nan,Unknown,"(73.42, 87.8]"
Lagos,2025-01-03,93.2,77.0,84.2,105.0,77.0,92.0,76.9,80.4,0.0,0.0,0.0,Unknown,0.0,0.0,18.1,11.8,218.9,1011.3,48.1,4.5,206.4,17.8,8,60.0,06:58:22,18:43:52,0.13,partially cloudy,Partly cloudy throughout the day.,partly-cloudy-day,"DNMM,65201099999,VRJT5",Unknown,"🩳 Sleeveless, linen, sandals, drink water! 🕶️ (Sunscreen & sunglasses)",Winter,6,18,0,January,2025-01-03,Friday,85634098,nan,hiplife,"(73.42, 87.8]"
Lagos,2025-01-04,93.3,77.0,84.5,107.5,77.0,93.5,77.7,81.6,0.0,0.0,0.0,rain,0.0,0.0,18.1,11.4,199.9,1011.5,45.5,4.8,209.0,18.1,7,60.0,06:58:46,18:44:23,0.16,partially cloudy,Partly cloudy throughout the day.,partly-cloudy-day,"DNMM,65201099999,VRJT5",Unknown,"🩳 Sleeveless, linen, sandals, drink water! 🕶️ (Sunscreen & sunglasses)",Winter,6,18,0,January,2025-01-04,Saturday,24345288,afrobeat,afrobeat,"(73.42, 87.8]"
Lagos,2025-01-05,96.8,78.8,85.2,109.1,78.8,94.7,77.8,80.6,0.0,0.0,0.0,Unknown,0.0,0.0,21.0,12.8,208.0,1010.5,36.9,4.1,222.8,19.4,8,60.0,06:59:09,18:44:53,0.2,partially cloudy,Partly cloudy throughout the day.,partly-cloudy-day,"DNMM,65201099999,VRJT5",Unknown,"🩳 Sleeveless, linen, sandals, drink water! 🕶️ (Sunscreen & sunglasses)",Winter,6,18,0,January,2025-01-05,Sunday,33281390,nan,Unknown,"(73.42, 87.8]"
Lagos,2025-01-06,95.0,80.2,85.3,107.5,86.9,95.8,78.0,80.3,0.0,0.0,0.0,Unknown,0.0,0.0,19.9,11.4,208.0,1010.8,42.9,5.0,223.4,19.2,8,60.0,06:59:32,18:45:23,0.23,partially cloudy,Partly cloudy throughout the day.,partly-cloudy-day,"DNMM,remote,65201099999,VRJT5",Unknown,"🩳 Sleeveless, linen, sandals, drink water! 🕶️ (Sunscreen & sunglasses)",Winter,6,18,0,January,2025-01-06,Monday,13347470,afrobeat,alté,"(73.42, 87.8]"
Lagos,2025-01-07,95.0,79.8,85.1,110.0,79.8,95.5,78.0,80.7,0.0,0.0,0.0,Unknown,0.0,0.0,17.7,9.2,217.0,1011.1,41.0,3.5,228.9,19.6,8,75.0,06:59:54,18:45:53,0.25,partially cloudy,Partly cloudy throughout the day.,partly-cloudy-day,"DNMM,65201099999",Unknown,"🩳 Sleeveless, linen, sandals, drink water! 🕶️ (Sunscreen & sunglasses)",Winter,6,18,0,January,2025-01-07,Tuesday,57109574,nan,alté,"(73.42, 87.8]"
Lagos,2025-01-08,95.0,78.4,84.6,107.5,78.4,93.4,77.3,80.3,0.0,0.0,0.0,Unknown,0.0,0.0,16.6,8.1,218.5,1011.3,37.8,3.6,224.9,19.5,8,60.0,07:00:16,18:46:22,0.3,partially cloudy,Partly cloudy throughout the day.,partly-cloudy-day,"DNMM,65201099999",Unknown,"🩳 Sleeveless, linen, sandals, drink water! 🕶️ (Sunscreen & sunglasses)",Winter,7,18,0,January,2025-01-08,Wednesday,14082227,nan,Unknown,"(73.42, 87.8]"
Lagos,2025-01-09,95.0,78.6,84.7,100.9,78.6,91.0,74.8,74.9,0.0,0.0,0.0,Unknown,0.0,0.0,17.9,10.3,244.3,1011.0,40.3,4.1,240.1,20.8,9,60.0,07:00:36,18:46:52,0.34,partially cloudy,Partly cloudy throughout the day.,partly-cloudy-day,"DNMM,remote,65201099999",Unknown,"🩳 Sleeveless, linen, sandals, drink water! 🕶️ (Sunscreen & sunglasses)",Winter,7,18,0,January,2025-01-09,Thursday,30274774,nan,Unknown,"(73.42, 87.8]"
Lagos,2025-01-10,95.3,77.0,84.7,98.5,77.0,89.4,73.1,72.1,0.0,0.0,0.0,Unknown,0.0,0.0,16.6,8.1,351.2,1010.7,27.0,3.6,255.3,22.0,9,30.0,07:00:56,18:47:20,0.38,partially cloudy,Partly cloudy throughout the day.,partly-cloudy-day,"DNMM,remote,65201099999",Unknown,"🩳 Sleeveless, linen, sandals, drink water! 🕶️ (Sunscreen & sunglasses)",Winter,7,18,0,January,2025-01-10,Friday,9185730,afrobeat,afrobeat,"(73.42, 87.8]"
Lagos,2025-01-11,93.5,73.4,82.1,92.7,73.4,81.5,62.0,56.8,0.0,0.0,0.0,Unknown,0.0,0.0,21.9,17.2,94.1,1011.2,29.1,2.9,264.8,22.9,9,10.0,07:01:15,18:47:49,0.41,partially cloudy,Partly cloudy throughout the day.,partly-cloudy-day,"DNMM,65201099999",Unknown,"🩳 Sleeveless, linen, sandals, drink water! 🕶️ (Sunscreen & sunglasses)",Winter,7,18,0,January,2025-01-11,Saturday,9356137,nan,afro adura,"(73.42, 87.8]"
Lagos,2025-01-12,95.0,71.2,81.3,92.3,71.2,80.9,61.6,55.3,0.0,0.0,0.0,Unknown,0.0,0.0,18.8,13.9,263.6,1011.8,28.3,1.7,262.4,22.6,9,10.0,07:01:33,18:48:17,0.45,partially cloudy,Partly cloudy throughout the day.,partly-cloudy-day,"DNMM,65201099999",Unknown,"🩳 Shorts, tank top, hat, sunglasses 🕶️ (Sunscreen & sunglasses)",Winter,7,18,0,January,2025-01-12,Sunday,40113330,nan,Unknown,"(73.42, 87.8]"
Lagos,2025-01-13,95.0,73.2,82.6,99.2,73.2,86.4,71.4,70.8,0.0,0.0,0.0,Unknown,0.0,0.0,22.4,12.8,204.3,1010.5,30.0,1.9,257.7,22.2,9,10.0,07:01:51,18:48:45,0.5,partially cloudy,Partly cloudy throughout the day.,partly-cloudy-day,"DNMM,65201099999,VRJT5",Unknown,"🩳 Sleeveless, linen, sandals, drink water! 🕶️ (Sunscreen & sunglasses)",Winter,7,18,0,January,2025-01-13,Monday,52003664,nan,Unknown,"(73.42, 87.8]"
Lagos,2025-01-14,93.2,77.0,82.8,102.8,77.0,88.3,75.7,80.9,0.0,0.0,0.0,Unknown,0.0,0.0,18.6,12.8,199.1,1009.7,47.5,2.1,246.2,21.1,9,30.0,07:02:08,18:49:12,0.52,partially cloudy,Partly cloudy throughout the day.,partly-cloudy-day,"DNMM,65201099999,VRJT5",Unknown,"🩳 Sleeveless, linen, sandals, drink water! 🕶️ (Sunscreen & sunglasses)",Winter,7,18,0,January,2025-01-14,Tuesday,30431395,nan,Unknown,"(73.42, 87.8]"
Lagos,2025-01-15,93.2,77.0,83.7,107.5,77.0,91.0,77.0,81.7,0.0,0.0,0.0,Unknown,0.0,0.0,18.6,12.8,184.3,1009.5,47.6,2.8,234.3,20.2,8,60.0,07:02:23,18:49:39,0.55,partially cloudy,Partly cloudy throughout the day.,partly-cloudy-day,"DNMM,65201099999,VRJT5",Unknown,"🩳 Sleeveless, linen, sandals, drink water! 🕶️ (Sunscreen & sunglasses)",Winter,7,18,0,January,2025-01-15,Wednesday,35667877,nan,Unknown,"(73.42, 87.8]"
Lagos,2025-01-17,95.0,80.4,85.1,107.4,87.7,95.5,77.8,80.2,0.0,0.0,0.0,Unknown,0.0,0.0,22.4,12.8,213.4,1010.3,41.4,4.1,231.0,19.8,9,75.0,07:02:52,18:50:31,0.61,partially cloudy,Partly cloudy throughout the day.,partly-cloudy-day,"DNMM,remote,65201099999",Unknown,"🩳 Sleeveless, linen, sandals, drink water! 🕶️ (Sunscreen & sunglasses)",Winter,7,18,0,January,2025-01-17,Friday,11147246,disco,italo disco,"(73.42, 87.8]"
Lagos,2025-01-18,91.4,80.6,84.4,99.9,88.1,93.4,76.5,78.6,0.008,100.0,4.17,rain,0.0,0.0,24.4,10.3,247.9,1011.7,39.5,4.4,175.0,15.1,7,100.0,07:03:06,18:50:56,0.65,"rain, partially cloudy",Partly cloudy throughout the day with morning rain.,rain,"DNMM,remote,65201099999,VRJT5",Unknown,"🩳 Sleeveless, linen, sandals, drink water! ☔ (Umbrella recommended) 🕶️ (Sunscreen & sunglasses)",Winter,7,18,0,January,2025-01-18,Saturday,47706276,nan,Unknown,"(73.42, 87.8]"
Lagos,2025-01-19,93.2,78.4,83.3,102.8,78.4,88.3,74.9,77.3,0.0,0.0,0.0,rain,0.0,0.0,24.4,15.0,188.2,1012.5,38.6,4.9,227.3,19.7,8,75.0,07:03:18,18:51:21,0.68,partially cloudy,Partly cloudy throughout the day.,partly-cloudy-day,"DNMM,65201099999,VRJT5",Unknown,"🩳 Sleeveless, linen, sandals, drink water! 🕶️ (Sunscreen & sunglasses)",Winter,7,18,0,January,2025-01-19,Sunday,16490500,alté,afro adura,"(73.42, 87.8]"
Lagos,2025-01-20,93.2,76.6,83.4,102.8,76.6,88.9,74.7,76.9,0.0,0.0,0.0,Unknown,0.0,0.0,18.6,12.8,190.7,1012.7,42.8,5.3,223.4,19.4,8,60.0,07:03:29,18:51:45,0.71,partially cloudy,Partly cloudy throughout the day.,partly-cloudy-day,"DNMM,65201099999,VRJT5",Unknown,"🩳 Sleeveless, linen, sandals, drink water! 🕶️ (Sunscreen & sunglasses)",Winter,7,18,0,January,2025-01-20,Monday,108308064,nan,afro adura,"(73.42, 87.8]"
Lagos,2025-01-21,93.2,77.3,83.7,102.8,77.3,90.1,76.3,80.3,0.0,0.0,0.0,Unknown,0.0,0.0,19.5,13.9,211.2,1012.4,51.5,5.8,218.6,19.0,8,75.0,07:03:40,18:52:08,0.75,partially cloudy,Partly cloudy throughout the day.,partly-cloudy-day,"DNMM,65201099999,VRJT5",Unknown,"🩳 Sleeveless, linen, sandals, drink water! 🕶️ (Sunscreen & sunglasses)",Winter,7,18,0,January,2025-01-21,Tuesday,88417264,nan,Unknown,"(73.42, 87.8]"
Lagos,2025-01-22,93.2,78.6,84.2,107.5,78.6,92.5,77.2,80.8,0.0,0.0,0.0,Unknown,0.0,0.0,20.8,12.8,220.3,1011.9,50.8,5.0,230.8,20.0,9,75.0,07:03:49,18:52:31,0.77,partially cloudy,Partly cloudy throughout the day.,partly-cloudy-day,"DNMM,remote,65201099999,VRJT5",Unknown,"🩳 Sleeveless, linen, sandals, drink water! 🕶️ (Sunscreen & sunglasses)",Winter,7,18,0,January,2025-01-22,Wednesday,73126069,nan,Unknown,"(73.42, 87.8]"
Lagos,2025-01-23,89.5,78.8,82.5,100.0,78.8,90.9,77.7,86.0,0.039,100.0,4.17,rain,0.0,0.0,21.3,9.2,220.3,1011.7,43.6,4.6,170.2,14.8,6,75.0,07:03:58,18:52:54,0.81,"rain, partially cloudy",Partly cloudy throughout the day with afternoon rain.,rain,"DNMM,remote,65201099999,VRJT5",Unknown,"🩳 Sleeveless, linen, sandals, drink water! ☔ (Umbrella recommended) 🕶️ (Sunscreen & sunglasses)",Winter,7,18,0,January,2025-01-23,Thursday,20952205,variété française,variété française,"(73.42, 87.8]"
Lagos,2025-01-25,93.2,78.4,83.8,105.1,78.4,91.5,77.2,81.8,0.004,100.0,4.17,rain,0.0,0.0,17.9,11.4,210.6,1012.0,48.3,5.5,220.7,19.0,8,60.0,07:04:12,18:53:37,0.87,"rain, partially cloudy",Partly cloudy throughout the day with afternoon rain.,rain,"DNMM,remote,65201099999,VRJT5",Unknown,"🩳 Sleeveless, linen, sandals, drink water! ☔ (Umbrella recommended) 🕶️ (Sunscreen & sunglasses)",Winter,7,18,0,January,2025-01-25,Saturday,10778884,nan,italo disco,"(73.42, 87.8]"
Lagos,2025-01-26,95.0,78.8,83.6,107.4,78.8,92.1,77.9,84.4,0.276,100.0,4.17,rain,0.0,0.0,18.1,12.8,205.0,1012.3,56.1,5.3,199.8,17.2,7,60.0,07:04:18,18:53:57,0.9,"rain, partially cloudy",Partly cloudy throughout the day with late afternoon rain.,rain,"DNMM,65201099999,VRJT5",Unknown,"🩳 Sleeveless, linen, sandals, drink water! ☔ (Umbrella recommended) 🕶️ (Sunscreen & sunglasses)",Winter,7,18,0,January,2025-01-26,Sunday,3707953,nan,Unknown,"(73.42, 87.8]"
Lagos,2025-01-27,93.2,77.3,83.5,107.5,77.3,90.8,77.1,82.2,0.008,100.0,4.17,rain,0.0,0.0,19.5,13.9,226.5,1011.9,48.7,8.2,234.3,20.4,8,60.0,07:04:23,18:54:17,0.93,"rain, partially cloudy",Partly cloudy throughout the day with early morning rain.,rain,"DNMM,remote,65201099999,VRJT5",Unknown,"🩳 Sleeveless, linen, sandals, drink water! ☔ (Umbrella recommended) 🕶️ (Sunscreen & sunglasses)",Winter,7,18,0,January,2025-01-27,Monday,89947084,nan,afrobeats,"(73.42, 87.8]"
Lagos,2025-01-28,95.0,73.3,83.7,104.6,73.3,90.6,75.7,78.7,0.0,0.0,0.0,Unknown,0.0,0.0,18.1,24.2,225.1,1011.9,51.7,5.0,212.1,18.5,8,60.0,07:04:27,18:54:36,0.97,partially cloudy,Partly cloudy throughout the day.,partly-cloudy-day,"65213099999,DNMM,65201099999,VRJT5",Unknown,"🩳 Sleeveless, linen, sandals, drink water! 🕶️ (Sunscreen & sunglasses)",Winter,7,18,0,January,2025-01-28,Tuesday,89849810,nan,afrobeats,"(73.42, 87.8]"
Lagos,2025-01-29,89.6,78.8,83.4,102.6,78.8,90.8,76.0,79.4,0.0,0.0,0.0,Unknown,0.0,0.0,17.9,11.4,180.2,1012.1,46.5,5.5,200.7,17.3,8,60.0,07:04:30,18:54:54,0.0,partially cloudy,Partly cloudy throughout the day.,partly-cloudy-day,"DNMM,remote,65201099999,VRJT5",Unknown,"🩳 Sleeveless, linen, sandals, drink water! 🕶️ (Sunscreen & sunglasses)",Winter,7,18,0,January,2025-01-29,Wednesday,38052981,nan,Unknown,"(73.42, 87.8]"
Lagos,2025-01-30,93.2,77.0,83.9,102.8,77.0,91.6,76.4,79.4,0.0,0.0,0.0,Unknown,0.0,0.0,16.1,13.9,196.2,1011.5,52.6,7.9,219.0,18.9,7,60.0,07:04:32,18:55:12,0.03,partially cloudy,Partly cloudy throughout the day.,partly-cloudy-day,"DNMM,remote,65201099999",Unknown,"🩳 Sleeveless, linen, sandals, drink water! 🕶️ (Sunscreen & sunglasses)",Winter,7,18,0,January,2025-01-30,Thursday,19202597,nan,Unknown,"(73.42, 87.8]"
Lagos,2025-01-31,93.2,78.2,84.5,105.0,78.2,93.5,77.0,79.2,0.0,0.0,0.0,Unknown,0.0,0.0,18.3,16.1,201.7,1010.0,46.2,10.2,217.1,18.7,8,60.0,07:04:33,18:55:29,0.07,partially cloudy,Partly cloudy throughout the day.,partly-cloudy-day,"DNMM,remote,65201099999",Unknown,"🩳 Sleeveless, linen, sandals, drink water! 🕶️ (Sunscreen & sunglasses)",Winter,7,18,0,January,2025-01-31,Friday,30703077,nan,Unknown,"(73.42, 87.8]"
Lagos,2025-02-01,89.6,78.8,83.3,100.2,78.8,91.4,77.1,82.1,0.512,100.0,4.17,rain,0.0,0.0,20.8,11.4,194.6,1010.5,56.9,6.0,235.9,20.4,9,60.0,07:04:33,18:55:45,0.1,"rain, partially cloudy",Partly cloudy throughout the day with afternoon rain.,rain,"DNMM,remote,65201099999",Unknown,"🩳 Sleeveless, linen, sandals, drink water! ☔ (Umbrella recommended) 🕶️ (Sunscreen & sunglasses)",Winter,7,18,0,February,2025-02-01,Saturday,16236148,nan,Unknown,"(73.42, 87.8]"
Lagos,2025-02-02,87.8,77.0,82.4,99.9,77.0,90.5,77.5,85.5,0.079,100.0,4.17,rain,0.0,0.0,18.1,10.1,218.0,1010.0,54.0,9.2,225.3,19.4,8,60.0,07:04:32,18:56:01,0.14,"rain, partially cloudy",Partly cloudy throughout the day with morning rain.,rain,"DNMM,remote,65201099999",Unknown,"🩳 Sleeveless, linen, sandals, drink water! ☔ (Umbrella recommended) 🕶️ (Sunscreen & sunglasses)",Winter,7,18,0,February,2025-02-02,Sunday,120234335,nan,afrobeats,"(73.42, 87.8]"
Lagos,2025-02-03,93.2,77.0,83.8,105.6,77.0,91.2,76.5,80.1,0.276,100.0,4.17,rain,0.0,0.0,16.1,10.3,234.5,1008.7,41.5,6.8,225.9,19.5,8,75.0,07:04:30,18:56:16,0.18,"rain, partially cloudy",Partly cloudy throughout the day with early morning rain.,rain,"DNMM,remote,65201099999",Unknown,"🩳 Sleeveless, linen, sandals, drink water! ☔ (Umbrella recommended) 🕶️ (Sunscreen & sunglasses)",Winter,7,18,0,February,2025-02-03,Monday,24192582,nan,Unknown,"(73.42, 87.8]"
Lagos,2025-02-04,91.4,78.8,84.1,102.7,78.8,93.1,77.3,81.1,0.0,0.0,0.0,Unknown,0.0,0.0,23.9,11.4,219.8,1009.0,43.5,5.0,240.2,20.7,9,75.0,07:04:27,18:56:30,0.21,partially cloudy,Partly cloudy throughout the day.,partly-cloudy-day,"DNMM,remote,65201099999",Unknown,"🩳 Sleeveless, linen, sandals, drink water! 🕶️ (Sunscreen & sunglasses)",Winter,7,18,0,February,2025-02-04,Tuesday,25348088,nan,Unknown,"(73.42, 87.8]"
Lagos,2025-02-05,93.2,78.4,84.1,107.5,78.4,93.3,78.1,83.4,0.004,100.0,4.17,rain,0.0,0.0,21.5,13.9,201.2,1009.5,39.1,6.2,222.7,19.2,9,75.0,07:04:23,18:56:44,0.25,"rain, partially cloudy",Partly cloudy throughout the day with afternoon rain.,rain,"DNMM,remote,65201099999",Unknown,"🩳 Sleeveless, linen, sandals, drink water! ☔ (Umbrella recommended) 🕶️ (Sunscreen & sunglasses)",Winter,7,18,0,February,2025-02-05,Wednesday,31772881,nan,Unknown,"(73.42, 87.8]"
Lagos,2025-02-06,93.2,80.2,85.0,102.8,87.1,94.3,76.8,78.0,0.0,0.0,0.0,rain,0.0,0.0,21.0,12.8,193.4,1008.6,50.8,4.0,224.7,19.5,8,60.0,07:04:19,18:56:56,0.28,partially cloudy,Partly cloudy throughout the day.,partly-cloudy-day,"DNMM,65201099999",Unknown,"🩳 Sleeveless, linen, sandals, drink water! 🕶️ (Sunscreen & sunglasses)",Winter,7,18,0,February,2025-02-06,Thursday,6525525,highlife,highlife,"(73.42, 87.8]"
Lagos,2025-02-08,87.8,80.6,83.4,105.1,87.1,93.8,78.5,85.6,0.118,100.0,8.33,rain,0.0,0.0,20.1,11.4,203.5,1009.9,50.8,4.0,194.9,16.8,7,60.0,07:04:07,18:57:20,0.35,"rain, partially cloudy",Partly cloudy throughout the day with rain.,rain,"DNMM,65201099999",Unknown,"🩳 Sleeveless, linen, sandals, drink water! ☔ (Umbrella recommended) 🕶️ (Sunscreen & sunglasses)",Winter,7,18,0,February,2025-02-08,Saturday,10425972,nan,Unknown,"(73.42, 87.8]"
Lagos,2025-02-09,93.2,78.6,84.4,107.5,78.6,93.1,77.6,81.4,0.0,0.0,0.0,rain,0.0,0.0,17.0,11.4,209.5,1009.9,49.0,5.0,204.6,17.6,8,75.0,07:04:00,18:57:31,0.39,partially cloudy,Partly cloudy throughout the day.,partly-cloudy-day,"DNMM,65201099999,VRJT5",Unknown,"🩳 Sleeveless, linen, sandals, drink water! 🕶️ (Sunscreen & sunglasses)",Winter,7,18,0,February,2025-02-09,Sunday,61612921,nan,Unknown,"(73.42, 87.8]"
Lagos,2025-02-10,92.8,79.2,84.7,109.6,79.2,96.5,79.3,84.6,0.0,0.0,0.0,rain,0.0,0.0,21.5,13.9,209.1,1007.7,52.1,7.3,223.4,19.2,8,75.0,07:03:51,18:57:41,0.42,partially cloudy,Partly cloudy throughout the day.,partly-cloudy-day,"DNMM,remote,65201099999",Unknown,"🩳 Sleeveless, linen, sandals, drink water! 🕶️ (Sunscreen & sunglasses)",Winter,7,18,0,February,2025-02-10,Monday,4847559,gregorian chant,afrobeats,"(73.42, 87.8]"
Lagos,2025-02-11,93.3,78.8,84.9,110.4,78.8,95.8,78.7,82.7,0.0,0.0,0.0,Unknown,0.0,0.0,22.8,13.9,199.5,1007.9,49.4,5.9,213.5,18.5,7,75.0,07:03:42,18:57:50,0.46,partially cloudy,Partly cloudy throughout the day.,partly-cloudy-day,"DNMM,remote,65201099999,VRJT5",Unknown,"🩳 Sleeveless, linen, sandals, drink water! 🕶️ (Sunscreen & sunglasses)",Winter,7,18,0,February,2025-02-11,Tuesday,9702857,nan,Unknown,"(73.42, 87.8]"
Lagos,2025-02-12,95.0,80.6,85.6,112.9,88.1,97.7,78.6,80.6,0.02,100.0,8.33,rain,0.0,0.0,19.7,11.4,205.1,1009.0,59.7,7.8,210.4,18.0,8,100.0,07:03:32,18:57:59,0.5,"rain, partially cloudy",Partly cloudy throughout the day with morning rain.,rain,"DNMM,remote,65201099999",Unknown,"🩳 Sleeveless, linen, sandals, drink water! ☔ (Umbrella recommended) 🕶️ (Sunscreen & sunglasses)",Winter,7,18,0,February,2025-02-12,Wednesday,43002035,nan,Unknown,"(73.42, 87.8]"
Lagos,2025-02-13,95.0,80.6,85.8,110.0,88.1,97.4,78.4,80.1,0.0,0.0,0.0,Unknown,0.0,0.0,20.6,13.2,217.5,1010.2,55.4,6.1,242.7,21.1,9,75.0,07:03:22,18:58:07,0.53,partially cloudy,Partly cloudy throughout the day.,partly-cloudy-day,"DNMM,remote,65201099999,VRJT5",Unknown,"🩳 Sleeveless, linen, sandals, drink water! 🕶️ (Sunscreen & sunglasses)",Winter,7,18,0,February,2025-02-13,Thursday,22836076,nan,Unknown,"(73.42, 87.8]"
Lagos,2025-02-15,95.0,80.2,85.6,110.0,86.9,96.5,78.0,79.3,0.0,0.0,0.0,rain,0.0,0.0,18.6,13.9,192.1,1010.2,51.9,5.2,227.9,19.6,8,75.0,07:02:57,18:58:20,0.59,partially cloudy,Partly cloudy throughout the day.,partly-cloudy-day,"DNMM,65201099999",Unknown,"🩳 Sleeveless, linen, sandals, drink water! 🕶️ (Sunscreen & sunglasses)",Winter,7,18,0,February,2025-02-15,Saturday,72278099,nan,Unknown,"(73.42, 87.8]"
Lagos,2025-02-16,95.0,78.8,84.9,107.1,78.8,94.2,77.7,80.7,0.008,100.0,8.33,rain,0.0,0.0,20.4,86.3,161.0,1009.2,49.8,5.3,222.0,19.3,8,75.0,07:02:44,18:58:26,0.63,"rain, partially cloudy",Partly cloudy throughout the day with rain in the morning and afternoon.,rain,"DNMM,remote,65201099999",Unknown,"🩳 Sleeveless, linen, sandals, drink water! ☔ (Umbrella recommended) 🕶️ (Sunscreen & sunglasses)",Winter,7,18,0,February,2025-02-16,Sunday,41524762,nan,afrobeats,"(73.42, 87.8]"
Lagos,2025-02-17,95.0,80.6,85.8,110.0,88.1,96.8,77.9,78.7,0.0,0.0,0.0,rain,0.0,0.0,21.3,11.4,206.4,1009.2,52.8,4.3,226.1,19.7,8,75.0,07:02:30,18:58:32,0.66,partially cloudy,Partly cloudy throughout the day.,partly-cloudy-day,"DNMM,65201099999",Unknown,"🩳 Sleeveless, linen, sandals, drink water! 🕶️ (Sunscreen & sunglasses)",Winter,7,18,0,February,2025-02-17,Monday,32180251,nan,Unknown,"(73.42, 87.8]"
Lagos,2025-02-18,91.4,80.6,85.0,105.1,88.1,96.9,78.9,82.9,0.008,100.0,8.33,rain,0.0,0.0,19.9,11.4,206.3,1009.7,56.6,6.0,224.4,19.4,8,100.0,07:02:15,18:58:36,0.69,"rain, partially cloudy",Partly cloudy throughout the day with afternoon rain.,rain,"DNMM,remote,65201099999",Unknown,"🩳 Sleeveless, linen, sandals, drink water! ☔ (Umbrella recommended) 🕶️ (Sunscreen & sunglasses)",Winter,7,18,0,February,2025-02-18,Tuesday,68340859,nan,afrobeats,"(73.42, 87.8]"
Lagos,2025-02-19,94.6,80.6,86.0,109.5,88.1,98.2,78.7,80.3,0.0,0.0,0.0,rain,0.0,0.0,19.0,13.9,193.3,1010.7,51.8,5.5,201.9,17.4,8,100.0,07:02:00,18:58:41,0.72,partially cloudy,Partly cloudy throughout the day.,partly-cloudy-day,"DNMM,65201099999,VRJT5",Unknown,"🩳 Sleeveless, linen, sandals, drink water! 🕶️ (Sunscreen & sunglasses)",Winter,7,18,0,February,2025-02-19,Wednesday,55836930,afrobeat,afrobeats,"(73.42, 87.8]"
Lagos,2025-02-20,95.0,80.6,86.3,110.0,88.1,98.4,78.4,78.7,0.0,0.0,0.0,rain,0.0,0.0,21.9,17.2,199.4,1010.6,58.0,6.3,226.9,19.6,8,75.0,07:01:44,18:58:44,0.75,partially cloudy,Partly cloudy throughout the day.,partly-cloudy-day,"DNMM,remote,65201099999,VRJT5",Unknown,"🩳 Sleeveless, linen, sandals, drink water! 🕶️ (Sunscreen & sunglasses)",Winter,7,18,0,February,2025-02-20,Thursday,65132670,nan,Unknown,"(73.42, 87.8]"
Lagos,2025-02-21,95.0,81.6,86.3,110.0,90.8,97.6,77.7,76.9,0.0,0.0,0.0,rain,0.0,0.0,23.5,12.8,204.0,1010.2,60.1,6.0,220.0,18.9,8,75.0,07:01:27,18:58:47,0.79,partially cloudy,Partly cloudy throughout the day.,partly-cloudy-day,"DNMM,65201099999,VRJT5",Unknown,"🩳 Sleeveless, linen, sandals, drink water! 🕶️ (Sunscreen & sunglasses)",Winter,7,18,0,February,2025-02-21,Friday,31512849,nan,afrobeats,"(73.42, 87.8]"
Lagos,2025-02-22,94.6,77.0,84.3,108.7,77.0,93.5,77.4,81.0,0.039,100.0,4.17,rain,0.0,0.0,22.8,15.0,214.2,1010.1,63.9,6.3,231.7,20.2,9,75.0,07:01:09,18:58:49,0.82,"rain, partially cloudy",Partly cloudy throughout the day with late afternoon rain.,rain,"DNMM,remote,65201099999",Unknown,"🩳 Sleeveless, linen, sandals, drink water! ☔ (Umbrella recommended) 🕶️ (Sunscreen & sunglasses)",Winter,7,18,0,February,2025-02-22,Saturday,122248569,nan,afrobeats,"(73.42, 87.8]"
Lagos,2025-02-23,89.6,77.0,81.8,102.6,77.0,88.1,76.5,84.6,0.197,100.0,4.17,rain,0.0,0.0,20.4,10.3,244.6,1010.7,41.8,4.4,184.2,15.9,7,30.0,07:00:51,18:58:51,0.85,"rain, partially cloudy",Partly cloudy throughout the day with morning rain.,rain,"DNMM,65201099999",Unknown,"🩳 Sleeveless, linen, sandals, drink water! ☔ (Umbrella recommended) 🕶️ (Sunscreen & sunglasses)",Winter,7,18,0,February,2025-02-23,Sunday,53519172,afrobeats,afrobeats,"(73.42, 87.8]"
Lagos,2025-02-24,93.2,79.1,84.9,107.9,79.1,95.2,78.2,81.7,0.0,0.0,0.0,Unknown,0.0,0.0,21.7,16.1,194.2,1010.8,47.7,5.7,247.3,21.5,8,60.0,07:00:32,18:58:52,0.88,partially cloudy,Partly cloudy throughout the day.,partly-cloudy-day,"DNMM,65201099999,VRJT5",Unknown,"🩳 Sleeveless, linen, sandals, drink water! 🕶️ (Sunscreen & sunglasses)",Winter,7,18,0,February,2025-02-24,Monday,29284691,afrobeat,afrobeats,"(73.42, 87.8]"
Lagos,2025-02-25,93.2,78.8,83.3,107.8,78.8,92.5,78.1,85.2,2.638,100.0,4.17,rain,0.0,0.0,34.4,23.0,192.9,1011.4,48.1,6.3,234.9,20.3,8,75.0,07:00:12,18:58:53,0.92,"rain, partially cloudy",Partly cloudy throughout the day with late afternoon rain.,rain,"DNMM,remote,65201099999,VRJT5",Unknown,"🩳 Sleeveless, linen, sandals, drink water! ☔ (Umbrella recommended) 🕶️ (Sunscreen & sunglasses)",Winter,7,18,0,February,2025-02-25,Tuesday,717123,afrobeats,afrobeats,"(73.42, 87.8]"
Lagos,2025-02-27,93.2,77.0,83.9,105.0,77.0,91.4,76.8,80.6,0.0,0.0,0.0,Unknown,0.0,0.0,20.4,9.2,185.3,1011.4,49.6,4.9,229.6,19.7,8,75.0,06:59:31,18:58:52,0.98,partially cloudy,Partly cloudy throughout the day.,partly-cloudy-day,"DNMM,65201099999",Unknown,"🩳 Sleeveless, linen, sandals, drink water! 🕶️ (Sunscreen & sunglasses)",Winter,6,18,0,February,2025-02-27,Thursday,36617000,nan,Unknown,"(73.42, 87.8]"
Lagos,2025-02-28,89.6,80.4,84.0,105.2,87.1,94.8,78.4,83.7,0.118,100.0,8.33,rain,0.0,0.0,18.1,11.4,204.4,1010.6,49.4,4.8,226.4,19.7,8,75.0,06:59:09,18:58:51,0.0,"rain, partially cloudy",Partly cloudy throughout the day with afternoon rain.,rain,"DNMM,65201099999,VRJT5",Unknown,"🩳 Sleeveless, linen, sandals, drink water! ☔ (Umbrella recommended) 🕶️ (Sunscreen & sunglasses)",Winter,6,18,0,February,2025-02-28,Friday,29779550,nan,Unknown,"(73.42, 87.8]"
Lagos,2025-03-01,93.3,79.1,85.1,110.4,79.1,96.6,78.6,81.8,0.0,0.0,0.0,rain,0.0,0.0,20.4,15.0,194.7,1009.9,52.8,4.8,239.9,20.8,8,75.0,06:58:47,18:58:50,0.05,partially cloudy,Partly cloudy throughout the day.,partly-cloudy-day,"65210099999,DNMM,65201099999",Unknown,"🩳 Sleeveless, linen, sandals, drink water! 🕶️ (Sunscreen & sunglasses)",Spring,6,18,0,March,2025-03-01,Saturday,125952747,afrobeat,afrobeats,"(73.42, 87.8]"
Lagos,2025-03-02,93.2,80.6,85.5,107.5,87.9,97.4,78.5,80.4,0.0,0.0,0.0,rain,0.0,0.0,20.8,15.0,194.5,1009.3,50.5,5.5,246.7,21.3,9,75.0,06:58:25,18:58:48,0.09,partially cloudy,Partly cloudy throughout the day.,partly-cloudy-day,"DNMM,65201099999",Unknown,"🩳 Sleeveless, linen, sandals, drink water! 🕶️ (Sunscreen & sunglasses)",Spring,6,18,0,March,2025-03-02,Sunday,91386353,afrobeat,afrobeats,"(73.42, 87.8]"
Lagos,2025-03-03,95.0,80.6,86.1,110.0,88.1,98.5,78.6,79.5,0.035,100.0,4.17,rain,0.0,0.0,22.8,15.0,200.3,1008.9,56.3,4.8,232.2,20.0,8,100.0,06:58:02,18:58:46,0.12,"rain, partially cloudy",Partly cloudy throughout the day with late afternoon rain.,rain,"DNMM,65201099999,VRJT5",Unknown,"🩳 Sleeveless, linen, sandals, drink water! ☔ (Umbrella recommended) 🕶️ (Sunscreen & sunglasses)",Spring,6,18,0,March,2025-03-03,Monday,11557390,afrobeat,afrobeats,"(73.42, 87.8]"
Lagos,2025-03-04,91.4,82.4,85.5,107.8,92.1,98.1,78.8,80.9,0.0,0.0,0.0,rain,0.0,0.0,23.7,20.8,197.7,1008.2,59.1,5.6,235.1,20.4,8,100.0,06:57:38,18:58:43,0.16,partially cloudy,Partly cloudy throughout the day.,partly-cloudy-day,"DNMM,65201099999,VRJT5",Unknown,"🩳 Sleeveless, linen, sandals, drink water! 🕶️ (Sunscreen & sunglasses)",Spring,6,18,0,March,2025-03-04,Tuesday,20787418,afrobeat,afrobeats,"(73.42, 87.8]"
Lagos,2025-03-05,93.2,81.7,85.6,110.4,90.1,97.5,78.2,79.2,0.004,100.0,4.17,rain,0.0,0.0,19.0,13.9,204.2,1008.3,49.6,6.0,223.5,19.2,8,75.0,06:57:14,18:58:40,0.19,"rain, partially cloudy",Partly cloudy throughout the day with morning rain.,rain,"DNMM,remote,65201099999,VRJT5",Unknown,"🩳 Sleeveless, linen, sandals, drink water! ☔ (Umbrella recommended) 🕶️ (Sunscreen & sunglasses)",Spring,6,18,0,March,2025-03-05,Wednesday,22563400,nan,Unknown,"(73.42, 87.8]"
Lagos,2025-03-06,93.5,79.7,85.2,107.0,79.7,95.2,77.1,77.8,0.0,0.0,0.0,rain,0.0,0.0,21.0,15.0,193.0,1010.3,51.6,6.0,234.9,20.3,8,75.0,06:56:50,18:58:37,0.25,partially cloudy,Partly cloudy throughout the day.,partly-cloudy-day,"DNMM,65201099999,VRJT5",Unknown,"🩳 Sleeveless, linen, sandals, drink water! 🕶️ (Sunscreen & sunglasses)",Spring,6,18,0,March,2025-03-06,Thursday,1135,nan,Unknown,"(73.42, 87.8]"
Lagos,2025-03-07,93.2,79.5,85.8,109.5,79.5,97.3,78.2,79.2,0.0,0.0,0.0,rain,0.0,0.0,23.0,17.2,204.4,1010.5,56.7,6.4,223.2,19.2,7,100.0,06:56:25,18:58:33,0.26,partially cloudy,Partly cloudy throughout the day.,partly-cloudy-day,"DNMM,65201099999,VRJT5",Unknown,"🩳 Sleeveless, linen, sandals, drink water! 🕶️ (Sunscreen & sunglasses)",Spring,6,18,0,March,2025-03-07,Friday,46100598,gregorian chant,afrobeats,"(73.42, 87.8]"
Lagos,2025-03-08,95.0,82.2,86.7,110.0,90.7,99.0,78.1,76.6,0.0,0.0,0.0,rain,0.0,0.0,20.1,11.4,191.8,1009.5,52.6,6.0,226.0,19.5,8,100.0,06:55:59,18:58:29,0.3,partially cloudy,Partly cloudy throughout the day.,partly-cloudy-day,"DNMM,65201099999,VRJT5",Unknown,"🩳 Sleeveless, linen, sandals, drink water! 🕶️ (Sunscreen & sunglasses)",Spring,6,18,0,March,2025-03-08,Saturday,45192229,nan,Unknown,"(73.42, 87.8]"
Lagos,2025-03-09,95.0,82.2,86.8,110.0,92.2,99.7,78.7,78.0,0.0,0.0,0.0,rain,0.0,0.0,21.9,13.9,185.4,1009.1,55.4,6.1,237.0,20.5,8,100.0,06:55:34,18:58:24,0.33,partially cloudy,Partly cloudy throughout the day.,partly-cloudy-day,"DNMM,65201099999",Unknown,"🩳 Sleeveless, linen, sandals, drink water! 🕶️ (Sunscreen & sunglasses)",Spring,6,18,0,March,2025-03-09,Sunday,5769662,nan,Unknown,"(73.42, 87.8]"
Lagos,2025-03-10,95.0,80.8,87.1,110.0,87.3,100.1,78.6,77.3,0.0,0.0,0.0,rain,0.0,0.0,21.9,15.0,195.5,1010.1,55.9,6.2,228.8,19.8,8,100.0,06:55:08,18:58:19,0.37,partially cloudy,Partly cloudy throughout the day.,partly-cloudy-day,"DNMM,65201099999,VRJT5",Unknown,"🩳 Sleeveless, linen, sandals, drink water! 🕶️ (Sunscreen & sunglasses)",Spring,6,18,0,March,2025-03-10,Monday,11852726,nan,Unknown,"(73.42, 87.8]"
Lagos,2025-03-11,93.2,71.6,83.2,113.5,71.6,94.0,77.5,84.0,0.0,0.0,0.0,rain,0.0,0.0,51.9,29.3,191.6,1010.9,64.7,5.9,209.0,18.1,8,75.0,06:54:41,18:58:14,0.4,partially cloudy,Partly cloudy throughout the day.,partly-cloudy-day,"DNMM,65201099999,VRJT5",Unknown,"🩳 Sleeveless, linen, sandals, drink water! 🕶️ (Sunscreen & sunglasses)",Spring,6,18,0,March,2025-03-11,Tuesday,31029989,nan,Unknown,"(73.42, 87.8]"
Lagos,2025-03-12,93.2,80.5,85.5,110.9,87.9,97.9,78.9,81.6,0.0,0.0,0.0,Unknown,0.0,0.0,24.2,15.0,210.9,1010.0,43.8,6.4,230.3,19.9,9,100.0,06:54:15,18:58:09,0.44,partially cloudy,Partly cloudy throughout the day.,partly-cloudy-day,"DNMM,remote,65201099999",Unknown,"🩳 Sleeveless, linen, sandals, drink water! 🕶️ (Sunscreen & sunglasses)",Spring,6,18,0,March,2025-03-12,Wednesday,37965633,lullaby,lullaby,"(73.42, 87.8]"
Lagos,2025-03-13,93.2,76.9,84.0,110.4,76.9,92.9,77.2,81.2,0.0,0.0,0.0,rain,0.0,0.0,24.4,13.9,195.5,1009.5,59.8,6.0,222.8,19.2,9,100.0,06:53:48,18:58:03,0.47,partially cloudy,Partly cloudy throughout the day.,partly-cloudy-day,"DNMM,65201099999,VRJT5",Unknown,"🩳 Sleeveless, linen, sandals, drink water! 🕶️ (Sunscreen & sunglasses)",Spring,6,18,0,March,2025-03-13,Thursday,4744681,lullaby,lullaby,"(73.42, 87.8]"
Lagos,2025-03-14,93.2,80.4,85.7,110.9,86.5,97.2,77.8,78.0,0.0,0.0,0.0,rain,0.0,0.0,22.1,12.8,185.3,1010.4,57.0,6.3,243.1,20.9,9,75.0,06:53:20,18:57:57,0.5,partially cloudy,Partly cloudy throughout the day.,partly-cloudy-day,"DNMM,65201099999,VRJT5",Unknown,"🩳 Sleeveless, linen, sandals, drink water! 🕶️ (Sunscreen & sunglasses)",Spring,6,18,0,March,2025-03-14,Friday,27231436,afrobeat,afrobeats,"(73.42, 87.8]"
Lagos,2025-03-15,95.0,80.6,86.5,110.0,88.0,98.6,78.2,77.6,0.0,0.0,0.0,rain,0.0,0.0,19.0,11.4,192.4,1011.6,57.8,6.2,237.6,20.6,9,75.0,06:52:53,18:57:51,0.54,partially cloudy,Partly cloudy throughout the day.,partly-cloudy-day,"DNMM,65201099999",Unknown,"🩳 Sleeveless, linen, sandals, drink water! 🕶️ (Sunscreen & sunglasses)",Spring,6,18,0,March,2025-03-15,Saturday,30592589,gregorian chant,afrobeats,"(73.42, 87.8]"
Lagos,2025-03-16,93.2,82.0,86.3,110.4,91.7,99.1,78.6,78.5,0.0,0.0,0.0,rain,0.0,0.0,21.9,17.2,197.4,1011.8,60.7,5.9,233.9,20.1,9,75.0,06:52:25,18:57:44,0.57,partially cloudy,Partly cloudy throughout the day.,partly-cloudy-day,"DNMM,65201099999",Unknown,"🩳 Sleeveless, linen, sandals, drink water! 🕶️ (Sunscreen & sunglasses)",Spring,6,18,0,March,2025-03-16,Sunday,17272323,nan,afrobeats,"(73.42, 87.8]"
Lagos,2025-03-17,93.2,80.6,86.3,110.4,87.1,98.2,77.9,76.8,0.0,0.0,0.0,rain,0.0,0.0,24.4,17.2,191.5,1010.9,55.7,6.2,249.1,21.6,9,100.0,06:51:57,18:57:38,0.6,partially cloudy,Partly cloudy throughout the day.,partly-cloudy-day,"DNMM,65201099999",Unknown,"🩳 Sleeveless, linen, sandals, drink water! 🕶️ (Sunscreen & sunglasses)",Spring,6,18,0,March,2025-03-17,Monday,7206362,afrobeat,afrobeats,"(73.42, 87.8]"
Lagos,2025-03-18,93.2,81.0,86.4,107.5,89.0,98.5,78.0,76.9,0.0,0.0,0.0,rain,0.0,0.0,22.6,18.3,201.7,1010.0,54.9,5.8,197.9,16.8,8,75.0,06:51:29,18:57:31,0.64,partially cloudy,Partly cloudy throughout the day.,partly-cloudy-day,"DNMM,65201099999",Unknown,"🩳 Sleeveless, linen, sandals, drink water! 🕶️ (Sunscreen & sunglasses)",Spring,6,18,0,March,2025-03-18,Tuesday,39790361,nan,Unknown,"(73.42, 87.8]"
Lagos,2025-03-19,91.5,80.6,85.1,107.7,87.1,97.1,78.5,80.8,0.787,100.0,4.17,rain,0.0,0.0,20.4,13.9,192.2,1011.0,57.8,5.8,209.1,18.1,8,75.0,06:51:01,18:57:24,0.67,"rain, partially cloudy",Partly cloudy throughout the day with afternoon rain.,rain,"DNMM,65201099999,VRJT5",Unknown,"🩳 Sleeveless, linen, sandals, drink water! ☔ (Umbrella recommended) 🕶️ (Sunscreen & sunglasses)",Spring,6,18,0,March,2025-03-19,Wednesday,47933867,nan,rap,"(73.42, 87.8]"
Lagos,2025-03-20,91.7,80.6,85.4,107.8,87.1,97.0,78.2,79.7,0.0,0.0,0.0,rain,0.0,0.0,19.7,12.8,203.6,1012.7,59.2,6.2,226.9,19.7,9,75.0,06:50:32,18:57:17,0.7,partially cloudy,Partly cloudy throughout the day.,partly-cloudy-day,"DNMM,65201099999,VRJT5",Unknown,"🩳 Sleeveless, linen, sandals, drink water! 🕶️ (Sunscreen & sunglasses)",Spring,6,18,0,March,2025-03-20,Thursday,8659039,hip hop,rap,"(73.42, 87.8]"
Lagos,2025-03-21,91.7,73.4,85.0,107.8,73.4,95.5,77.4,79.1,0.0,0.0,0.0,rain,0.0,0.0,34.4,20.8,190.8,1012.8,61.2,7.0,218.7,18.8,8,75.0,06:50:03,18:57:10,0.74,partially cloudy,Partly cloudy throughout the day.,partly-cloudy-day,"DNMM,remote,65201099999,VRJT5",Unknown,"🩳 Sleeveless, linen, sandals, drink water! 🕶️ (Sunscreen & sunglasses)",Spring,6,18,0,March,2025-03-21,Friday,12251532,afrobeat,afrobeats,"(73.42, 87.8]"
Lagos,2025-03-22,93.3,71.6,81.6,107.0,71.6,88.0,75.3,82.4,0.0,0.0,0.0,rain,0.0,0.0,51.9,13.9,204.7,1011.7,57.4,5.4,214.9,18.4,8,60.0,06:49:35,18:57:03,0.75,partially cloudy,Partly cloudy throughout the day.,partly-cloudy-day,"DNMM,65201099999",Unknown,"🩳 Sleeveless, linen, sandals, drink water! 🕶️ (Sunscreen & sunglasses)",Spring,6,18,0,March,2025-03-22,Saturday,25618818,nan,afrobeats,"(73.42, 87.8]"
Lagos,2025-03-23,91.4,73.4,81.8,106.6,73.4,88.5,75.2,81.3,0.197,100.0,4.17,rain,0.0,0.0,19.7,10.3,177.5,1011.2,58.4,5.2,235.2,20.3,8,75.0,06:49:06,18:56:56,0.8,"rain, partially cloudy",Partly cloudy throughout the day with morning rain.,rain,"DNMM,65201099999",Unknown,"🩳 Sleeveless, linen, sandals, drink water! ☔ (Umbrella recommended) 🕶️ (Sunscreen & sunglasses)",Spring,6,18,0,March,2025-03-23,Sunday,9057665,nan,Unknown,"(73.42, 87.8]"
Lagos,2025-03-24,93.2,77.0,83.2,105.2,77.0,90.1,77.1,83.3,0.827,100.0,4.17,rain,0.0,0.0,20.6,16.1,224.5,1011.8,62.6,6.2,251.5,21.8,8,60.0,06:48:37,18:56:48,0.84,"rain, partially cloudy",Partly cloudy throughout the day with late afternoon rain.,rain,"DNMM,remote,65201099999",Unknown,"🩳 Sleeveless, linen, sandals, drink water! ☔ (Umbrella recommended) 🕶️ (Sunscreen & sunglasses)",Spring,6,18,0,March,2025-03-24,Monday,40147157,nan,Unknown,"(73.42, 87.8]"
Lagos,2025-03-25,91.4,77.0,84.1,105.2,77.0,92.3,77.8,82.6,0.0,0.0,0.0,rain,0.0,0.0,21.3,15.0,213.9,1011.6,54.0,4.8,233.8,20.4,8,75.0,06:48:08,18:56:41,0.87,partially cloudy,Partly cloudy throughout the day.,partly-cloudy-day,"DNMM,65201099999",Unknown,"🩳 Sleeveless, linen, sandals, drink water! 🕶️ (Sunscreen & sunglasses)",Spring,6,18,0,March,2025-03-25,Tuesday,10211511,nan,Unknown,"(73.42, 87.8]"
Lagos,2025-03-26,91.4,82.3,85.3,107.8,90.9,97.1,78.3,80.3,0.016,100.0,4.17,rain,0.0,0.0,23.7,16.1,207.5,1010.3,57.2,6.9,205.3,17.6,8,75.0,06:47:40,18:56:34,0.9,"rain, partially cloudy",Partly cloudy throughout the day with early morning rain.,rain,"DNMM,remote,65201099999",Unknown,"🩳 Sleeveless, linen, sandals, drink water! ☔ (Umbrella recommended) 🕶️ (Sunscreen & sunglasses)",Spring,6,18,0,March,2025-03-26,Wednesday,1333006,gregorian chant,gregorian chant,"(73.42, 87.8]"
Lagos,2025-03-27,95.0,76.8,84.0,112.9,76.8,92.1,76.2,78.3,0.0,0.0,0.0,Unknown,0.0,0.0,21.9,13.9,188.2,1009.5,51.3,6.0,231.6,19.9,9,30.0,06:47:11,18:56:26,0.93,partially cloudy,Partly cloudy throughout the day.,partly-cloudy-day,"DNMM,65201099999",Unknown,"🩳 Sleeveless, linen, sandals, drink water! 🕶️ (Sunscreen & sunglasses)",Spring,6,18,0,March,2025-03-27,Thursday,9307412,gregorian chant,gregorian chant,"(73.42, 87.8]"
Lagos,2025-03-28,93.2,77.4,84.7,107.5,77.4,94.3,77.2,78.8,0.008,100.0,8.33,rain,0.0,0.0,20.1,13.9,190.9,1009.8,54.6,6.5,247.1,21.3,8,60.0,06:46:42,18:56:19,0.97,"rain, partially cloudy",Partly cloudy throughout the day with afternoon rain.,rain,"DNMM,VRJT5,65201099999",Unknown,"🩳 Sleeveless, linen, sandals, drink water! ☔ (Umbrella recommended) 🕶️ (Sunscreen & sunglasses)",Spring,6,18,0,March,2025-03-28,Friday,50408700,nan,Unknown,"(73.42, 87.8]"
Lagos,2025-03-29,93.2,80.4,86.0,107.5,86.8,96.3,76.8,75.0,0.0,0.0,0.0,rain,0.0,0.0,23.3,12.8,189.3,1009.3,50.8,6.1,247.0,21.4,9,75.0,06:46:13,18:56:12,0.0,partially cloudy,Partly cloudy throughout the day.,partly-cloudy-day,"DNMM,65201099999",Unknown,"🩳 Sleeveless, linen, sandals, drink water! 🕶️ (Sunscreen & sunglasses)",Spring,6,18,0,March,2025-03-29,Saturday,73167798,afrobeat,afrobeats,"(73.42, 87.8]"
Lagos,2025-03-30,93.0,80.6,85.8,107.7,88.1,97.3,77.9,78.0,0.0,0.0,0.0,rain,0.0,0.0,24.6,16.1,205.2,1009.3,52.1,6.2,219.2,19.0,7,75.0,06:45:45,18:56:04,0.03,partially cloudy,Partly cloudy throughout the day.,partly-cloudy-day,"DNMM,65201099999",Unknown,"🩳 Sleeveless, linen, sandals, drink water! 🕶️ (Sunscreen & sunglasses)",Spring,6,18,0,March,2025-03-30,Sunday,73895896,afrobeat,afrobeats,"(73.42, 87.8]"
Lagos,2025-03-31,95.0,78.8,85.6,112.9,78.8,97.1,78.3,79.6,0.032,100.0,20.83,rain,0.0,0.0,25.3,16.1,213.6,1009.2,62.8,8.4,208.3,18.0,8,75.0,06:45:16,18:55:57,0.07,"rain, partially cloudy",Partly cloudy throughout the day with rain.,rain,"DNMM,remote,65201099999",Unknown,"🩳 Sleeveless, linen, sandals, drink water! ☔ (Umbrella recommended) 🕶️ (Sunscreen & sunglasses)",Spring,6,18,0,March,2025-03-31,Monday,34981331,afrobeat,alté,"(73.42, 87.8]"
Lagos,2025-04-01,93.2,81.0,85.2,107.5,89.3,97.5,78.7,81.4,0.044,100.0,20.83,rain,0.0,0.0,21.3,13.9,204.5,1009.0,68.2,8.2,211.0,18.2,8,75.0,06:44:48,18:55:50,0.1,"rain, partially cloudy",Partly cloudy throughout the day with rain.,rain,"DNMM,remote,65201099999",Unknown,"🩳 Sleeveless, linen, sandals, drink water! ☔ (Umbrella recommended) 🕶️ (Sunscreen & sunglasses)",Spring,6,18,0,April,2025-04-01,Tuesday,17347544,afrobeat,alté,"(73.42, 87.8]"
Lagos,2025-04-02,86.0,75.2,82.4,101.9,75.2,92.9,78.8,88.9,0.315,100.0,4.17,rain,0.0,0.0,28.9,16.1,197.5,1009.5,59.3,4.9,178.8,15.4,7,75.0,06:44:19,18:55:43,0.14,"rain, partially cloudy",Partly cloudy throughout the day with late afternoon rain.,rain,"DNMM,65201099999",Unknown,"🩳 Sleeveless, linen, sandals, drink water! ☔ (Umbrella recommended) 🕶️ (Sunscreen & sunglasses)",Spring,6,18,0,April,2025-04-02,Wednesday,9428431,afrobeat,alté,"(73.42, 87.8]"
Lagos,2025-04-03,91.4,73.4,82.0,107.8,73.4,89.0,76.3,84.0,1.22,100.0,8.33,rain,0.0,0.0,15.0,13.9,170.6,1010.5,47.4,5.2,184.5,16.0,7,30.0,06:43:51,18:55:36,0.17,"rain, partially cloudy",Partly cloudy throughout the day with rain clearing later.,rain,"DNMM,remote,65201099999",Unknown,"🩳 Sleeveless, linen, sandals, drink water! ☔ (Umbrella recommended) 🕶️ (Sunscreen & sunglasses)",Spring,6,18,0,April,2025-04-03,Thursday,9856116,afrobeat,afrobeats,"(73.42, 87.8]"
Lagos,2025-04-04,93.2,78.8,85.1,109.5,78.8,94.8,77.9,80.3,1.22,100.0,4.17,rain,0.0,0.0,18.1,13.9,199.7,1011.1,49.8,6.3,248.6,21.6,8,60.0,06:43:23,18:55:29,0.21,"rain, partially cloudy",Partly cloudy throughout the day with early morning rain.,rain,"DNMM,remote,65201099999",Unknown,"🩳 Sleeveless, linen, sandals, drink water! ☔ (Umbrella recommended) 🕶️ (Sunscreen & sunglasses)",Spring,6,18,0,April,2025-04-04,Friday,16980130,afrobeat,afrobeats,"(73.42, 87.8]"
Lagos,2025-04-05,93.2,80.6,86.2,107.5,87.9,97.6,77.8,77.3,0.0,0.0,0.0,rain,0.0,0.0,24.6,17.2,207.3,1010.8,51.3,7.5,256.8,22.2,9,75.0,06:42:56,18:55:23,0.25,partially cloudy,Partly cloudy throughout the day.,partly-cloudy-day,"DNMM,remote,65201099999",Unknown,"🩳 Sleeveless, linen, sandals, drink water! 🕶️ (Sunscreen & sunglasses)",Spring,6,18,0,April,2025-04-05,Saturday,72933034,afrobeat,afrobeats,"(73.42, 87.8]"
Lagos,2025-04-06,93.1,80.5,86.2,110.1,86.9,97.6,77.7,77.0,0.143,100.0,54.17,rain,0.0,0.0,21.3,15.0,194.4,1010.3,47.0,6.2,232.9,20.1,9,75.0,06:42:28,18:55:16,0.27,"rain, partially cloudy",Partly cloudy throughout the day with a chance of rain throughout the day.,rain,DNMM,Unknown,"🩳 Sleeveless, linen, sandals, drink water! ☔ (Umbrella recommended) 🕶️ (Sunscreen & sunglasses)",Spring,6,18,0,April,2025-04-06,Sunday,29968054,nan,afrobeats,"(73.42, 87.8]"
New York,2025-01-01,50.8,41.3,45.9,50.8,33.0,41.4,36.0,69.7,0.036,100.0,4.17,rain,0.0,0.0,37.6,17.8,273.5,1001.2,85.7,8.9,43.6,3.8,3,10.0,07:20:16,16:39:37,0.06,"rain, partially cloudy",Partly cloudy throughout the day with early morning rain.,rain,"72505394728,KEWR,KLGA,72502014734,F1417,KNYC,72503014732",Unknown,"🧥 Coat or insulated jacket, boots ☔ (Umbrella recommended)",Winter,7,16,0,January,2025-01-01,Wednesday,72911063,nan,afrobeats,"(44.66, 59.04]"
New York,2025-01-02,42.5,34.3,38.7,34.3,23.2,30.6,19.5,46.0,0.0,0.0,0.0,Unknown,0.0,0.0,37.8,20.8,267.0,1012.2,53.6,9.9,62.9,5.4,3,10.0,07:20:20,16:40:29,0.1,partially cloudy,Partly cloudy throughout the day.,partly-cloudy-day,"72505394728,KEWR,KLGA,72502014734,F1417,KNYC,72503014732",Unknown,"🧥 Heavy coat, thermal wear, gloves, boots",Winter,7,16,0,January,2025-01-02,Thursday,48018399,nan,Unknown,"(30.28, 44.66]"
New York,2025-01-03,38.4,31.1,34.9,32.7,22.4,27.0,16.6,47.3,0.0,0.0,0.0,Unknown,0.0,0.0,28.4,14.8,267.7,1011.5,71.3,9.9,99.3,8.5,6,10.0,07:20:23,16:41:22,0.13,partially cloudy,Partly cloudy throughout the day.,partly-cloudy-day,"72505394728,KEWR,KLGA,72502014734,F1417,KNYC,72503014732",Unknown,"🧥 Heavy coat, thermal wear, gloves, boots 🕶️ (Sunscreen & sunglasses)",Winter,7,16,0,January,2025-01-03,Friday,85634098,nan,hiplife,"(30.28, 44.66]"
New York,2025-01-04,32.8,28.9,31.0,23.8,18.4,20.8,8.4,38.6,0.0,0.0,0.0,Unknown,0.0,0.0,37.8,20.3,288.3,1011.0,67.8,9.9,79.3,6.7,6,10.0,07:20:23,16:42:17,0.17,partially cloudy,Partly cloudy throughout the day.,partly-cloudy-day,"72505394728,KEWR,KLGA,72502014734,F1417,KNYC,72503014732",Unknown,"🧥 Heavy coat, thermal wear, gloves, boots 🕶️ (Sunscreen & sunglasses)",Winter,7,16,0,January,2025-01-04,Saturday,24345288,afrobeat,afrobeat,"(30.28, 44.66]"
New York,2025-01-05,33.5,28.3,30.0,24.6,17.7,20.4,10.4,43.6,0.0,0.0,0.0,Unknown,0.0,0.0,33.3,17.5,277.0,1016.2,62.8,9.9,87.6,7.5,4,10.0,07:20:21,16:43:13,0.21,partially cloudy,Partly cloudy throughout the day.,partly-cloudy-day,"72505394728,KEWR,KLGA,72502014734,F1417,KNYC,72503014732",Unknown,"🧥 Heavy coat, thermal wear, gloves, boots",Winter,7,16,0,January,2025-01-05,Sunday,33281390,nan,Unknown,"(15.828, 30.28]"
New York,2025-01-06,30.1,23.7,28.7,30.1,13.4,22.5,17.6,63.4,0.062,100.0,16.67,"rain,snow",0.7,0.4,35.3,12.3,339.6,1010.2,75.5,8.3,17.6,1.4,1,10.0,07:20:16,16:44:11,0.25,"snow, rain, partially cloudy",Partly cloudy throughout the day with rain or snow in the morning and afternoon.,snow,"72505394728,KEWR,KLGA,72502014734,F1417,KNYC,72503014732",Unknown,"🧥 Heavy coat, thermal wear, gloves, boots ☔ (Umbrella recommended) ❄️ (Snow boots suggested)",Winter,7,16,0,January,2025-01-06,Monday,13347470,afrobeat,alté,"(15.828, 30.28]"
New York,2025-01-07,32.8,19.5,26.0,21.8,5.4,13.5,8.9,48.0,0.0,0.0,0.0,Unknown,0.0,0.4,39.4,20.2,302.6,1009.8,33.5,9.9,114.4,9.8,5,10.0,07:20:10,16:45:10,0.28,partially cloudy,Partly cloudy throughout the day.,partly-cloudy-day,"72505394728,KEWR,KLGA,72502014734,F1417,KNYC,72503014732",Unknown,"🧥 Heavy coat, thermal wear, gloves, boots",Winter,7,16,0,January,2025-01-07,Tuesday,57109574,nan,alté,"(15.828, 30.28]"
New York,2025-01-08,29.7,23.3,26.1,17.6,7.6,13.4,5.3,40.7,0.0,0.0,0.0,Unknown,0.0,0.9,38.3,23.0,295.4,1012.4,40.6,9.9,114.5,10.0,6,10.0,07:20:01,16:46:10,0.31,partially cloudy,Clearing in the afternoon.,partly-cloudy-day,"72505394728,KEWR,KLGA,72502014734,F1417,KNYC,72503014732",Unknown,"🧥 Heavy coat, thermal wear, gloves, boots 🕶️ (Sunscreen & sunglasses)",Winter,7,16,0,January,2025-01-08,Wednesday,14082227,nan,Unknown,"(15.828, 30.28]"
New York,2025-01-09,33.8,22.4,27.4,22.8,8.0,15.0,9.4,46.5,0.0,0.0,0.0,"rain,snow",0.1,0.1,41.7,25.9,300.9,1007.8,26.2,9.9,112.4,9.8,5,10.0,07:19:50,16:47:11,0.35,partially cloudy,Partly cloudy throughout the day.,partly-cloudy-day,"72505394728,KEWR,KLGA,72502014734,F1417,KNYC,72503014732",Unknown,"🧥 Heavy coat, thermal wear, gloves, boots",Winter,7,16,0,January,2025-01-09,Thursday,30274774,nan,Unknown,"(15.828, 30.28]"
New York,2025-01-10,39.5,27.4,33.0,33.5,16.2,25.0,14.1,45.9,0.0,0.0,0.0,snow,0.0,0.0,32.9,15.7,300.5,1011.9,25.5,9.9,101.1,8.7,5,10.0,07:19:36,16:48:14,0.38,partially cloudy,Partly cloudy throughout the day.,partly-cloudy-day,"72505394728,KEWR,KLGA,72502014734,F1417,KNYC,72503014732",Unknown,"🧥 Heavy coat, thermal wear, gloves, boots",Winter,7,16,0,January,2025-01-10,Friday,9185730,afrobeat,afrobeat,"(30.28, 44.66]"
New York,2025-01-11,36.2,28.5,32.3,35.1,21.1,25.8,19.3,59.3,0.023,100.0,12.5,"rain,snow",0.8,0.2,32.7,15.6,300.7,1002.2,79.0,9.2,63.2,5.3,4,10.0,07:19:20,16:49:17,0.42,"snow, rain, partially cloudy",Partly cloudy throughout the day with rain or snow clearing later.,snow,"72505394728,KEWR,KLGA,72502014734,F1417,KNYC,72503014732",Unknown,"🧥 Heavy coat, thermal wear, gloves, boots ☔ (Umbrella recommended) ❄️ (Snow boots suggested)",Winter,7,16,0,January,2025-01-11,Saturday,9356137,nan,afro adura,"(30.28, 44.66]"
New York,2025-01-12,41.9,30.9,36.4,39.2,22.4,31.2,19.5,50.6,0.0,0.0,0.0,Unknown,0.0,0.9,23.0,11.3,305.6,1014.5,44.1,9.9,106.0,9.1,5,10.0,07:19:02,16:50:22,0.46,partially cloudy,Partly cloudy throughout the day.,partly-cloudy-day,"72505394728,KEWR,KLGA,72502014734,F1417,KNYC,72503014732",Unknown,"🧥 Heavy coat, thermal wear, gloves, boots",Winter,7,16,0,January,2025-01-12,Sunday,40113330,nan,Unknown,"(30.28, 44.66]"
New York,2025-01-13,42.5,33.8,37.9,38.8,27.3,32.8,19.5,47.4,0.0,0.0,0.0,snow,0.0,0.0,31.1,14.5,243.8,1014.2,48.5,9.9,48.2,4.2,2,10.0,07:18:42,16:51:28,0.5,partially cloudy,Partly cloudy throughout the day.,partly-cloudy-day,"72505394728,KEWR,KLGA,72502014734,F1417,KNYC,72503014732",Unknown,"🧥 Heavy coat, thermal wear, gloves, boots",Winter,7,16,0,January,2025-01-13,Monday,52003664,nan,Unknown,"(30.28, 44.66]"
New York,2025-01-14,35.3,26.3,30.6,27.6,14.7,21.3,8.3,39.1,0.0,0.0,0.0,Unknown,0.0,0.0,32.0,18.9,288.7,1015.6,37.0,9.9,121.5,10.5,5,10.0,07:18:20,16:52:34,0.52,partially cloudy,Partly cloudy throughout the day.,partly-cloudy-day,"72505394728,KEWR,KLGA,72502014734,F8726,F1417,KNYC,72503014732",Unknown,"🧥 Heavy coat, thermal wear, gloves, boots",Winter,7,16,0,January,2025-01-14,Tuesday,30431395,nan,Unknown,"(30.28, 44.66]"
New York,2025-01-15,31.8,23.1,27.1,22.4,10.0,16.7,7.3,42.9,0.0,0.0,0.0,Unknown,0.0,0.0,31.5,16.8,298.4,1019.9,29.5,9.9,127.4,11.0,6,10.0,07:17:55,16:53:42,0.56,partially cloudy,Becoming cloudy in the afternoon.,partly-cloudy-day,"72505394728,KEWR,KLGA,72502014734,F1417,KNYC,72503014732",Unknown,"🧥 Heavy coat, thermal wear, gloves, boots 🕶️ (Sunscreen & sunglasses)",Winter,7,16,0,January,2025-01-15,Wednesday,35667877,nan,Unknown,"(15.828, 30.28]"
New York,2025-01-17,42.5,26.4,33.8,39.0,17.5,28.2,19.1,55.7,0.0,0.0,0.0,snow,0.1,0.0,23.0,10.4,267.1,1016.9,46.9,9.7,108.3,9.4,5,10.0,07:17:00,16:55:59,0.62,partially cloudy,Partly cloudy throughout the day.,partly-cloudy-day,"72505394728,KEWR,KLGA,72502014734,F1417,KNYC,72503014732",Unknown,"🧥 Heavy coat, thermal wear, gloves, boots",Winter,7,16,0,January,2025-01-17,Friday,11147246,disco,italo disco,"(30.28, 44.66]"
New York,2025-01-18,46.1,35.5,41.2,44.2,29.4,37.3,32.2,71.3,0.088,100.0,12.5,rain,0.0,0.0,28.4,12.3,194.3,1013.2,68.2,7.7,26.8,2.2,2,10.0,07:16:29,16:57:08,0.65,"rain, partially cloudy",Partly cloudy throughout the day with afternoon rain.,rain,"72505394728,KEWR,KLGA,72502014734,F1417,KNYC,72503014732",Unknown,"🧥 Coat or insulated jacket, boots ☔ (Umbrella recommended)",Winter,7,16,0,January,2025-01-18,Saturday,47706276,nan,Unknown,"(30.28, 44.66]"
New York,2025-01-19,40.5,27.4,35.8,37.7,17.4,29.9,29.2,77.1,0.207,100.0,37.5,"rain,snow",3.3,0.5,32.4,14.7,346.5,1007.7,85.6,6.6,33.0,2.9,2,10.0,07:15:56,16:58:19,0.69,"snow, rain, partially cloudy",Partly cloudy throughout the day with rain or snow.,snow,"72505394728,KEWR,KLGA,72502014734,F1417,KNYC,72503014732",Unknown,"🧥 Heavy coat, thermal wear, gloves, boots ☔ (Umbrella recommended) ❄️ (Snow boots suggested)",Winter,7,16,0,January,2025-01-19,Sunday,16490500,alté,afro adura,"(30.28, 44.66]"
New York,2025-01-20,26.4,18.3,21.8,16.4,5.8,10.8,5.6,50.3,0.0,0.0,0.0,snow,0.5,2.0,32.2,14.7,284.9,1022.0,28.6,9.4,125.7,10.7,6,10.0,07:15:21,16:59:29,0.72,partially cloudy,Partly cloudy throughout the day.,partly-cloudy-day,"72505394728,KEWR,KLGA,72502014734,F1417,KNYC,72503014732",Unknown,"🧥 Heavy coat, thermal wear, gloves, boots 🕶️ (Sunscreen & sunglasses)",Winter,7,16,0,January,2025-01-20,Monday,108308064,nan,afro adura,"(15.828, 30.28]"
New York,2025-01-21,19.3,11.3,15.9,11.3,-3.0,5.0,-3.9,41.0,0.0,0.0,0.0,Unknown,0.0,1.3,23.0,12.0,273.1,1032.8,42.1,9.9,71.6,6.2,4,10.0,07:14:44,17:00:41,0.75,partially cloudy,Partly cloudy throughout the day.,partly-cloudy-day,"72505394728,KEWR,KLGA,72502014734,F1417,KNYC,72503014732",Unknown,"🧥 Heavy coat, thermal wear, gloves, boots",Winter,7,17,0,January,2025-01-21,Tuesday,88417264,nan,Unknown,"(15.828, 30.28]"
New York,2025-01-22,19.8,11.4,16.3,19.8,-1.5,7.5,-4.7,38.9,0.0,0.0,0.0,Unknown,0.0,0.5,26.4,10.7,304.9,1032.3,24.6,9.9,121.9,10.6,5,10.0,07:14:04,17:01:53,0.78,partially cloudy,Partly cloudy throughout the day.,partly-cloudy-day,"72505394728,KEWR,KLGA,72502014734,F1417,KNYC,72503014732",Unknown,"🧥 Heavy coat, thermal wear, gloves, boots",Winter,7,17,0,January,2025-01-22,Wednesday,73126069,nan,Unknown,"(15.828, 30.28]"
New York,2025-01-23,27.6,17.2,22.7,19.9,9.9,15.7,2.2,40.8,0.0,0.0,0.0,Unknown,0.0,0.9,23.0,13.9,252.1,1024.9,28.3,9.9,122.8,10.6,6,10.0,07:13:23,17:03:05,0.81,partially cloudy,Clearing in the afternoon.,partly-cloudy-day,"72505394728,KEWR,KLGA,72502014734,F1417,KNYC,72503014732",Unknown,"🧥 Heavy coat, thermal wear, gloves, boots 🕶️ (Sunscreen & sunglasses)",Winter,7,17,0,January,2025-01-23,Thursday,20952205,variété française,variété française,"(15.828, 30.28]"
New York,2025-01-25,32.1,21.2,27.5,25.8,12.3,20.6,7.6,43.0,0.0,0.0,0.0,Unknown,0.0,1.3,22.4,12.1,251.1,1025.7,37.8,9.9,126.0,10.9,5,10.0,07:11:55,17:05:31,0.88,partially cloudy,Becoming cloudy in the afternoon.,partly-cloudy-day,"72505394728,KEWR,KLGA,72502014734,F1417,KNYC,72503014732",Unknown,"🧥 Heavy coat, thermal wear, gloves, boots",Winter,7,17,0,January,2025-01-25,Saturday,10778884,nan,italo disco,"(15.828, 30.28]"
New York,2025-01-26,43.0,30.7,36.3,37.5,23.5,30.4,16.0,44.1,0.0,0.0,0.0,Unknown,0.0,1.2,27.9,17.4,264.6,1020.4,45.3,9.9,75.0,6.5,4,10.0,07:11:08,17:06:44,0.91,partially cloudy,Partly cloudy throughout the day.,partly-cloudy-day,"72505394728,KEWR,KLGA,72502014734,F1417,KNYC,72503014732",Unknown,"🧥 Heavy coat, thermal wear, gloves, boots",Winter,7,17,0,January,2025-01-26,Sunday,3707953,nan,Unknown,"(30.28, 44.66]"
New York,2025-01-27,40.5,31.5,36.3,35.7,22.8,29.5,10.3,34.6,0.0,0.0,0.0,Unknown,0.0,0.8,32.4,15.9,238.8,1013.4,14.4,9.9,133.3,11.3,6,10.0,07:10:19,17:07:58,0.94,clear,Clear conditions throughout the day.,clear-day,"72505394728,KEWR,KLGA,72502014734,F1417,KNYC,72503014732",Unknown,"🧥 Heavy coat, thermal wear, gloves, boots 🕶️ (Sunscreen & sunglasses)",Winter,7,17,0,January,2025-01-27,Monday,89947084,nan,afrobeats,"(30.28, 44.66]"
New York,2025-01-28,42.5,33.8,37.7,35.6,27.6,30.9,13.4,36.7,0.0,0.0,0.0,snow,0.0,0.8,37.8,20.9,267.8,1002.8,49.5,9.9,113.2,9.6,5,10.0,07:09:28,17:09:12,0.97,partially cloudy,Clearing in the afternoon.,partly-cloudy-day,"72505394728,KEWR,KLGA,72502014734,F1417,KNYC,72503014732",Unknown,"🧥 Heavy coat, thermal wear, gloves, boots",Winter,7,17,0,January,2025-01-28,Tuesday,89849810,nan,afrobeats,"(30.28, 44.66]"
New York,2025-01-29,51.9,34.4,42.7,51.9,22.4,37.0,19.7,40.1,0.0,0.0,0.0,"rain,snow",0.0,0.1,42.6,23.1,267.6,1000.2,56.1,9.9,112.7,9.8,7,10.0,07:08:35,17:10:26,0.0,partially cloudy,Partly cloudy throughout the day.,partly-cloudy-day,"72505394728,KEWR,KLGA,72502014734,F1417,KNYC,72503014732",Unknown,"🧥 Heavy coat, thermal wear, gloves, boots 🕶️ (Sunscreen & sunglasses)",Winter,7,17,0,January,2025-01-29,Wednesday,38052981,nan,Unknown,"(30.28, 44.66]"
New York,2025-01-30,36.8,25.5,31.8,36.2,14.6,23.9,8.4,37.3,0.0,0.0,0.0,Unknown,0.0,0.1,38.4,21.0,293.6,1021.5,19.4,9.9,138.7,12.0,6,10.0,07:07:41,17:11:40,0.04,clear,Clear conditions throughout the day.,clear-day,"72505394728,KEWR,KLGA,72502014734,F1417,KNYC,72503014732",Unknown,"🧥 Heavy coat, thermal wear, gloves, boots 🕶️ (Sunscreen & sunglasses)",Winter,7,17,0,January,2025-01-30,Thursday,19202597,nan,Unknown,"(30.28, 44.66]"
New York,2025-01-31,47.3,37.6,42.7,45.9,32.3,40.2,36.8,79.8,0.164,100.0,45.83,rain,0.0,0.1,16.3,9.2,224.2,1011.8,87.5,7.0,20.9,1.8,1,10.0,07:06:45,17:12:54,0.08,"rain, partially cloudy",Partly cloudy throughout the day with a chance of rain throughout the day.,rain,"72505394728,KEWR,KLGA,72502014734,F1417,KNYC,72503014732",Unknown,"🧥 Coat or insulated jacket, boots ☔ (Umbrella recommended)",Winter,7,17,0,January,2025-01-31,Friday,30703077,nan,Unknown,"(30.28, 44.66]"
New York,2025-02-01,47.8,23.3,35.8,43.9,13.1,28.1,19.0,54.1,0.0,0.0,0.0,rain,0.0,0.1,29.2,17.4,330.9,1017.2,56.5,9.1,123.5,10.5,6,10.0,07:05:47,17:14:09,0.11,partially cloudy,Partly cloudy throughout the day.,partly-cloudy-day,"72505394728,KEWR,KLGA,72502014734,F1417,KNYC,72503014732",Unknown,"🧥 Heavy coat, thermal wear, gloves, boots 🕶️ (Sunscreen & sunglasses)",Winter,7,17,0,February,2025-02-01,Saturday,16236148,nan,Unknown,"(30.28, 44.66]"
New York,2025-02-02,30.8,17.4,24.1,30.8,5.0,16.0,12.0,60.2,0.085,100.0,20.83,snow,0.4,0.0,23.0,11.2,42.6,1031.7,55.8,8.9,83.7,7.3,4,10.0,07:04:47,17:15:23,0.15,"snow, partially cloudy",Partly cloudy throughout the day with late afternoon snow.,snow,"72505394728,KEWR,KLGA,72502014734,F1417,KNYC,72503014732",Unknown,"🧥 Heavy coat, thermal wear, gloves, boots ❄️ (Snow boots suggested)",Winter,7,17,0,February,2025-02-02,Sunday,120234335,nan,afrobeats,"(15.828, 30.28]"
New York,2025-02-03,47.6,30.8,39.8,47.5,27.6,37.3,30.6,70.4,0.018,100.0,4.17,"rain,snow",0.4,0.2,17.2,9.1,227.4,1017.6,45.8,9.4,100.5,8.6,5,10.0,07:03:46,17:16:37,0.18,"snow, rain, partially cloudy",Partly cloudy throughout the day with early morning snow or rain.,snow,"72505394728,KEWR,KLGA,72502014734,F1417,KNYC,72503014732",Unknown,"🧥 Heavy coat, thermal wear, gloves, boots ☔ (Umbrella recommended) ❄️ (Snow boots suggested)",Winter,7,17,0,February,2025-02-03,Monday,24192582,nan,Unknown,"(30.28, 44.66]"
New York,2025-02-04,47.5,32.4,42.0,43.3,22.3,35.1,23.8,49.7,0.0,0.0,0.0,Unknown,0.0,0.0,41.0,24.9,309.4,1014.7,50.0,9.9,147.7,12.9,6,10.0,07:02:43,17:17:52,0.22,partially cloudy,Partly cloudy throughout the day.,partly-cloudy-day,"72505394728,KEWR,KLGA,72502014734,F1417,KNYC,72503014732",Unknown,"🧥 Heavy coat, thermal wear, gloves, boots 🕶️ (Sunscreen & sunglasses)",Winter,7,17,0,February,2025-02-04,Tuesday,25348088,nan,Unknown,"(30.28, 44.66]"
New York,2025-02-05,36.4,27.4,31.1,33.0,15.1,23.8,7.9,37.9,0.0,0.0,0.0,Unknown,0.0,0.0,33.3,16.8,332.4,1028.0,49.4,9.9,131.4,11.5,6,10.0,07:01:39,17:19:06,0.25,partially cloudy,Clearing in the afternoon.,partly-cloudy-day,"72505394728,KEWR,KLGA,72502014734,F1417,KNYC,72503014732",Unknown,"🧥 Heavy coat, thermal wear, gloves, boots 🕶️ (Sunscreen & sunglasses)",Winter,7,17,0,February,2025-02-05,Wednesday,31772881,nan,Unknown,"(30.28, 44.66]"
New York,2025-02-06,38.4,29.9,35.1,35.3,22.9,29.4,28.5,78.2,0.291,100.0,41.67,"rain,snow,ice",1.5,0.3,21.9,11.7,149.9,1016.0,99.4,5.6,16.9,1.4,1,10.0,07:00:33,17:20:20,0.29,"snow, rain, ice, overcast",Cloudy skies throughout the day with a chance of rain or snow throughout the day.,snow,"72505394728,KEWR,KLGA,72502014734,F1417,KNYC,72503014732",Unknown,"🧥 Heavy coat, thermal wear, gloves, boots ☔ (Umbrella recommended) ❄️ (Snow boots suggested)",Winter,7,17,0,February,2025-02-06,Thursday,6525525,highlife,highlife,"(30.28, 44.66]"
New York,2025-02-08,35.1,26.3,30.4,34.1,17.8,25.6,11.1,45.9,0.437,100.0,16.67,"rain,snow,ice",1.5,0.3,25.7,8.9,324.4,1023.3,59.9,8.6,87.3,7.6,4,10.0,06:58:16,17:22:48,0.36,"snow, rain, ice, partially cloudy",Becoming cloudy in the afternoon with late afternoon rain or snow.,snow,"72505394728,KEWR,KLGA,72502014734,F1417,KNYC,72503014732",Unknown,"🧥 Heavy coat, thermal wear, gloves, boots ☔ (Umbrella recommended) ❄️ (Snow boots suggested)",Winter,6,17,0,February,2025-02-08,Saturday,10425972,nan,Unknown,"(30.28, 44.66]"
New York,2025-02-09,35.4,30.1,33.3,35.4,23.4,27.5,24.9,72.4,0.196,100.0,25.0,"freezingrain,snow,ice",2.7,2.3,30.2,16.0,316.5,1016.6,94.9,7.6,54.4,4.6,3,10.0,06:57:06,17:24:02,0.4,"snow, freezing drizzle/freezing rain, ice, overcast",Cloudy skies throughout the day with early morning snow.,snow,"72505394728,KEWR,KLGA,72502014734,F1417,KNYC,72503014732",Unknown,"🧥 Heavy coat, thermal wear, gloves, boots ☔ (Umbrella recommended) ❄️ (Snow boots suggested)",Winter,6,17,0,February,2025-02-09,Sunday,61612921,nan,Unknown,"(30.28, 44.66]"
New York,2025-02-10,37.5,30.5,33.9,34.5,24.3,28.0,14.1,44.3,0.0,0.0,0.0,Unknown,0.0,1.1,27.5,11.3,310.8,1027.6,45.6,9.9,149.0,12.9,7,10.0,06:55:54,17:25:16,0.43,partially cloudy,Partly cloudy throughout the day.,partly-cloudy-day,"72505394728,KEWR,KLGA,72502014734,F1417,KNYC,72503014732",Unknown,"🧥 Heavy coat, thermal wear, gloves, boots 🕶️ (Sunscreen & sunglasses)",Winter,6,17,0,February,2025-02-10,Monday,4847559,gregorian chant,afrobeats,"(30.28, 44.66]"
New York,2025-02-11,35.4,27.9,31.6,35.1,23.7,29.2,13.8,48.5,0.075,100.0,12.5,snow,0.3,0.7,12.3,7.1,268.3,1028.4,61.5,8.5,63.2,5.3,3,10.0,06:54:40,17:26:29,0.47,"snow, partially cloudy",Partly cloudy throughout the day with late afternoon snow.,snow,"72505394728,KEWR,KLGA,72502014734,F1417,KNYC,72503014732",Unknown,"🧥 Heavy coat, thermal wear, gloves, boots ❄️ (Snow boots suggested)",Winter,6,17,0,February,2025-02-11,Tuesday,9702857,nan,Unknown,"(30.28, 44.66]"
New York,2025-02-12,36.2,30.7,33.2,30.3,23.2,25.8,26.2,75.9,0.112,100.0,29.17,"rain,snow",1.8,1.9,23.0,12.9,53.3,1024.1,100.0,6.7,33.9,2.8,2,10.0,06:53:26,17:27:43,0.5,"snow, rain, overcast",Cloudy skies throughout the day with rain or snow.,snow,"72505394728,KEWR,KLGA,72502014734,F8726,F1417,KNYC,D8219,72503014732",Unknown,"🧥 Heavy coat, thermal wear, gloves, boots ☔ (Umbrella recommended) ❄️ (Snow boots suggested)",Winter,6,17,0,February,2025-02-12,Wednesday,43002035,nan,Unknown,"(30.28, 44.66]"
New York,2025-02-13,46.3,34.4,39.2,39.5,28.3,33.4,32.1,77.7,0.195,100.0,45.83,rain,0.5,1.0,33.5,17.4,310.1,1013.3,88.0,5.0,29.1,2.6,1,10.0,06:52:10,17:28:56,0.54,"rain, partially cloudy",Partly cloudy throughout the day with a chance of rain or snow throughout the day.,snow,"72505394728,KEWR,KLGA,72502014734,F1417,KNYC,72503014732",Unknown,"🧥 Heavy coat, thermal wear, gloves, boots ☔ (Umbrella recommended)",Winter,6,17,0,February,2025-02-13,Thursday,22836076,nan,Unknown,"(30.28, 44.66]"
New York,2025-02-15,35.6,28.5,31.9,29.5,22.5,26.3,17.1,57.4,0.266,100.0,37.5,"rain,snow,ice",1.9,0.2,19.7,11.3,97.0,1027.9,79.4,6.9,36.8,3.1,2,10.0,06:49:35,17:31:21,0.6,"snow, rain, ice, partially cloudy",Partly cloudy throughout the day with rain or snow.,snow,"72505394728,KEWR,KLGA,72502014734,F1417,KNYC,72503014732",Unknown,"🧥 Heavy coat, thermal wear, gloves, boots ☔ (Umbrella recommended) ❄️ (Snow boots suggested)",Winter,6,17,0,February,2025-02-15,Saturday,72278099,nan,Unknown,"(30.28, 44.66]"
New York,2025-02-16,46.4,33.8,37.7,41.0,24.9,30.6,33.0,84.0,0.667,100.0,70.83,rain,0.4,0.1,47.2,29.6,9.6,997.2,98.8,4.2,18.8,1.5,1,10.0,06:48:15,17:32:33,0.63,"rain, overcast",Cloudy skies throughout the day with a chance of rain or snow throughout the day.,snow,"72505394728,KEWR,KLGA,72502014734,F1417,KNYC,72503014732",Unknown,"🧥 Heavy coat, thermal wear, gloves, boots ☔ (Umbrella recommended)",Winter,6,17,0,February,2025-02-16,Sunday,41524762,nan,afrobeats,"(30.28, 44.66]"
New York,2025-02-17,37.3,27.6,32.2,27.1,16.2,20.7,8.1,36.3,0.0,0.0,0.0,snow,0.0,0.1,43.9,27.2,278.5,1007.5,54.3,9.9,177.7,15.4,8,10.0,06:46:54,17:33:45,0.67,partially cloudy,Partly cloudy throughout the day.,partly-cloudy-day,"72505394728,KEWR,KLGA,72502014734,F1417,KNYC,72503014732",Unknown,"🧥 Heavy coat, thermal wear, gloves, boots 🕶️ (Sunscreen & sunglasses)",Winter,6,17,0,February,2025-02-17,Monday,32180251,nan,Unknown,"(30.28, 44.66]"
New York,2025-02-18,27.7,19.5,23.6,16.8,5.0,11.3,-2.4,31.9,0.0,0.0,0.0,Unknown,0.0,0.0,32.0,17.0,293.7,1020.6,17.2,9.9,168.2,14.7,6,10.0,06:45:33,17:34:57,0.7,clear,Clear conditions throughout the day.,clear-day,"72505394728,KEWR,KLGA,72502014734,F1417,KNYC,72503014732",Unknown,"🧥 Heavy coat, thermal wear, gloves, boots 🕶️ (Sunscreen & sunglasses)",Winter,6,17,0,February,2025-02-18,Tuesday,68340859,nan,afrobeats,"(15.828, 30.28]"
New York,2025-02-19,30.3,17.5,23.6,22.1,4.3,12.7,3.3,41.1,0.0,0.0,0.0,Unknown,0.0,0.0,29.8,14.8,294.4,1024.6,22.7,9.9,155.7,13.5,7,10.0,06:44:10,17:36:08,0.73,partially cloudy,Partly cloudy throughout the day.,partly-cloudy-day,"72505394728,KEWR,KLGA,72502014734,F1417,KNYC,72503014732",Unknown,"🧥 Heavy coat, thermal wear, gloves, boots 🕶️ (Sunscreen & sunglasses)",Winter,6,17,0,February,2025-02-19,Wednesday,55836930,afrobeat,afrobeats,"(15.828, 30.28]"
New York,2025-02-20,28.6,18.4,23.4,22.9,7.8,13.3,9.2,54.8,0.007,100.0,4.17,snow,0.3,0.0,31.6,16.6,316.4,1015.3,61.0,8.3,130.8,11.3,6,10.0,06:42:46,17:37:19,0.75,"snow, partially cloudy",Becoming cloudy in the afternoon with late afternoon snow.,snow,"72505394728,KEWR,KLGA,72502014734,F1417,KNYC,72503014732",Unknown,"🧥 Heavy coat, thermal wear, gloves, boots ❄️ (Snow boots suggested) 🕶️ (Sunscreen & sunglasses)",Winter,6,17,0,February,2025-02-20,Thursday,65132670,nan,Unknown,"(15.828, 30.28]"
New York,2025-02-21,35.9,22.4,27.9,24.9,7.9,14.9,9.7,47.0,0.0,0.0,0.0,"rain,snow",0.2,0.1,37.7,24.5,307.4,1021.7,30.3,9.9,192.5,16.6,7,10.0,06:41:21,17:38:30,0.8,partially cloudy,Partly cloudy throughout the day.,partly-cloudy-day,"72505394728,KEWR,KLGA,72502014734,F1417,KNYC,72503014732",Unknown,"🧥 Heavy coat, thermal wear, gloves, boots 🕶️ (Sunscreen & sunglasses)",Winter,6,17,0,February,2025-02-21,Friday,31512849,nan,afrobeats,"(15.828, 30.28]"
New York,2025-02-22,40.8,21.5,31.1,34.7,7.8,23.2,11.0,43.9,0.0,0.0,0.0,Unknown,0.0,0.0,30.5,17.7,259.2,1026.2,38.5,9.9,189.9,16.5,7,10.0,06:39:55,17:39:41,0.83,partially cloudy,Becoming cloudy in the afternoon.,partly-cloudy-day,"72505394728,KEWR,KLGA,72502014734,F1417,KNYC,72503014732",Unknown,"🧥 Heavy coat, thermal wear, gloves, boots 🕶️ (Sunscreen & sunglasses)",Winter,6,17,0,February,2025-02-22,Saturday,122248569,nan,afrobeats,"(30.28, 44.66]"
New York,2025-02-23,46.9,33.5,40.1,43.4,26.8,35.1,16.7,38.7,0.0,0.0,0.0,Unknown,0.0,0.0,23.2,11.2,273.3,1019.3,42.2,9.9,173.8,15.1,7,10.0,06:38:28,17:40:51,0.86,partially cloudy,Partly cloudy throughout the day.,partly-cloudy-day,"72505394728,KEWR,KLGA,72502014734,F1417,KNYC,72503014732",Unknown,"🧥 Heavy coat, thermal wear, gloves, boots 🕶️ (Sunscreen & sunglasses)",Winter,6,17,0,February,2025-02-23,Sunday,53519172,afrobeats,afrobeats,"(30.28, 44.66]"
New York,2025-02-24,48.8,34.7,42.6,44.3,33.9,39.0,22.6,45.7,0.0,0.0,0.0,Unknown,0.0,0.0,27.8,16.0,161.9,1017.4,61.1,9.9,194.7,17.0,8,10.0,06:37:00,17:42:01,0.89,partially cloudy,Partly cloudy throughout the day.,partly-cloudy-day,"72505394728,KEWR,KLGA,72502014734,F1417,KNYC,72503014732",Unknown,"🧥 Coat or insulated jacket, boots 🕶️ (Sunscreen & sunglasses)",Winter,6,17,0,February,2025-02-24,Monday,29284691,afrobeat,afrobeats,"(30.28, 44.66]"
New York,2025-02-25,55.3,42.7,49.0,55.3,38.9,47.4,27.6,43.7,0.0,0.0,0.0,Unknown,0.0,0.0,23.4,11.9,245.9,1009.2,61.3,9.9,118.6,10.3,5,10.0,06:35:32,17:43:10,0.92,partially cloudy,Partly cloudy throughout the day.,partly-cloudy-day,"72505394728,KEWR,KLGA,72502014734,F1417,KNYC,72503014732",Unknown,"🧥 Coat or insulated jacket, boots",Winter,6,17,0,February,2025-02-25,Tuesday,717123,afrobeats,afrobeats,"(44.66, 59.04]"
New York,2025-02-27,54.0,43.4,49.1,54.0,39.2,47.4,36.5,62.4,0.003,100.0,4.17,rain,0.0,0.0,25.4,12.6,227.7,1007.0,90.4,9.9,44.7,4.0,3,10.0,06:32:32,17:45:29,0.0,"rain, overcast",Cloudy skies throughout the day with afternoon rain.,rain,"72505394728,KEWR,KLGA,72502014734,F1417,KNYC,72503014732",Unknown,"🧥 Coat or insulated jacket, boots ☔ (Umbrella recommended)",Winter,6,17,0,February,2025-02-27,Thursday,36617000,nan,Unknown,"(44.66, 59.04]"
New York,2025-02-28,51.0,42.3,46.2,51.0,36.0,41.6,23.0,41.4,0.0,0.0,0.0,Unknown,0.0,0.0,35.8,18.4,268.9,1005.7,40.1,9.9,195.0,16.9,7,10.0,06:31:01,17:46:37,0.02,partially cloudy,Partly cloudy throughout the day.,partly-cloudy-day,"72505394728,KEWR,KLGA,72502014734,F1417,KNYC,72503014732",Unknown,"🧥 Coat or insulated jacket, boots 🕶️ (Sunscreen & sunglasses)",Winter,6,17,0,February,2025-02-28,Friday,29779550,nan,Unknown,"(44.66, 59.04]"
New York,2025-03-01,64.4,29.6,46.2,64.4,18.1,41.8,23.2,41.3,0.0,0.0,0.0,rain,0.0,0.0,41.7,23.0,277.1,1002.1,56.0,9.9,158.3,13.6,7,10.0,06:29:29,17:47:46,0.06,partially cloudy,Partly cloudy throughout the day.,partly-cloudy-day,"72505394728,KEWR,KLGA,72502014734,F1417,KNYC,72503014732",Unknown,"🧥 Coat or insulated jacket, boots 🕶️ (Sunscreen & sunglasses)",Spring,6,17,0,March,2025-03-01,Saturday,125952747,afrobeat,afrobeats,"(44.66, 59.04]"
New York,2025-03-02,34.0,20.3,26.7,25.5,7.4,15.6,0.8,32.9,0.0,0.0,0.0,Unknown,0.0,0.0,33.9,18.1,313.3,1018.3,19.0,9.9,209.0,18.1,8,10.0,06:27:57,17:48:54,0.09,clear,Clear conditions throughout the day.,clear-day,"72505394728,KEWR,KLGA,72502014734,F1417,KNYC,72503014732",Unknown,"🧥 Heavy coat, thermal wear, gloves, boots 🕶️ (Sunscreen & sunglasses)",Spring,6,17,0,March,2025-03-02,Sunday,91386353,afrobeat,afrobeats,"(15.828, 30.28]"
New York,2025-03-03,38.6,23.3,30.6,33.4,13.4,23.9,6.4,36.5,0.0,0.0,0.0,Unknown,0.0,0.0,24.2,10.8,279.6,1024.0,14.6,9.9,210.8,18.2,8,10.0,06:26:24,17:50:02,0.13,clear,Clear conditions throughout the day.,clear-day,"72505394728,KEWR,KLGA,72502014734,F1417,KNYC,72503014732",Unknown,"🧥 Heavy coat, thermal wear, gloves, boots 🕶️ (Sunscreen & sunglasses)",Spring,6,17,0,March,2025-03-03,Monday,11557390,afrobeat,afrobeats,"(30.28, 44.66]"
New York,2025-03-04,52.2,33.1,43.0,52.2,27.1,39.8,25.2,49.4,0.0,0.0,0.0,Unknown,0.0,0.0,22.8,10.9,183.9,1021.3,57.7,9.9,133.9,11.6,7,10.0,06:24:50,17:51:09,0.16,partially cloudy,Partly cloudy throughout the day.,partly-cloudy-day,"72505394728,KEWR,KLGA,72502014734,F1417,KNYC,72503014732",Unknown,"🧥 Coat or insulated jacket, boots 🕶️ (Sunscreen & sunglasses)",Spring,6,17,0,March,2025-03-04,Tuesday,20787418,afrobeat,afrobeats,"(30.28, 44.66]"
New York,2025-03-05,54.8,42.0,50.5,54.8,39.3,49.6,42.8,75.2,1.449,100.0,33.33,rain,0.0,0.0,35.1,16.2,158.3,1006.5,85.5,8.1,53.3,4.7,3,10.0,06:23:16,17:52:16,0.2,"rain, partially cloudy",Partly cloudy throughout the day with rain.,rain,"72505394728,KEWR,KLGA,72502014734,F1417,KNYC,72503014732",Unknown,"🧶 Hoodie or light jacket, jeans ☔ (Umbrella recommended)",Spring,6,17,0,March,2025-03-05,Wednesday,22563400,nan,Unknown,"(44.66, 59.04]"
New York,2025-03-06,53.7,36.2,48.6,53.7,26.1,45.9,36.0,63.5,0.143,100.0,4.17,rain,0.0,0.0,46.7,20.8,278.0,992.5,95.9,8.9,106.0,9.1,5,10.0,06:21:41,17:53:23,0.25,"rain, overcast",Cloudy skies throughout the day with early morning rain.,rain,"72505394728,KEWR,KLGA,72502014734,F1417,KNYC,72503014732",Unknown,"🧥 Coat or insulated jacket, boots ☔ (Umbrella recommended)",Spring,6,17,0,March,2025-03-06,Thursday,1135,nan,Unknown,"(44.66, 59.04]"
New York,2025-03-07,49.6,35.1,42.2,44.1,24.8,34.4,11.6,29.9,0.0,0.0,0.0,Unknown,0.0,0.0,42.1,21.3,284.8,1003.1,38.9,9.9,220.3,19.1,8,10.0,06:20:05,17:54:30,0.27,partially cloudy,Partly cloudy throughout the day.,partly-cloudy-day,"72505394728,KEWR,KLGA,72502014734,F1417,KNYC,72503014732",Unknown,"🧥 Heavy coat, thermal wear, gloves, boots 🕶️ (Sunscreen & sunglasses)",Spring,6,17,0,March,2025-03-07,Friday,46100598,gregorian chant,afrobeats,"(30.28, 44.66]"
New York,2025-03-08,44.5,37.5,41.7,40.0,29.8,35.4,12.7,31.0,0.0,0.0,0.0,Unknown,0.0,0.0,39.1,19.2,292.2,1005.2,42.2,9.9,202.7,17.5,8,10.0,06:18:29,17:55:36,0.3,partially cloudy,Clearing in the afternoon.,partly-cloudy-day,"72505394728,KEWR,KLGA,72502014734,F1417,KNYC,72503014732",Unknown,"🧥 Coat or insulated jacket, boots 🕶️ (Sunscreen & sunglasses)",Spring,6,17,0,March,2025-03-08,Saturday,45192229,nan,Unknown,"(30.28, 44.66]"
New York,2025-03-09,53.6,32.3,42.9,53.6,25.8,38.8,13.8,31.1,0.0,0.0,0.0,Unknown,0.0,0.0,33.3,16.1,266.9,1011.9,20.9,9.9,194.4,16.0,8,10.0,07:16:53,18:56:42,0.34,partially cloudy,Partly cloudy throughout the day.,partly-cloudy-day,"72505394728,KEWR,KLGA,72502014734,F1417,KNYC,72503014732",Unknown,"🧥 Coat or insulated jacket, boots 🕶️ (Sunscreen & sunglasses)",Spring,7,18,0,March,2025-03-09,Sunday,5769662,nan,Unknown,"(30.28, 44.66]"
New York,2025-03-10,65.7,45.9,53.5,65.7,41.6,52.1,25.0,33.5,0.0,0.0,0.0,Unknown,0.0,0.0,31.2,11.2,223.2,1010.4,10.2,9.9,223.7,19.3,8,10.0,07:15:16,18:57:48,0.37,clear,Clear conditions throughout the day.,clear-day,"72505394728,KEWR,KLGA,72502014734,F1417,KNYC,72503014732",Unknown,"🧶 Hoodie or light jacket, jeans 🕶️ (Sunscreen & sunglasses)",Spring,7,18,0,March,2025-03-10,Monday,11852726,nan,Unknown,"(44.66, 59.04]"
New York,2025-03-11,63.1,45.2,54.5,63.1,44.8,54.3,29.7,40.0,0.0,0.0,0.0,Unknown,0.0,0.0,22.9,13.0,167.4,1007.9,12.9,9.9,223.7,19.3,8,10.0,07:13:39,18:58:54,0.41,clear,Clear conditions throughout the day.,clear-day,"72505394728,KEWR,KLGA,72502014734,F1417,KNYC,72503014732",Unknown,"🧶 Hoodie or light jacket, jeans 🕶️ (Sunscreen & sunglasses)",Spring,7,18,0,March,2025-03-11,Tuesday,31029989,nan,Unknown,"(44.66, 59.04]"
New York,2025-03-12,54.1,43.4,49.0,54.1,36.9,46.7,21.2,34.7,0.0,0.0,0.0,Unknown,0.0,0.0,27.7,16.1,26.9,1013.8,39.9,9.9,138.7,12.2,5,10.0,07:12:02,18:59:59,0.44,partially cloudy,Partly cloudy throughout the day.,partly-cloudy-day,"72505394728,KEWR,KLGA,72502014734,F1417,KNYC,72503014732",Unknown,"🧥 Coat or insulated jacket, boots",Spring,7,18,0,March,2025-03-12,Wednesday,37965633,lullaby,lullaby,"(44.66, 59.04]"
New York,2025-03-13,48.3,39.3,43.3,43.7,33.2,38.5,29.7,58.9,0.0,0.0,0.0,Unknown,0.0,0.0,35.6,15.1,70.2,1018.6,36.5,9.9,213.7,18.4,7,10.0,07:10:24,19:01:05,0.48,partially cloudy,Clearing in the afternoon.,partly-cloudy-day,"72505394728,KEWR,KLGA,72502014734,F1417,KNYC,72503014732",Unknown,"🧥 Coat or insulated jacket, boots 🕶️ (Sunscreen & sunglasses)",Spring,7,19,0,March,2025-03-13,Thursday,4744681,lullaby,lullaby,"(30.28, 44.66]"
New York,2025-03-14,54.5,40.9,45.9,54.5,34.6,43.0,33.1,61.6,0.0,0.0,0.0,Unknown,0.0,0.0,20.8,10.7,85.7,1020.5,68.6,9.6,197.5,17.0,7,10.0,07:08:46,19:02:10,0.5,partially cloudy,Clearing in the afternoon.,partly-cloudy-day,"72505394728,KEWR,KLGA,72502014734,F1417,KNYC,72503014732",Unknown,"🧥 Coat or insulated jacket, boots 🕶️ (Sunscreen & sunglasses)",Spring,7,19,0,March,2025-03-14,Friday,27231436,afrobeat,afrobeats,"(44.66, 59.04]"
New York,2025-03-15,48.0,41.6,44.7,47.2,37.3,41.8,39.9,83.2,0.0,0.0,0.0,rain,0.0,0.0,19.7,9.4,139.6,1019.8,100.0,6.9,56.8,4.9,3,10.0,07:07:07,19:03:14,0.55,overcast,Cloudy skies throughout the day.,cloudy,"72505394728,KEWR,KLGA,72502014734,F1417,KNYC,72503014732",Unknown,"🧥 Coat or insulated jacket, boots",Spring,7,19,0,March,2025-03-15,Saturday,30592589,gregorian chant,afrobeats,"(44.66, 59.04]"
New York,2025-03-16,61.4,46.4,54.1,61.4,44.8,53.7,49.5,84.7,0.01,100.0,8.33,rain,0.0,0.0,39.6,14.5,150.6,1014.1,85.4,5.0,84.5,7.2,3,10.0,07:05:28,19:04:19,0.58,"rain, partially cloudy",Partly cloudy throughout the day with rain.,rain,"72505394728,KEWR,KLGA,72502014734,F1417,KNYC,72503014732",Unknown,"🧶 Hoodie or light jacket, jeans ☔ (Umbrella recommended)",Spring,7,19,0,March,2025-03-16,Sunday,17272323,nan,afrobeats,"(44.66, 59.04]"
New York,2025-03-17,58.6,40.3,52.7,58.6,34.0,51.4,45.1,76.4,0.796,100.0,33.33,rain,0.0,0.0,32.2,18.7,325.1,1010.0,91.8,6.8,36.1,3.1,2,10.0,07:03:50,19:05:23,0.61,"rain, overcast",Cloudy skies throughout the day with a chance of rain throughout the day.,rain,"72505394728,KEWR,KLGA,72502014734,F1417,KNYC,72503014732",Unknown,"🧶 Hoodie or light jacket, jeans ☔ (Umbrella recommended)",Spring,7,19,0,March,2025-03-17,Monday,7206362,afrobeat,afrobeats,"(44.66, 59.04]"
New York,2025-03-18,61.4,35.4,46.9,61.4,27.5,43.0,20.0,38.4,0.0,0.0,0.0,Unknown,0.0,0.0,35.4,18.8,353.4,1017.0,14.3,9.9,247.8,21.4,8,10.0,07:02:11,19:06:28,0.64,clear,Clear conditions throughout the day.,clear-day,"72505394728,KEWR,KLGA,72502014734,F1417,KNYC,72503014732",Unknown,"🧥 Coat or insulated jacket, boots 🕶️ (Sunscreen & sunglasses)",Spring,7,19,0,March,2025-03-18,Tuesday,39790361,nan,Unknown,"(44.66, 59.04]"
New York,2025-03-19,61.6,44.0,51.5,61.6,42.7,50.9,26.3,40.9,0.0,0.0,0.0,Unknown,0.0,0.0,20.8,9.2,121.4,1017.6,17.9,9.9,229.5,19.8,8,10.0,07:00:31,19:07:32,0.68,clear,Clear conditions throughout the day.,clear-day,"72505394728,KEWR,KLGA,72502014734,F1417,KNYC,72503014732",Unknown,"🧶 Hoodie or light jacket, jeans 🕶️ (Sunscreen & sunglasses)",Spring,7,19,0,March,2025-03-19,Wednesday,47933867,nan,rap,"(44.66, 59.04]"
New York,2025-03-20,50.3,42.3,46.6,50.3,38.8,43.5,42.2,84.8,0.667,100.0,16.67,rain,0.0,0.0,21.9,10.3,125.2,1008.3,96.4,5.7,109.8,9.3,5,10.0,06:58:52,19:08:36,0.71,"rain, overcast",Cloudy skies throughout the day with rain.,rain,"72505394728,KEWR,KLGA,72502014734,F1417,KNYC,72503014732",Unknown,"🧥 Coat or insulated jacket, boots ☔ (Umbrella recommended)",Spring,6,19,0,March,2025-03-20,Thursday,8659039,hip hop,rap,"(44.66, 59.04]"
New York,2025-03-21,50.5,38.7,45.9,50.5,28.9,40.5,22.5,45.2,0.445,100.0,12.5,rain,0.0,0.0,43.5,27.1,304.8,1004.2,43.6,9.4,256.1,22.2,9,10.0,06:57:13,19:09:40,0.74,"rain, partially cloudy",Clearing in the afternoon with early morning rain.,rain,"72505394728,KEWR,KLGA,72502014734,F1417,KNYC,72503014732",Unknown,"🧥 Coat or insulated jacket, boots ☔ (Umbrella recommended) 🕶️ (Sunscreen & sunglasses)",Spring,6,19,0,March,2025-03-21,Friday,12251532,afrobeat,afrobeats,"(44.66, 59.04]"
New York,2025-03-22,62.9,44.0,51.4,62.9,39.1,49.9,22.7,33.3,0.0,0.0,0.0,rain,0.0,0.0,39.6,24.4,257.6,1007.6,43.5,9.9,199.9,17.2,8,10.0,06:55:33,19:10:43,0.75,partially cloudy,Becoming cloudy in the afternoon.,partly-cloudy-day,"72505394728,KEWR,KLGA,72502014734,F1417,KNYC,72503014732",Unknown,"🧥 Coat or insulated jacket, boots 🕶️ (Sunscreen & sunglasses)",Spring,6,19,0,March,2025-03-22,Saturday,25618818,nan,afrobeats,"(44.66, 59.04]"
New York,2025-03-23,48.3,31.3,39.8,47.1,22.5,33.6,14.7,37.3,0.0,0.0,0.0,Unknown,0.0,0.0,33.4,17.1,297.9,1018.7,21.2,9.9,247.2,21.3,8,10.0,06:53:54,19:11:47,0.81,partially cloudy,Partly cloudy throughout the day.,partly-cloudy-day,"72505394728,KEWR,KLGA,72502014734,F1417,KNYC,72503014732",Unknown,"🧥 Heavy coat, thermal wear, gloves, boots 🕶️ (Sunscreen & sunglasses)",Spring,6,19,0,March,2025-03-23,Sunday,9057665,nan,Unknown,"(30.28, 44.66]"
New York,2025-03-24,49.7,39.1,44.6,48.3,32.3,41.2,38.8,80.6,0.459,100.0,54.17,rain,0.0,0.0,25.2,12.4,165.2,1011.7,92.5,7.2,27.6,2.3,1,10.0,06:52:14,19:12:50,0.84,"rain, overcast",Cloudy skies throughout the day with a chance of rain throughout the day.,rain,"72505394728,KEWR,KLGA,72502014734,F1417,KNYC,72503014732",Unknown,"🧥 Coat or insulated jacket, boots ☔ (Umbrella recommended)",Spring,6,19,0,March,2025-03-24,Monday,40147157,nan,Unknown,"(30.28, 44.66]"
New York,2025-03-25,57.7,47.4,52.4,57.7,43.6,51.1,26.0,39.9,0.0,0.0,0.0,Unknown,0.0,0.0,34.7,19.7,260.2,1011.1,39.4,9.5,246.8,21.2,9,10.0,06:50:35,19:13:54,0.88,partially cloudy,Partly cloudy throughout the day.,partly-cloudy-day,"72505394728,KEWR,KLGA,72502014734,F1417,KNYC,72503014732",Unknown,"🧶 Hoodie or light jacket, jeans 🕶️ (Sunscreen & sunglasses)",Spring,6,19,0,March,2025-03-25,Tuesday,10211511,nan,Unknown,"(44.66, 59.04]"
New York,2025-03-26,54.4,39.8,45.6,54.4,33.4,41.3,22.7,40.6,0.0,0.0,0.0,rain,0.0,0.0,34.4,17.9,308.7,1016.3,77.4,9.9,168.9,14.6,9,10.0,06:48:55,19:14:57,0.91,partially cloudy,Partly cloudy throughout the day.,partly-cloudy-day,"72505394728,KEWR,KLGA,72502014734,F1417,KNYC,72503014732",Unknown,"🧥 Coat or insulated jacket, boots 🕶️ (Sunscreen & sunglasses)",Spring,6,19,0,March,2025-03-26,Wednesday,1333006,gregorian chant,gregorian chant,"(44.66, 59.04]"
New York,2025-03-27,52.2,34.5,43.0,52.2,26.2,37.9,13.9,34.1,0.0,0.0,0.0,Unknown,0.0,0.0,33.3,17.7,290.5,1022.5,14.9,9.9,263.6,23.0,9,10.0,06:47:16,19:16:00,0.94,clear,Clear conditions throughout the day.,clear-day,"72505394728,KEWR,KLGA,72502014734,F1417,KNYC,72503014732",Unknown,"🧥 Coat or insulated jacket, boots 🕶️ (Sunscreen & sunglasses)",Spring,6,19,0,March,2025-03-27,Thursday,9307412,gregorian chant,gregorian chant,"(30.28, 44.66]"
New York,2025-03-28,62.7,46.3,53.5,62.7,42.5,51.9,26.6,36.5,0.019,100.0,8.33,rain,0.0,0.0,29.3,10.0,230.3,1020.7,73.3,9.9,147.2,12.7,8,10.0,06:45:37,19:17:03,0.97,"rain, partially cloudy",Partly cloudy throughout the day with late afternoon rain.,rain,"72505394728,KEWR,KLGA,72502014734,F1417,KNYC,72503014732",Unknown,"🧶 Hoodie or light jacket, jeans ☔ (Umbrella recommended) 🕶️ (Sunscreen & sunglasses)",Spring,6,19,0,March,2025-03-28,Friday,50408700,nan,Unknown,"(44.66, 59.04]"
New York,2025-03-29,81.4,47.0,61.5,80.1,41.9,60.8,42.7,52.7,0.014,100.0,16.67,rain,0.0,0.0,36.5,17.4,271.8,1015.4,71.8,9.9,146.0,12.7,8,10.0,06:43:58,19:18:06,0.0,"rain, partially cloudy",Partly cloudy throughout the day with rain.,rain,"72505394728,KEWR,KLGA,72502014734,F1417,KNYC,72503014732",Unknown,"🧶 Hoodie or light jacket, jeans ☔ (Umbrella recommended) 🕶️ (Sunscreen & sunglasses)",Spring,6,19,0,March,2025-03-29,Saturday,73167798,afrobeat,afrobeats,"(59.04, 73.42]"
New York,2025-03-30,47.8,42.4,45.0,43.5,37.6,40.9,39.0,79.4,0.027,100.0,8.33,rain,0.0,0.0,24.6,10.2,64.2,1019.9,96.8,8.3,60.1,5.0,2,10.0,06:42:19,19:19:09,0.04,"rain, overcast",Cloudy skies throughout the day with late afternoon rain.,rain,"72505394728,KEWR,KLGA,72502014734,F1417,KNYC,72503014732",Unknown,"🧥 Coat or insulated jacket, boots ☔ (Umbrella recommended)",Spring,6,19,0,March,2025-03-30,Sunday,73895896,afrobeat,afrobeats,"(44.66, 59.04]"
New York,2025-03-31,71.8,44.9,57.1,71.8,40.7,56.3,50.5,80.2,0.85,100.0,25.0,rain,0.0,0.0,33.3,9.9,104.4,1006.4,92.9,5.4,131.5,11.3,8,10.0,06:40:41,19:20:12,0.08,"rain, overcast",Cloudy skies throughout the day with rain.,rain,"72505394728,KEWR,KLGA,72502014734,F1417,KNYC,72503014732",Unknown,"🧶 Hoodie or light jacket, jeans ☔ (Umbrella recommended) 🕶️ (Sunscreen & sunglasses)",Spring,6,19,0,March,2025-03-31,Monday,34981331,afrobeat,alté,"(44.66, 59.04]"
New York,2025-04-01,59.4,41.6,49.4,59.4,34.4,46.5,29.8,50.5,0.28,100.0,20.83,rain,0.0,0.0,34.3,20.4,317.7,1012.4,43.9,9.4,271.3,23.6,9,10.0,06:39:02,19:21:15,0.11,"rain, partially cloudy",Clearing in the afternoon with early morning rain.,rain,"72505394728,KEWR,KLGA,72502014734,F1417,KNYC,72503014732",Unknown,"🧥 Coat or insulated jacket, boots ☔ (Umbrella recommended) 🕶️ (Sunscreen & sunglasses)",Spring,6,19,0,April,2025-04-01,Tuesday,17347544,afrobeat,alté,"(44.66, 59.04]"
New York,2025-04-02,46.4,37.3,42.3,42.0,30.3,36.8,21.7,45.4,0.0,0.0,0.0,rain,0.0,0.0,26.4,17.2,82.3,1030.0,44.7,9.9,207.3,17.9,9,10.0,06:37:24,19:22:18,0.14,partially cloudy,Partly cloudy throughout the day.,partly-cloudy-day,"72505394728,KEWR,KLGA,72502014734,F8726,F1417,KNYC,72503014732",Unknown,"🧥 Coat or insulated jacket, boots 🕶️ (Sunscreen & sunglasses)",Spring,6,19,0,April,2025-04-02,Wednesday,9428431,afrobeat,alté,"(30.28, 44.66]"
New York,2025-04-03,73.3,45.0,57.9,73.3,40.6,56.7,51.1,78.8,0.062,100.0,20.83,rain,0.0,0.0,31.1,9.8,189.7,1018.7,77.6,7.3,59.0,5.0,3,10.0,06:35:46,19:23:21,0.18,"rain, partially cloudy",Partly cloudy throughout the day with rain clearing later.,rain,"72505394728,KEWR,KLGA,72502014734,F1417,KNYC,72503014732",Unknown,"🧶 Hoodie or light jacket, jeans ☔ (Umbrella recommended)",Spring,6,19,0,April,2025-04-03,Thursday,9856116,afrobeat,afrobeats,"(44.66, 59.04]"
New York,2025-04-04,73.3,58.3,66.1,73.3,58.3,66.1,43.7,47.7,0.09,100.0,8.33,rain,0.0,0.0,31.1,14.3,300.3,1019.9,61.0,9.7,142.3,12.2,8,10.0,06:34:09,19:24:24,0.25,"rain, partially cloudy",Partly cloudy throughout the day with morning rain.,rain,"72505394728,KEWR,KLGA,72502014734,F8726,F1417,KNYC,72503014732",Unknown,"👕 T-shirt, jeans/skirt, light sneakers ☔ (Umbrella recommended) 🕶️ (Sunscreen & sunglasses)",Spring,6,19,0,April,2025-04-04,Friday,16980130,afrobeat,afrobeats,"(59.04, 73.42]"
New York,2025-04-05,60.0,43.6,50.8,60.0,37.4,48.4,36.2,60.7,0.052,100.0,20.83,rain,0.0,0.0,30.9,14.4,87.2,1023.2,95.8,8.6,29.5,2.6,2,10.0,06:32:32,19:25:27,0.25,"rain, overcast",Cloudy skies throughout the day with rain.,rain,"72505394728,KEWR,KLGA,72502014734,F1417,KNYC,72503014732",Unknown,"🧶 Hoodie or light jacket, jeans ☔ (Umbrella recommended)",Spring,6,19,0,April,2025-04-05,Saturday,72933034,afrobeat,afrobeats,"(44.66, 59.04]"
New York,2025-04-06,56.1,43.5,49.3,56.1,38.2,48.0,39.3,71.9,0.745,100.0,20.83,rain,0.0,0.0,25.5,9.5,351.5,1010.6,98.6,7.9,68.9,5.9,3,10.0,06:30:55,19:26:29,0.28,"rain, overcast",Cloudy skies throughout the day with rain clearing later.,rain,"72505394728,KEWR,KLGA,72502014734,F1417,KNYC,72503014732",Unknown,"🧥 Coat or insulated jacket, boots ☔ (Umbrella recommended)",Spring,6,19,0,April,2025-04-06,Sunday,29968054,nan,afrobeats,"(44.66, 59.04]"
London,2025-01-01,54.8,42.5,49.3,54.8,36.3,46.6,44.4,83.5,0.393,100.0,25.0,rain,0.0,0.7,40.2,26.3,235.3,1008.7,98.8,15.2,4.6,0.5,0,10.0,08:06:16,16:02:26,0.06,"rain, overcast",Cloudy skies throughout the day with rain.,rain,"03769099999,03680099999,D5621,03672099999,03781099999,03772099999,03770099999",Unknown,"🧥 Coat or insulated jacket, boots ☔ (Umbrella recommended)",Winter,8,16,0,January,2025-01-01,Wednesday,72911063,nan,afrobeats,"(44.66, 59.04]"
London,2025-01-02,41.6,31.7,37.8,38.4,26.5,33.4,31.6,78.6,0.0,0.0,0.0,Unknown,0.0,0.1,13.1,8.6,316.5,1018.5,24.8,19.7,20.8,1.7,2,10.0,08:06:07,16:03:31,0.09,partially cloudy,Partly cloudy throughout the day.,partly-cloudy-day,"03680099999,D5621,03672099999,03781099999,03772099999,03770099999",Unknown,"🧥 Heavy coat, thermal wear, gloves, boots",Winter,8,16,0,January,2025-01-02,Thursday,48018399,nan,Unknown,"(30.28, 44.66]"
London,2025-01-03,41.3,29.6,34.0,35.6,22.0,28.6,29.0,82.4,0.0,0.0,0.0,Unknown,0.0,0.0,14.6,9.7,271.7,1023.9,1.2,23.5,22.4,2.1,2,10.0,08:05:56,16:04:39,0.13,clear,Clear conditions throughout the day.,clear-day,"D5621,03672099999,03781099999,03772099999,03770099999",Unknown,"🧥 Heavy coat, thermal wear, gloves, boots",Winter,8,16,0,January,2025-01-03,Friday,85634098,nan,hiplife,"(30.28, 44.66]"
London,2025-01-04,40.2,30.5,34.7,37.7,26.6,31.6,31.7,89.3,0.117,100.0,12.5,"rain,snow",0.5,0.0,18.4,11.3,118.2,1015.1,80.5,14.3,14.1,1.3,1,10.0,08:05:40,16:05:50,0.16,"snow, rain, partially cloudy",Partly cloudy throughout the day with late afternoon rain or snow.,snow,"D5621,03672099999,03781099999,03772099999,03770099999",Unknown,"🧥 Heavy coat, thermal wear, gloves, boots ☔ (Umbrella recommended) ❄️ (Snow boots suggested)",Winter,8,16,0,January,2025-01-04,Saturday,24345288,afrobeat,afrobeat,"(30.28, 44.66]"
London,2025-01-05,54.8,33.5,46.7,54.8,25.6,44.0,45.5,95.7,0.887,100.0,79.17,rain,1.1,0.2,29.2,18.3,183.0,988.2,100.0,4.8,8.6,0.7,1,10.0,08:05:22,16:07:03,0.2,"rain, overcast",Cloudy skies throughout the day with a chance of rain or snow throughout the day.,snow,"D5621,03672099999,03781099999,03772099999,03770099999",Unknown,"🧥 Coat or insulated jacket, boots ☔ (Umbrella recommended)",Winter,8,16,0,January,2025-01-05,Sunday,33281390,nan,Unknown,"(44.66, 59.04]"
London,2025-01-06,54.8,37.1,45.3,54.8,29.2,40.5,41.2,85.9,0.166,100.0,37.5,rain,0.0,0.2,32.2,20.7,237.6,982.9,74.6,22.3,9.6,0.8,1,10.0,08:05:00,16:08:18,0.25,"rain, partially cloudy",Partly cloudy throughout the day with a chance of rain throughout the day.,rain,"D5621,03672099999,03781099999,03772099999,03770099999",Unknown,"🧥 Coat or insulated jacket, boots ☔ (Umbrella recommended)",Winter,8,16,0,January,2025-01-06,Monday,13347470,afrobeat,alté,"(44.66, 59.04]"
London,2025-01-07,41.3,34.4,37.4,35.3,27.6,31.0,33.1,84.4,0.008,100.0,4.17,"rain,snow",0.0,0.0,18.6,13.1,251.6,999.2,45.9,28.9,13.7,1.3,1,10.0,08:04:35,16:09:36,0.27,"snow, rain, partially cloudy",Partly cloudy throughout the day with morning rain or snow.,rain,"03769099999,03680099999,D5621,03672099999,03781099999,03761099999,EGLC,03772099999,03770099999,03693099999",Unknown,"🧥 Heavy coat, thermal wear, gloves, boots ☔ (Umbrella recommended) ❄️ (Snow boots suggested)",Winter,8,16,0,January,2025-01-07,Tuesday,57109574,nan,alté,"(30.28, 44.66]"
London,2025-01-08,38.5,31.4,35.0,35.3,25.7,31.4,32.0,88.7,0.032,100.0,12.5,"rain,snow",0.9,0.2,10.9,7.8,31.8,1001.8,74.7,16.6,12.3,1.0,1,10.0,08:04:07,16:10:56,0.31,"snow, rain, partially cloudy",Partly cloudy throughout the day with late afternoon rain or snow.,snow,"D5621,03672099999,03781099999,03772099999,03770099999",Unknown,"🧥 Heavy coat, thermal wear, gloves, boots ☔ (Umbrella recommended) ❄️ (Snow boots suggested)",Winter,8,16,0,January,2025-01-08,Wednesday,14082227,nan,Unknown,"(30.28, 44.66]"
London,2025-01-09,39.5,31.4,36.2,33.7,25.6,30.4,30.1,79.2,0.0,0.0,0.0,snow,0.0,0.3,15.5,10.9,298.7,1008.5,34.8,12.8,24.0,2.1,2,10.0,08:03:35,16:12:18,0.34,partially cloudy,Clearing in the afternoon.,partly-cloudy-day,"03769099999,D5621,03672099999,03781099999,03761099999,EGLC,03772099999,03770099999,03693099999",Unknown,"🧥 Heavy coat, thermal wear, gloves, boots",Winter,8,16,0,January,2025-01-09,Thursday,30274774,nan,Unknown,"(30.28, 44.66]"
London,2025-01-10,37.5,27.8,31.3,34.8,25.3,30.4,28.5,89.6,0.0,0.0,0.0,Unknown,0.0,0.2,8.2,5.2,353.9,1020.4,21.7,9.0,16.7,1.4,1,10.0,08:03:01,16:13:43,0.38,partially cloudy,Partly cloudy throughout the day.,partly-cloudy-day,"D5621,03672099999,03781099999,03772099999,03770099999",Unknown,"🧥 Heavy coat, thermal wear, gloves, boots",Winter,8,16,0,January,2025-01-10,Friday,9185730,afrobeat,afrobeat,"(30.28, 44.66]"
London,2025-01-11,39.3,26.3,31.5,38.0,26.3,31.5,29.2,91.5,0.0,0.0,0.0,Unknown,0.0,0.0,5.3,3.4,308.3,1030.5,24.4,5.1,24.8,2.2,2,10.0,08:02:23,16:15:09,0.41,partially cloudy,Partly cloudy throughout the day.,partly-cloudy-day,"D5621,03672099999,03781099999,03772099999,03770099999",Unknown,"🧥 Heavy coat, thermal wear, gloves, boots",Winter,8,16,0,January,2025-01-11,Saturday,9356137,nan,afro adura,"(30.28, 44.66]"
London,2025-01-12,39.5,27.8,33.8,39.5,27.8,33.4,31.5,91.6,0.0,0.0,0.0,Unknown,0.0,0.0,5.8,4.0,140.3,1040.0,67.3,10.9,14.6,1.1,1,10.0,08:01:42,16:16:37,0.45,partially cloudy,Partly cloudy throughout the day.,partly-cloudy-day,"D5621,03672099999,03781099999,03772099999,03770099999",Unknown,"🧥 Heavy coat, thermal wear, gloves, boots",Winter,8,16,0,January,2025-01-12,Sunday,40113330,nan,Unknown,"(30.28, 44.66]"
London,2025-01-13,43.8,38.6,40.6,38.4,32.4,35.8,33.7,76.4,0.0,0.0,0.0,Unknown,0.0,0.0,19.1,13.0,203.9,1039.3,63.9,21.2,21.8,1.8,1,10.0,08:00:58,16:18:07,0.5,partially cloudy,Partly cloudy throughout the day.,partly-cloudy-day,"03680099999,D5621,03672099999,03781099999,03772099999,03770099999",Unknown,"🧥 Heavy coat, thermal wear, gloves, boots",Winter,8,16,0,January,2025-01-13,Monday,52003664,nan,Unknown,"(30.28, 44.66]"
London,2025-01-14,49.2,37.7,43.9,47.3,31.6,40.5,40.0,86.2,0.0,0.0,0.0,Unknown,0.0,0.0,13.9,9.1,232.8,1035.0,84.8,8.7,22.1,1.9,2,10.0,08:00:11,16:19:38,0.52,partially cloudy,Partly cloudy throughout the day.,partly-cloudy-day,"03680099999,D5621,03781099999,03672099999,03772099999,03770099999",Unknown,"🧥 Coat or insulated jacket, boots",Winter,8,16,0,January,2025-01-14,Tuesday,30431395,nan,Unknown,"(30.28, 44.66]"
London,2025-01-15,49.4,46.6,47.7,49.4,44.6,46.4,46.7,96.4,0.016,100.0,8.33,rain,0.0,0.0,7.9,5.3,258.0,1034.2,92.6,3.3,7.7,0.6,0,10.0,07:59:21,16:21:11,0.55,"rain, overcast",Cloudy skies throughout the day with rain clearing later.,rain,"03769099999,03680099999,D5621,03781099999,03672099999,03772099999,03770099999",Unknown,"🧥 Coat or insulated jacket, boots ☔ (Umbrella recommended)",Winter,7,16,0,January,2025-01-15,Wednesday,35667877,nan,Unknown,"(44.66, 59.04]"
London,2025-01-17,43.4,39.5,41.7,40.2,36.9,38.3,36.6,82.1,0.0,0.0,0.0,Unknown,0.0,0.0,13.5,8.7,206.4,1035.5,97.8,7.6,17.6,1.4,1,10.0,07:57:33,16:24:22,0.61,overcast,Cloudy skies throughout the day.,cloudy,"03680099999,D5621,03781099999,03672099999,03772099999,03770099999",Unknown,"🧥 Coat or insulated jacket, boots",Winter,7,16,0,January,2025-01-17,Friday,11147246,disco,italo disco,"(30.28, 44.66]"
London,2025-01-18,39.3,35.9,37.7,37.7,33.2,35.7,33.8,85.8,0.0,0.0,0.0,Unknown,0.0,0.0,11.2,5.7,128.6,1029.6,100.0,3.5,8.4,0.7,0,10.0,07:56:35,16:26:00,0.65,overcast,Cloudy skies throughout the day.,cloudy,"03769099999,03680099999,D5621,03781099999,03672099999,03772099999,03770099999",Unknown,"🧥 Heavy coat, thermal wear, gloves, boots",Winter,7,16,0,January,2025-01-18,Saturday,47706276,nan,Unknown,"(30.28, 44.66]"
London,2025-01-19,38.6,36.6,37.8,37.5,30.9,33.9,32.1,80.1,0.0,0.0,0.0,Unknown,0.0,0.0,11.9,7.2,168.7,1021.2,99.0,6.2,6.3,0.5,0,10.0,07:55:34,16:27:39,0.68,overcast,Cloudy skies throughout the day.,cloudy,"03769099999,03680099999,D5621,03781099999,03672099999,03772099999,03770099999",Unknown,"🧥 Heavy coat, thermal wear, gloves, boots",Winter,7,16,0,January,2025-01-19,Sunday,16490500,alté,afro adura,"(30.28, 44.66]"
London,2025-01-20,42.9,37.1,39.9,42.9,34.3,38.2,36.2,86.5,0.008,100.0,4.17,rain,0.0,0.0,10.5,7.4,218.7,1018.3,85.1,7.0,17.3,1.4,1,10.0,07:54:30,16:29:19,0.71,"rain, partially cloudy",Partly cloudy throughout the day with morning rain.,rain,"03769099999,03680099999,D5621,03781099999,03672099999,03772099999,03770099999",Unknown,"🧥 Heavy coat, thermal wear, gloves, boots ☔ (Umbrella recommended)",Winter,7,16,0,January,2025-01-20,Monday,108308064,nan,afro adura,"(30.28, 44.66]"
London,2025-01-21,43.8,34.4,38.8,40.4,34.4,37.0,36.3,90.8,0.0,0.0,0.0,Unknown,0.0,0.0,11.0,6.9,156.4,1013.8,90.5,3.1,24.2,2.2,1,10.0,07:53:24,16:31:00,0.75,overcast,Cloudy skies throughout the day.,cloudy,"03769099999,03680099999,D5621,03781099999,03672099999,03772099999,03770099999",Unknown,"🧥 Heavy coat, thermal wear, gloves, boots",Winter,7,16,0,January,2025-01-21,Tuesday,88417264,nan,Unknown,"(30.28, 44.66]"
London,2025-01-22,41.3,37.7,39.1,39.5,34.0,36.7,35.6,87.4,0.008,100.0,4.17,rain,0.0,0.0,9.5,7.2,344.8,1004.6,90.9,3.2,11.3,1.0,1,10.0,07:52:15,16:32:42,0.77,"rain, overcast",Cloudy skies throughout the day with early morning rain.,rain,"03769099999,EGWU,03680099999,EGLL,D5621,03781099999,03672099999,03684099999,EGLC,03772099999,03770099999",Unknown,"🧥 Heavy coat, thermal wear, gloves, boots ☔ (Umbrella recommended)",Winter,7,16,0,January,2025-01-22,Wednesday,73126069,nan,Unknown,"(30.28, 44.66]"
London,2025-01-23,47.6,36.2,41.5,41.0,31.4,36.0,37.9,87.3,0.196,100.0,12.5,rain,0.0,0.0,28.7,17.4,221.9,1002.6,67.9,9.7,11.4,1.0,0,10.0,07:51:03,16:34:25,0.81,"rain, partially cloudy",Partly cloudy throughout the day with rain.,rain,"03769099999,EGWU,03768399999,03781099999,03672099999,03684099999,03768099999,03772099999,03693099999,03680099999,D5621,03761099999,EGLC,03770099999",Unknown,"🧥 Coat or insulated jacket, boots ☔ (Umbrella recommended)",Winter,7,16,0,January,2025-01-23,Thursday,20952205,variété française,variété française,"(30.28, 44.66]"
London,2025-01-25,47.6,35.7,42.7,45.8,33.8,40.0,33.9,71.9,0.039,100.0,4.17,rain,0.0,0.0,16.5,10.7,258.5,1004.6,53.5,23.0,34.8,2.9,3,10.0,07:48:33,16:37:54,0.87,"rain, partially cloudy",Partly cloudy throughout the day with early morning rain.,rain,"03769099999,03680099999,D5621,03781099999,03672099999,03772099999,03770099999",Unknown,"🧥 Coat or insulated jacket, boots ☔ (Umbrella recommended)",Winter,7,16,0,January,2025-01-25,Saturday,10778884,nan,italo disco,"(30.28, 44.66]"
London,2025-01-26,50.3,34.8,42.1,50.3,29.1,36.3,37.1,82.4,0.205,100.0,20.83,rain,0.0,0.0,34.3,20.7,163.6,995.0,73.9,13.7,10.0,0.8,1,10.0,07:47:14,16:39:40,0.9,"rain, partially cloudy",Partly cloudy throughout the day with rain.,rain,"03769099999,03680099999,D5621,03781099999,03672099999,03772099999,03770099999",Unknown,"🧥 Heavy coat, thermal wear, gloves, boots ☔ (Umbrella recommended)",Winter,7,16,0,January,2025-01-26,Sunday,3707953,nan,Unknown,"(30.28, 44.66]"
London,2025-01-27,50.2,44.0,46.6,50.2,36.6,40.1,40.7,79.9,0.299,100.0,41.67,rain,0.0,0.0,44.7,25.2,202.2,981.1,75.0,16.1,32.3,2.9,3,10.0,07:45:53,16:41:26,0.94,"rain, partially cloudy",Partly cloudy throughout the day with a chance of rain throughout the day.,rain,"03769099999,03680099999,D5621,03781099999,03672099999,03772099999,03770099999",Unknown,"🧥 Coat or insulated jacket, boots ☔ (Umbrella recommended)",Winter,7,16,0,January,2025-01-27,Monday,89947084,nan,afrobeats,"(44.66, 59.04]"
London,2025-01-28,50.3,45.8,48.1,50.3,39.3,42.5,43.4,83.9,0.118,100.0,25.0,rain,0.0,0.0,30.5,18.3,227.0,983.8,97.5,19.6,20.5,1.7,1,10.0,07:44:29,16:43:13,0.97,"rain, overcast",Cloudy skies throughout the day with rain in the morning and afternoon.,rain,"03769099999,03680099999,D5621,03781099999,03672099999,03772099999,03770099999",Unknown,"🧥 Coat or insulated jacket, boots ☔ (Umbrella recommended)",Winter,7,16,0,January,2025-01-28,Tuesday,89849810,nan,afrobeats,"(44.66, 59.04]"
London,2025-01-29,47.9,39.5,44.3,47.0,35.8,40.8,39.0,81.7,0.0,0.0,0.0,Unknown,0.0,0.0,17.9,12.3,272.2,1003.1,49.5,21.7,29.3,2.4,2,10.0,07:43:04,16:45:01,0.0,partially cloudy,Becoming cloudy in the afternoon.,partly-cloudy-day,"03769099999,03680099999,D5621,03781099999,03672099999,03772099999,03770099999",Unknown,"🧥 Coat or insulated jacket, boots",Winter,7,16,0,January,2025-01-29,Wednesday,38052981,nan,Unknown,"(30.28, 44.66]"
London,2025-01-30,47.4,38.0,42.1,42.1,33.6,37.6,33.2,71.3,0.0,0.0,0.0,Unknown,0.0,0.0,17.8,12.1,323.5,1019.8,28.5,25.8,37.8,3.2,3,10.0,07:41:36,16:46:49,0.03,partially cloudy,Partly cloudy throughout the day.,partly-cloudy-day,"03769099999,03680099999,D5621,03781099999,03672099999,03772099999,03770099999",Unknown,"🧥 Coat or insulated jacket, boots",Winter,7,16,0,January,2025-01-30,Thursday,19202597,nan,Unknown,"(30.28, 44.66]"
London,2025-01-31,46.7,38.0,42.7,44.9,34.5,39.6,40.3,91.1,0.189,100.0,37.5,rain,0.0,0.0,15.2,9.2,175.7,1024.8,98.2,10.4,9.0,0.7,0,10.0,07:40:06,16:48:37,0.07,"rain, overcast",Cloudy skies throughout the day with a chance of rain throughout the day.,rain,"03769099999,03680099999,D5621,03781099999,03672099999,03761099999,EGLC,03772099999,03770099999,03693099999",Unknown,"🧥 Coat or insulated jacket, boots ☔ (Umbrella recommended)",Winter,7,16,0,January,2025-01-31,Friday,30703077,nan,Unknown,"(30.28, 44.66]"
London,2025-02-01,43.1,35.8,40.9,40.0,32.1,37.4,36.7,84.8,0.0,0.0,0.0,Unknown,0.0,0.0,11.8,7.1,141.8,1028.9,82.0,19.2,10.8,1.0,1,10.0,07:38:34,16:50:26,0.11,partially cloudy,Partly cloudy throughout the day.,partly-cloudy-day,"03769099999,03680099999,D5621,03781099999,03672099999,03772099999,03770099999",Unknown,"🧥 Heavy coat, thermal wear, gloves, boots",Winter,7,16,0,February,2025-02-01,Saturday,16236148,nan,Unknown,"(30.28, 44.66]"
London,2025-02-02,46.7,32.1,38.4,43.2,27.7,34.7,33.9,85.0,0.0,0.0,0.0,Unknown,0.0,0.0,12.6,8.1,162.0,1023.2,9.0,11.3,37.3,3.3,3,10.0,07:37:01,16:52:15,0.14,clear,Clear conditions throughout the day.,clear-day,"03769099999,03680099999,D5621,03781099999,03672099999,03772099999,03770099999",Unknown,"🧥 Heavy coat, thermal wear, gloves, boots",Winter,7,16,0,February,2025-02-02,Sunday,120234335,nan,afrobeats,"(30.28, 44.66]"
London,2025-02-03,47.0,33.5,41.4,43.3,31.0,37.9,38.7,90.4,0.008,100.0,4.17,rain,0.0,0.0,15.9,9.7,194.6,1024.8,68.1,6.8,19.0,1.6,1,10.0,07:35:25,16:54:05,0.18,"rain, partially cloudy",Partly cloudy throughout the day with morning rain.,rain,"03769099999,03680099999,D5621,03781099999,03672099999,03772099999,03770099999",Unknown,"🧥 Coat or insulated jacket, boots ☔ (Umbrella recommended)",Winter,7,16,0,February,2025-02-03,Monday,24192582,nan,Unknown,"(30.28, 44.66]"
London,2025-02-04,49.7,43.1,47.0,45.1,38.8,42.3,42.7,85.1,0.0,0.0,0.0,rain,0.0,0.0,24.3,15.3,206.4,1023.4,85.7,17.7,18.5,1.6,1,10.0,07:33:47,16:55:54,0.21,partially cloudy,Partly cloudy throughout the day.,partly-cloudy-day,"03769099999,03680099999,D5621,03781099999,03672099999,03772099999,03770099999",Unknown,"🧥 Coat or insulated jacket, boots",Winter,7,16,0,February,2025-02-04,Tuesday,25348088,nan,Unknown,"(44.66, 59.04]"
London,2025-02-05,49.7,37.6,44.3,47.9,35.1,42.0,37.8,78.5,0.0,0.0,0.0,Unknown,0.0,0.0,12.3,8.5,269.3,1037.7,15.6,14.5,43.6,3.7,3,10.0,07:32:08,16:57:44,0.25,clear,Clear conditions throughout the day.,clear-day,"03769099999,03680099999,D5621,03781099999,03672099999,F6665,03772099999,03770099999",Unknown,"🧥 Coat or insulated jacket, boots",Winter,7,16,0,February,2025-02-05,Wednesday,31772881,nan,Unknown,"(30.28, 44.66]"
London,2025-02-06,47.0,36.2,41.9,42.5,33.6,37.6,35.3,77.8,0.0,0.0,0.0,Unknown,0.0,0.0,20.1,12.3,49.6,1041.8,35.7,14.1,46.3,4.0,3,10.0,07:30:26,16:59:34,0.28,partially cloudy,Becoming cloudy in the afternoon.,partly-cloudy-day,"03769099999,03680099999,D5621,03781099999,03672099999,03772099999,03770099999",Unknown,"🧥 Coat or insulated jacket, boots",Winter,7,16,0,February,2025-02-06,Thursday,6525525,highlife,highlife,"(30.28, 44.66]"
London,2025-02-08,43.4,38.0,41.1,39.8,32.9,37.1,38.9,91.6,0.071,100.0,25.0,rain,0.0,0.0,17.5,10.1,76.6,1018.3,95.6,4.3,6.3,0.6,0,10.0,07:26:59,17:03:14,0.35,"rain, overcast",Cloudy skies throughout the day with a chance of rain throughout the day.,rain,"03769099999,03680099999,D5621,03781099999,03672099999,03772099999,03770099999",Unknown,"🧥 Coat or insulated jacket, boots ☔ (Umbrella recommended)",Winter,7,17,0,February,2025-02-08,Saturday,10425972,nan,Unknown,"(30.28, 44.66]"
London,2025-02-09,43.4,35.7,40.2,39.0,33.1,35.9,37.0,88.3,0.094,100.0,25.0,rain,0.0,0.0,20.2,11.6,52.3,1027.6,84.2,6.7,21.0,1.9,1,10.0,07:25:13,17:05:05,0.39,"rain, partially cloudy",Partly cloudy throughout the day with rain.,rain,"03769099999,03680099999,D5621,03781099999,03672099999,03761099999,EGLC,03772099999,03770099999,03693099999",Unknown,"🧥 Heavy coat, thermal wear, gloves, boots ☔ (Umbrella recommended)",Winter,7,17,0,February,2025-02-09,Sunday,61612921,nan,Unknown,"(30.28, 44.66]"
London,2025-02-10,41.1,37.0,39.7,34.8,30.3,33.0,35.4,84.8,0.064,100.0,25.0,"rain,snow",0.0,0.0,21.8,12.5,37.1,1023.9,100.0,3.2,5.7,0.5,0,10.0,07:23:25,17:06:55,0.43,"snow, rain, overcast",Cloudy skies throughout the day with rain or snow.,rain,"03769099999,03680099999,D5621,03781099999,03672099999,03761099999,EGLC,03772099999,03770099999,03693099999",Unknown,"🧥 Heavy coat, thermal wear, gloves, boots ☔ (Umbrella recommended) ❄️ (Snow boots suggested)",Winter,7,17,0,February,2025-02-10,Monday,4847559,gregorian chant,afrobeats,"(30.28, 44.66]"
London,2025-02-11,41.1,38.0,39.5,40.7,32.9,36.4,35.7,86.3,0.008,100.0,4.17,rain,0.0,0.0,12.3,7.5,337.3,1018.6,99.8,4.4,8.6,0.8,1,10.0,07:21:35,17:08:45,0.46,"rain, overcast",Cloudy skies throughout the day with early morning rain.,rain,"03769099999,EGWU,EGLL,03768399999,03781099999,03672099999,03768099999,03772099999,03680099999,D5621,03761099999,EGLC,03770099999",Unknown,"🧥 Heavy coat, thermal wear, gloves, boots ☔ (Umbrella recommended)",Winter,7,17,0,February,2025-02-11,Tuesday,9702857,nan,Unknown,"(30.28, 44.66]"
London,2025-02-12,42.5,39.8,41.0,39.8,36.4,38.4,36.0,82.5,0.0,0.0,0.0,Unknown,0.0,0.0,9.6,6.2,21.0,1019.6,100.0,7.2,18.4,1.6,1,10.0,07:19:44,17:10:35,0.5,overcast,Cloudy skies throughout the day.,cloudy,"03769099999,03680099999,D5621,03781099999,03672099999,03772099999,03770099999",Unknown,"🧥 Heavy coat, thermal wear, gloves, boots",Winter,7,17,0,February,2025-02-12,Wednesday,43002035,nan,Unknown,"(30.28, 44.66]"
London,2025-02-13,40.7,39.3,40.1,37.8,33.6,35.7,32.0,72.7,0.0,0.0,0.0,Unknown,0.0,0.0,14.4,8.5,48.2,1023.5,100.0,8.6,15.9,1.3,1,10.0,07:17:52,17:12:25,0.53,overcast,Cloudy skies throughout the day.,cloudy,"03769099999,03680099999,D5621,03781099999,03672099999,03772099999,03770099999",Unknown,"🧥 Heavy coat, thermal wear, gloves, boots",Winter,7,17,0,February,2025-02-13,Thursday,22836076,nan,Unknown,"(30.28, 44.66]"
London,2025-02-15,44.3,36.8,39.3,39.7,30.6,33.8,32.9,78.0,0.032,100.0,12.5,rain,0.0,0.0,15.8,10.4,133.1,1020.2,98.4,6.6,31.1,2.7,1,10.0,07:14:04,17:16:04,0.59,"rain, overcast",Cloudy skies throughout the day with late afternoon rain.,rain,"03769099999,03680099999,D5621,03781099999,03672099999,03772099999,03770099999",Unknown,"🧥 Heavy coat, thermal wear, gloves, boots ☔ (Umbrella recommended)",Winter,7,17,0,February,2025-02-15,Saturday,72278099,nan,Unknown,"(30.28, 44.66]"
London,2025-02-16,40.7,35.7,38.1,34.6,29.4,32.0,30.2,73.3,0.0,0.0,0.0,snow,0.0,0.0,18.7,12.4,89.4,1020.6,88.6,9.7,27.5,2.4,1,10.0,07:12:07,17:17:54,0.63,partially cloudy,Partly cloudy throughout the day.,partly-cloudy-day,"03769099999,03680099999,D5621,03768399999,03781099999,03672099999,03684099999,03768099999,EGLC,03772099999,03770099999",Unknown,"🧥 Heavy coat, thermal wear, gloves, boots",Winter,7,17,0,February,2025-02-16,Sunday,41524762,nan,afrobeats,"(30.28, 44.66]"
London,2025-02-17,42.2,33.9,37.1,36.2,28.4,31.7,27.7,68.8,0.0,0.0,0.0,Unknown,0.0,0.0,19.2,12.5,94.4,1022.2,2.6,11.7,79.6,6.9,4,10.0,07:10:10,17:19:43,0.66,clear,Clear conditions throughout the day.,clear-day,"03769099999,03680099999,D5621,03781099999,03672099999,F6665,03772099999,03770099999",Unknown,"🧥 Heavy coat, thermal wear, gloves, boots",Winter,7,17,0,February,2025-02-17,Monday,32180251,nan,Unknown,"(30.28, 44.66]"
London,2025-02-18,44.7,34.4,38.4,38.7,29.0,32.6,29.2,69.8,0.0,0.0,0.0,Unknown,0.0,0.0,19.7,12.9,94.9,1020.5,39.5,9.4,60.7,5.2,4,10.0,07:08:11,17:21:32,0.69,partially cloudy,Partly cloudy throughout the day.,partly-cloudy-day,"03769099999,03680099999,D5621,03781099999,03672099999,03772099999,03770099999",Unknown,"🧥 Heavy coat, thermal wear, gloves, boots",Winter,7,17,0,February,2025-02-18,Tuesday,68340859,nan,afrobeats,"(30.28, 44.66]"
London,2025-02-19,47.9,35.9,42.1,45.1,29.9,37.4,34.9,75.6,0.0,0.0,0.0,rain,0.0,0.0,16.9,9.0,130.0,1016.0,57.7,6.0,39.7,3.4,2,10.0,07:06:11,17:23:21,0.72,partially cloudy,Partly cloudy throughout the day.,partly-cloudy-day,"03769099999,03680099999,D5621,03781099999,03672099999,03772099999,03770099999",Unknown,"🧥 Coat or insulated jacket, boots",Winter,7,17,0,February,2025-02-19,Wednesday,55836930,afrobeat,afrobeats,"(30.28, 44.66]"
London,2025-02-20,55.7,47.9,53.0,55.7,43.8,52.5,50.4,90.7,0.008,100.0,4.17,rain,0.0,0.0,30.0,17.6,197.5,1014.3,99.8,8.0,19.6,1.7,1,10.0,07:04:10,17:25:10,0.75,"rain, overcast",Cloudy skies throughout the day with afternoon rain.,rain,"03769099999,EGWU,EGLL,03781099999,03672099999,03684099999,03772099999,03693099999,03680099999,D5621,03761099999,EGLC,03770099999",Unknown,"🧶 Hoodie or light jacket, jeans ☔ (Umbrella recommended)",Winter,7,17,0,February,2025-02-20,Thursday,65132670,nan,Unknown,"(44.66, 59.04]"
London,2025-02-21,60.1,52.8,55.6,60.1,52.8,55.6,51.4,86.4,0.118,100.0,25.0,rain,0.0,0.0,29.5,17.6,183.8,1010.1,95.4,9.3,44.3,3.9,2,10.0,07:02:08,17:26:58,0.79,"rain, overcast",Cloudy skies throughout the day with rain.,rain,"03769099999,03680099999,D5621,03781099999,03672099999,03772099999,03770099999",Unknown,"🧶 Hoodie or light jacket, jeans ☔ (Umbrella recommended)",Winter,7,17,0,February,2025-02-21,Friday,31512849,nan,afrobeats,"(44.66, 59.04]"
London,2025-02-22,56.9,45.7,51.5,56.9,43.0,51.0,47.3,86.3,0.149,100.0,20.83,rain,0.0,0.0,17.0,11.1,229.2,1013.4,57.1,11.5,37.8,3.2,2,10.0,07:00:05,17:28:46,0.82,"rain, partially cloudy",Partly cloudy throughout the day with early morning rain.,rain,"03769099999,03680099999,D5621,03781099999,03672099999,03772099999,03770099999",Unknown,"🧶 Hoodie or light jacket, jeans ☔ (Umbrella recommended)",Winter,7,17,0,February,2025-02-22,Saturday,122248569,nan,afrobeats,"(44.66, 59.04]"
London,2025-02-23,52.4,44.7,49.9,52.4,39.8,48.5,45.2,84.0,0.008,100.0,4.17,rain,0.0,0.0,34.9,21.5,193.8,1019.9,85.7,11.7,34.3,2.8,2,10.0,06:58:01,17:30:34,0.85,"rain, partially cloudy",Partly cloudy throughout the day with late afternoon rain.,rain,"03769099999,03680099999,D5621,03781099999,03672099999,03772099999,03770099999",Unknown,"🧥 Coat or insulated jacket, boots ☔ (Umbrella recommended)",Winter,6,17,0,February,2025-02-23,Sunday,53519172,afrobeats,afrobeats,"(44.66, 59.04]"
London,2025-02-24,56.9,47.0,51.2,56.9,42.6,50.0,47.2,86.4,0.522,100.0,50.0,rain,0.0,0.0,25.8,17.0,220.0,1011.8,73.2,11.9,35.3,3.1,2,10.0,06:55:56,17:32:22,0.89,"rain, partially cloudy",Partly cloudy throughout the day with a chance of rain throughout the day.,rain,"03769099999,03680099999,D5621,03781099999,03672099999,03772099999,03770099999",Unknown,"🧶 Hoodie or light jacket, jeans ☔ (Umbrella recommended)",Winter,6,17,0,February,2025-02-24,Monday,29284691,afrobeat,afrobeats,"(44.66, 59.04]"
London,2025-02-25,52.9,43.4,48.0,52.9,38.9,45.9,40.4,76.2,0.047,100.0,8.33,rain,0.0,0.0,16.1,11.3,272.1,1013.9,66.8,21.2,50.3,4.3,2,10.0,06:53:50,17:34:09,0.92,"rain, partially cloudy",Partly cloudy throughout the day with early morning rain.,rain,"03769099999,03680099999,D5621,03781099999,03672099999,03772099999,03770099999",Unknown,"🧥 Coat or insulated jacket, boots ☔ (Umbrella recommended)",Winter,6,17,0,February,2025-02-25,Tuesday,717123,afrobeats,afrobeats,"(44.66, 59.04]"
London,2025-02-27,51.1,39.5,44.9,51.1,33.8,41.3,35.0,69.5,0.0,0.0,0.0,rain,0.0,0.0,19.2,13.1,308.6,1019.8,60.9,29.2,46.0,3.8,2,10.0,06:49:36,17:37:43,0.98,partially cloudy,Partly cloudy throughout the day.,partly-cloudy-day,"03769099999,03680099999,D5621,03781099999,03672099999,03772099999,03770099999",Unknown,"🧥 Coat or insulated jacket, boots",Winter,6,17,0,February,2025-02-27,Thursday,36617000,nan,Unknown,"(44.66, 59.04]"
London,2025-02-28,48.6,33.5,41.6,46.4,32.1,40.3,33.2,73.9,0.0,0.0,0.0,Unknown,0.0,0.0,12.5,7.3,16.6,1029.2,20.7,14.3,71.3,6.1,5,10.0,06:47:27,17:39:29,0.0,partially cloudy,Partly cloudy throughout the day.,partly-cloudy-day,"03769099999,03680099999,D5621,03781099999,03672099999,03761099999,EGLC,03772099999,03770099999,03693099999",Unknown,"🧥 Coat or insulated jacket, boots",Winter,6,17,0,February,2025-02-28,Friday,29779550,nan,Unknown,"(30.28, 44.66]"
London,2025-03-01,51.2,37.1,42.0,51.2,36.3,41.4,34.6,77.1,0.0,0.0,0.0,Unknown,0.0,0.0,11.3,7.0,46.8,1034.5,33.5,13.9,55.3,4.7,4,10.0,06:45:18,17:41:15,0.05,partially cloudy,Clearing in the afternoon.,partly-cloudy-day,"03769099999,03680099999,D5621,03781099999,03672099999,03772099999,03770099999",Unknown,"🧥 Coat or insulated jacket, boots",Spring,6,17,0,March,2025-03-01,Saturday,125952747,afrobeat,afrobeats,"(30.28, 44.66]"
London,2025-03-02,52.1,34.0,41.5,52.1,34.0,41.1,34.1,77.0,0.0,0.0,0.0,Unknown,0.0,0.0,9.6,6.4,39.1,1034.4,4.1,14.8,71.3,6.1,5,10.0,06:43:08,17:43:01,0.09,clear,Clear conditions throughout the day.,clear-day,"03769099999,EGWU,03680099999,D5621,03768399999,03781099999,03672099999,03761099999,EGLC,03772099999,03770099999",Unknown,"🧥 Coat or insulated jacket, boots",Spring,6,17,0,March,2025-03-02,Sunday,91386353,afrobeat,afrobeats,"(30.28, 44.66]"
London,2025-03-03,55.1,32.6,42.4,55.1,32.6,42.2,32.5,72.0,0.0,0.0,0.0,Unknown,0.0,0.0,6.9,3.6,276.9,1029.8,4.0,10.2,73.5,6.6,5,10.0,06:40:58,17:44:47,0.12,clear,Clear conditions throughout the day.,clear-day,"03769099999,03680099999,D5621,03781099999,03672099999,03772099999,03770099999",Unknown,"🧥 Coat or insulated jacket, boots",Spring,6,17,0,March,2025-03-03,Monday,11557390,afrobeat,afrobeats,"(30.28, 44.66]"
London,2025-03-04,56.9,32.3,43.6,56.9,32.3,42.9,32.5,69.8,0.0,0.0,0.0,Unknown,0.0,0.0,11.4,8.1,239.5,1026.3,1.4,11.5,74.9,6.7,5,10.0,06:38:47,17:46:32,0.16,clear,Clear conditions throughout the day.,clear-day,"03769099999,03680099999,D5621,03781099999,03672099999,03772099999,03770099999",Unknown,"🧥 Coat or insulated jacket, boots",Spring,6,17,0,March,2025-03-04,Tuesday,20787418,afrobeat,afrobeats,"(30.28, 44.66]"
London,2025-03-05,58.7,33.5,45.0,58.7,28.9,43.5,36.4,74.2,0.008,100.0,4.17,rain,0.0,0.0,13.7,9.2,215.5,1022.2,5.7,4.3,78.3,6.9,4,10.0,06:36:35,17:48:17,0.19,rain,Clear conditions throughout the day with morning rain.,rain,"03769099999,03680099999,D5621,03781099999,03672099999,03684099999,03772099999,03770099999",Unknown,"🧥 Coat or insulated jacket, boots ☔ (Umbrella recommended)",Spring,6,17,0,March,2025-03-05,Wednesday,22563400,nan,Unknown,"(44.66, 59.04]"
London,2025-03-06,63.8,37.1,49.7,63.8,35.4,49.2,37.9,67.0,0.0,0.0,0.0,rain,0.0,0.0,19.9,12.6,170.4,1014.3,12.1,13.7,77.5,6.9,5,10.0,06:34:22,17:50:02,0.25,clear,Clear conditions throughout the day.,clear-day,"03769099999,03680099999,D5621,03781099999,03672099999,03772099999,03770099999",Unknown,"🧥 Coat or insulated jacket, boots",Spring,6,17,0,March,2025-03-06,Thursday,1135,nan,Unknown,"(44.66, 59.04]"
London,2025-03-07,63.7,48.3,55.5,63.7,46.2,55.3,44.5,67.0,0.0,0.0,0.0,Unknown,0.0,0.0,18.0,11.7,152.8,1011.7,53.6,18.0,86.8,7.5,5,10.0,06:32:09,17:51:46,0.26,partially cloudy,Partly cloudy throughout the day.,partly-cloudy-day,"03769099999,03680099999,D5621,03781099999,03672099999,03772099999,03770099999",Unknown,"🧶 Hoodie or light jacket, jeans",Spring,6,17,0,March,2025-03-07,Friday,46100598,gregorian chant,afrobeats,"(44.66, 59.04]"
London,2025-03-08,62.3,45.8,54.0,62.3,43.2,53.4,41.0,62.5,0.0,0.0,0.0,Unknown,0.0,0.0,19.1,11.9,102.1,1008.0,13.3,16.8,80.3,6.9,5,10.0,06:29:56,17:53:31,0.3,clear,Clear conditions throughout the day.,clear-day,"03769099999,03680099999,D5621,03781099999,03672099999,03772099999,03770099999",Unknown,"🧶 Hoodie or light jacket, jeans",Spring,6,17,0,March,2025-03-08,Saturday,45192229,nan,Unknown,"(44.66, 59.04]"
London,2025-03-09,62.9,47.6,53.9,62.9,45.4,53.1,40.8,62.3,0.0,0.0,0.0,Unknown,0.0,0.0,18.1,12.5,87.1,1002.8,25.6,11.7,84.3,7.4,5,10.0,06:27:42,17:55:15,0.33,partially cloudy,Partly cloudy throughout the day.,partly-cloudy-day,"03769099999,03680099999,D5621,03781099999,03672099999,03772099999,03770099999",Unknown,"🧶 Hoodie or light jacket, jeans",Spring,6,17,0,March,2025-03-09,Sunday,5769662,nan,Unknown,"(44.66, 59.04]"
London,2025-03-10,54.6,46.1,50.4,54.6,40.7,49.2,41.5,71.4,0.0,0.0,0.0,rain,0.0,0.0,20.9,13.0,28.9,1003.6,88.0,3.1,55.3,4.7,3,10.0,06:25:28,17:56:58,0.37,partially cloudy,Partly cloudy throughout the day.,partly-cloudy-day,"03769099999,03680099999,D5621,03781099999,03672099999,F6665,03772099999,03770099999",Unknown,"🧶 Hoodie or light jacket, jeans",Spring,6,17,0,March,2025-03-10,Monday,11852726,nan,Unknown,"(44.66, 59.04]"
London,2025-03-11,47.5,42.1,45.1,44.1,37.7,40.5,34.8,67.3,0.0,0.0,0.0,rain,0.0,0.0,20.1,12.9,24.4,1007.6,91.2,18.9,50.6,4.4,2,10.0,06:23:13,17:58:42,0.4,overcast,Cloudy skies throughout the day.,cloudy,"03769099999,03680099999,D5621,03781099999,03672099999,03772099999,03770099999",Unknown,"🧥 Coat or insulated jacket, boots",Spring,6,17,0,March,2025-03-11,Tuesday,31029989,nan,Unknown,"(44.66, 59.04]"
London,2025-03-12,47.4,39.5,42.8,43.3,34.0,39.0,33.4,69.9,0.0,0.0,0.0,rain,0.0,0.0,15.8,10.1,328.1,1003.5,84.9,26.2,62.5,5.5,3,10.0,06:20:58,18:00:25,0.44,partially cloudy,Partly cloudy throughout the day.,partly-cloudy-day,"03769099999,03680099999,D5621,03781099999,03672099999,03761099999,EGLC,03772099999,03770099999,03693099999",Unknown,"🧥 Coat or insulated jacket, boots",Spring,6,18,0,March,2025-03-12,Wednesday,37965633,lullaby,lullaby,"(30.28, 44.66]"
London,2025-03-13,46.1,38.0,40.6,42.1,31.5,36.5,34.7,79.3,0.039,100.0,4.17,"rain,snow",0.1,0.0,18.2,11.5,355.8,1004.2,72.0,20.6,52.9,4.5,3,10.0,06:18:43,18:02:08,0.47,"snow, rain, partially cloudy",Partly cloudy throughout the day with afternoon rain or snow.,snow,"03769099999,03680099999,D5621,03781099999,03672099999,03772099999,03770099999",Unknown,"🧥 Heavy coat, thermal wear, gloves, boots ☔ (Umbrella recommended) ❄️ (Snow boots suggested)",Spring,6,18,0,March,2025-03-13,Thursday,4744681,lullaby,lullaby,"(30.28, 44.66]"
London,2025-03-14,47.9,33.5,41.3,43.8,33.5,38.7,33.1,73.8,0.0,0.0,0.0,rain,0.0,0.0,17.7,10.8,29.0,1011.6,73.5,19.0,68.8,6.0,5,10.0,06:16:27,18:03:51,0.5,partially cloudy,Partly cloudy throughout the day.,partly-cloudy-day,"03769099999,03680099999,D5621,03781099999,03672099999,03772099999,03770099999",Unknown,"🧥 Coat or insulated jacket, boots",Spring,6,18,0,March,2025-03-14,Friday,27231436,afrobeat,afrobeats,"(30.28, 44.66]"
London,2025-03-15,47.9,35.7,41.4,42.6,29.3,36.1,29.1,63.5,0.0,0.0,0.0,snow,0.0,0.0,23.4,13.8,40.8,1021.8,35.6,28.7,91.9,8.2,4,10.0,06:14:11,18:05:33,0.54,partially cloudy,Partly cloudy throughout the day.,partly-cloudy-day,"03769099999,03680099999,D5621,03781099999,03672099999,03684099999,03772099999,03770099999",Unknown,"🧥 Coat or insulated jacket, boots",Spring,6,18,0,March,2025-03-15,Saturday,30592589,gregorian chant,afrobeats,"(30.28, 44.66]"
London,2025-03-16,47.6,33.5,41.5,42.8,27.7,36.4,31.3,68.0,0.0,0.0,0.0,Unknown,0.0,0.0,22.6,14.9,40.8,1025.3,52.8,32.9,136.5,11.8,7,10.0,06:11:55,18:07:16,0.57,partially cloudy,Partly cloudy throughout the day.,partly-cloudy-day,"03769099999,03680099999,D5621,03781099999,03672099999,03684099999,03772099999,03770099999",Unknown,"🧥 Coat or insulated jacket, boots 🕶️ (Sunscreen & sunglasses)",Spring,6,18,0,March,2025-03-16,Sunday,17272323,nan,afrobeats,"(30.28, 44.66]"
London,2025-03-17,46.7,40.7,43.9,42.0,36.4,38.9,34.9,71.0,0.0,0.0,0.0,Unknown,0.0,0.0,20.8,12.3,64.6,1028.0,85.6,19.8,48.7,4.2,2,10.0,06:09:38,18:08:58,0.61,partially cloudy,Partly cloudy throughout the day.,partly-cloudy-day,"03769099999,03680099999,D5621,03781099999,03672099999,03772099999,03770099999",Unknown,"🧥 Coat or insulated jacket, boots",Spring,6,18,0,March,2025-03-17,Monday,7206362,afrobeat,afrobeats,"(30.28, 44.66]"
London,2025-03-18,51.5,38.4,43.8,51.5,33.6,39.8,30.6,61.6,0.0,0.0,0.0,Unknown,0.0,0.0,23.2,15.3,81.4,1024.0,0.1,21.4,122.0,10.6,6,10.0,06:07:22,18:10:40,0.64,clear,Clear conditions throughout the day.,clear-day,"03769099999,03680099999,D5621,03781099999,03672099999,03684099999,03772099999,03770099999",Unknown,"🧥 Coat or insulated jacket, boots 🕶️ (Sunscreen & sunglasses)",Spring,6,18,0,March,2025-03-18,Tuesday,39790361,nan,Unknown,"(30.28, 44.66]"
London,2025-03-19,64.6,36.8,50.4,64.6,34.7,49.8,37.9,64.0,0.0,0.0,0.0,Unknown,0.0,0.0,14.1,8.6,140.4,1020.9,34.6,17.7,113.9,9.9,6,10.0,06:05:05,18:12:22,0.67,partially cloudy,Becoming cloudy in the afternoon.,partly-cloudy-day,"03769099999,03680099999,D5621,03781099999,03672099999,03684099999,03772099999,03770099999",Unknown,"🧶 Hoodie or light jacket, jeans 🕶️ (Sunscreen & sunglasses)",Spring,6,18,0,March,2025-03-19,Wednesday,47933867,nan,rap,"(44.66, 59.04]"
London,2025-03-20,67.7,46.7,56.2,67.7,46.7,56.2,43.5,64.2,0.0,0.0,0.0,Unknown,0.0,0.0,12.7,8.1,115.3,1018.9,28.1,22.6,104.5,9.2,5,10.0,06:02:48,18:14:04,0.7,partially cloudy,Partly cloudy throughout the day.,partly-cloudy-day,"03769099999,03680099999,D5621,03781099999,03672099999,03684099999,03768099999,03772099999,03770099999",Unknown,"🧶 Hoodie or light jacket, jeans",Spring,6,18,0,March,2025-03-20,Thursday,8659039,hip hop,rap,"(44.66, 59.04]"
London,2025-03-21,61.1,49.4,55.9,61.1,46.7,55.7,45.1,67.5,0.0,0.0,0.0,rain,0.0,0.0,22.4,14.9,112.2,1006.9,47.1,13.5,69.9,6.1,3,10.0,06:00:31,18:15:45,0.74,partially cloudy,Clearing in the afternoon.,partly-cloudy-day,"03769099999,03680099999,D5621,03781099999,03672099999,03772099999,03770099999",Unknown,"🧶 Hoodie or light jacket, jeans",Spring,6,18,0,March,2025-03-21,Friday,12251532,afrobeat,afrobeats,"(44.66, 59.04]"
London,2025-03-22,61.8,52.4,56.4,61.8,52.4,56.4,49.6,78.4,0.0,0.0,0.0,rain,0.0,0.0,14.7,8.9,117.6,1000.0,80.1,18.1,61.8,5.4,3,10.0,05:58:14,18:17:27,0.75,partially cloudy,Partly cloudy throughout the day.,partly-cloudy-day,"03769099999,03680099999,D5621,03781099999,03672099999,03772099999,03770099999",Unknown,"🧶 Hoodie or light jacket, jeans",Spring,5,18,0,March,2025-03-22,Saturday,25618818,nan,afrobeats,"(44.66, 59.04]"
London,2025-03-23,56.0,47.6,52.7,56.0,43.5,52.1,47.8,83.4,0.0,0.0,0.0,rain,0.0,0.0,17.8,10.8,17.1,1003.8,92.1,3.4,40.9,3.7,2,10.0,05:55:57,18:19:08,0.8,overcast,Cloudy skies throughout the day.,cloudy,"03769099999,03680099999,D5621,03781099999,03672099999,03772099999,03770099999",Unknown,"🧶 Hoodie or light jacket, jeans",Spring,5,18,0,March,2025-03-23,Sunday,9057665,nan,Unknown,"(44.66, 59.04]"
London,2025-03-24,57.8,44.0,49.0,57.8,40.3,46.6,40.4,72.8,0.0,0.0,0.0,Unknown,0.0,0.0,17.4,11.0,9.9,1017.7,59.0,4.9,55.5,4.6,3,10.0,05:53:40,18:20:49,0.84,partially cloudy,Partly cloudy throughout the day.,partly-cloudy-day,"03769099999,03680099999,D5621,03781099999,03672099999,03772099999,03770099999",Unknown,"🧥 Coat or insulated jacket, boots",Spring,5,18,0,March,2025-03-24,Monday,40147157,nan,Unknown,"(44.66, 59.04]"
London,2025-03-25,58.4,41.6,50.4,58.4,37.5,49.3,44.8,81.6,0.0,0.0,0.0,rain,0.0,0.0,14.1,8.5,297.7,1022.4,71.1,9.0,71.4,6.1,3,10.0,05:51:23,18:22:30,0.87,partially cloudy,Partly cloudy throughout the day.,partly-cloudy-day,"03769099999,03680099999,D5621,03781099999,03672099999,03772099999,03770099999",Unknown,"🧶 Hoodie or light jacket, jeans",Spring,5,18,0,March,2025-03-25,Tuesday,10211511,nan,Unknown,"(44.66, 59.04]"
London,2025-03-26,63.2,47.9,54.9,63.2,46.2,54.7,45.5,72.2,0.0,0.0,0.0,rain,0.0,0.0,9.8,6.2,283.1,1024.9,49.8,16.0,93.5,8.0,4,10.0,05:49:06,18:24:11,0.9,partially cloudy,Partly cloudy throughout the day.,partly-cloudy-day,"03769099999,03680099999,D5621,03781099999,03672099999,03761099999,03684099999,EGLC,03772099999,03770099999,03693099999",Unknown,"🧶 Hoodie or light jacket, jeans",Spring,5,18,0,March,2025-03-26,Wednesday,1333006,gregorian chant,gregorian chant,"(44.66, 59.04]"
London,2025-03-27,58.7,43.7,50.5,58.7,42.2,49.5,43.7,78.1,0.0,0.0,0.0,Unknown,0.0,0.0,16.6,11.9,241.9,1020.5,48.5,12.4,123.5,10.6,6,10.0,05:46:49,18:25:52,0.94,partially cloudy,Partly cloudy throughout the day.,partly-cloudy-day,"03769099999,EGWU,EGLL,03768399999,03781099999,03672099999,03684099999,03768099999,03772099999,03693099999,03680099999,D5621,03761099999,EGLC,03770099999",Unknown,"🧶 Hoodie or light jacket, jeans 🕶️ (Sunscreen & sunglasses)",Spring,5,18,0,March,2025-03-27,Thursday,9307412,gregorian chant,gregorian chant,"(44.66, 59.04]"
London,2025-03-28,58.4,47.5,52.6,58.4,44.5,51.5,38.8,62.4,0.008,100.0,4.17,rain,0.0,0.0,26.6,15.9,269.4,1012.8,56.0,11.7,65.9,5.7,5,10.0,05:44:33,18:27:33,0.97,"rain, partially cloudy",Partly cloudy throughout the day with morning rain.,rain,"EGWU,03769099999,EGLL,03882099999,03768399999,03672099999,03768099999,03781099999,03772099999,03680099999,D5621,03761099999,EGLC,03770099999",Unknown,"🧶 Hoodie or light jacket, jeans ☔ (Umbrella recommended)",Spring,5,18,0,March,2025-03-28,Friday,50408700,nan,Unknown,"(44.66, 59.04]"
London,2025-03-29,58.2,40.2,49.4,58.2,37.3,48.2,36.4,62.5,0.0,0.0,0.0,Unknown,0.0,0.0,23.1,15.7,249.2,1020.6,27.9,14.0,126.5,10.8,6,10.0,05:42:16,18:29:14,0.0,partially cloudy,Partly cloudy throughout the day.,partly-cloudy-day,"03769099999,03680099999,D5621,03781099999,03672099999,03684099999,03772099999,03770099999",Unknown,"🧥 Coat or insulated jacket, boots 🕶️ (Sunscreen & sunglasses)",Spring,5,18,0,March,2025-03-29,Saturday,73167798,afrobeat,afrobeats,"(44.66, 59.04]"
London,2025-03-30,64.1,49.4,56.0,64.1,45.9,55.8,41.2,60.7,0.0,0.0,0.0,Unknown,0.0,0.0,24.3,16.4,301.7,1020.8,30.1,12.4,141.0,11.7,6,10.0,06:40:00,19:30:55,0.04,partially cloudy,Partly cloudy throughout the day.,partly-cloudy-day,"03769099999,03680099999,D5621,03781099999,03672099999,03684099999,03772099999,03770099999",Unknown,"🧶 Hoodie or light jacket, jeans 🕶️ (Sunscreen & sunglasses)",Spring,6,19,0,March,2025-03-30,Sunday,73895896,afrobeat,afrobeats,"(44.66, 59.04]"
London,2025-03-31,62.3,42.0,52.1,62.3,42.0,51.8,39.2,62.9,0.0,0.0,0.0,Unknown,0.0,0.0,15.0,9.2,77.9,1028.2,3.3,13.9,136.3,11.8,7,10.0,06:37:44,19:32:35,0.07,clear,Clear conditions throughout the day.,clear-day,"03769099999,03680099999,D5621,03781099999,03672099999,03684099999,03772099999,03770099999",Unknown,"🧶 Hoodie or light jacket, jeans 🕶️ (Sunscreen & sunglasses)",Spring,6,19,0,March,2025-03-31,Monday,34981331,afrobeat,alté,"(44.66, 59.04]"
London,2025-04-01,58.2,44.3,50.3,58.2,40.7,48.2,38.9,67.1,0.0,0.0,0.0,Unknown,0.0,0.0,27.4,17.8,83.1,1025.7,16.7,9.7,126.8,10.9,7,10.0,06:35:28,19:34:16,0.1,clear,Clear conditions throughout the day.,clear-day,"03769099999,03680099999,D5621,03781099999,03672099999,03684099999,03768099999,03772099999,03770099999",Unknown,"🧶 Hoodie or light jacket, jeans 🕶️ (Sunscreen & sunglasses)",Spring,6,19,0,April,2025-04-01,Tuesday,17347544,afrobeat,alté,"(44.66, 59.04]"
London,2025-04-02,61.9,45.6,52.9,61.9,41.4,51.6,39.1,60.7,0.0,0.0,0.0,Unknown,0.0,0.0,30.2,20.6,68.5,1021.4,0.9,9.8,140.3,12.1,7,10.0,06:33:12,19:35:57,0.14,clear,Clear conditions throughout the day.,clear-day,"03769099999,03680099999,D5621,03781099999,03672099999,03684099999,03772099999,03770099999",Unknown,"🧶 Hoodie or light jacket, jeans 🕶️ (Sunscreen & sunglasses)",Spring,6,19,0,April,2025-04-02,Wednesday,9428431,afrobeat,alté,"(44.66, 59.04]"
London,2025-04-03,64.7,49.7,56.1,64.7,46.6,55.6,42.4,61.1,0.0,0.0,0.0,Unknown,0.0,0.0,21.1,15.3,78.7,1018.9,4.2,8.3,134.9,11.6,6,10.0,06:30:57,19:37:37,0.17,clear,Clear conditions throughout the day.,clear-day,"03769099999,03680099999,D5621,03781099999,03672099999,03684099999,03772099999,03770099999",Unknown,"🧶 Hoodie or light jacket, jeans 🕶️ (Sunscreen & sunglasses)",Spring,6,19,0,April,2025-04-03,Thursday,9856116,afrobeat,afrobeats,"(44.66, 59.04]"
London,2025-04-04,71.3,51.1,59.4,71.3,51.1,59.4,42.7,56.6,0.0,0.0,0.0,Unknown,0.0,0.0,22.8,15.0,68.2,1018.6,12.1,7.3,132.1,11.2,6,10.0,06:28:42,19:39:18,0.21,clear,Clear conditions throughout the day.,clear-day,"03769099999,03680099999,D5621,03781099999,03672099999,03772099999,03770099999",Unknown,"🧶 Hoodie or light jacket, jeans 🕶️ (Sunscreen & sunglasses)",Spring,6,19,0,April,2025-04-04,Friday,16980130,afrobeat,afrobeats,"(59.04, 73.42]"
London,2025-04-05,65.0,43.1,53.0,65.0,37.9,50.8,35.9,55.4,0.0,0.0,0.0,Unknown,0.0,0.0,27.7,16.3,56.8,1019.9,0.6,11.3,147.4,12.9,7,10.0,06:26:27,19:40:58,0.25,clear,Clear conditions throughout the day.,clear-day,"03769099999,EGWU,03680099999,EGLL,D5621,03781099999,03672099999,03684099999,03768099999,EGLC,03772099999,03770099999",Unknown,"🧶 Hoodie or light jacket, jeans 🕶️ (Sunscreen & sunglasses)",Spring,6,19,0,April,2025-04-05,Saturday,72933034,afrobeat,afrobeats,"(44.66, 59.04]"
London,2025-04-06,57.8,42.0,49.0,57.8,37.9,46.9,34.0,59.1,0.0,0.0,0.0,Unknown,0.0,0.0,28.2,15.7,68.5,1023.2,2.8,6.2,160.1,14.0,7,10.0,06:24:13,19:42:39,0.27,clear,Clear conditions throughout the day.,clear-day,"EGWU,EGLL,D5621,EGLC",Unknown,"🧥 Coat or insulated jacket, boots 🕶️ (Sunscreen & sunglasses)",Spring,6,19,0,April,2025-04-06,Sunday,29968054,nan,afrobeats,"(44.66, 59.04]"
Berlin,2025-01-01,46.5,33.8,41.1,38.9,23.2,32.9,33.2,73.5,0.0,0.0,0.0,rain,0.0,0.0,40.3,20.2,218.9,1011.6,99.5,15.1,21.7,1.9,1,10.0,08:17:23,16:03:15,0.05,overcast,Cloudy skies throughout the day.,cloudy,"00427,07389,03987,10385099999,00403,EDDB,E2835,00433,00400",Unknown,"🧥 Heavy coat, thermal wear, gloves, boots",Winter,8,16,0,January,2025-01-01,Wednesday,72911063,nan,afrobeats,"(30.28, 44.66]"
Berlin,2025-01-02,46.8,35.6,40.4,39.7,27.2,33.4,34.6,79.8,0.04,100.0,25.0,rain,0.0,0.0,39.4,21.0,256.8,1007.1,64.2,24.3,24.4,2.0,2,10.0,08:17:12,16:04:23,0.09,"rain, partially cloudy",Partly cloudy throughout the day with rain.,rain,"00427,07389,03987,00420,00403,E2835,00433,00400",Unknown,"🧥 Heavy coat, thermal wear, gloves, boots ☔ (Umbrella recommended)",Winter,8,16,0,January,2025-01-02,Thursday,48018399,nan,Unknown,"(30.28, 44.66]"
Berlin,2025-01-03,38.3,30.3,34.7,28.5,19.9,25.5,29.6,81.9,0.03,100.0,12.5,"rain,snow",0.5,0.2,39.4,19.6,263.9,1010.6,62.4,21.2,15.8,1.4,1,10.0,08:16:59,16:05:33,0.13,"snow, rain, partially cloudy",Partly cloudy throughout the day with afternoon rain or snow.,snow,"00427,07389,03987,00420,00403,E2835,00433,00400",Unknown,"🧥 Heavy coat, thermal wear, gloves, boots ☔ (Umbrella recommended) ❄️ (Snow boots suggested)",Winter,8,16,0,January,2025-01-03,Friday,85634098,nan,hiplife,"(30.28, 44.66]"
Berlin,2025-01-04,33.1,30.7,31.9,28.1,20.0,24.2,27.9,84.9,0.0,0.0,0.0,Unknown,0.0,0.1,26.4,16.8,255.6,1017.8,65.0,23.3,11.9,1.1,1,10.0,08:16:41,16:06:45,0.16,partially cloudy,Partly cloudy throughout the day.,partly-cloudy-day,"00427,07389,03987,00403,E2835,00433,00400",Unknown,"🧥 Heavy coat, thermal wear, gloves, boots",Winter,8,16,0,January,2025-01-04,Saturday,24345288,afrobeat,afrobeat,"(30.28, 44.66]"
Berlin,2025-01-05,33.0,27.5,30.4,25.6,20.3,23.1,27.2,87.9,0.246,100.0,29.17,"rain,freezingrain,snow",1.5,0.3,25.7,13.6,137.0,1006.4,99.9,12.4,15.8,1.4,1,10.0,08:16:21,16:08:01,0.2,"snow, rain, freezing drizzle/freezing rain, overcast",Cloudy skies throughout the day with rain or snow.,snow,"00427,07389,03987,00403,E2835,00433,00400",Unknown,"🧥 Heavy coat, thermal wear, gloves, boots ☔ (Umbrella recommended) ❄️ (Snow boots suggested)",Winter,8,16,0,January,2025-01-05,Sunday,33281390,nan,Unknown,"(30.28, 44.66]"
Berlin,2025-01-06,53.5,33.2,45.8,53.5,25.6,42.0,40.5,83.1,0.272,100.0,66.67,rain,0.2,0.4,29.5,17.6,190.0,991.5,72.7,101.2,13.4,1.1,1,10.0,08:15:57,16:09:18,0.23,"rain, partially cloudy",Partly cloudy throughout the day with a chance of rain or snow throughout the day.,snow,"00427,07389,03987,00420,00403,E2835,00433,00400",Unknown,"🧥 Coat or insulated jacket, boots ☔ (Umbrella recommended)",Winter,8,16,0,January,2025-01-06,Monday,13347470,afrobeat,alté,"(44.66, 59.04]"
Berlin,2025-01-07,49.1,35.7,43.4,45.3,26.8,37.3,33.5,68.6,0.062,100.0,25.0,"rain,snow",0.0,0.0,30.4,16.3,222.1,998.4,69.1,361.4,34.4,2.9,3,10.0,08:15:29,16:10:39,0.25,"snow, rain, partially cloudy",Partly cloudy throughout the day with rain or snow.,rain,"00427,00420,03987,00403,E2835,00433,00400",Unknown,"🧥 Coat or insulated jacket, boots ☔ (Umbrella recommended) ❄️ (Snow boots suggested)",Winter,8,16,0,January,2025-01-07,Tuesday,57109574,nan,alté,"(30.28, 44.66]"
Berlin,2025-01-08,39.6,31.9,35.6,32.9,26.5,28.7,30.8,82.9,0.001,100.0,4.17,"rain,snow",0.1,0.1,31.1,13.0,218.7,1002.4,42.7,23.3,26.9,2.3,2,10.0,08:14:58,16:12:01,0.3,"snow, rain, partially cloudy",Partly cloudy throughout the day with early morning snow or rain.,snow,"00427,00420,03987,00403,E2835,00433,00400",Unknown,"🧥 Heavy coat, thermal wear, gloves, boots ☔ (Umbrella recommended) ❄️ (Snow boots suggested)",Winter,8,16,0,January,2025-01-08,Wednesday,14082227,nan,Unknown,"(30.28, 44.66]"
Berlin,2025-01-09,34.5,32.5,33.2,33.1,22.0,26.5,32.1,95.7,0.252,100.0,83.33,"rain,snow",2.9,0.4,27.3,16.7,8.6,998.7,100.0,5.4,8.7,0.6,0,10.0,08:14:24,16:13:26,0.34,"snow, rain, overcast",Cloudy skies throughout the day with a chance of rain or snow throughout the day.,snow,"00427,00420,03987,00403,E2835,00433,00400",Unknown,"🧥 Heavy coat, thermal wear, gloves, boots ☔ (Umbrella recommended) ❄️ (Snow boots suggested)",Winter,8,16,0,January,2025-01-09,Thursday,30274774,nan,Unknown,"(30.28, 44.66]"
Berlin,2025-01-10,34.7,33.1,34.1,27.1,23.7,25.6,32.6,94.2,0.104,100.0,58.33,"rain,snow",1.4,1.4,25.9,14.3,269.5,1010.1,91.7,11.0,8.3,0.7,1,10.0,08:13:47,16:14:53,0.38,"snow, rain, overcast",Cloudy skies throughout the day with a chance of rain or snow throughout the day.,snow,"00427,00420,03987,00403,E2835,00433,00400",Unknown,"🧥 Heavy coat, thermal wear, gloves, boots ☔ (Umbrella recommended) ❄️ (Snow boots suggested)",Winter,8,16,0,January,2025-01-10,Friday,9185730,afrobeat,afrobeat,"(30.28, 44.66]"
Berlin,2025-01-11,34.8,31.7,33.2,25.2,20.1,22.5,28.2,81.9,0.011,100.0,20.83,"rain,snow",0.5,0.5,33.8,23.2,292.4,1016.4,91.0,19.0,16.8,1.4,1,10.0,08:13:06,16:16:22,0.41,"snow, rain, overcast",Cloudy skies throughout the day with rain or snow.,snow,"00427,00420,03987,00403,E2835,00433,00400",Unknown,"🧥 Heavy coat, thermal wear, gloves, boots ☔ (Umbrella recommended) ❄️ (Snow boots suggested)",Winter,8,16,0,January,2025-01-11,Saturday,9356137,nan,afro adura,"(30.28, 44.66]"
Berlin,2025-01-12,35.5,30.8,33.7,28.4,22.7,25.4,26.5,74.7,0.0,0.0,0.0,snow,0.1,0.3,22.6,15.2,326.2,1031.9,66.0,26.2,37.4,3.3,3,10.0,08:12:22,16:17:54,0.45,partially cloudy,Partly cloudy throughout the day.,partly-cloudy-day,"00427,00420,03987,00403,E2835,00433,00400",Unknown,"🧥 Heavy coat, thermal wear, gloves, boots",Winter,8,16,0,January,2025-01-12,Sunday,40113330,nan,Unknown,"(30.28, 44.66]"
Berlin,2025-01-13,33.5,24.5,29.8,30.4,20.7,25.4,23.5,77.3,0.0,0.0,0.0,Unknown,0.0,0.2,17.9,12.0,231.7,1042.1,56.0,27.7,61.5,5.4,3,10.0,08:11:35,16:19:27,0.5,partially cloudy,Becoming cloudy in the afternoon.,partly-cloudy-day,"00427,00420,03987,00403,E2835,00433,00400",Unknown,"🧥 Heavy coat, thermal wear, gloves, boots",Winter,8,16,0,January,2025-01-13,Monday,52003664,nan,Unknown,"(15.828, 30.28]"
Berlin,2025-01-14,36.7,26.5,31.6,30.8,20.0,24.5,25.5,78.8,0.025,100.0,12.5,"rain,snow",0.0,0.3,22.1,15.0,237.6,1031.9,81.2,18.0,17.5,1.6,1,10.0,08:10:45,16:21:01,0.52,"snow, rain, partially cloudy",Partly cloudy throughout the day with late afternoon rain or snow.,rain,"00427,00420,03987,00403,E2835,00433,00400",Unknown,"🧥 Heavy coat, thermal wear, gloves, boots ☔ (Umbrella recommended) ❄️ (Snow boots suggested)",Winter,8,16,0,January,2025-01-14,Tuesday,30431395,nan,Unknown,"(30.28, 44.66]"
Berlin,2025-01-15,42.3,35.5,39.7,37.9,28.1,34.2,38.3,94.7,0.001,100.0,4.17,rain,0.0,0.1,19.5,11.0,307.3,1029.5,99.6,9.9,13.2,1.1,1,10.0,08:09:52,16:22:38,0.55,"rain, overcast",Cloudy skies throughout the day with morning rain.,rain,"00427,07389,00420,03987,00403,E2835,00433,00400",Unknown,"🧥 Heavy coat, thermal wear, gloves, boots ☔ (Umbrella recommended)",Winter,8,16,0,January,2025-01-15,Wednesday,35667877,nan,Unknown,"(30.28, 44.66]"
Berlin,2025-01-17,35.2,30.4,33.0,31.0,25.0,28.1,32.3,97.2,0.0,0.0,0.0,Unknown,0.0,0.0,11.6,7.7,222.9,1038.4,84.3,2.6,16.7,1.3,1,10.0,08:07:57,16:25:56,0.61,partially cloudy,Partly cloudy throughout the day.,partly-cloudy-day,"00427,00420,03987,00403,E2835,00433,00400",Unknown,"🧥 Heavy coat, thermal wear, gloves, boots",Winter,8,16,0,January,2025-01-17,Friday,11147246,disco,italo disco,"(30.28, 44.66]"
Berlin,2025-01-18,30.7,27.6,29.0,30.7,22.5,27.6,28.7,98.9,0.0,0.0,0.0,Unknown,0.0,0.0,8.3,5.2,184.0,1034.5,84.1,0.9,24.0,2.1,1,10.0,08:06:55,16:27:37,0.65,partially cloudy,Partly cloudy throughout the day.,fog,"00427,00420,03987,00403,E2835,00433,00400",Unknown,"🧥 Heavy coat, thermal wear, gloves, boots",Winter,8,16,0,January,2025-01-18,Saturday,47706276,nan,Unknown,"(15.828, 30.28]"
Berlin,2025-01-19,43.6,26.0,32.1,39.4,19.9,27.3,29.3,89.9,0.0,0.0,0.0,Unknown,0.0,0.0,13.6,7.8,97.4,1026.8,39.3,6.8,61.9,5.4,3,10.0,08:05:50,16:29:20,0.68,partially cloudy,Clearing in the afternoon.,partly-cloudy-day,"00427,00420,03987,00403,E2835,00433,00400",Unknown,"🧥 Heavy coat, thermal wear, gloves, boots",Winter,8,16,0,January,2025-01-19,Sunday,16490500,alté,afro adura,"(30.28, 44.66]"
Berlin,2025-01-20,43.4,29.9,35.4,39.5,24.0,30.4,31.1,85.0,0.0,0.0,0.0,Unknown,0.0,0.0,15.0,9.2,153.4,1019.6,29.3,8.7,55.3,4.7,3,10.0,08:04:43,16:31:03,0.71,partially cloudy,Becoming cloudy in the afternoon.,partly-cloudy-day,"00427,00420,03987,00403,E2835,00433,00400",Unknown,"🧥 Heavy coat, thermal wear, gloves, boots",Winter,8,16,0,January,2025-01-20,Monday,108308064,nan,afro adura,"(30.28, 44.66]"
Berlin,2025-01-21,30.7,28.2,29.8,30.7,22.0,24.8,28.2,93.8,0.0,0.0,0.0,Unknown,0.0,0.0,9.6,9.3,234.9,1018.8,82.5,3.7,12.4,1.0,1,10.0,08:03:33,16:32:48,0.75,partially cloudy,Partly cloudy throughout the day.,partly-cloudy-day,"00427,00420,03987,00403,E2835,00433,00400",Unknown,"🧥 Heavy coat, thermal wear, gloves, boots",Winter,8,16,0,January,2025-01-21,Tuesday,88417264,nan,Unknown,"(15.828, 30.28]"
Berlin,2025-01-22,37.3,27.2,31.6,31.2,20.6,26.0,28.6,89.3,0.0,0.0,0.0,Unknown,0.0,0.0,18.6,11.0,126.8,1012.7,73.8,6.8,45.3,3.9,3,10.0,08:02:20,16:34:35,0.77,partially cloudy,Partly cloudy throughout the day.,partly-cloudy-day,"00427,00420,03987,00403,E2835,00433,00400",Unknown,"🧥 Heavy coat, thermal wear, gloves, boots",Winter,8,16,0,January,2025-01-22,Wednesday,73126069,nan,Unknown,"(30.28, 44.66]"
Berlin,2025-01-23,40.7,31.7,36.3,34.2,23.5,29.0,32.8,87.2,0.167,100.0,29.17,rain,0.0,0.0,25.1,12.7,192.3,1004.5,90.4,14.0,11.5,1.0,1,10.0,08:01:04,16:36:22,0.81,"rain, overcast",Cloudy skies throughout the day with rain in the morning and afternoon.,rain,"00427,00420,03987,00403,E2835,00433,00400",Unknown,"🧥 Heavy coat, thermal wear, gloves, boots ☔ (Umbrella recommended)",Winter,8,16,0,January,2025-01-23,Thursday,20952205,variété française,variété française,"(30.28, 44.66]"
Berlin,2025-01-25,57.3,44.1,49.4,57.3,39.7,47.2,41.6,75.7,0.035,100.0,25.0,rain,0.0,0.0,25.9,10.9,206.4,1006.5,98.5,26.0,27.8,2.4,3,10.0,07:58:26,16:39:59,0.87,"rain, overcast",Cloudy skies throughout the day with rain clearing later.,rain,"00427,00420,03987,00403,E2835,00433,00400",Unknown,"🧥 Coat or insulated jacket, boots ☔ (Umbrella recommended)",Winter,7,16,0,January,2025-01-25,Saturday,10778884,nan,italo disco,"(44.66, 59.04]"
Berlin,2025-01-26,50.3,38.5,44.4,50.3,36.1,41.2,41.1,88.2,0.137,100.0,45.83,rain,0.0,0.0,25.9,12.9,218.0,1006.4,97.1,22.0,24.0,1.9,2,10.0,07:57:03,16:41:49,0.9,"rain, overcast",Cloudy skies throughout the day with a chance of rain throughout the day.,rain,"00427,00420,03987,00403,E2835,00433,00400",Unknown,"🧥 Coat or insulated jacket, boots ☔ (Umbrella recommended)",Winter,7,16,0,January,2025-01-26,Sunday,3707953,nan,Unknown,"(30.28, 44.66]"
Berlin,2025-01-27,52.2,38.3,45.6,52.2,33.7,42.3,40.5,82.5,0.101,100.0,37.5,rain,0.0,0.0,28.9,14.9,166.7,999.2,95.9,22.8,17.4,1.7,1,10.0,07:55:38,16:43:39,0.93,"rain, overcast",Cloudy skies throughout the day with rain.,rain,"00427,00420,03987,00403,E2835,00433,00400",Unknown,"🧥 Coat or insulated jacket, boots ☔ (Umbrella recommended)",Winter,7,16,0,January,2025-01-27,Monday,89947084,nan,afrobeats,"(44.66, 59.04]"
Berlin,2025-01-28,47.5,42.3,44.6,46.2,38.4,41.6,41.6,89.5,0.14,100.0,33.33,rain,0.0,0.0,16.8,8.1,178.0,998.4,76.9,19.2,17.4,1.5,1,10.0,07:54:11,16:45:30,0.97,"rain, partially cloudy",Partly cloudy throughout the day with rain.,rain,"00427,00420,03987,00403,E2835,00433,00400",Unknown,"🧥 Coat or insulated jacket, boots ☔ (Umbrella recommended)",Winter,7,16,0,January,2025-01-28,Tuesday,89849810,nan,afrobeats,"(30.28, 44.66]"
Berlin,2025-01-29,50.2,40.0,44.3,50.2,34.6,39.3,39.1,82.8,0.043,100.0,20.83,rain,0.0,0.0,27.3,17.2,215.4,1002.7,58.3,20.1,22.5,2.0,1,10.0,07:52:41,16:47:22,0.0,"rain, partially cloudy",Partly cloudy throughout the day with rain in the morning and afternoon.,rain,"00427,00420,03987,00403,E2835,00433,00400",Unknown,"🧥 Coat or insulated jacket, boots ☔ (Umbrella recommended)",Winter,7,16,0,January,2025-01-29,Wednesday,38052981,nan,Unknown,"(30.28, 44.66]"
Berlin,2025-01-30,46.9,37.7,42.9,44.8,32.2,39.3,37.6,81.4,0.004,100.0,8.33,rain,0.0,0.0,17.9,9.6,202.1,1014.3,87.1,23.0,29.8,2.7,1,10.0,07:51:09,16:49:14,0.03,"rain, partially cloudy",Partly cloudy throughout the day with late afternoon rain.,rain,"00427,00420,03987,00403,E2835,00433,00400",Unknown,"🧥 Coat or insulated jacket, boots ☔ (Umbrella recommended)",Winter,7,16,0,January,2025-01-30,Thursday,19202597,nan,Unknown,"(30.28, 44.66]"
Berlin,2025-01-31,43.2,37.9,40.2,36.5,29.9,33.3,34.6,81.0,0.082,100.0,29.17,rain,0.0,0.0,27.1,15.2,280.2,1024.2,91.2,20.0,42.6,3.7,4,10.0,07:49:35,16:51:07,0.07,"rain, overcast",Cloudy skies throughout the day with rain clearing later.,rain,"00427,00420,03987,00403,E2835,00433,00400",Unknown,"🧥 Heavy coat, thermal wear, gloves, boots ☔ (Umbrella recommended)",Winter,7,16,0,January,2025-01-31,Friday,30703077,nan,Unknown,"(30.28, 44.66]"
Berlin,2025-02-01,41.0,32.7,37.4,37.2,27.9,33.3,33.5,85.9,0.003,100.0,8.33,"rain,snow",0.0,0.0,17.9,7.6,276.8,1032.1,80.6,17.1,35.0,2.9,2,10.0,07:47:59,16:53:00,0.1,"snow, rain, partially cloudy",Partly cloudy throughout the day with afternoon rain or snow.,rain,"00427,00420,03987,00403,E2835,00433,00400",Unknown,"🧥 Heavy coat, thermal wear, gloves, boots ☔ (Umbrella recommended) ❄️ (Snow boots suggested)",Winter,7,16,0,February,2025-02-01,Saturday,16236148,nan,Unknown,"(30.28, 44.66]"
Berlin,2025-02-02,40.0,33.9,36.8,39.8,30.9,35.0,31.5,81.3,0.002,100.0,4.17,"rain,snow",0.0,0.0,9.4,5.7,293.3,1027.8,91.0,19.6,32.6,2.9,3,10.0,07:46:21,16:54:54,0.14,"snow, rain, overcast",Cloudy skies throughout the day with morning rain or snow.,rain,"00427,00420,03987,00403,E2835,00433,00400",Unknown,"🧥 Heavy coat, thermal wear, gloves, boots ☔ (Umbrella recommended) ❄️ (Snow boots suggested)",Winter,7,16,0,February,2025-02-02,Sunday,120234335,nan,afrobeats,"(30.28, 44.66]"
Berlin,2025-02-03,41.8,25.6,33.7,37.6,25.6,31.4,28.5,82.1,0.0,0.0,0.0,Unknown,0.0,0.0,12.8,6.6,167.2,1028.8,14.4,16.8,75.4,6.4,5,10.0,07:44:41,16:56:48,0.18,clear,Clear conditions throughout the day.,clear-day,"00427,00420,03987,00403,E2835,00433,00400",Unknown,"🧥 Heavy coat, thermal wear, gloves, boots",Winter,7,16,0,February,2025-02-03,Monday,24192582,nan,Unknown,"(30.28, 44.66]"
Berlin,2025-02-04,41.4,25.5,31.6,38.8,20.4,27.9,27.0,83.7,0.0,0.0,0.0,Unknown,0.0,0.0,12.3,5.4,188.3,1029.1,1.9,10.9,84.0,7.3,4,10.0,07:42:59,16:58:42,0.21,clear,Clear conditions throughout the day.,clear-day,"00427,00420,03987,00403,E2835,00433,00400",Unknown,"🧥 Heavy coat, thermal wear, gloves, boots",Winter,7,16,0,February,2025-02-04,Tuesday,25348088,nan,Unknown,"(30.28, 44.66]"
Berlin,2025-02-05,38.3,26.6,33.3,34.4,20.4,27.6,30.7,90.1,0.0,0.0,0.0,Unknown,0.0,0.0,15.0,10.0,253.2,1034.9,65.7,7.9,17.7,1.5,1,10.0,07:41:15,17:00:36,0.25,partially cloudy,Partly cloudy throughout the day.,partly-cloudy-day,"00427,00420,03987,00403,E2835,00433,00400",Unknown,"🧥 Heavy coat, thermal wear, gloves, boots",Winter,7,17,0,February,2025-02-05,Wednesday,31772881,nan,Unknown,"(30.28, 44.66]"
Berlin,2025-02-06,42.1,37.1,38.9,38.5,30.7,33.8,36.2,90.2,0.0,0.0,0.0,Unknown,0.0,0.0,15.0,12.8,12.1,1041.6,100.0,10.9,29.5,2.7,2,10.0,07:39:29,17:02:30,0.28,overcast,Cloudy skies throughout the day.,cloudy,"00427,00420,03987,00403,E2835,00433,00400",Unknown,"🧥 Heavy coat, thermal wear, gloves, boots",Winter,7,17,0,February,2025-02-06,Thursday,6525525,highlife,highlife,"(30.28, 44.66]"
Berlin,2025-02-08,41.4,31.5,35.6,35.7,23.8,28.1,27.5,72.2,0.0,0.0,0.0,Unknown,0.0,0.0,21.9,13.9,92.6,1029.9,42.9,13.1,75.7,6.4,3,10.0,07:35:53,17:06:20,0.35,partially cloudy,Partly cloudy throughout the day.,partly-cloudy-day,"00427,00420,03987,00403,E2835,00433,00400",Unknown,"🧥 Heavy coat, thermal wear, gloves, boots",Winter,7,17,0,February,2025-02-08,Saturday,10425972,nan,Unknown,"(30.28, 44.66]"
Berlin,2025-02-09,39.4,27.4,32.1,34.0,19.2,25.2,26.8,80.7,0.0,0.0,0.0,Unknown,0.0,0.0,14.5,10.3,64.3,1031.3,29.3,8.3,78.7,6.7,4,10.0,07:34:02,17:08:14,0.39,partially cloudy,Partly cloudy throughout the day.,partly-cloudy-day,"00427,00420,03987,00403,E2835,00433,00400",Unknown,"🧥 Heavy coat, thermal wear, gloves, boots",Winter,7,17,0,February,2025-02-09,Sunday,61612921,nan,Unknown,"(30.28, 44.66]"
Berlin,2025-02-10,37.5,29.9,32.5,29.9,21.2,24.3,26.4,78.0,0.0,0.0,0.0,Unknown,0.0,0.0,22.6,14.3,76.9,1031.9,54.6,8.2,49.4,4.2,3,10.0,07:32:10,17:10:09,0.42,partially cloudy,Partly cloudy throughout the day.,partly-cloudy-day,"00427,00420,03987,00403,E2835,00433,00400",Unknown,"🧥 Heavy coat, thermal wear, gloves, boots",Winter,7,17,0,February,2025-02-10,Monday,4847559,gregorian chant,afrobeats,"(30.28, 44.66]"
Berlin,2025-02-11,39.9,25.1,31.2,31.4,13.6,21.2,19.9,63.9,0.0,0.0,0.0,Unknown,0.0,0.0,27.7,16.6,92.8,1029.5,38.8,12.6,88.8,7.7,4,10.0,07:30:16,17:12:03,0.46,partially cloudy,Becoming cloudy in the afternoon.,partly-cloudy-day,"00427,00420,03987,00403,E2835,00433,00400",Unknown,"🧥 Heavy coat, thermal wear, gloves, boots",Winter,7,17,0,February,2025-02-11,Tuesday,9702857,nan,Unknown,"(30.28, 44.66]"
Berlin,2025-02-12,30.8,21.7,27.0,22.3,9.4,16.9,20.7,77.2,0.004,100.0,4.17,"rain,snow",0.0,0.0,20.8,13.6,84.3,1023.2,25.9,5.9,61.9,5.4,4,10.0,07:28:21,17:13:58,0.5,"snow, rain, partially cloudy",Partly cloudy throughout the day with late afternoon rain or snow.,snow,"00427,00420,03987,00403,E2835,00433,00400",Unknown,"🧥 Heavy coat, thermal wear, gloves, boots ☔ (Umbrella recommended) ❄️ (Snow boots suggested)",Winter,7,17,0,February,2025-02-12,Wednesday,43002035,nan,Unknown,"(15.828, 30.28]"
Berlin,2025-02-13,30.7,28.0,29.4,27.2,20.4,23.6,27.1,91.3,0.193,100.0,75.0,snow,1.6,0.8,12.8,8.5,14.9,1017.6,99.9,2.3,10.0,0.9,1,10.0,07:26:24,17:15:52,0.53,"snow, overcast",Cloudy skies throughout the day with a chance of snow throughout the day.,snow,"00427,00420,03987,00403,E2835,00433,00400",Unknown,"🧥 Heavy coat, thermal wear, gloves, boots ❄️ (Snow boots suggested)",Winter,7,17,0,February,2025-02-13,Thursday,22836076,nan,Unknown,"(15.828, 30.28]"
Berlin,2025-02-15,32.3,25.0,29.8,30.6,21.1,26.7,24.4,80.3,0.01,100.0,8.33,"rain,snow",0.9,2.8,8.1,6.6,296.8,1025.7,88.5,24.1,47.6,4.1,3,10.0,07:22:27,17:19:41,0.59,"snow, rain, partially cloudy",Partly cloudy throughout the day with morning rain or snow.,snow,"00427,00420,03987,00403,E2835,00433,00400",Unknown,"🧥 Heavy coat, thermal wear, gloves, boots ☔ (Umbrella recommended) ❄️ (Snow boots suggested)",Winter,7,17,0,February,2025-02-15,Saturday,72278099,nan,Unknown,"(15.828, 30.28]"
Berlin,2025-02-16,32.0,20.8,27.9,28.0,15.0,22.9,21.4,76.8,0.0,0.0,0.0,snow,0.0,2.7,15.0,10.2,61.1,1025.1,52.5,18.5,71.1,6.2,3,10.0,07:20:26,17:21:35,0.63,partially cloudy,Partly cloudy throughout the day.,partly-cloudy-day,"00427,00420,03987,00403,E2835,00433,00400",Unknown,"🧥 Heavy coat, thermal wear, gloves, boots",Winter,7,17,0,February,2025-02-16,Sunday,41524762,nan,afrobeats,"(15.828, 30.28]"
Berlin,2025-02-17,31.4,14.2,22.9,31.4,14.2,22.0,16.2,77.0,0.0,0.0,0.0,Unknown,0.0,2.8,11.2,5.1,10.9,1027.8,12.8,24.3,69.1,6.1,5,10.0,07:18:24,17:23:29,0.66,clear,Clear conditions throughout the day.,clear-day,"00427,00420,03987,00403,E2835,00433,00400",Unknown,"🧥 Heavy coat, thermal wear, gloves, boots",Winter,7,17,0,February,2025-02-17,Monday,32180251,nan,Unknown,"(15.828, 30.28]"
Berlin,2025-02-18,32.7,13.5,23.0,28.5,8.9,20.0,13.4,69.5,0.0,0.0,0.0,Unknown,0.0,2.8,10.1,7.7,278.0,1030.8,0.6,30.2,110.8,9.8,5,10.0,07:16:21,17:25:22,0.69,clear,Clear conditions throughout the day.,clear-day,"00427,00420,03987,00403,E2835,00433,00400",Unknown,"🧥 Heavy coat, thermal wear, gloves, boots",Winter,7,17,0,February,2025-02-18,Tuesday,68340859,nan,afrobeats,"(15.828, 30.28]"
Berlin,2025-02-19,36.7,14.0,25.4,31.1,14.0,21.2,15.3,67.8,0.0,0.0,0.0,Unknown,0.0,2.8,13.9,8.7,127.2,1032.6,0.3,25.2,112.9,9.9,5,10.0,07:14:17,17:27:16,0.72,clear,Clear conditions throughout the day.,clear-day,"00427,00420,03987,00403,E2835,00433,00400",Unknown,"🧥 Heavy coat, thermal wear, gloves, boots",Winter,7,17,0,February,2025-02-19,Wednesday,55836930,afrobeat,afrobeats,"(15.828, 30.28]"
Berlin,2025-02-20,38.4,20.2,30.0,32.0,10.1,21.9,17.8,61.7,0.0,0.0,0.0,Unknown,0.0,2.8,19.5,11.0,129.5,1028.8,32.3,14.1,112.4,9.9,5,10.0,07:12:11,17:29:09,0.75,partially cloudy,Partly cloudy throughout the day.,partly-cloudy-day,"00427,00420,03987,00403,E2835,00433,00400",Unknown,"🧥 Heavy coat, thermal wear, gloves, boots",Winter,7,17,0,February,2025-02-20,Thursday,65132670,nan,Unknown,"(15.828, 30.28]"
Berlin,2025-02-21,48.4,34.2,39.0,45.0,27.7,33.9,31.9,75.6,0.0,0.0,0.0,Unknown,0.0,1.7,16.1,9.7,141.2,1025.2,75.5,8.2,60.7,5.2,4,10.0,07:10:05,17:31:02,0.79,partially cloudy,Partly cloudy throughout the day.,partly-cloudy-day,"00427,00420,03987,00403,E2835,00433,00400",Unknown,"🧥 Heavy coat, thermal wear, gloves, boots",Winter,7,17,0,February,2025-02-21,Friday,31512849,nan,afrobeats,"(30.28, 44.66]"
Berlin,2025-02-22,51.7,34.2,41.5,51.7,27.2,36.5,29.0,62.7,0.0,0.0,0.0,Unknown,0.0,0.0,20.1,12.2,148.0,1021.2,49.7,14.2,111.8,9.7,5,10.0,07:07:57,17:32:54,0.82,partially cloudy,Becoming cloudy in the afternoon.,partly-cloudy-day,"00427,00420,03987,00403,E2835,00433,00400",Unknown,"🧥 Coat or insulated jacket, boots",Winter,7,17,0,February,2025-02-22,Saturday,122248569,nan,afrobeats,"(30.28, 44.66]"
Berlin,2025-02-23,52.3,36.3,44.9,52.3,32.9,42.8,38.7,79.4,0.0,0.0,0.0,Unknown,0.0,0.0,21.3,12.9,254.5,1026.0,63.5,18.6,57.0,4.9,4,10.0,07:05:49,17:34:47,0.85,partially cloudy,Partly cloudy throughout the day.,partly-cloudy-day,"00427,00420,03987,00403,E2835,00433,00400",Unknown,"🧥 Coat or insulated jacket, boots",Winter,7,17,0,February,2025-02-23,Sunday,53519172,afrobeats,afrobeats,"(44.66, 59.04]"
Berlin,2025-02-24,58.6,32.3,45.6,58.6,28.5,43.6,37.5,76.2,0.0,0.0,0.0,Unknown,0.0,0.0,18.1,11.8,176.3,1023.0,68.2,20.0,104.3,8.8,5,10.0,07:03:39,17:36:39,0.88,partially cloudy,Partly cloudy throughout the day.,partly-cloudy-day,"00427,00420,03987,00403,E2835,00433,00400",Unknown,"🧥 Coat or insulated jacket, boots",Winter,7,17,0,February,2025-02-24,Monday,29284691,afrobeat,afrobeats,"(44.66, 59.04]"
Berlin,2025-02-25,54.7,44.3,49.0,54.7,42.6,47.3,44.6,85.6,0.115,100.0,37.5,rain,0.0,0.0,15.9,9.2,199.1,1015.2,88.3,13.0,34.3,3.0,2,10.0,07:01:29,17:38:31,0.92,"rain, partially cloudy",Partly cloudy throughout the day with rain clearing later.,rain,"00427,00420,03987,00403,E2835,00433,00400",Unknown,"🧥 Coat or insulated jacket, boots ☔ (Umbrella recommended)",Winter,7,17,0,February,2025-02-25,Tuesday,717123,afrobeats,afrobeats,"(44.66, 59.04]"
Berlin,2025-02-27,50.1,41.5,44.6,50.1,38.2,41.5,39.4,82.9,0.01,100.0,8.33,rain,0.0,0.0,17.0,11.7,220.9,1016.8,86.5,14.2,88.1,7.7,4,10.0,06:57:06,17:42:13,0.98,"rain, partially cloudy",Partly cloudy throughout the day with late afternoon rain.,rain,"00427,00420,03987,00403,E2835,00433,00400",Unknown,"🧥 Coat or insulated jacket, boots ☔ (Umbrella recommended)",Winter,6,17,0,February,2025-02-27,Thursday,36617000,nan,Unknown,"(30.28, 44.66]"
Berlin,2025-02-28,41.6,35.3,39.0,38.5,29.8,33.7,37.2,93.1,0.178,100.0,41.67,rain,0.0,0.0,17.7,14.7,301.6,1021.2,91.2,7.9,63.6,5.5,4,10.0,06:54:53,17:44:04,0.0,"rain, overcast",Cloudy skies throughout the day with rain.,rain,"00427,00420,03987,00403,E2835,00433,00400",Unknown,"🧥 Heavy coat, thermal wear, gloves, boots ☔ (Umbrella recommended)",Winter,6,17,0,February,2025-02-28,Friday,29779550,nan,Unknown,"(30.28, 44.66]"
Berlin,2025-03-01,44.6,35.0,39.1,39.1,28.6,33.3,34.3,83.2,0.002,100.0,4.17,rain,0.0,0.0,20.1,12.1,319.3,1029.9,63.7,19.6,58.0,5.0,5,10.0,06:52:39,17:45:55,0.05,"rain, partially cloudy",Partly cloudy throughout the day with early morning rain.,rain,"00427,00420,03987,00403,E2835,00433,00400",Unknown,"🧥 Heavy coat, thermal wear, gloves, boots ☔ (Umbrella recommended)",Spring,6,17,0,March,2025-03-01,Saturday,125952747,afrobeat,afrobeats,"(30.28, 44.66]"
Berlin,2025-03-02,45.5,33.3,39.4,40.5,25.7,33.5,33.7,80.8,0.0,0.0,0.0,rain,0.0,0.0,20.8,12.1,286.3,1032.8,81.0,15.5,98.8,8.7,6,10.0,06:50:25,17:47:45,0.09,partially cloudy,Partly cloudy throughout the day.,partly-cloudy-day,"00427,07389,00420,03987,00403,E2835,00433,00400",Unknown,"🧥 Heavy coat, thermal wear, gloves, boots 🕶️ (Sunscreen & sunglasses)",Spring,6,17,0,March,2025-03-02,Sunday,91386353,afrobeat,afrobeats,"(30.28, 44.66]"
Berlin,2025-03-03,50.0,38.7,44.1,45.6,33.6,39.6,31.2,61.4,0.0,0.0,0.0,Unknown,0.0,0.0,20.6,14.9,266.4,1028.7,46.9,22.8,135.3,11.6,6,10.0,06:48:10,17:49:35,0.12,partially cloudy,Partly cloudy throughout the day.,partly-cloudy-day,"00427,07389,00420,03987,E2835,00433,00400",Unknown,"🧥 Coat or insulated jacket, boots 🕶️ (Sunscreen & sunglasses)",Spring,6,17,0,March,2025-03-03,Monday,11557390,afrobeat,afrobeats,"(30.28, 44.66]"
Berlin,2025-03-04,54.1,32.7,43.0,54.1,26.8,40.7,27.2,56.4,0.0,0.0,0.0,Unknown,0.0,0.0,19.9,11.7,249.1,1025.9,40.6,22.5,130.1,11.2,5,10.0,06:45:54,17:51:25,0.16,partially cloudy,Clearing in the afternoon.,partly-cloudy-day,"00427,07389,00420,03987,E2835,00433,00400",Unknown,"🧥 Coat or insulated jacket, boots",Spring,6,17,0,March,2025-03-04,Tuesday,20787418,afrobeat,afrobeats,"(30.28, 44.66]"
Berlin,2025-03-05,62.8,33.8,47.5,62.8,28.3,45.1,26.5,48.6,0.0,0.0,0.0,Unknown,0.0,0.0,21.0,12.4,228.9,1023.5,9.0,20.8,142.3,12.2,6,10.0,06:43:38,17:53:15,0.19,clear,Clear conditions throughout the day.,clear-day,"00427,07389,00420,03987,E2835,00433,00400",Unknown,"🧥 Coat or insulated jacket, boots 🕶️ (Sunscreen & sunglasses)",Spring,6,17,0,March,2025-03-05,Wednesday,22563400,nan,Unknown,"(44.66, 59.04]"
Berlin,2025-03-06,62.8,35.8,48.2,62.8,33.1,47.1,28.9,49.6,0.0,0.0,0.0,Unknown,0.0,0.0,13.2,8.7,203.8,1020.7,0.0,20.1,140.9,12.2,6,10.0,06:41:21,17:55:04,0.25,clear,Clear conditions throughout the day.,clear-day,"00427,07389,00420,03987,E2835,00433,00400",Unknown,"🧥 Coat or insulated jacket, boots 🕶️ (Sunscreen & sunglasses)",Spring,6,17,0,March,2025-03-06,Thursday,1135,nan,Unknown,"(44.66, 59.04]"
Berlin,2025-03-07,66.0,33.3,49.6,66.0,33.3,49.4,31.7,53.8,0.0,0.0,0.0,Unknown,0.0,0.0,9.4,6.7,164.2,1019.9,13.8,17.2,139.5,12.0,6,10.0,06:39:04,17:56:53,0.26,clear,Clear conditions throughout the day.,clear-day,"00427,07389,00420,03987,E2835,00433,00400",Unknown,"🧥 Coat or insulated jacket, boots 🕶️ (Sunscreen & sunglasses)",Spring,6,17,0,March,2025-03-07,Friday,46100598,gregorian chant,afrobeats,"(44.66, 59.04]"
Berlin,2025-03-08,62.8,37.1,49.9,62.8,34.9,49.2,32.2,52.8,0.0,0.0,0.0,Unknown,0.0,0.0,15.2,12.5,72.7,1016.9,1.1,14.4,135.6,11.6,5,10.0,06:36:46,17:58:41,0.3,clear,Clear conditions throughout the day.,clear-day,"00427,07389,00420,03987,E2835,00433,00400",Unknown,"🧥 Coat or insulated jacket, boots",Spring,6,17,0,March,2025-03-08,Saturday,45192229,nan,Unknown,"(44.66, 59.04]"
Berlin,2025-03-09,61.0,40.4,49.0,61.0,35.6,47.4,35.2,60.5,0.0,0.0,0.0,Unknown,0.0,0.0,13.2,9.2,71.1,1008.0,1.1,9.4,135.1,11.7,5,10.0,06:34:28,18:00:30,0.33,clear,Clear conditions throughout the day.,clear-day,"00427,07389,00420,03987,E2835,00433,00400",Unknown,"🧥 Coat or insulated jacket, boots",Spring,6,18,0,March,2025-03-09,Sunday,5769662,nan,Unknown,"(44.66, 59.04]"
Berlin,2025-03-10,61.5,36.6,48.2,61.5,34.0,47.6,35.5,65.8,0.0,0.0,0.0,Unknown,0.0,0.0,13.4,10.8,298.4,1000.6,1.1,8.3,138.4,12.0,5,10.0,06:32:09,18:02:18,0.37,clear,Clear conditions throughout the day.,clear-day,"00427,07389,00420,03987,E2835,00433,00400",Unknown,"🧥 Coat or insulated jacket, boots",Spring,6,18,0,March,2025-03-10,Monday,11852726,nan,Unknown,"(44.66, 59.04]"
Berlin,2025-03-11,43.2,34.9,38.4,43.2,30.9,36.8,35.9,90.8,0.0,0.0,0.0,Unknown,0.0,0.0,11.4,6.0,276.3,1001.0,71.3,2.6,46.7,3.9,2,10.0,06:29:50,18:04:06,0.4,partially cloudy,Partly cloudy throughout the day.,partly-cloudy-day,"00427,07389,00420,03987,E2835,00433,00400",Unknown,"🧥 Heavy coat, thermal wear, gloves, boots",Spring,6,18,0,March,2025-03-11,Tuesday,31029989,nan,Unknown,"(30.28, 44.66]"
Berlin,2025-03-12,45.7,38.1,41.9,43.7,35.7,39.2,35.4,78.5,0.012,100.0,20.83,rain,0.0,0.0,13.0,7.9,279.1,999.7,90.8,13.1,52.8,4.7,2,10.0,06:27:31,18:05:54,0.44,"rain, overcast",Cloudy skies throughout the day with late afternoon rain.,rain,"00427,07389,00420,03987,E2835,00433,00400",Unknown,"🧥 Coat or insulated jacket, boots ☔ (Umbrella recommended)",Spring,6,18,0,March,2025-03-12,Wednesday,37965633,lullaby,lullaby,"(30.28, 44.66]"
Berlin,2025-03-13,46.7,33.8,40.7,42.0,31.9,37.6,32.6,74.8,0.001,100.0,4.17,rain,0.0,0.0,17.0,11.9,311.2,998.2,91.8,17.1,79.7,7.0,3,10.0,06:25:11,18:07:41,0.47,"rain, overcast",Cloudy skies throughout the day with early morning rain.,rain,"00427,07389,00420,03987,E2835,00433,00400",Unknown,"🧥 Heavy coat, thermal wear, gloves, boots ☔ (Umbrella recommended)",Spring,6,18,0,March,2025-03-13,Thursday,4744681,lullaby,lullaby,"(30.28, 44.66]"
Berlin,2025-03-14,47.2,37.1,41.5,44.5,34.4,38.6,31.6,68.5,0.0,0.0,0.0,Unknown,0.0,0.0,12.3,8.9,313.8,1006.8,61.5,23.2,113.1,9.6,7,10.0,06:22:51,18:09:28,0.5,partially cloudy,Partly cloudy throughout the day.,partly-cloudy-day,"00427,07389,00420,03987,E2835,00433,00400",Unknown,"🧥 Coat or insulated jacket, boots 🕶️ (Sunscreen & sunglasses)",Spring,6,18,0,March,2025-03-14,Friday,27231436,afrobeat,afrobeats,"(30.28, 44.66]"
Berlin,2025-03-15,46.5,35.3,39.5,43.4,29.3,34.3,34.2,81.8,0.017,100.0,12.5,rain,0.0,0.0,17.2,12.2,44.0,1018.8,65.8,10.0,61.3,5.4,4,10.0,06:20:31,18:11:15,0.54,"rain, partially cloudy",Partly cloudy throughout the day with morning rain.,rain,"00427,07389,00420,03987,E2835,00433,00400",Unknown,"🧥 Heavy coat, thermal wear, gloves, boots ☔ (Umbrella recommended)",Spring,6,18,0,March,2025-03-15,Saturday,30592589,gregorian chant,afrobeats,"(30.28, 44.66]"
Berlin,2025-03-16,48.1,27.7,39.6,43.6,25.5,36.2,29.8,71.5,0.0,0.0,0.0,rain,0.0,0.0,17.7,14.0,316.1,1019.7,32.8,11.1,172.8,15.0,8,10.0,06:18:10,18:13:02,0.57,partially cloudy,Clearing in the afternoon.,partly-cloudy-day,"00427,07389,00420,03987,E2835,00433,00400",Unknown,"🧥 Heavy coat, thermal wear, gloves, boots 🕶️ (Sunscreen & sunglasses)",Spring,6,18,0,March,2025-03-16,Sunday,17272323,nan,afrobeats,"(30.28, 44.66]"
Berlin,2025-03-17,43.2,30.6,37.4,37.6,24.6,30.6,21.2,54.6,0.007,100.0,4.17,rain,0.0,0.0,25.9,18.4,32.8,1028.8,15.0,15.1,165.8,14.3,7,10.0,06:15:49,18:14:49,0.6,rain,Clear conditions throughout the day with early morning rain.,rain,"00427,07389,00420,03987,E2835,00433,00400",Unknown,"🧥 Heavy coat, thermal wear, gloves, boots ☔ (Umbrella recommended) 🕶️ (Sunscreen & sunglasses)",Spring,6,18,0,March,2025-03-17,Monday,7206362,afrobeat,afrobeats,"(30.28, 44.66]"
Berlin,2025-03-18,48.5,25.9,36.7,46.5,22.5,34.1,15.5,45.4,0.0,0.0,0.0,Unknown,0.0,0.0,16.3,8.1,250.5,1032.0,0.0,21.6,173.8,15.0,7,10.0,06:13:28,18:16:35,0.64,clear,Clear conditions throughout the day.,clear-day,"00427,07389,00420,03987,E2835,00433,00400",Unknown,"🧥 Heavy coat, thermal wear, gloves, boots 🕶️ (Sunscreen & sunglasses)",Spring,6,18,0,March,2025-03-18,Tuesday,39790361,nan,Unknown,"(30.28, 44.66]"
Berlin,2025-03-19,56.0,26.0,40.8,56.0,22.3,39.8,19.4,45.1,0.0,0.0,0.0,Unknown,0.0,0.0,11.6,6.5,172.9,1028.4,0.0,24.5,172.6,14.9,7,10.0,06:11:07,18:18:22,0.67,clear,Clear conditions throughout the day.,clear-day,"00427,07389,00420,03987,00403,E2835,00433,00400",Unknown,"🧥 Heavy coat, thermal wear, gloves, boots 🕶️ (Sunscreen & sunglasses)",Spring,6,18,0,March,2025-03-19,Wednesday,47933867,nan,rap,"(30.28, 44.66]"
Berlin,2025-03-20,63.2,29.5,46.4,63.2,24.5,45.1,26.5,49.4,0.0,0.0,0.0,Unknown,0.0,0.0,12.1,6.3,191.4,1024.1,5.4,24.2,171.3,14.8,7,10.0,06:08:46,18:20:08,0.7,clear,Clear conditions throughout the day.,clear-day,"00427,00420,03987,00403,E2835,00433,00400",Unknown,"🧥 Coat or insulated jacket, boots 🕶️ (Sunscreen & sunglasses)",Spring,6,18,0,March,2025-03-20,Thursday,8659039,hip hop,rap,"(44.66, 59.04]"
Berlin,2025-03-21,64.2,33.3,50.2,64.2,33.2,49.5,30.3,50.0,0.0,0.0,0.0,Unknown,0.0,0.0,18.6,12.9,97.2,1021.1,0.6,20.6,168.2,14.5,6,10.0,06:06:24,18:21:54,0.74,clear,Clear conditions throughout the day.,clear-day,"00427,00420,03987,00403,E2835,00433,00400",Unknown,"🧶 Hoodie or light jacket, jeans 🕶️ (Sunscreen & sunglasses)",Spring,6,18,0,March,2025-03-21,Friday,12251532,afrobeat,afrobeats,"(44.66, 59.04]"
Berlin,2025-03-22,58.8,41.1,49.9,58.8,33.4,46.4,31.5,50.2,0.0,0.0,0.0,Unknown,0.0,0.0,30.2,18.9,83.2,1015.2,0.2,17.9,172.5,14.9,7,10.0,06:04:03,18:23:40,0.75,clear,Clear conditions throughout the day.,clear-day,"00427,00420,03987,00403,E2835,00433,00400",Unknown,"🧥 Coat or insulated jacket, boots 🕶️ (Sunscreen & sunglasses)",Spring,6,18,0,March,2025-03-22,Saturday,25618818,nan,afrobeats,"(44.66, 59.04]"
Berlin,2025-03-23,57.0,42.6,50.0,57.0,35.8,47.5,35.7,58.2,0.0,0.0,0.0,Unknown,0.0,0.0,26.2,14.3,88.2,1008.4,61.3,16.1,118.5,10.3,4,10.0,06:01:41,18:25:25,0.8,partially cloudy,Partly cloudy throughout the day.,partly-cloudy-day,"00427,00420,03987,00403,E2835,00433,00400",Unknown,"🧥 Coat or insulated jacket, boots",Spring,6,18,0,March,2025-03-23,Sunday,9057665,nan,Unknown,"(44.66, 59.04]"
Berlin,2025-03-24,59.1,46.4,51.7,59.1,44.4,50.9,42.7,72.3,0.003,100.0,8.33,rain,0.0,0.0,10.1,7.1,65.3,1012.1,45.5,14.3,120.6,10.6,7,10.0,05:59:20,18:27:11,0.84,"rain, partially cloudy",Partly cloudy throughout the day with late afternoon rain.,rain,"00427,00420,03987,00403,E2835,00433,00400",Unknown,"🧶 Hoodie or light jacket, jeans ☔ (Umbrella recommended) 🕶️ (Sunscreen & sunglasses)",Spring,5,18,0,March,2025-03-24,Monday,40147157,nan,Unknown,"(44.66, 59.04]"
Berlin,2025-03-25,57.9,41.6,47.4,57.9,37.7,45.4,41.0,79.5,0.0,0.0,0.0,rain,0.0,0.0,18.6,13.4,283.7,1017.0,45.5,8.8,150.4,13.0,7,10.0,05:56:59,18:28:57,0.87,partially cloudy,Partly cloudy throughout the day.,partly-cloudy-day,"00427,00420,03987,00403,E2835,00433,00400",Unknown,"🧥 Coat or insulated jacket, boots 🕶️ (Sunscreen & sunglasses)",Spring,5,18,0,March,2025-03-25,Tuesday,10211511,nan,Unknown,"(44.66, 59.04]"
Berlin,2025-03-26,50.9,42.8,46.3,50.9,39.6,43.2,41.2,82.8,0.02,100.0,16.67,rain,0.0,0.0,19.2,12.8,289.5,1019.1,86.5,16.5,60.5,5.3,2,10.0,05:54:37,18:30:42,0.9,"rain, partially cloudy",Partly cloudy throughout the day with morning rain.,rain,"00427,00420,03987,00403,E2835,00433,00400",Unknown,"🧥 Coat or insulated jacket, boots ☔ (Umbrella recommended)",Spring,5,18,0,March,2025-03-26,Wednesday,1333006,gregorian chant,gregorian chant,"(44.66, 59.04]"
Berlin,2025-03-27,45.9,37.7,41.3,45.8,32.1,37.7,39.0,91.8,0.0,0.0,0.0,Unknown,0.0,0.0,13.4,9.3,275.1,1021.9,41.2,9.9,51.0,4.4,1,10.0,05:52:16,18:32:27,0.93,partially cloudy,Partly cloudy throughout the day.,partly-cloudy-day,"00427,00420,03987,00403,E2835,00433,00400",Unknown,"🧥 Coat or insulated jacket, boots",Spring,5,18,0,March,2025-03-27,Thursday,9307412,gregorian chant,gregorian chant,"(30.28, 44.66]"
Berlin,2025-03-28,61.7,32.7,46.0,61.7,29.5,43.8,36.1,73.9,0.0,0.0,0.0,Unknown,0.0,0.0,16.8,8.7,128.7,1014.6,8.1,12.2,184.9,15.9,7,10.0,05:49:55,18:34:13,0.97,clear,Clear conditions throughout the day.,clear-day,"00427,00420,03987,00403,E2835,00433,00400",Unknown,"🧥 Coat or insulated jacket, boots 🕶️ (Sunscreen & sunglasses)",Spring,5,18,0,March,2025-03-28,Friday,50408700,nan,Unknown,"(44.66, 59.04]"
Berlin,2025-03-29,57.9,39.4,47.9,57.9,37.4,46.4,38.8,71.3,0.0,0.0,0.0,Unknown,0.0,0.0,25.9,16.1,332.3,1012.9,69.3,14.3,113.6,9.9,5,10.0,05:47:34,18:35:58,0.0,partially cloudy,Partly cloudy throughout the day.,partly-cloudy-day,"00427,00420,03987,00403,E2835,00433,00400",Unknown,"🧥 Coat or insulated jacket, boots",Spring,5,18,0,March,2025-03-29,Saturday,73167798,afrobeat,afrobeats,"(44.66, 59.04]"
Berlin,2025-03-30,48.4,33.4,42.7,43.4,28.5,37.9,36.9,80.4,0.247,100.0,45.83,rain,0.0,0.0,32.2,14.0,242.7,1011.3,65.2,21.5,57.3,4.7,3,10.0,06:45:13,19:37:43,0.03,"rain, partially cloudy",Partly cloudy throughout the day with rain.,rain,"00427,00420,03987,00403,E2835,00433,00400",Unknown,"🧥 Coat or insulated jacket, boots ☔ (Umbrella recommended)",Spring,6,19,0,March,2025-03-30,Sunday,73895896,afrobeat,afrobeats,"(30.28, 44.66]"
Berlin,2025-03-31,49.3,43.6,45.4,44.6,37.1,40.1,40.6,83.5,0.051,100.0,29.17,rain,0.0,0.0,26.8,15.3,330.0,1018.8,78.2,20.2,65.0,5.5,2,10.0,06:42:52,19:39:28,0.07,"rain, partially cloudy",Partly cloudy throughout the day with a chance of rain throughout the day.,rain,"00427,00420,03987,00403,E2835,00433,00400",Unknown,"🧥 Coat or insulated jacket, boots ☔ (Umbrella recommended)",Spring,6,19,0,March,2025-03-31,Monday,34981331,afrobeat,alté,"(44.66, 59.04]"
Berlin,2025-04-01,55.4,40.8,48.2,55.4,36.4,45.8,37.4,67.8,0.0,0.0,0.0,Unknown,0.0,0.0,23.0,14.1,27.9,1028.1,39.7,24.3,170.3,14.8,8,10.0,06:40:32,19:41:13,0.1,partially cloudy,Becoming cloudy in the afternoon.,partly-cloudy-day,"00427,00420,03987,00403,E2835,00433,00400",Unknown,"🧥 Coat or insulated jacket, boots 🕶️ (Sunscreen & sunglasses)",Spring,6,19,0,April,2025-04-01,Tuesday,17347544,afrobeat,alté,"(44.66, 59.04]"
Berlin,2025-04-02,61.6,36.7,47.8,61.6,31.6,44.9,37.3,70.1,0.0,0.0,0.0,Unknown,0.0,0.0,20.4,12.7,37.6,1028.2,7.1,17.8,188.0,16.2,7,10.0,06:38:12,19:42:58,0.14,clear,Clear conditions throughout the day.,clear-day,"00427,00420,03987,00403,E2835,00433,00400",Unknown,"🧥 Coat or insulated jacket, boots 🕶️ (Sunscreen & sunglasses)",Spring,6,19,0,April,2025-04-02,Wednesday,9428431,afrobeat,alté,"(44.66, 59.04]"
Berlin,2025-04-03,65.9,39.5,52.6,65.9,34.7,50.8,37.0,56.7,0.0,0.0,0.0,Unknown,0.0,0.0,14.5,8.3,65.9,1027.3,3.9,27.8,198.4,17.2,7,10.0,06:35:52,19:44:43,0.17,clear,Clear conditions throughout the day.,clear-day,"00427,00420,03987,00403,E2835,00433,00400",Unknown,"🧶 Hoodie or light jacket, jeans 🕶️ (Sunscreen & sunglasses)",Spring,6,19,0,April,2025-04-03,Thursday,9856116,afrobeat,afrobeats,"(44.66, 59.04]"
Berlin,2025-04-04,69.4,41.7,56.7,69.4,41.7,56.7,42.5,62.5,0.0,0.0,0.0,Unknown,0.0,0.0,12.1,9.7,342.5,1021.4,6.8,27.8,222.6,19.2,8,10.0,06:33:33,19:46:28,0.2,clear,Clear conditions throughout the day.,clear-day,"00427,00420,03987,00403,E2835,00433,00400",Unknown,"🧶 Hoodie or light jacket, jeans 🕶️ (Sunscreen & sunglasses)",Spring,6,19,0,April,2025-04-04,Friday,16980130,afrobeat,afrobeats,"(44.66, 59.04]"
Berlin,2025-04-05,53.6,36.6,45.6,53.6,29.2,41.1,30.3,56.7,0.0,0.0,0.0,Unknown,0.0,0.0,30.0,19.0,20.4,1019.2,50.2,26.5,216.0,18.6,8,10.0,06:31:14,19:48:13,0.25,partially cloudy,Partly cloudy throughout the day.,partly-cloudy-day,"00427,00420,03987,00403,E2835,00433,00400",Unknown,"🧥 Coat or insulated jacket, boots 🕶️ (Sunscreen & sunglasses)",Spring,6,19,0,April,2025-04-05,Saturday,72933034,afrobeat,afrobeats,"(44.66, 59.04]"
Berlin,2025-04-06,46.8,33.4,39.8,40.6,26.3,33.8,21.6,49.6,0.0,0.0,0.0,snow,0.0,0.0,24.6,16.3,7.0,1026.3,24.8,30.3,230.7,20.0,9,10.0,06:28:55,19:49:58,0.27,partially cloudy,Partly cloudy throughout the day.,partly-cloudy-day,"00427,00420,03987,00403,E2835,00433,00400",Unknown,"🧥 Heavy coat, thermal wear, gloves, boots 🕶️ (Sunscreen & sunglasses)",Spring,6,19,0,April,2025-04-06,Sunday,29968054,nan,afrobeats,"(30.28, 44.66]"
