city,datetime,tempmax,tempmin,temp,feelslikemax,feelslikemin,feelslike,dew,humidity,precip,precipprob,precipcover,preciptype,snow,snowdepth,windgust,windspeed,winddir,sealevelpressure,cloudcover,visibility,solarradiation,solarenergy,uvindex,severerisk,sunrise,sunset,moonphase,conditions,description,icon,stations
Tokyo,2023-10-01,83.8,74.4,78.5,90.1,74.4,79.4,71.5,79.5,0.004,100,12.5,rain,0.0,0.0,14.3,11.7,306.9,1006.1,78.5,9.3,112.0,9.7,5,10.0,2023-10-01T05:35:04,2023-10-01T17:25:47,0.56,"Rain, Partially cloudy",Partly cloudy throughout the day with rain.,rain,"47662099999,47670099999,47642043313,47626099999,47682099999,RJTT"
Tokyo,2023-10-02,79.2,68.8,74.2,79.2,68.8,74.2,58.0,58.4,0.001,100,4.17,rain,0.0,0.0,15.0,10.5,335.8,1011.8,72.7,11.1,168.0,14.6,6,10.0,2023-10-02T05:35:51,2023-10-02T17:24:20,0.59,"Rain, Partially cloudy",Partly cloudy throughout the day with morning rain.,rain,"47662099999,47670099999,47642043313,47680099999,47626099999,47682099999,RJTT"
Tokyo,2023-10-03,79.7,65.2,72.8,79.7,65.2,72.8,53.9,52.4,0.0,0,0.0,rain,0.0,0.0,11.4,11.2,279.4,1017.4,45.3,11.4,210.5,18.2,8,10.0,2023-10-03T05:36:39,2023-10-03T17:22:54,0.62,Partially cloudy,Becoming cloudy in the afternoon.,partly-cloudy-day,"47662099999,47670099999,47642043313,47626099999,47682099999,RJTT"
Tokyo,2023-10-04,72.8,63.8,66.3,72.8,63.8,66.3,63.8,92.1,0.583,100,33.33,rain,0.0,0.0,17.7,13.5,340.3,1014.1,92.4,7.1,50.3,4.3,2,10.0,2023-10-04T05:37:27,2023-10-04T17:21:29,0.65,"Rain, Overcast",Cloudy skies throughout the day with a chance of rain throughout the day.,rain,"47662099999,47727099999,47671099999,47643099999,47670099999,47642043313,47680099999,RJTY,47626099999,47682099999,47679043319,RJTT"
Tokyo,2023-10-05,77.1,63.1,68.2,77.1,63.1,68.2,59.8,77.7,0.038,100,4.17,rain,0.0,0.0,40.3,11.9,311.8,1001.8,62.4,8.7,116.6,9.9,6,10.0,2023-10-05T05:38:15,2023-10-05T17:20:04,0.69,"Rain, Partially cloudy",Partly cloudy throughout the day with early morning rain.,rain,"47662099999,47727099999,47670099999,47642043313,47680099999,RJTY,47626099999,47682099999,RJTT,47672099999"
Tokyo,2023-10-06,77.3,61.3,69.2,77.3,61.3,69.2,42.5,38.8,0.0,0,0.0,,0.0,0.0,40.3,13.1,320.1,1008.0,12.7,11.4,222.7,19.3,8,10.0,2023-10-06T05:39:04,2023-10-06T17:18:39,0.75,Clear,Clear conditions throughout the day.,clear-day,"47662099999,47671099999,47727099999,47643099999,47670099999,47641099999,47642043313,RJTY,47626099999,47682099999,RJTT,47674099999"
Tokyo,2023-10-07,75.8,63.9,69.0,75.8,63.9,69.0,43.6,40.5,0.0,0,0.0,,0.0,0.0,30.0,11.9,333.0,1016.7,45.7,11.8,207.5,18.0,8,10.0,2023-10-07T05:39:52,2023-10-07T17:17:15,0.75,Partially cloudy,Partly cloudy throughout the day.,partly-cloudy-day,"47662099999,47670099999,47642043313,47626099999,47682099999,RJTT"
Tokyo,2023-10-08,69.9,60.6,64.8,69.9,60.6,64.8,50.2,60.0,0.0,0,0.0,rain,0.0,0.0,15.7,11.4,345.8,1025.1,73.9,11.5,133.6,11.5,6,10.0,2023-10-08T05:40:42,2023-10-08T17:15:51,0.78,Partially cloudy,Partly cloudy throughout the day.,partly-cloudy-day,"47662099999,47727099999,47670099999,47642043313,47626099999,47682099999,RJTT"
Tokyo,2023-10-09,62.1,57.1,59.7,62.1,57.1,59.7,59.3,98.6,1.332,100,29.17,rain,0.0,0.0,24.6,9.1,325.7,1020.1,90.6,5.0,17.1,1.6,1,10.0,2023-10-09T05:41:31,2023-10-09T17:14:27,0.82,"Rain, Overcast",Cloudy skies throughout the day with a chance of rain throughout the day.,rain,"47662099999,47670099999,47642043313,47626099999,47682099999,RJTT"
Tokyo,2023-10-10,79.2,62.0,68.2,79.2,62.0,68.2,62.3,83.0,0.735,100,16.67,rain,0.0,0.0,21.5,8.0,331.0,1009.4,71.9,9.0,140.6,12.0,7,10.0,2023-10-10T05:42:21,2023-10-10T17:13:05,0.85,"Rain, Partially cloudy",Partly cloudy throughout the day with rain.,rain,"47662099999,47727099999,47670099999,47642043313,47626099999,47682099999,RJTT"
Tokyo,2023-10-11,75.2,62.1,67.8,75.2,62.1,67.8,52.4,58.6,0.0,0,0.0,rain,0.0,0.0,20.8,9.4,32.0,1018.4,47.5,11.3,184.6,15.9,7,10.0,2023-10-11T05:43:11,2023-10-11T17:11:43,0.88,Partially cloudy,Partly cloudy throughout the day.,partly-cloudy-day,"47662099999,47670099999,47641099999,47642043313,47680099999,47626099999,47682099999,RJTT"
Tokyo,2023-10-12,73.6,60.7,67.0,73.6,60.7,67.0,53.0,61.3,0.0,0,0.0,rain,0.0,0.0,15.0,10.3,34.5,1021.3,42.8,10.1,159.7,13.8,6,10.0,2023-10-12T05:44:01,2023-10-12T17:10:21,0.91,Partially cloudy,Clearing in the afternoon.,partly-cloudy-day,"47662099999,47727099999,47671099999,47643099999,47670099999,47642043313,47680099999,47626099999,47682099999,47679043319,RJTT"
Tokyo,2023-10-13,73.0,59.3,65.7,73.0,59.3,65.7,48.1,55.3,0.0,0,0.0,rain,0.0,0.0,16.8,10.9,12.6,1016.8,33.5,10.7,205.0,17.8,7,10.0,2023-10-13T05:44:52,2023-10-13T17:09:00,0.95,Partially cloudy,Partly cloudy throughout the day.,partly-cloudy-day,"47662099999,47727099999,47643099999,47670099999,47641099999,47642043313,RJTY,47626099999,47682099999,RJTT"
Tokyo,2023-10-14,72.4,55.9,64.7,72.4,55.9,64.7,52.0,64.0,0.0,0,0.0,,0.0,0.0,18.6,9.1,248.8,1011.7,53.7,10.3,191.2,16.5,7,10.0,2023-10-14T05:45:43,2023-10-14T17:07:40,0.98,Partially cloudy,Partly cloudy throughout the day.,partly-cloudy-day,"47662099999,47727099999,47670099999,47642043313,47626099999,47682099999,RJTT"
Tokyo,2023-10-15,62.7,57.7,59.3,62.7,57.7,59.3,58.6,97.6,0.865,100,29.17,rain,0.0,0.0,31.1,10.1,315.2,1005.1,75.2,7.1,49.7,4.2,4,10.0,2023-10-15T05:46:34,2023-10-15T17:06:21,0.0,"Rain, Partially cloudy",Partly cloudy throughout the day with a chance of rain throughout the day.,rain,"47662099999,47727099999,47670099999,47642043313,47626099999,47682099999,RJTT"
Tokyo,2023-10-16,78.0,54.5,66.0,78.0,54.5,66.0,56.1,74.1,0.0,0,0.0,,0.0,0.0,8.9,8.1,226.6,1008.4,18.1,12.2,184.8,15.9,7,10.0,2023-10-16T05:47:26,2023-10-16T17:05:02,0.05,Clear,Clear conditions throughout the day.,clear-day,"47662099999,47727099999,47670099999,47642043313,47680099999,47626099999,47682099999,RJTT"
Tokyo,2023-10-17,76.2,60.0,67.4,76.2,60.0,67.4,50.5,56.8,0.0,0,0.0,,0.0,0.0,12.3,9.0,322.9,1013.9,20.6,11.4,193.3,16.8,7,10.0,2023-10-17T05:48:18,2023-10-17T17:03:44,0.08,Partially cloudy,Partly cloudy throughout the day.,partly-cloudy-day,"47662099999,47727099999,47670099999,47642043313,47680099999,47626099999,47682099999,RJTT"
Tokyo,2023-10-18,74.2,57.3,66.2,74.2,57.3,66.2,53.5,64.5,0.0,0,0.0,rain,0.0,0.0,10.5,9.9,71.5,1020.5,40.6,10.7,164.1,14.2,7,10.0,2023-10-18T05:49:10,2023-10-18T17:02:27,0.12,Partially cloudy,Partly cloudy throughout the day.,partly-cloudy-day,"47662099999,47727099999,47643099999,47670099999,47641099999,47642043313,RJTY,47626099999,47682099999,47679043319,RJTT"
Tokyo,2023-10-19,76.7,59.3,68.5,76.7,59.3,68.5,57.8,70.9,0.0,0,0.0,,0.0,0.0,15.0,11.4,219.1,1017.2,30.1,10.0,190.2,16.4,7,10.0,2023-10-19T05:50:03,2023-10-19T17:01:11,0.16,Partially cloudy,Partly cloudy throughout the day.,partly-cloudy-day,"47662099999,47670099999,47642043313,47680099999,47626099999,47682099999,RJTT"
Tokyo,2023-10-20,79.8,61.9,71.4,79.8,61.9,71.4,59.3,66.9,0.0,0,0.0,,0.0,0.0,42.5,20.6,202.8,1007.0,41.7,10.1,179.1,15.5,7,10.0,2023-10-20T05:50:56,2023-10-20T16:59:56,0.19,Partially cloudy,Partly cloudy throughout the day.,partly-cloudy-day,"47662099999,47670099999,47642043313,47680099999,47626099999,47682099999,RJTT"
Tokyo,2023-10-21,71.1,59.6,66.7,71.1,59.6,66.7,46.4,48.6,0.003,100,4.17,rain,0.0,0.0,20.6,12.2,331.4,1008.0,71.6,11.8,84.0,7.2,3,10.0,2023-10-21T05:51:50,2023-10-21T16:58:42,0.23,"Rain, Partially cloudy",Partly cloudy throughout the day with late afternoon rain.,rain,"47662099999,47727099999,47670099999,47642043313,47626099999,47682099999,RJTT"
Tokyo,2023-10-22,67.0,54.6,60.7,67.0,54.6,60.7,41.6,50.1,0.0,0,0.0,,0.0,0.0,19.7,12.9,171.9,1020.3,24.2,12.5,166.1,14.3,6,10.0,2023-10-22T05:52:44,2023-10-22T16:57:28,0.25,Partially cloudy,Partly cloudy throughout the day.,partly-cloudy-day,"47662099999,47670099999,47642043313,47626099999,47682099999,RJTT"
Tokyo,2023-10-23,71.7,53.6,62.1,71.7,53.6,62.1,47.3,59.9,0.0,0,0.0,,0.0,0.0,9.8,7.8,345.4,1022.0,31.4,11.5,179.4,15.7,6,10.0,2023-10-23T05:53:38,2023-10-23T16:56:16,0.3,Partially cloudy,Partly cloudy throughout the day.,partly-cloudy-day,"47662099999,47670099999,47642043313,47680099999,47626099999,47682099999,RJTT"
Tokyo,2023-10-24,73.6,56.3,64.1,73.6,56.3,64.1,53.3,69.2,0.0,0,0.0,rain,0.0,0.0,14.1,6.8,22.4,1020.6,25.5,10.5,163.6,14.1,6,10.0,2023-10-24T05:54:33,2023-10-24T16:55:04,0.33,Partially cloudy,Partly cloudy throughout the day.,partly-cloudy-day,"47662099999,47670099999,47642043313,47626099999,47682099999,RJTT"
Tokyo,2023-10-25,70.1,56.1,64.2,70.1,56.1,64.2,55.3,74.0,0.0,0,0.0,rain,0.0,0.0,11.2,7.0,339.7,1015.5,53.0,9.1,142.7,12.4,5,10.0,2023-10-25T05:55:28,2023-10-25T16:53:54,0.37,Partially cloudy,Partly cloudy throughout the day.,partly-cloudy-day,"47662099999,47727099999,47670099999,47642043313,47626099999,47682099999,RJTT"
Tokyo,2023-10-26,73.1,53.4,62.5,73.1,53.4,62.5,50.9,69.3,1.168,100,4.17,rain,0.0,0.0,14.3,7.0,313.5,1013.0,17.1,10.9,189.2,16.1,7,10.0,2023-10-26T05:56:23,2023-10-26T16:52:45,0.4,Rain,Clear conditions throughout the day with early morning rain.,rain,"47662099999,47727099999,47670099999,47642043313,47626099999,47682099999,RJTT"
Tokyo,2023-10-27,73.6,57.1,64.2,73.6,57.1,64.2,53.4,68.9,0.0,0,0.0,,0.0,0.0,13.0,8.2,267.0,1010.3,27.9,10.2,166.1,14.4,6,10.0,2023-10-27T05:57:19,2023-10-27T16:51:37,0.44,Partially cloudy,Partly cloudy throughout the day.,partly-cloudy-day,"47662099999,47670099999,47642043313,47680099999,47626099999,47682099999,RJTT"
Tokyo,2023-10-28,69.5,58.0,63.5,69.5,58.0,63.5,54.2,72.1,0.001,100,4.17,rain,0.0,0.0,15.9,8.8,334.0,1009.7,46.0,9.5,153.1,13.0,6,10.0,2023-10-28T05:58:15,2023-10-28T16:50:30,0.47,"Rain, Partially cloudy",Clearing in the afternoon with morning rain.,rain,"47662099999,47670099999,47642043313,47626099999,47682099999,RJTT"
Tokyo,2023-10-29,67.7,55.1,61.8,67.7,55.1,61.8,48.1,62.1,0.189,100,4.17,rain,0.0,0.0,22.8,12.8,330.4,1013.5,55.3,11.2,155.2,13.3,6,10.0,2023-10-29T05:59:11,2023-10-29T16:49:24,0.5,"Rain, Partially cloudy",Partly cloudy throughout the day with morning rain.,rain,"47662099999,47670099999,47642043313,47626099999,47682099999,RJTT"
Tokyo,2023-10-30,70.3,54.0,62.4,70.3,54.0,62.4,48.7,61.5,0.0,0,0.0,,0.0,0.0,15.0,8.1,45.3,1020.2,22.7,11.7,169.1,14.6,7,10.0,2023-10-30T06:00:08,2023-10-30T16:48:19,0.54,Partially cloudy,Partly cloudy throughout the day.,partly-cloudy-day,"47662099999,47670099999,47642043313,47680099999,47626099999,47682099999,RJTT"
Tokyo,2023-10-31,68.6,56.8,63.2,68.6,56.8,63.2,53.6,71.1,0.0,0,0.0,,0.0,0.0,12.3,5.9,2.5,1022.7,70.5,10.4,92.4,7.9,4,10.0,2023-10-31T06:01:05,2023-10-31T16:47:16,0.57,Partially cloudy,Partly cloudy throughout the day.,partly-cloudy-day,"47662099999,47670099999,47642043313,47626099999,47682099999,RJTT"
Tokyo,2023-11-01,72.2,56.3,64.4,72.2,56.3,64.4,55.1,72.8,0.0,0,0.0,rain,0.0,0.0,12.1,9.2,209.2,1019.8,13.0,9.6,156.0,13.4,6,10.0,2023-11-01T06:02:03,2023-11-01T16:46:14,0.61,Clear,Clear conditions throughout the day.,clear-day,"47662099999,47670099999,47642043313,47680099999,47626099999,47682099999,RJTT"
Tokyo,2023-11-02,75.3,55.9,64.9,75.3,55.9,64.9,53.1,67.6,0.0,0,0.0,,0.0,0.0,8.1,7.7,1.8,1017.9,7.4,9.5,161.1,13.8,6,10.0,2023-11-02T06:03:00,2023-11-02T16:45:13,0.64,Clear,Clear conditions throughout the day.,clear-day,"47662099999,47670099999,47642043313,47680099999,47626099999,47682099999,RJTT"
Tokyo,2023-11-03,74.8,58.0,65.9,74.8,58.0,65.9,57.1,74.2,0.0,0,0.0,,0.0,0.0,13.4,9.2,166.5,1019.1,15.5,7.2,155.8,13.3,6,10.0,2023-11-03T06:03:58,2023-11-03T16:44:14,0.67,Clear,Clear conditions throughout the day.,clear-day,"47662099999,47670099999,47642043313,47626099999,47682099999,RJTT"
Tokyo,2023-11-04,78.5,58.6,67.5,78.5,58.6,67.5,59.9,78.0,0.0,0,0.0,,0.0,0.0,9.8,8.3,195.3,1021.3,26.0,8.0,148.9,12.9,6,10.0,2023-11-04T06:04:57,2023-11-04T16:43:16,0.7,Partially cloudy,Partly cloudy throughout the day.,partly-cloudy-day,"47662099999,47670099999,47642043313,47626099999,47682099999,RJTT"
Tokyo,2023-11-05,73.0,64.0,68.1,73.0,64.0,68.1,61.9,81.2,0.0,0,0.0,rain,0.0,0.0,13.2,6.1,23.1,1026.4,60.8,7.5,100.5,8.8,4,10.0,2023-11-05T06:05:55,2023-11-05T16:42:19,0.75,Partially cloudy,Partly cloudy throughout the day.,partly-cloudy-day,"47662099999,47670099999,47642043313,47626099999,47682099999,RJTT"
Tokyo,2023-11-06,75.5,64.8,70.3,75.5,64.8,70.3,66.0,86.9,0.021,100,12.5,rain,0.0,0.0,35.3,13.9,176.0,1020.1,77.7,8.3,115.5,10.1,4,10.0,2023-11-06T06:06:54,2023-11-06T16:41:24,0.77,"Rain, Partially cloudy",Partly cloudy throughout the day with a chance of rain throughout the day.,rain,"47662099999,47670099999,47642043313,47680099999,47626099999,47682099999,RJTT"
Tokyo,2023-11-07,79.8,63.3,72.7,79.8,63.3,72.7,65.6,79.1,0.225,100,25.0,rain,0.0,0.0,52.8,30.0,193.9,1008.9,67.3,9.0,104.3,8.9,5,30.0,2023-11-07T06:07:53,2023-11-07T16:40:30,0.8,"Rain, Partially cloudy",Partly cloudy throughout the day with a chance of rain throughout the day.,rain,"47662099999,47670099999,47642043313,47680099999,RJTY,47626099999,47682099999,RJTT"
Tokyo,2023-11-08,69.4,59.8,64.1,69.4,59.8,64.1,46.7,53.7,0.0,0,0.0,,0.0,0.0,11.0,10.0,31.7,1020.5,16.7,10.8,144.0,12.6,6,10.0,2023-11-08T06:08:53,2023-11-08T16:39:38,0.83,Clear,Clear conditions throughout the day.,clear-day,"47662099999,47670099999,47642043313,47680099999,47626099999,47682099999,RJTT"
Tokyo,2023-11-09,69.0,56.7,62.8,69.0,56.7,62.8,51.8,68.2,0.0,0,0.0,,0.0,0.0,10.5,5.8,99.5,1025.4,57.5,10.6,128.7,11.3,5,10.0,2023-11-09T06:09:52,2023-11-09T16:38:48,0.86,Partially cloudy,Partly cloudy throughout the day.,partly-cloudy-day,"47662099999,47670099999,47642043313,47680099999,47626099999,47682099999,RJTT"
Tokyo,2023-11-10,63.4,57.2,60.4,63.4,57.2,60.4,55.7,85.0,0.116,100,8.33,rain,0.0,0.0,10.7,7.4,303.9,1017.4,79.4,6.7,41.7,3.6,3,10.0,2023-11-10T06:10:52,2023-11-10T16:37:58,0.89,"Rain, Partially cloudy",Partly cloudy throughout the day with rain.,rain,"47662099999,47671099999,47670099999,47642043313,RJTI,47626099999,47682099999,RJTT"
Tokyo,2023-11-11,59.8,53.4,56.9,59.8,53.4,56.9,41.0,56.7,0.0,0,0.0,,0.0,0.0,41.4,16.7,349.2,1017.7,74.9,12.3,75.9,6.6,3,10.0,2023-11-11T06:11:52,2023-11-11T16:37:11,0.93,Partially cloudy,Partly cloudy throughout the day.,partly-cloudy-day,"47662099999,47670099999,47642043313,47680099999,47626099999,47682099999,RJTT"
Tokyo,2023-11-12,52.9,46.9,50.3,52.9,45.5,49.8,42.3,75.1,0.021,100,4.17,rain,0.0,0.0,14.8,6.2,346.3,1017.4,90.1,9.0,54.0,4.6,3,10.0,2023-11-12T06:12:51,2023-11-12T16:36:25,0.96,"Rain, Overcast",Cloudy skies throughout the day with afternoon rain.,rain,"47662099999,47670099999,47642043313,47626099999,47682099999,RJTT"
Tokyo,2023-11-13,58.9,46.7,51.9,58.9,42.7,50.8,35.2,56.7,0.0,0,0.0,rain,0.0,0.0,31.1,13.1,336.0,1013.4,55.8,10.8,127.7,11.2,5,10.0,2023-11-13T06:13:51,2023-11-13T16:35:41,0.0,Partially cloudy,Partly cloudy throughout the day.,partly-cloudy-day,"47662099999,47670099999,47642043313,47626099999,47682099999,RJTT"
Tokyo,2023-11-14,63.7,42.9,53.9,63.7,40.3,53.1,33.2,47.6,0.0,0,0.0,rain,0.0,0.0,13.6,7.9,285.1,1020.8,24.3,11.7,146.9,12.6,6,10.0,2023-11-14T06:14:52,2023-11-14T16:34:58,0.03,Partially cloudy,Partly cloudy throughout the day.,partly-cloudy-day,"47662099999,47670099999,47642043313,47680099999,47626099999,47682099999,RJTT"
Tokyo,2023-11-15,57.3,50.3,53.4,57.3,50.3,53.4,43.1,68.1,0.0,0,0.0,rain,0.0,0.0,16.8,11.1,337.2,1024.7,74.4,11.7,73.5,6.3,3,10.0,2023-11-15T06:15:52,2023-11-15T16:34:17,0.06,Partially cloudy,Partly cloudy throughout the day.,partly-cloudy-day,"47662099999,47727099999,47670099999,47642043313,47680099999,RJTY,47626099999,47682099999,RJTT"
Tokyo,2023-11-16,63.2,47.0,55.0,63.2,43.7,54.4,45.4,71.1,0.0,0,0.0,,0.0,0.0,15.0,7.9,346.4,1025.3,24.4,12.4,136.7,12.0,6,10.0,2023-11-16T06:16:52,2023-11-16T16:33:38,0.1,Partially cloudy,Becoming cloudy in the afternoon.,partly-cloudy-day,"47662099999,47670099999,47642043313,47680099999,47626099999,47682099999,RJTT"
Tokyo,2023-11-17,56.0,50.1,52.8,56.0,50.1,52.8,51.4,95.2,0.793,100,50.0,rain,0.0,0.0,40.7,11.8,299.0,1007.6,62.7,7.8,24.7,2.1,1,10.0,2023-11-17T06:17:52,2023-11-17T16:33:01,0.13,"Rain, Partially cloudy",Partly cloudy throughout the day with a chance of rain throughout the day.,rain,"47662099999,47670099999,47642043313,47680099999,47626099999,47682099999"
Tokyo,2023-11-18,61.9,46.8,54.5,61.9,44.5,54.0,33.1,45.8,0.0,0,0.0,,0.0,0.0,22.4,11.6,231.0,1001.5,22.5,13.5,115.7,10.0,6,10.0,2023-11-18T06:18:52,2023-11-18T16:32:25,0.17,Partially cloudy,Partly cloudy throughout the day.,partly-cloudy-day,"47662099999,47670099999,47642043313,47680099999,47626099999,47682099999"
Tokyo,2023-11-19,65.4,43.6,53.8,65.4,40.2,52.9,38.6,59.3,0.0,0,0.0,,0.0,0.0,19.5,9.6,204.0,1009.2,5.3,13.7,147.4,12.8,6,10.0,2023-11-19T06:19:52,2023-11-19T16:31:51,0.2,Clear,Clear conditions throughout the day.,clear-day,"47662099999,47670099999,47642043313,47680099999,47626099999,47682099999"
Tokyo,2023-11-20,63.8,46.0,54.3,63.8,43.0,53.8,38.4,57.4,0.0,0,0.0,,0.0,0.0,28.0,13.6,317.7,1012.0,6.2,13.8,143.0,12.4,6,10.0,2023-11-20T06:20:51,2023-11-20T16:31:19,0.25,Clear,Clear conditions throughout the day.,clear-day,"47662099999,47670099999,47642043313,47680099999,47626099999,47682099999"
Tokyo,2023-11-21,62.8,44.8,53.5,62.8,44.3,53.0,39.3,59.4,0.0,0,0.0,,0.0,0.0,13.9,6.9,345.4,1022.2,6.0,12.3,112.8,9.6,5,10.0,2023-11-21T06:21:51,2023-11-21T16:30:49,0.28,Clear,Clear conditions throughout the day.,clear-day,"47662099999,47670099999,47642043313,47680099999,47626099999,47682099999"
Tokyo,2023-11-22,65.9,45.8,55.9,65.9,44.6,55.8,44.8,67.3,0.0,0,0.0,,0.0,0.0,8.7,5.8,332.6,1019.2,7.2,11.0,135.6,11.6,6,10.0,2023-11-22T06:22:50,2023-11-22T16:30:20,0.31,Clear,Clear conditions throughout the day.,clear-day,"47662099999,47670099999,47642043313,47680099999,47626099999,47682099999"
Tokyo,2023-11-23,68.0,49.9,58.7,68.0,49.9,58.7,49.0,71.1,0.003,100,8.33,rain,0.0,0.0,16.1,11.3,229.8,1012.6,35.2,10.4,104.4,8.8,5,10.0,2023-11-23T06:23:49,2023-11-23T16:29:54,0.35,"Rain, Partially cloudy",Partly cloudy throughout the day with rain clearing later.,rain,"47662099999,47670099999,47642043313,47680099999,47626099999,47682099999"
Tokyo,2023-11-24,74.8,52.4,62.2,74.8,52.4,62.2,45.5,57.6,0.0,0,0.0,,0.0,0.0,28.9,12.8,237.3,1007.1,0.8,11.7,138.0,11.6,6,10.0,2023-11-24T06:24:48,2023-11-24T16:29:29,0.38,Clear,Clear conditions throughout the day.,clear-day,"47662099999,47670099999,47642043313,47680099999,47626099999,47682099999"
Tokyo,2023-11-25,55.1,47.9,51.1,55.1,44.7,49.9,29.2,42.9,0.0,0,0.0,,0.0,0.0,29.5,9.3,336.7,1022.4,33.3,14.5,98.5,8.3,4,10.0,2023-11-25T06:25:46,2023-11-25T16:29:06,0.42,Partially cloudy,Partly cloudy throughout the day.,partly-cloudy-day,"47662099999,47670099999,47642043313,47680099999,47626099999,47682099999"
Tokyo,2023-11-26,49.1,42.2,46.0,47.0,37.3,44.0,38.3,76.6,0.001,100,4.17,rain,0.0,0.0,15.7,9.0,331.7,1024.0,93.2,10.5,42.9,3.6,2,10.0,2023-11-26T06:26:44,2023-11-26T16:28:46,0.45,"Rain, Overcast",Cloudy skies throughout the day with afternoon rain.,rain,"47662099999,47670099999,47642043313,47680099999,47626099999,47682099999"
Tokyo,2023-11-27,58.8,45.2,51.7,58.8,43.8,51.3,44.8,78.0,0.0,0,0.0,,0.0,0.0,13.4,5.8,277.5,1016.2,31.6,9.9,118.8,10.2,5,10.0,2023-11-27T06:27:42,2023-11-27T16:28:27,0.5,Partially cloudy,Clearing in the afternoon.,partly-cloudy-day,"47662099999,47670099999,47642043313,47680099999,47626099999,47682099999"
Tokyo,2023-11-28,71.7,48.7,57.2,71.7,46.7,57.0,42.2,60.7,0.0,0,0.0,,0.0,0.0,23.5,11.8,283.4,1007.5,10.9,12.3,134.0,11.4,5,10.0,2023-11-28T06:28:39,2023-11-28T16:28:10,0.52,Clear,Clear conditions throughout the day.,clear-day,"47662099999,47670099999,47642043313,47680099999,47626099999,47682099999"
Tokyo,2023-11-29,62.3,44.8,52.7,62.3,44.8,52.3,34.9,51.0,0.0,0,0.0,,0.0,0.0,19.5,9.2,153.5,1014.2,4.1,12.6,135.5,11.6,5,10.0,2023-11-29T06:29:35,2023-11-29T16:27:55,0.56,Clear,Clear conditions throughout the day.,clear-day,"47662099999,47670099999,47642043313,47680099999,47626099999,47682099999"
Tokyo,2023-11-30,61.0,47.3,52.5,61.0,44.9,51.7,31.9,46.5,0.0,0,0.0,,0.0,0.0,20.4,12.7,339.6,1012.9,30.4,13.4,128.7,10.9,5,10.0,2023-11-30T06:30:31,2023-11-30T16:27:42,0.59,Partially cloudy,Clearing in the afternoon.,partly-cloudy-day,"47662099999,47670099999,47642043313,47680099999,47626099999,47682099999"
Tokyo,2023-12-01,53.8,44.8,47.7,53.8,41.6,46.2,31.1,52.9,0.0,0,0.0,rain,0.0,0.0,14.5,6.8,13.7,1015.3,42.1,14.9,57.9,4.9,2,10.0,2023-12-01T06:31:27,2023-12-01T16:27:31,0.62,Partially cloudy,Partly cloudy throughout the day.,partly-cloudy-day,"47662099999,47670099999,47642043313,47680099999,47626099999,47682099999"
Tokyo,2023-12-02,54.8,40.4,46.8,54.8,37.5,45.7,33.0,59.6,0.0,0,0.0,,0.0,0.0,13.9,5.8,359.2,1018.3,10.6,13.6,125.5,11.0,5,10.0,2023-12-02T06:32:21,2023-12-02T16:27:22,0.65,Clear,Clear conditions throughout the day.,clear-day,"47662099999,47670099999,47642043313,47680099999,47626099999,47682099999"
Tokyo,2023-12-03,58.4,40.2,48.3,58.4,38.0,47.1,33.8,58.2,0.0,0,0.0,,0.0,0.0,21.9,12.6,299.0,1018.5,6.1,13.5,123.2,10.5,5,10.0,2023-12-03T06:33:15,2023-12-03T16:27:15,0.68,Clear,Clear conditions throughout the day.,clear-day,"47662099999,47670099999,47642043313,47680099999,47626099999,47682099999,RJTT"
Tokyo,2023-12-04,56.1,41.7,47.9,56.1,39.3,46.4,30.9,52.8,0.0,0,0.0,,0.0,0.0,21.0,8.2,321.7,1021.0,4.8,13.8,132.4,11.4,5,10.0,2023-12-04T06:34:08,2023-12-04T16:27:10,0.72,Clear,Clear conditions throughout the day.,clear-day,"47662099999,47727099999,47670099999,47642043313,47680099999,47626099999,47682099999,RJTT"
Tokyo,2023-12-05,49.8,42.9,46.4,49.8,40.7,44.9,34.3,62.9,0.0,0,0.0,,0.0,0.0,12.1,8.0,326.8,1019.6,72.3,10.9,62.1,5.4,2,10.0,2023-12-05T06:35:01,2023-12-05T16:27:07,0.75,Partially cloudy,Partly cloudy throughout the day.,partly-cloudy-day,"47662099999,47727099999,47670099999,47642043313,47680099999,47626099999,47682099999,RJTT"
Tokyo,2023-12-06,60.6,45.7,52.4,60.6,41.4,51.6,44.8,76.7,0.019,100,4.17,rain,0.0,0.0,17.7,9.1,33.6,1012.0,36.9,12.0,119.0,10.3,5,10.0,2023-12-06T06:35:52,2023-12-06T16:27:06,0.78,"Rain, Partially cloudy",Clearing in the afternoon with early morning rain.,rain,"47662099999,47727099999,47670099999,47642043313,47680099999,47626099999,47682099999,RJTT"
Tokyo,2023-12-07,67.1,45.2,55.4,67.1,43.3,55.1,40.7,62.1,0.0,0,0.0,,0.0,0.0,27.3,15.2,266.1,1006.7,10.5,12.6,130.3,11.3,5,10.0,2023-12-07T06:36:42,2023-12-07T16:27:07,0.81,Clear,Clear conditions throughout the day.,clear-day,"47662099999,47670099999,47642043313,47680099999,47626099999,47682099999"
Tokyo,2023-12-08,62.9,43.2,54.0,62.9,43.2,53.5,34.7,48.4,0.0,0,0.0,,0.0,0.0,15.9,8.2,218.3,1019.0,8.4,13.6,127.2,11.1,5,10.0,2023-12-08T06:37:32,2023-12-08T16:27:09,0.84,Clear,Clear conditions throughout the day.,clear-day,"47662099999,47670099999,47642043313,47680099999,47626099999,47682099999,RJTT"
Tokyo,2023-12-09,62.4,44.1,53.7,62.4,43.4,53.4,42.1,65.3,0.0,0,0.0,,0.0,0.0,10.3,6.8,324.6,1019.9,13.6,11.8,127.7,11.0,5,10.0,2023-12-09T06:38:20,2023-12-09T16:27:14,0.88,Clear,Clear conditions throughout the day.,clear-day,"47662099999,47670099999,47642043313,47680099999,47626099999,47682099999,RJTT"
Tokyo,2023-12-10,66.4,45.9,55.3,66.4,44.7,55.1,43.1,64.5,0.0,0,0.0,,0.0,0.0,8.1,7.8,337.5,1021.3,11.5,11.0,123.4,10.6,5,10.0,2023-12-10T06:39:08,2023-12-10T16:27:21,0.91,Clear,Clear conditions throughout the day.,clear-day,"47662099999,47670099999,47642043313,47680099999,47626099999,47682099999"
Tokyo,2023-12-11,59.6,54.2,56.3,59.6,54.2,56.3,47.4,72.4,0.0,0,0.0,rain,0.0,0.0,20.1,7.9,6.0,1022.7,79.2,10.4,33.5,2.9,1,10.0,2023-12-11T06:39:54,2023-12-11T16:27:30,0.94,Partially cloudy,Partly cloudy throughout the day.,partly-cloudy-day,"47662099999,47727099999,47671099999,47670099999,47642043313,47680099999,47626099999,47682099999,RJTT"
Tokyo,2023-12-12,58.8,49.8,53.8,58.8,49.8,53.8,51.0,90.5,0.435,100,45.83,rain,0.0,0.0,25.5,9.6,5.1,1010.3,90.8,6.0,76.3,6.7,4,10.0,2023-12-12T06:40:39,2023-12-12T16:27:41,0.97,"Rain, Overcast",Cloudy skies throughout the day with a chance of rain throughout the day.,rain,"47727099999,47670099999,47642043313,47680099999,RJTI,47679043319,47662099999,47687099999,47671099999,47643099999,47641099999,47626099999,47682099999,RJTT"
Tokyo,2023-12-13,59.0,47.1,51.9,59.0,44.3,51.3,34.0,52.3,0.022,100,4.17,rain,0.0,0.0,16.3,12.0,336.5,1023.5,16.0,14.1,118.8,10.1,5,10.0,2023-12-13T06:41:23,2023-12-13T16:27:53,0.0,Rain,Clear conditions throughout the day with early morning rain.,rain,"47727099999,47670099999,47642043313,47680099999,RJTI,47662099999,47687099999,47671099999,47643099999,RJTY,47626099999,47682099999,RJTT"
Tokyo,2023-12-14,56.6,44.3,50.2,56.6,41.7,49.6,37.1,61.2,0.0,0,0.0,,0.0,0.0,12.1,5.8,352.4,1027.4,47.1,12.7,113.2,9.6,5,10.0,2023-12-14T06:42:06,2023-12-14T16:28:08,0.04,Partially cloudy,Partly cloudy throughout the day.,partly-cloudy-day,"47662099999,47670099999,47642043313,47680099999,47626099999,47682099999,RJTT"
Tokyo,2023-12-15,67.6,45.4,51.2,67.6,42.4,50.9,45.5,81.1,0.038,100,4.17,rain,0.0,0.0,19.0,15.2,305.8,1015.7,77.6,9.6,40.3,3.4,2,10.0,2023-12-15T06:42:47,2023-12-15T16:28:24,0.08,"Rain, Partially cloudy",Partly cloudy throughout the day with morning rain.,rain,"47662099999,47670099999,47642043313,47680099999,47626099999,47682099999"
Tokyo,2023-12-16,69.1,52.5,63.2,69.1,52.5,63.2,53.6,71.6,0.0,0,0.0,,0.0,0.0,28.2,17.4,209.8,1004.2,47.1,9.4,87.3,7.4,4,10.0,2023-12-16T06:43:27,2023-12-16T16:28:43,0.11,Partially cloudy,Partly cloudy throughout the day.,partly-cloudy-day,"47662099999,47671099999,47670099999,47642043313,47680099999,RJTI,RJTY,47626099999,47682099999,RJTT"
Tokyo,2023-12-17,62.3,44.2,53.0,62.3,40.3,52.2,26.8,37.5,0.0,0,0.0,,0.0,0.0,25.5,15.1,303.5,1009.7,8.2,14.3,117.4,10.3,5,10.0,2023-12-17T06:44:05,2023-12-17T16:29:03,0.15,Clear,Clear conditions throughout the day.,clear-day,"47662099999,47670099999,47642043313,47680099999,47626099999,47682099999"
Tokyo,2023-12-18,52.1,39.3,44.7,52.1,34.2,42.1,18.5,35.4,0.0,0,0.0,,0.0,0.0,18.8,9.2,321.5,1023.3,24.2,14.7,121.7,10.4,5,10.0,2023-12-18T06:44:43,2023-12-18T16:29:25,0.18,Partially cloudy,Partly cloudy throughout the day.,partly-cloudy-day,"47662099999,47670099999,47642043313,47680099999,47626099999,47682099999"
Tokyo,2023-12-19,49.8,38.9,44.5,48.6,35.5,42.9,28.1,52.9,0.0,0,0.0,,0.0,0.0,11.9,6.4,3.5,1023.5,77.2,13.0,75.1,6.5,3,10.0,2023-12-19T06:45:18,2023-12-19T16:29:49,0.22,Partially cloudy,Partly cloudy throughout the day.,partly-cloudy-day,"47662099999,47727099999,47671099999,47643099999,47670099999,47642043313,47680099999,RJTI,RJTY,47626099999,47682099999,RJTT"
Tokyo,2023-12-20,54.2,40.4,47.3,54.2,38.4,46.1,33.1,58.4,0.0,0,0.0,,0.0,0.0,11.9,6.8,271.0,1012.0,43.3,12.2,120.0,10.2,5,10.0,2023-12-20T06:45:52,2023-12-20T16:30:15,0.25,Partially cloudy,Partly cloudy throughout the day.,partly-cloudy-day,"47662099999,47670099999,47642043313,47680099999,47626099999,47682099999"
Tokyo,2023-12-21,53.8,39.0,46.1,53.8,37.3,43.8,23.0,42.8,0.0,0,0.0,,0.0,0.0,22.6,11.7,240.1,1011.0,3.9,13.8,129.0,11.0,5,10.0,2023-12-21T06:46:25,2023-12-21T16:30:42,0.29,Clear,Clear conditions throughout the day.,clear-day,"47662099999,47670099999,47642043313,47680099999,47626099999,47682099999"
Tokyo,2023-12-22,49.7,35.9,41.7,46.7,32.0,38.3,17.2,37.2,0.0,0,0.0,,0.0,0.2,20.4,11.4,282.3,1017.7,7.2,14.5,123.3,10.7,5,10.0,2023-12-22T06:46:56,2023-12-22T16:31:11,0.33,Clear,Clear conditions throughout the day.,clear-day,"47662099999,47670099999,47642043313,47680099999,47626099999,47682099999"
Tokyo,2023-12-23,49.2,33.2,41.0,47.5,29.6,38.9,21.2,46.7,0.0,0,0.0,,0.0,0.2,16.6,8.0,298.2,1026.6,3.5,14.6,129.9,11.2,5,10.0,2023-12-23T06:47:25,2023-12-23T16:31:42,0.36,Clear,Clear conditions throughout the day.,clear-day,"47662099999,47670099999,47642043313,47680099999,47626099999,47682099999"
Tokyo,2023-12-24,47.1,36.6,40.8,46.0,33.3,38.9,25.4,54.3,0.0,0,0.0,,0.0,0.0,11.0,5.8,341.4,1027.2,26.3,13.4,100.8,8.7,4,10.0,2023-12-24T06:47:53,2023-12-24T16:32:15,0.4,Partially cloudy,Partly cloudy throughout the day.,partly-cloudy-day,"47662099999,47670099999,47642043313,47680099999,47626099999,47682099999"
Tokyo,2023-12-25,52.5,34.5,43.2,52.5,32.8,41.7,28.1,56.4,0.0,0,0.0,,0.0,0.0,16.1,6.9,332.0,1021.2,2.7,12.7,120.6,10.4,5,10.0,2023-12-25T06:48:19,2023-12-25T16:32:49,0.43,Clear,Clear conditions throughout the day.,clear-day,"47662099999,47670099999,47642043313,47680099999,47626099999,47682099999"
Tokyo,2023-12-26,55.1,38.4,45.8,55.1,33.6,44.0,31.2,57.6,0.0,0,0.0,,0.0,0.0,17.0,11.2,257.4,1022.2,1.6,14.6,115.3,9.9,5,10.0,2023-12-26T06:48:43,2023-12-26T16:33:25,0.47,Clear,Clear conditions throughout the day.,clear-day,"47662099999,47670099999,47642043313,47680099999,47626099999,47682099999"
Tokyo,2023-12-27,53.9,40.8,47.0,53.9,38.3,44.9,29.2,50.7,0.0,0,0.0,,0.0,0.0,13.0,10.2,319.2,1025.2,40.2,14.5,117.1,10.1,5,10.0,2023-12-27T06:49:06,2023-12-27T16:34:02,0.5,Partially cloudy,Partly cloudy throughout the day.,partly-cloudy-day,"47662099999,47670099999,47642043313,47680099999,47626099999,47682099999"
Tokyo,2023-12-28,50.2,42.1,44.8,50.2,39.1,43.1,29.1,54.8,0.0,0,0.0,,0.0,0.0,12.5,5.8,352.5,1025.8,39.2,13.4,63.2,5.6,3,10.0,2023-12-28T06:49:26,2023-12-28T16:34:41,0.54,Partially cloudy,Clearing in the afternoon.,partly-cloudy-day,"47662099999,47670099999,47642043313,47680099999,47626099999,47682099999"
Tokyo,2023-12-29,56.4,36.8,45.8,56.4,34.3,44.6,32.6,61.3,0.0,0,0.0,,0.0,0.0,10.1,5.7,305.9,1021.2,0.0,12.0,124.8,10.6,5,10.0,2023-12-29T06:49:45,2023-12-29T16:35:21,0.57,Clear,Clear conditions throughout the day.,clear-day,"47662099999,47670099999,47642043313,47680099999,47626099999,47682099999"
Tokyo,2023-12-30,57.4,41.3,48.1,57.4,39.3,47.2,35.4,62.4,0.0,0,0.0,,0.0,0.0,12.3,10.0,330.5,1020.5,26.8,12.5,115.1,9.9,5,10.0,2023-12-30T06:50:02,2023-12-30T16:36:03,0.6,Partially cloudy,Partly cloudy throughout the day.,partly-cloudy-day,"47662099999,47670099999,47642043313,47680099999,47626099999,47682099999"
Tokyo,2023-12-31,54.2,43.0,48.6,54.2,39.7,47.8,41.9,78.2,0.004,100,8.33,rain,0.0,0.0,15.0,6.8,318.6,1007.4,37.5,9.1,67.0,5.6,4,10.0,2023-12-31T06:50:17,2023-12-31T16:36:46,0.63,"Rain, Partially cloudy",Partly cloudy throughout the day with rain in the morning and afternoon.,rain,"47662099999,47670099999,47642043313,47680099999,47626099999,47682099999"
Tokyo,2024-01-01,53.7,41.6,48.9,53.7,37.8,47.1,29.7,48.9,0.0,0,0.0,,0.0,0.0,29.8,18.3,327.8,1017.9,9.7,14.6,118.0,10.2,5,10.0,2024-01-01T06:50:31,2024-01-01T16:37:31,0.66,Clear,Clear conditions throughout the day.,clear-day,"47662099999,47670099999,47642043313,47680099999,47626099999,47682099999"
Tokyo,2024-01-02,47.5,37.7,42.9,46.7,32.3,40.6,31.2,63.7,0.0,0,0.0,rain,0.0,0.0,10.3,9.0,319.3,1020.8,41.9,13.3,61.3,5.3,3,10.0,2024-01-02T06:50:42,2024-01-02T16:38:16,0.7,Partially cloudy,Partly cloudy throughout the day.,partly-cloudy-day,"47662099999,47670099999,47642043313,47680099999,47626099999,47682099999"
Tokyo,2024-01-03,51.6,37.2,45.1,51.6,33.5,44.1,36.3,72.1,0.0,0,0.0,,0.0,0.0,10.7,5.7,318.6,1013.8,49.2,12.6,68.4,5.7,3,10.0,2024-01-03T06:50:52,2024-01-03T16:39:03,0.73,Partially cloudy,Partly cloudy throughout the day.,partly-cloudy-day,"47662099999,47670099999,47642043313,47680099999,47626099999,47682099999"
Tokyo,2024-01-04,58.4,44.0,49.5,58.4,41.3,48.3,34.4,59.8,0.0,0,0.0,rain,0.0,0.0,32.9,16.2,325.3,1012.4,34.6,13.2,118.5,10.3,5,10.0,2024-01-04T06:51:00,2024-01-04T16:39:52,0.75,Partially cloudy,Clearing in the afternoon.,partly-cloudy-day,"47662099999,47670099999,47642043313,47680099999,47626099999,47682099999"
Tokyo,2024-01-05,55.7,38.1,45.5,55.7,33.6,44.0,30.7,56.5,0.0,0,0.0,,0.0,0.0,10.3,5.9,323.3,1019.2,6.0,13.6,117.3,10.2,5,10.0,2024-01-05T06:51:05,2024-01-05T16:40:41,0.79,Clear,Clear conditions throughout the day.,clear-day,"47662099999,47670099999,47642043313,47680099999,47626099999,47682099999"
Tokyo,2024-01-06,59.3,38.1,48.4,59.3,37.7,47.9,34.9,60.8,0.0,0,0.0,,0.0,0.0,11.6,8.1,293.0,1012.6,1.6,12.4,130.1,11.2,5,10.0,2024-01-06T06:51:09,2024-01-06T16:41:32,0.83,Clear,Clear conditions throughout the day.,clear-day,"47662099999,47670099999,47642043313,47680099999,47626099999,47682099999"
Tokyo,2024-01-07,52.9,43.0,47.2,52.9,38.8,45.6,30.2,53.4,0.0,0,0.0,rain,0.0,0.0,23.3,10.2,24.9,1008.1,28.8,13.7,108.7,9.4,5,10.0,2024-01-07T06:51:11,2024-01-07T16:42:23,0.86,Partially cloudy,Partly cloudy throughout the day.,partly-cloudy-day,"47662099999,47670099999,47642043313,47680099999,47626099999,47682099999"
Tokyo,2024-01-08,49.4,37.1,42.0,44.3,31.7,37.6,19.4,42.6,0.0,0,0.0,,0.0,0.0,23.0,15.8,322.3,1017.2,6.9,14.9,136.1,11.8,5,10.0,2024-01-08T06:51:11,2024-01-08T16:43:16,0.89,Clear,Clear conditions throughout the day.,clear-day,"47662099999,47670099999,47642043313,47680099999,47626099999,47682099999"
Tokyo,2024-01-09,50.3,35.3,41.7,50.3,31.4,39.5,23.5,48.5,0.0,0,0.0,,0.0,0.0,12.5,6.7,331.3,1017.6,12.2,14.4,135.3,11.7,6,10.0,2024-01-09T06:51:09,2024-01-09T16:44:09,0.92,Clear,Clear conditions throughout the day.,clear-day,"47662099999,47670099999,47642043313,47680099999,47626099999,47682099999"
Tokyo,2024-01-10,53.0,36.3,44.8,53.0,34.3,43.6,28.0,52.6,0.0,0,0.0,,0.0,0.0,16.3,7.1,345.0,1012.6,30.1,12.3,118.5,10.3,5,10.0,2024-01-10T06:51:05,2024-01-10T16:45:04,0.96,Partially cloudy,Becoming cloudy in the afternoon.,partly-cloudy-day,"47662099999,47670099999,47642043313,47680099999,47626099999,47682099999"
Tokyo,2024-01-11,44.4,37.6,40.9,42.4,33.2,37.1,23.4,49.9,0.0,0,0.0,,0.0,0.0,24.2,9.4,336.6,1013.8,61.8,13.0,86.6,7.4,4,10.0,2024-01-11T06:50:59,2024-01-11T16:45:59,0.0,Partially cloudy,Partly cloudy throughout the day.,partly-cloudy-day,"47662099999,47670099999,47642043313,47680099999,47626099999,47682099999"
Tokyo,2024-01-12,56.5,33.5,44.5,56.5,30.4,43.3,27.8,52.6,0.0,0,0.0,,0.0,0.0,15.2,5.8,325.4,1009.2,1.6,13.3,138.3,11.9,6,10.0,2024-01-12T06:50:51,2024-01-12T16:46:55,0.02,Clear,Clear conditions throughout the day.,clear-day,"47662099999,47670099999,47642043313,47680099999,47626099999,47682099999"
Tokyo,2024-01-13,51.5,34.5,42.9,51.5,27.7,39.6,29.0,59.6,0.082,100,8.33,"rain,snow",0.1,0.0,30.6,10.4,349.9,1011.1,27.2,12.7,95.6,8.1,4,10.0,2024-01-13T06:50:41,2024-01-13T16:47:52,0.06,"Snow, Rain, Partially cloudy",Partly cloudy throughout the day with rain or snow.,snow,"47662099999,47670099999,47642043313,47680099999,47626099999,47682099999"
Tokyo,2024-01-14,51.0,34.0,43.1,51.0,28.1,38.7,25.2,49.2,0.0,0,0.0,,0.0,0.0,30.6,15.1,206.8,1019.9,1.6,14.2,144.5,12.6,6,10.0,2024-01-14T06:50:30,2024-01-14T16:48:49,0.09,Clear,Clear conditions throughout the day.,clear-day,"47662099999,47670099999,47642043313,47680099999,47626099999,47682099999"
Tokyo,2024-01-15,52.1,37.4,43.9,52.1,31.7,40.1,22.9,44.5,0.0,0,0.0,,0.0,0.0,37.8,13.8,324.0,1010.3,9.1,14.6,125.6,11.0,6,10.0,2024-01-15T06:50:16,2024-01-15T16:49:48,0.13,Clear,Clear conditions throughout the day.,clear-day,"47662099999,47670099999,47642043313,47680099999,47626099999,47682099999"
Tokyo,2024-01-16,44.0,33.2,38.8,38.7,26.9,32.8,17.4,42.5,0.0,0,0.0,,0.0,0.0,46.5,21.8,326.8,1019.3,8.3,14.1,139.1,12.0,5,10.0,2024-01-16T06:50:00,2024-01-16T16:50:47,0.16,Clear,Clear conditions throughout the day.,clear-day,"47662099999,47670099999,47642043313,47680099999,47626099999,47682099999"
Tokyo,2024-01-17,53.3,34.5,43.0,53.3,30.8,41.6,23.9,47.7,0.0,0,0.0,,0.0,0.0,13.4,5.8,330.2,1026.0,7.9,15.0,146.0,12.7,6,10.0,2024-01-17T06:49:43,2024-01-17T16:51:46,0.2,Clear,Clear conditions throughout the day.,clear-day,"47662099999,47670099999,47642043313,47680099999,47626099999,47682099999"
Tokyo,2024-01-18,54.2,36.8,47.1,54.2,34.0,46.3,28.9,49.3,0.0,0,0.0,,0.0,0.0,11.6,5.8,328.0,1019.8,43.5,13.0,114.4,9.9,5,10.0,2024-01-18T06:49:23,2024-01-18T16:52:46,0.25,Partially cloudy,Partly cloudy throughout the day.,partly-cloudy-day,"47662099999,47670099999,47642043313,47680099999,47626099999,47682099999"
Tokyo,2024-01-19,57.8,46.6,50.5,57.8,43.7,49.6,36.1,57.9,0.0,0,0.0,,0.0,0.0,15.9,10.3,43.5,1023.5,60.0,12.4,107.6,9.3,5,10.0,2024-01-19T06:49:02,2024-01-19T16:53:46,0.27,Partially cloudy,Partly cloudy throughout the day.,partly-cloudy-day,"47662099999,47670099999,47642043313,47680099999,47626099999,47682099999"
Tokyo,2024-01-20,45.8,40.8,43.5,42.1,37.1,39.9,33.0,67.2,0.003,100,12.5,rain,0.0,0.0,16.1,8.1,357.2,1028.6,94.2,10.2,42.4,3.6,2,10.0,2024-01-20T06:48:39,2024-01-20T16:54:47,0.3,"Rain, Overcast",Cloudy skies throughout the day with late afternoon rain.,rain,"47662099999,47670099999,47642043313,47680099999,47626099999,47682099999"
Tokyo,2024-01-21,52.9,40.4,46.3,52.9,35.4,43.7,43.5,91.0,1.435,100,54.17,rain,0.0,0.0,36.5,11.9,324.1,1014.3,70.7,7.1,20.4,1.6,1,10.0,2024-01-21T06:48:14,2024-01-21T16:55:48,0.34,"Rain, Partially cloudy",Partly cloudy throughout the day with a chance of rain throughout the day.,rain,"47662099999,47671099999,47727099999,47670099999,47642043313,47680099999,47626099999,47682099999,RJTT"
Tokyo,2024-01-22,56.9,44.3,51.2,56.9,41.7,50.4,43.2,74.7,0.0,0,0.0,rain,0.0,0.0,17.4,7.9,77.8,1014.7,43.3,13.9,103.1,8.9,4,10.0,2024-01-22T06:47:47,2024-01-22T16:56:50,0.37,Partially cloudy,Partly cloudy throughout the day.,partly-cloudy-day,"47662099999,47670099999,47642043313,47680099999,47626099999,47682099999"
Tokyo,2024-01-23,55.1,43.0,48.6,55.1,42.1,47.8,36.9,67.2,0.0,0,0.0,"rain,snow",0.0,0.0,18.1,9.1,333.1,1003.8,40.6,12.3,111.1,9.7,5,10.0,2024-01-23T06:47:18,2024-01-23T16:57:52,0.41,Partially cloudy,Partly cloudy throughout the day.,partly-cloudy-day,"47662099999,47671099999,47727099999,47670099999,47642043313,47680099999,47626099999,47682099999,RJTT"
Tokyo,2024-01-24,44.7,36.2,40.5,42.0,30.2,34.6,12.3,31.9,0.0,0,0.0,,0.0,0.0,31.3,14.9,303.9,1004.3,14.8,14.8,146.9,12.9,6,10.0,2024-01-24T06:46:47,2024-01-24T16:58:54,0.44,Clear,Clear conditions throughout the day.,clear-day,"47662099999,47671099999,47670099999,47642043313,47680099999,47626099999,47682099999"
Tokyo,2024-01-25,47.9,30.7,39.4,43.5,28.1,35.1,9.7,29.6,0.0,0,0.0,,0.0,0.0,31.8,15.9,304.8,1010.2,1.6,14.5,158.5,13.5,6,10.0,2024-01-25T06:46:15,2024-01-25T16:59:56,0.48,Clear,Clear conditions throughout the day.,clear-day,"47662099999,47670099999,47642043313,47680099999,47626099999,47682099999"
Tokyo,2024-01-26,52.4,36.2,43.2,52.4,30.1,38.7,16.2,33.8,0.0,0,0.0,,0.0,0.0,24.4,17.1,310.4,1013.9,1.6,14.4,146.1,12.6,5,10.0,2024-01-26T06:45:41,2024-01-26T17:00:59,0.5,Clear,Clear conditions throughout the day.,clear-day,"47662099999,47670099999,47642043313,47680099999,47626099999,47682099999"
Tokyo,2024-01-27,53.3,38.6,44.9,53.3,31.8,41.3,20.6,38.4,0.0,0,0.0,,0.0,0.0,19.9,13.7,316.0,1018.4,6.0,14.8,148.3,12.7,6,10.0,2024-01-27T06:45:05,2024-01-27T17:02:02,0.55,Clear,Clear conditions throughout the day.,clear-day,"47662099999,47670099999,47642043313,47680099999,47626099999,47682099999"
Tokyo,2024-01-28,48.8,37.7,42.8,48.8,34.4,41.2,24.8,49.2,0.0,0,0.0,,0.0,0.0,10.7,5.9,354.1,1020.8,40.4,13.7,95.2,8.1,4,10.0,2024-01-28T06:44:27,2024-01-28T17:03:04,0.58,Partially cloudy,Partly cloudy throughout the day.,partly-cloudy-day,"47662099999,47670099999,47642043313,47680099999,47626099999,47682099999"
Tokyo,2024-01-29,52.3,37.6,44.2,52.3,33.9,42.3,26.2,50.3,0.0,0,0.0,,0.0,0.0,11.4,6.9,50.4,1027.0,10.3,14.4,160.4,13.7,6,10.0,2024-01-29T06:43:48,2024-01-29T17:04:07,0.61,Clear,Clear conditions throughout the day.,clear-day,"47662099999,47670099999,47642043313,47680099999,47626099999,47682099999"
Tokyo,2024-01-30,53.7,39.4,45.8,53.7,36.8,44.3,28.3,51.9,0.0,0,0.0,,0.0,0.0,12.5,8.9,359.5,1028.9,15.4,12.9,159.9,13.9,6,10.0,2024-01-30T06:43:07,2024-01-30T17:05:10,0.64,Clear,Clear conditions throughout the day.,clear-day,"47662099999,47670099999,47642043313,47680099999,47626099999,47682099999"
Tokyo,2024-01-31,56.1,38.4,48.6,56.1,36.1,47.8,35.9,62.9,0.0,0,0.0,,0.0,0.0,17.0,8.3,250.9,1024.0,9.3,12.6,158.2,13.6,6,10.0,2024-01-31T06:42:24,2024-01-31T17:06:13,0.68,Clear,Clear conditions throughout the day.,clear-day,"47662099999,47670099999,47642043313,47680099999,47626099999,47682099999"
Tokyo,2024-02-01,60.4,41.3,50.0,60.4,34.7,48.0,31.5,50.1,0.0,0,0.0,rain,0.0,0.0,29.3,12.8,328.4,1014.1,35.0,12.2,105.8,9.0,5,10.0,2024-02-01T06:41:40,2024-02-01T17:07:16,0.71,Partially cloudy,Partly cloudy throughout the day.,partly-cloudy-day,"47662099999,47670099999,47642043313,47680099999,47626099999,47682099999"
Tokyo,2024-02-02,43.0,38.6,41.0,42.8,33.5,37.3,20.1,42.9,0.0,0,0.0,,0.0,0.0,18.6,11.3,346.2,1022.4,74.4,13.3,74.8,6.5,3,10.0,2024-02-02T06:40:54,2024-02-02T17:08:19,0.74,Partially cloudy,Partly cloudy throughout the day.,partly-cloudy-day,"47662099999,47671099999,47727099999,47670099999,47642043313,47680099999,47626099999,47682099999,RJTT"
Tokyo,2024-02-03,51.9,38.8,44.2,51.9,33.1,41.5,23.3,44.0,0.0,0,0.0,,0.0,0.0,15.2,9.1,321.5,1025.4,21.5,13.8,149.6,12.9,6,10.0,2024-02-03T06:40:07,2024-02-03T17:09:21,0.75,Partially cloudy,Partly cloudy throughout the day.,partly-cloudy-day,"47662099999,47671099999,47727099999,47670099999,47642043313,47680099999,47626099999,47682099999,RJTT"
Tokyo,2024-02-04,44.0,36.8,40.9,43.1,35.4,38.9,33.4,76.2,0.196,100,8.33,rain,0.0,0.0,10.5,7.9,337.6,1024.1,52.0,10.4,87.5,7.6,4,10.0,2024-02-04T06:39:18,2024-02-04T17:10:24,0.81,"Rain, Partially cloudy",Partly cloudy throughout the day with rain in the morning and afternoon.,rain,"47662099999,47670099999,47642043313,47680099999,47626099999,47682099999"
Tokyo,2024-02-05,42.8,32.7,37.7,42.8,22.9,33.1,28.8,73.4,0.969,100,20.83,"rain,snow",2.7,0.8,29.3,13.9,341.9,1019.6,90.6,7.6,26.1,2.1,1,10.0,2024-02-05T06:38:27,2024-02-05T17:11:26,0.84,"Snow, Rain, Overcast",Cloudy skies throughout the day with rain or snow.,snow,"47662099999,47671099999,47670099999,47642043313,47680099999,47626099999,47682099999"
Tokyo,2024-02-06,41.7,33.6,38.0,38.4,27.3,33.8,36.0,92.5,0.507,100,37.5,"rain,snow",2.3,1.0,26.6,10.3,344.7,1016.1,86.2,10.4,59.1,5.0,3,10.0,2024-02-06T06:37:35,2024-02-06T17:12:29,0.87,"Snow, Rain, Partially cloudy",Partly cloudy throughout the day with a chance of rain or snow throughout the day.,snow,"47662099999,47671099999,47727099999,47670099999,47642043313,47680099999,47626099999,47682099999,RJTT"
Tokyo,2024-02-07,48.3,32.5,40.5,47.9,30.5,38.7,30.4,69.3,0.0,0,0.0,,0.0,0.1,11.0,5.7,0.9,1016.2,18.4,13.5,136.3,11.8,5,10.0,2024-02-07T06:36:42,2024-02-07T17:13:31,0.91,Clear,Clear conditions throughout the day.,clear-day,"47662099999,47671099999,47670099999,47642043313,47680099999,47626099999,47682099999"
Tokyo,2024-02-08,50.6,35.4,42.1,50.6,31.3,39.6,28.5,60.3,0.0,0,0.0,,0.0,0.0,12.3,9.0,336.3,1016.2,23.7,13.1,97.9,8.5,4,10.0,2024-02-08T06:35:47,2024-02-08T17:14:33,0.94,Partially cloudy,Clearing in the afternoon.,partly-cloudy-day,"47662099999,47670099999,47642043313,47680099999,47626099999,47682099999"
Tokyo,2024-02-09,51.1,38.0,44.3,51.1,33.5,42.0,29.1,55.8,0.0,0,0.0,rain,0.0,0.0,13.0,6.7,12.2,1018.1,33.0,13.5,136.4,11.7,5,10.0,2024-02-09T06:34:51,2024-02-09T17:15:35,0.97,Partially cloudy,Partly cloudy throughout the day.,partly-cloudy-day,"47662099999,47670099999,47642043313,47680099999,47626099999,47682099999"
Tokyo,2024-02-10,53.0,35.9,44.8,53.0,31.9,42.7,31.8,61.2,0.0,0,0.0,rain,0.0,0.0,18.3,8.0,336.3,1016.1,23.9,12.6,158.8,13.6,6,10.0,2024-02-10T06:33:53,2024-02-10T17:16:36,0.0,Partially cloudy,Partly cloudy throughout the day.,partly-cloudy-day,"47662099999,47670099999,47642043313,47680099999,47626099999,47682099999"
Tokyo,2024-02-11,52.9,40.4,46.6,52.9,36.3,44.1,26.9,47.5,0.0,0,0.0,rain,0.0,0.0,19.9,10.2,320.7,1016.9,32.2,13.7,153.0,13.3,5,10.0,2024-02-11T06:32:54,2024-02-11T17:17:37,0.04,Partially cloudy,Becoming cloudy in the afternoon.,partly-cloudy-day,"47662099999,47670099999,47642043313,47680099999,47626099999,47682099999"
Tokyo,2024-02-12,53.3,38.9,45.2,53.3,35.6,43.1,26.2,50.2,0.0,0,0.0,"rain,snow",0.0,0.0,20.6,10.3,342.6,1023.8,28.3,13.7,182.8,15.9,7,10.0,2024-02-12T06:31:54,2024-02-12T17:18:38,0.07,Partially cloudy,Clearing in the afternoon.,partly-cloudy-day,"47662099999,47670099999,47642043313,47680099999,47626099999,47682099999"
Tokyo,2024-02-13,61.4,35.9,49.0,61.4,33.8,48.5,31.8,51.9,0.0,0,0.0,,0.0,0.0,21.7,12.8,196.7,1027.4,3.3,13.1,187.9,16.2,7,10.0,2024-02-13T06:30:52,2024-02-13T17:19:39,0.11,Clear,Clear conditions throughout the day.,clear-day,"47662099999,47671099999,47670099999,47642043313,47680099999,47626099999,47682099999"
Tokyo,2024-02-14,63.5,40.7,51.6,63.5,40.3,51.3,29.8,45.4,0.0,0,0.0,,0.0,0.0,12.3,5.7,315.0,1023.8,15.7,12.1,179.2,15.5,7,10.0,2024-02-14T06:29:50,2024-02-14T17:20:39,0.14,Clear,Clear conditions throughout the day.,clear-day,"47662099999,47670099999,47642043313,47680099999,47626099999,47682099999"
Tokyo,2024-02-15,69.0,44.4,57.4,69.0,44.4,57.2,44.3,62.0,0.0,0,0.0,,0.0,0.0,37.8,17.2,205.8,1015.8,29.1,11.7,176.5,15.3,7,10.0,2024-02-15T06:28:46,2024-02-15T17:21:39,0.18,Partially cloudy,Partly cloudy throughout the day.,partly-cloudy-day,"47662099999,47670099999,47642043313,47680099999,47626099999,47682099999"
Tokyo,2024-02-16,62.5,44.7,52.3,62.5,40.4,50.6,31.3,46.9,0.0,0,0.0,rain,0.0,0.0,44.2,30.8,349.7,1014.4,58.1,12.0,164.7,14.3,6,10.0,2024-02-16T06:27:41,2024-02-16T17:22:39,0.21,Partially cloudy,Clearing in the afternoon.,wind,"47662099999,47671099999,47727099999,47643099999,47670099999,47680099999,47642043313,RJTY,47626099999,47682099999,RJTT"
Tokyo,2024-02-17,55.1,40.4,48.0,55.1,36.1,46.2,33.5,57.6,0.0,0,0.0,,0.0,0.0,16.6,8.0,359.5,1025.0,75.7,13.0,150.4,12.8,6,10.0,2024-02-17T06:26:34,2024-02-17T17:23:39,0.25,Partially cloudy,Partly cloudy throughout the day.,partly-cloudy-day,"47662099999,47671099999,47670099999,47642043313,47680099999,47626099999,47682099999"
Tokyo,2024-02-18,64.4,49.3,55.9,64.4,47.7,55.8,45.4,68.7,0.0,0,0.0,,0.0,0.0,17.0,9.1,182.6,1028.5,50.6,12.2,138.0,11.9,5,10.0,2024-02-18T06:25:27,2024-02-18T17:24:38,0.28,Partially cloudy,Partly cloudy throughout the day.,partly-cloudy-day,"47662099999,47671099999,47670099999,47642043313,47680099999,47626099999,47682099999,RJTT"
Tokyo,2024-02-19,61.5,55.7,58.8,61.5,55.7,58.8,53.9,84.2,0.079,100,12.5,rain,0.0,0.0,39.8,17.2,176.3,1022.8,77.0,10.8,83.2,7.1,4,10.0,2024-02-19T06:24:18,2024-02-19T17:25:37,0.31,"Rain, Partially cloudy",Partly cloudy throughout the day with rain.,rain,"47662099999,47670099999,47642043313,47680099999,47626099999,47682099999"
Tokyo,2024-02-20,72.7,58.1,64.8,72.7,58.1,64.8,57.8,78.6,0.077,100,4.17,rain,0.0,0.0,41.4,16.1,153.2,1015.9,70.7,10.4,138.1,11.8,5,10.0,2024-02-20T06:23:09,2024-02-20T17:26:35,0.35,"Rain, Partially cloudy",Partly cloudy throughout the day with early morning rain.,rain,"47662099999,47670099999,47642043313,47680099999,47626099999,47682099999"
Tokyo,2024-02-21,55.5,45.8,48.1,55.5,40.9,46.2,45.2,90.1,0.119,100,8.33,rain,0.0,0.0,19.7,10.6,26.8,1020.1,98.3,5.6,19.9,1.8,1,10.0,2024-02-21T06:21:58,2024-02-21T17:27:33,0.38,"Rain, Overcast",Cloudy skies throughout the day with rain.,rain,"47662099999,47671099999,47670099999,47642043313,47680099999,47626099999,47682099999"
Tokyo,2024-02-22,46.2,39.3,42.2,42.6,34.9,38.3,41.0,95.3,0.353,100,20.83,rain,0.0,0.0,20.4,9.1,33.5,1019.5,99.1,5.6,22.5,1.8,1,10.0,2024-02-22T06:20:47,2024-02-22T17:28:31,0.42,"Rain, Overcast",Cloudy skies throughout the day with a chance of rain throughout the day.,rain,"47662099999,47671099999,47670099999,47642043313,47680099999,47626099999,47682099999"
Tokyo,2024-02-23,38.6,35.4,37.1,36.3,27.5,32.1,35.3,93.2,0.251,100,16.67,"rain,snow",0.0,0.0,17.2,15.5,25.3,1022.5,97.6,7.4,38.0,3.4,2,10.0,2024-02-23T06:19:34,2024-02-23T17:29:28,0.45,"Snow, Rain, Overcast",Cloudy skies throughout the day with a chance of rain or snow throughout the day.,rain,"47662099999,47671099999,47727099999,47643099999,47670099999,47642043313,47680099999,47626099999,47682099999,47679043319,RJTT"
Tokyo,2024-02-24,48.8,35.0,41.4,48.5,29.9,38.3,28.0,60.3,0.0,0,0.0,,0.0,0.0,16.6,7.9,52.4,1026.3,35.4,13.2,197.0,16.9,7,10.0,2024-02-24T06:18:21,2024-02-24T17:30:25,0.5,Partially cloudy,Partly cloudy throughout the day.,partly-cloudy-day,"47662099999,47670099999,47642043313,47680099999,47626099999,47682099999"
Tokyo,2024-02-25,40.8,38.7,39.9,40.8,32.9,35.6,34.9,83.3,0.276,100,25.0,rain,0.0,0.0,24.6,9.3,333.7,1021.5,92.8,9.1,39.7,3.4,1,10.0,2024-02-25T06:17:07,2024-02-25T17:31:22,0.52,"Rain, Overcast",Cloudy skies throughout the day with rain.,rain,"47662099999,47670099999,47642043313,47680099999,47626099999,47682099999"
Tokyo,2024-02-26,54.7,40.8,46.2,54.7,34.8,42.4,30.8,58.6,0.116,100,4.17,rain,0.0,0.0,35.1,20.8,320.6,1013.2,29.6,13.4,210.7,18.3,8,10.0,2024-02-26T06:15:52,2024-02-26T17:32:19,0.55,"Rain, Partially cloudy",Clearing in the afternoon with early morning rain.,rain,"47662099999,47670099999,47642043313,47680099999,47626099999,47682099999"
Tokyo,2024-02-27,51.5,40.3,44.5,51.5,31.1,38.1,20.8,39.0,0.0,0,0.0,,0.0,0.0,42.1,27.4,307.2,1015.9,5.0,14.0,210.8,18.3,7,10.0,2024-02-27T06:14:36,2024-02-27T17:33:15,0.59,Clear,Clear conditions throughout the day.,clear-day,"47662099999,47671099999,47670099999,47642043313,47680099999,47626099999,47682099999"
Tokyo,2024-02-28,56.6,39.9,46.9,56.6,33.1,43.6,23.4,40.2,0.0,0,0.0,,0.0,0.0,25.7,14.7,324.0,1023.5,9.7,15.3,220.6,19.1,8,10.0,2024-02-28T06:13:19,2024-02-28T17:34:10,0.62,Clear,Clear conditions throughout the day.,clear-day,"47662099999,47670099999,47642043313,47680099999,47626099999,47682099999"
Tokyo,2024-02-29,53.2,38.9,45.7,53.2,36.0,43.9,31.5,59.4,0.022,100,12.5,rain,0.0,0.0,15.9,9.6,30.8,1023.8,68.8,11.9,128.4,11.0,5,10.0,2024-02-29T06:12:02,2024-02-29T17:35:06,0.65,"Rain, Partially cloudy",Partly cloudy throughout the day with late afternoon rain.,rain,"47662099999,47670099999,47642043313,47680099999,RJTY,47626099999,47682099999,RJTT"
Tokyo,2024-03-01,60.8,39.0,49.5,60.8,31.3,47.3,38.6,70.2,0.748,100,33.33,rain,0.0,0.0,33.3,12.7,332.4,1004.0,69.3,10.7,145.8,12.5,6,10.0,2024-03-01T06:10:44,2024-03-01T17:36:01,0.69,"Rain, Partially cloudy",Partly cloudy throughout the day with rain.,rain,"47662099999,47670099999,47642043313,47680099999,47626099999,47682099999"
Tokyo,2024-03-02,50.3,39.5,43.9,50.3,30.9,39.5,19.7,38.0,0.0,0,0.0,,0.0,0.0,31.3,20.6,325.6,1010.3,44.5,14.0,130.3,11.5,4,10.0,2024-03-02T06:09:25,2024-03-02T17:36:56,0.72,Partially cloudy,Partly cloudy throughout the day.,partly-cloudy-day,"47662099999,47671099999,47670099999,47642043313,47680099999,RJTY,47626099999,47682099999,RJTT"
Tokyo,2024-03-03,54.5,34.9,45.4,54.5,29.8,43.5,22.5,40.5,0.0,0,0.0,,0.0,0.0,21.7,11.2,254.3,1014.3,7.8,13.9,214.4,18.4,7,10.0,2024-03-03T06:08:05,2024-03-03T17:37:50,0.76,Clear,Clear conditions throughout the day.,clear-day,"47662099999,47670099999,47642043313,47680099999,47626099999,47682099999"
Tokyo,2024-03-04,59.5,38.5,48.9,59.5,36.4,48.3,25.8,42.0,0.0,0,0.0,,0.0,0.0,19.0,8.0,338.6,1017.1,6.0,12.8,218.4,18.9,8,10.0,2024-03-04T06:06:45,2024-03-04T17:38:44,0.75,Clear,Clear conditions throughout the day.,clear-day,"47662099999,47670099999,47642043313,47680099999,47626099999,47682099999"
Tokyo,2024-03-05,47.4,37.6,44.0,46.6,31.6,41.9,33.3,68.9,0.434,100,33.33,rain,0.0,0.0,18.6,8.2,8.4,1020.2,81.6,9.2,61.8,5.2,3,10.0,2024-03-05T06:05:24,2024-03-05T17:39:38,0.82,"Rain, Partially cloudy",Partly cloudy throughout the day with rain.,rain,"47662099999,47670099999,47642043313,47680099999,47626099999,47682099999"
Tokyo,2024-03-06,49.3,35.7,41.9,46.4,28.9,36.9,37.0,84.0,0.685,100,20.83,rain,0.2,0.1,29.1,11.4,340.0,1008.2,93.5,8.9,74.1,6.3,4,10.0,2024-03-06T06:04:03,2024-03-06T17:40:32,0.86,"Rain, Overcast",Cloudy skies throughout the day with rain or snow.,snow,"47662099999,47671099999,47670099999,47642043313,47680099999,47626099999,47682099999"
Tokyo,2024-03-07,50.2,41.1,44.6,50.2,37.8,41.6,29.2,54.7,0.0,0,0.0,rain,0.0,0.0,20.1,10.2,51.2,1013.7,84.4,13.2,204.5,17.8,7,10.0,2024-03-07T06:02:41,2024-03-07T17:41:25,0.89,Partially cloudy,Partly cloudy throughout the day.,partly-cloudy-day,"47662099999,47671099999,47670099999,47642043313,47680099999,47626099999,47682099999,RJTT"
Tokyo,2024-03-08,47.9,33.1,40.2,47.0,27.8,37.7,36.6,87.5,0.352,100,33.33,"rain,snow",0.9,0.2,21.0,7.9,4.0,1007.7,72.6,8.4,120.4,10.5,6,10.0,2024-03-08T06:01:19,2024-03-08T17:42:18,0.92,"Snow, Rain, Partially cloudy",Partly cloudy throughout the day with a chance of rain or snow throughout the day.,snow,"47662099999,47670099999,47642043313,47680099999,RJTY,47626099999,47682099999,RJTT"
Tokyo,2024-03-09,50.3,36.8,43.1,50.3,33.3,39.6,24.6,55.3,0.0,0,0.0,,0.0,0.0,32.4,16.2,325.6,1010.0,17.5,11.7,234.5,20.3,8,10.0,2024-03-09T05:59:56,2024-03-09T17:43:11,0.96,Clear,Clear conditions throughout the day.,clear-day,"47662099999,47670099999,47642043313,47680099999,47626099999,47682099999"
Tokyo,2024-03-10,54.5,34.0,43.9,54.5,31.1,41.4,20.2,39.7,0.0,0,0.0,,0.0,0.0,24.6,10.2,322.3,1022.6,7.9,14.6,231.7,20.0,8,10.0,2024-03-10T05:58:33,2024-03-10T17:44:03,0.0,Clear,Clear conditions throughout the day.,clear-day,"47662099999,47670099999,47642043313,47680099999,47626099999,47682099999"
Tokyo,2024-03-11,55.4,36.2,46.4,55.4,32.0,44.9,27.9,48.9,0.0,0,0.0,,0.0,0.0,19.0,9.1,190.4,1024.5,22.1,13.8,233.5,20.2,8,10.0,2024-03-11T05:57:10,2024-03-11T17:44:55,0.03,Partially cloudy,Partly cloudy throughout the day.,partly-cloudy-day,"47662099999,47671099999,47670099999,47642043313,47680099999,47626099999,47682099999"
Tokyo,2024-03-12,49.2,43.5,46.2,48.3,37.0,43.7,39.4,78.7,1.436,100,33.33,rain,0.0,0.0,36.9,15.1,331.0,1008.4,88.2,8.7,48.5,4.2,2,10.0,2024-03-12T05:55:46,2024-03-12T17:45:47,0.06,"Rain, Partially cloudy",Partly cloudy throughout the day with rain.,rain,"47662099999,47670099999,47642043313,47680099999,47626099999,47682099999"
Tokyo,2024-03-13,55.7,44.3,49.4,55.7,40.9,47.0,29.3,46.6,0.001,100,4.17,rain,0.0,0.0,36.7,21.1,318.8,1008.2,26.3,13.4,239.5,20.7,8,10.0,2024-03-13T05:54:21,2024-03-13T17:46:39,0.09,"Rain, Partially cloudy",Partly cloudy throughout the day with early morning rain.,rain,"47662099999,47671099999,47670099999,47642043313,47680099999,RJTY,47626099999,47682099999,RJTT"
Tokyo,2024-03-14,57.8,37.7,48.9,57.8,37.7,48.4,31.1,50.9,0.0,0,0.0,,0.0,0.0,21.3,11.4,150.8,1016.8,8.7,13.9,231.4,19.9,8,10.0,2024-03-14T05:52:57,2024-03-14T17:47:30,0.13,Clear,Clear conditions throughout the day.,clear-day,"47662099999,47670099999,47642043313,47680099999,47626099999,47682099999"
Tokyo,2024-03-15,62.2,43.8,53.1,62.2,41.1,52.5,34.4,49.9,0.0,0,0.0,,0.0,0.0,24.2,12.7,201.7,1016.9,0.0,12.1,248.5,21.4,8,10.0,2024-03-15T05:51:32,2024-03-15T17:48:22,0.16,Clear,Clear conditions throughout the day.,clear-day,"47662099999,47671099999,47670099999,47642043313,47680099999,47626099999,47682099999,RJTT"
Tokyo,2024-03-16,69.9,51.5,58.5,69.9,51.5,58.5,35.6,45.1,0.0,0,0.0,,0.0,0.0,19.0,13.8,158.0,1017.9,2.5,10.5,245.5,21.3,9,10.0,2024-03-16T05:50:07,2024-03-16T17:49:13,0.19,Clear,Clear conditions throughout the day.,clear-day,"47662099999,47670099999,47642043313,47680099999,47626099999,47682099999"
Tokyo,2024-03-17,70.3,50.3,60.6,70.3,50.3,60.6,45.1,58.0,0.0,0,0.0,rain,0.0,0.0,34.7,18.2,214.3,1009.3,29.7,11.3,220.7,19.0,8,10.0,2024-03-17T05:48:42,2024-03-17T17:50:04,0.25,Partially cloudy,Partly cloudy throughout the day.,partly-cloudy-day,"47662099999,47670099999,47642043313,47680099999,47626099999,47682099999"
Tokyo,2024-03-18,58.3,41.7,50.0,58.3,36.6,46.9,19.1,30.2,0.0,0,0.0,,0.0,0.0,43.4,22.0,324.3,1009.7,12.2,12.6,208.9,18.2,8,10.0,2024-03-18T05:47:16,2024-03-18T17:50:55,0.26,Clear,Clear conditions throughout the day.,clear-day,"47662099999,47670099999,47642043313,47680099999,47626099999,47682099999"
Tokyo,2024-03-19,53.0,39.9,46.8,53.0,34.6,43.2,22.8,40.1,0.0,0,0.0,,0.0,0.0,22.1,14.8,256.2,1015.8,33.6,13.6,204.8,17.8,7,10.0,2024-03-19T05:45:50,2024-03-19T17:51:45,0.29,Partially cloudy,Partly cloudy throughout the day.,partly-cloudy-day,"47662099999,47670099999,47642043313,47680099999,47626099999,47682099999"
Tokyo,2024-03-20,59.4,41.2,48.1,59.4,34.7,45.1,32.0,54.1,0.039,100,4.17,rain,0.0,0.0,49.4,23.8,308.4,1000.3,29.3,12.5,214.3,18.6,8,10.0,2024-03-20T05:44:25,2024-03-20T17:52:36,0.33,"Rain, Partially cloudy",Becoming cloudy in the afternoon with late afternoon rain.,rain,"47662099999,47671099999,47670099999,47642043313,47680099999,47626099999,47682099999,RJTT"
Tokyo,2024-03-21,51.1,38.6,43.9,51.1,29.1,38.2,16.3,33.5,0.0,0,0.0,,0.0,0.0,36.9,20.7,310.9,1009.6,6.4,14.4,246.1,21.3,8,10.0,2024-03-21T05:42:59,2024-03-21T17:53:26,0.36,Clear,Clear conditions throughout the day.,clear-day,"47662099999,47671099999,47670099999,47642043313,47680099999,47626099999,47682099999"
Tokyo,2024-03-22,55.6,35.4,44.8,55.6,31.2,42.0,17.2,34.3,0.0,0,0.0,,0.0,0.0,27.7,13.7,321.3,1019.3,2.0,14.5,263.2,22.8,8,10.0,2024-03-22T05:41:33,2024-03-22T17:54:16,0.39,Clear,Clear conditions throughout the day.,clear-day,"47662099999,47670099999,47642043313,47680099999,47626099999,47682099999"
Tokyo,2024-03-23,47.0,37.8,42.4,45.5,34.2,40.3,29.6,61.7,0.02,100,4.17,rain,0.0,0.0,25.3,6.9,345.0,1019.4,39.7,11.5,99.6,8.6,5,10.0,2024-03-23T05:40:07,2024-03-23T17:55:06,0.43,"Rain, Partially cloudy",Partly cloudy throughout the day with afternoon rain.,rain,"47662099999,47671099999,47670099999,47642043313,47680099999,47626099999,47682099999"
Tokyo,2024-03-24,59.0,39.9,49.9,59.0,38.5,49.7,44.4,82.3,0.041,100,4.17,rain,0.0,0.0,13.2,9.0,130.7,1020.1,58.9,7.5,122.1,10.6,5,10.0,2024-03-24T05:38:41,2024-03-24T17:55:56,0.46,"Rain, Partially cloudy",Partly cloudy throughout the day with late afternoon rain.,rain,"47662099999,47670099999,47642043313,47680099999,47626099999,47682099999"
Tokyo,2024-03-25,53.9,51.5,52.4,53.9,51.5,52.4,51.9,98.1,0.349,100,12.5,rain,0.0,0.0,10.1,6.9,329.3,1016.0,99.4,4.6,21.1,1.7,1,10.0,2024-03-25T05:37:15,2024-03-25T17:56:46,0.5,"Rain, Overcast",Cloudy skies throughout the day with a chance of rain throughout the day.,rain,"47662099999,47670099999,47642043313,47680099999,47626099999,47682099999"
Tokyo,2024-03-26,53.0,43.1,49.5,53.0,36.8,47.2,47.5,93.0,1.351,100,54.17,rain,0.0,0.0,36.9,24.1,343.7,1009.2,98.3,5.3,24.3,2.2,1,10.0,2024-03-26T05:35:49,2024-03-26T17:57:36,0.53,"Rain, Overcast",Cloudy skies throughout the day with rain.,rain,"47662099999,47670099999,47641099999,47642043313,47680099999,RJTY,47626099999,47682099999,RJTT,47674099999"
Tokyo,2024-03-27,60.2,45.4,51.9,60.2,37.5,49.7,34.0,52.6,0.001,100,4.17,rain,0.0,0.0,27.7,24.8,346.0,1019.4,21.5,11.2,260.7,22.4,9,10.0,2024-03-27T05:34:23,2024-03-27T17:58:26,0.56,"Rain, Partially cloudy",Partly cloudy throughout the day with early morning rain.,rain,"47727099999,47670099999,47642043313,47680099999,RJTI,47679043319,47662099999,47671099999,47643099999,RJTY,47626099999,47682099999,RJTT"
Tokyo,2024-03-28,55.9,46.1,51.9,55.9,43.4,50.9,39.9,64.0,0.079,100,16.67,rain,0.0,0.0,23.7,19.5,97.1,1023.3,77.5,7.0,98.7,8.3,4,10.0,2024-03-28T05:32:57,2024-03-28T17:59:15,0.6,"Rain, Partially cloudy",Partly cloudy throughout the day with late afternoon rain.,rain,"47662099999,47670099999,47642043313,47680099999,RJTY,RJTI,47626099999,47682099999,RJTT"
Tokyo,2024-03-29,68.2,54.4,61.1,68.2,54.4,61.1,56.1,84.2,0.675,100,58.33,rain,0.0,0.0,47.4,30.9,180.2,1006.7,66.3,5.5,98.0,8.5,5,10.0,2024-03-29T05:31:32,2024-03-29T18:00:05,0.63,"Rain, Partially cloudy",Partly cloudy throughout the day with a chance of rain throughout the day.,rain,"RJTY,RJTI,RJTT"
Tokyo,2024-03-30,71.0,54.4,63.2,71.0,54.4,63.2,49.8,64.9,0.0,0,0.0,,0.0,0.0,18.3,22.2,195.4,1007.8,15.9,6.4,263.9,22.9,9,10.0,2024-03-30T05:30:06,2024-03-30T18:00:55,0.67,Clear,Clear conditions throughout the day.,clear-day,"RJTY,RJTI,RJTT"
Tokyo,2024-03-31,79.0,60.7,67.8,79.0,60.7,67.8,49.4,53.7,0.0,0,0.0,,0.0,0.0,32.2,19.1,208.2,1006.0,27.7,6.6,266.4,23.0,9,10.0,2024-03-31T05:28:41,2024-03-31T18:01:44,0.7,Partially cloudy,Becoming cloudy in the afternoon.,partly-cloudy-day,"RJTY,RJTI,RJTT"
Lagos,2023-10-01,87.8,77.0,81.5,101.8,77.0,87.3,76.4,84.8,0.0,0,0.0,rain,0.0,0.0,22.1,15.0,217.4,1012.3,56.9,6.0,242.1,20.7,8,10.0,2023-10-01T06:34:18,2023-10-01T18:38:07,0.57,Partially cloudy,Partly cloudy throughout the day.,partly-cloudy-day,"VRJU8,DNMM,65201099999"
Lagos,2023-10-02,87.8,76.7,81.5,102.4,76.7,87.3,76.5,85.3,0.433,100,8.33,rain,0.0,0.0,16.8,16.1,222.7,1012.1,59.0,5.7,210.7,18.3,8,30.0,2023-10-02T06:34:09,2023-10-02T18:37:38,0.6,"Rain, Partially cloudy",Partly cloudy throughout the day with rain in the morning and afternoon.,rain,"VRJU8,DNMM,65201099999"
Lagos,2023-10-03,87.8,77.0,81.5,97.8,77.0,87.2,76.1,84.0,0.016,100,12.5,rain,0.0,0.0,17.2,15.0,218.5,1011.8,55.5,7.2,212.9,18.4,8,30.0,2023-10-03T06:34:00,2023-10-03T18:37:08,0.63,"Rain, Partially cloudy",Partly cloudy throughout the day with rain in the morning and afternoon.,rain,"VRJU8,DNMM,remote,65201099999"
Lagos,2023-10-04,87.6,77.0,81.6,101.8,77.0,87.6,77.0,86.3,0.008,100,8.33,rain,0.0,0.0,16.1,13.9,244.6,1012.0,50.0,6.5,151.1,13.1,6,30.0,2023-10-04T06:33:52,2023-10-04T18:36:39,0.66,"Rain, Partially cloudy",Partly cloudy throughout the day with afternoon rain.,rain,"VRJU8,DNMM,remote,65201099999"
Lagos,2023-10-05,91.4,75.5,81.2,102.7,75.5,86.7,76.0,84.7,0.064,100,29.17,rain,0.0,0.0,20.1,19.3,239.6,1012.0,67.3,9.0,122.1,10.5,5,30.0,2023-10-05T06:33:44,2023-10-05T18:36:10,0.7,"Rain, Partially cloudy",Partly cloudy throughout the day with a chance of rain throughout the day.,rain,"VRJU8,DNMM,remote,65201099999"
Lagos,2023-10-06,84.1,60.7,79.3,94.1,60.7,83.7,75.0,87.1,0.076,100,45.83,rain,0.0,0.0,14.1,16.1,203.1,1012.3,68.5,11.2,147.1,12.5,5,30.0,2023-10-06T06:33:36,2023-10-06T18:35:42,0.75,"Rain, Partially cloudy",Partly cloudy throughout the day with a chance of rain throughout the day.,rain,"VRJU8,DNMM,remote,65201099999"
Lagos,2023-10-07,83.2,77.0,79.8,91.5,77.0,83.5,76.0,88.1,0.119,100,50.0,rain,0.0,0.0,13.6,7.6,219.6,1011.7,84.3,11.1,158.3,13.6,8,10.0,2023-10-07T06:33:29,2023-10-07T18:35:14,0.76,"Rain, Partially cloudy",Partly cloudy throughout the day with a chance of rain throughout the day.,rain,"VRJU8,DNMM,remote,65201099999"
Lagos,2023-10-08,87.8,77.0,80.5,102.4,77.0,84.9,76.6,88.1,0.296,100,37.5,rain,0.0,0.0,16.6,8.1,237.8,1012.6,62.4,9.7,207.5,17.9,8,30.0,2023-10-08T06:33:22,2023-10-08T18:34:46,0.79,"Rain, Partially cloudy",Partly cloudy throughout the day with a chance of rain throughout the day.,rain,"DNMM,remote,65201099999"
Lagos,2023-10-09,87.8,57.1,80.1,99.9,57.1,84.3,75.1,85.1,0.158,100,29.17,rain,0.0,0.0,18.3,21.9,255.0,1013.8,69.5,9.1,186.6,15.9,7,30.0,2023-10-09T06:33:15,2023-10-09T18:34:19,0.83,"Rain, Partially cloudy",Partly cloudy throughout the day with rain clearing later.,rain,"VRJU8,DNMM,remote,65201099999"
Lagos,2023-10-10,91.4,75.3,82.0,107.8,75.3,88.4,76.4,83.8,0.0,0,0.0,,0.0,0.0,14.8,11.4,217.4,1013.5,58.7,5.5,209.0,17.9,8,30.0,2023-10-10T06:33:09,2023-10-10T18:33:52,0.86,Partially cloudy,Partly cloudy throughout the day.,partly-cloudy-day,"VRJU8,DNMM,65201099999"
Lagos,2023-10-11,86.3,73.4,81.0,99.4,73.4,86.7,75.5,83.8,0.591,100,4.17,rain,0.0,0.0,40.3,56.9,181.0,1013.0,57.0,5.5,192.1,16.6,8,30.0,2023-10-11T06:33:04,2023-10-11T18:33:26,0.89,"Rain, Partially cloudy",Partly cloudy throughout the day with morning rain.,rain,"VRJU8,DNMM,65201099999"
Lagos,2023-10-12,87.8,73.4,81.9,104.0,73.4,88.6,76.6,84.8,0.0,0,0.0,rain,0.0,0.0,15.7,34.4,209.7,1012.9,52.9,5.8,175.2,14.9,7,30.0,2023-10-12T06:32:58,2023-10-12T18:33:00,0.93,Partially cloudy,Partly cloudy throughout the day.,wind,"DNMM,65201099999"
Lagos,2023-10-13,91.4,73.4,81.2,107.1,73.4,88.2,76.1,85.9,0.59,100,8.33,rain,0.0,0.0,14.8,9.2,81.2,1012.9,52.6,5.9,153.4,13.2,6,30.0,2023-10-13T06:32:54,2023-10-13T18:32:35,0.96,"Rain, Partially cloudy",Partly cloudy throughout the day with rain clearing later.,rain,"DNMM,remote,65201099999"
Lagos,2023-10-14,86.0,77.3,81.2,95.2,77.3,87.1,76.6,86.3,0.048,100,8.33,rain,0.0,0.0,18.3,16.1,172.5,1013.1,60.2,5.4,179.7,15.5,7,30.0,2023-10-14T06:32:49,2023-10-14T18:32:11,0.0,"Rain, Partially cloudy",Partly cloudy throughout the day with rain in the morning and afternoon.,rain,"DNMM,remote,65201099999"
Lagos,2023-10-15,87.9,76.2,81.4,100.9,76.2,87.3,76.4,85.1,0.225,100,25.0,rain,0.0,0.0,17.2,11.4,206.8,1011.9,70.2,9.5,166.7,14.2,6,30.0,2023-10-15T06:32:45,2023-10-15T18:31:47,0.03,"Rain, Partially cloudy",Partly cloudy throughout the day with a chance of rain throughout the day.,rain,"DNMM,remote,65201099999"
Lagos,2023-10-16,89.6,77.0,81.3,102.6,77.0,86.8,76.2,84.8,0.319,100,45.83,rain,0.0,0.0,17.2,15.0,226.9,1012.0,66.5,11.9,181.6,15.4,6,30.0,2023-10-16T06:32:42,2023-10-16T18:31:23,0.06,"Rain, Partially cloudy",Partly cloudy throughout the day with a chance of rain throughout the day.,rain,"VRJU8,DNMM,remote,65201099999"
Lagos,2023-10-17,81.2,66.1,76.7,88.0,66.1,77.7,74.2,92.3,0.394,100,4.17,rain,0.0,0.0,13.4,34.4,36.8,1013.4,73.3,9.0,111.7,9.7,4,30.0,2023-10-17T06:32:39,2023-10-17T18:31:00,0.1,"Rain, Partially cloudy",Partly cloudy throughout the day with morning rain.,rain,"VRJU8,DNMM,remote,65201099999"
Lagos,2023-10-18,91.4,66.1,80.9,107.8,66.1,86.5,75.3,83.8,0.0,0,0.0,rain,0.0,0.0,17.7,36.9,235.9,1013.5,58.7,8.7,240.9,20.8,9,30.0,2023-10-18T06:32:37,2023-10-18T18:30:38,0.13,Partially cloudy,Partly cloudy throughout the day.,wind,"VRJU8,DNMM,remote,65201099999"
Lagos,2023-10-19,86.3,73.3,81.8,98.4,73.3,88.1,76.4,84.0,0.02,100,20.83,rain,0.0,0.0,16.6,8.1,211.7,1013.3,57.6,13.7,218.3,18.9,8,60.0,2023-10-19T06:32:36,2023-10-19T18:30:17,0.17,"Rain, Partially cloudy",Clearing in the afternoon with rain in the morning and afternoon.,rain,"VRJU8,DNMM,remote,65201099999"
Lagos,2023-10-20,87.8,77.0,81.8,102.4,77.0,89.1,77.4,86.8,0.012,100,8.33,rain,0.0,0.0,17.0,8.7,212.6,1012.7,58.1,8.7,245.8,21.2,8,30.0,2023-10-20T06:32:35,2023-10-20T18:29:56,0.2,"Rain, Partially cloudy",Partly cloudy throughout the day with rain in the morning and afternoon.,rain,"VRJU8,DNMM,remote,65201099999"
Lagos,2023-10-21,86.0,76.9,81.0,99.4,76.9,86.3,76.6,86.8,0.154,100,29.17,rain,0.0,0.0,15.2,11.4,235.0,1012.4,68.4,10.9,224.2,19.2,8,30.0,2023-10-21T06:32:34,2023-10-21T18:29:36,0.24,"Rain, Partially cloudy",Partly cloudy throughout the day with rain in the morning and afternoon.,rain,"VRJU8,DNMM,remote,65201099999"
Lagos,2023-10-22,88.1,78.2,81.9,102.5,78.2,89.1,77.8,87.9,0.055,100,29.17,rain,0.0,0.0,17.0,24.2,188.8,1011.9,53.5,10.5,223.6,19.2,8,30.0,2023-10-22T06:32:34,2023-10-22T18:29:17,0.25,"Rain, Partially cloudy",Partly cloudy throughout the day with rain.,rain,"VRJU8,DNMM,remote,65201099999"
Lagos,2023-10-23,87.8,77.0,82.3,102.4,77.0,88.9,76.4,83.0,0.138,100,29.17,rain,0.0,0.0,15.7,16.1,167.3,1011.4,71.2,10.7,197.6,17.0,7,30.0,2023-10-23T06:32:35,2023-10-23T18:28:58,0.31,"Rain, Partially cloudy",Partly cloudy throughout the day with rain.,rain,"VRJU8,DNMM,remote,65201099999"
Lagos,2023-10-24,89.6,79.8,83.4,119.8,79.8,92.8,77.5,82.8,0.154,100,29.17,rain,0.0,0.0,15.9,11.4,214.8,1011.3,63.8,10.4,183.5,15.8,7,30.0,2023-10-24T06:32:36,2023-10-24T18:28:40,0.34,"Rain, Partially cloudy",Partly cloudy throughout the day with a chance of rain throughout the day.,rain,"VRJU8,DNMM,remote,65201099999"
Lagos,2023-10-25,89.6,78.6,83.0,108.1,78.6,91.8,77.8,84.7,0.004,100,4.17,rain,0.0,0.0,21.0,22.1,240.4,1011.6,58.2,6.2,224.3,19.2,9,60.0,2023-10-25T06:32:38,2023-10-25T18:28:23,0.38,"Rain, Partially cloudy",Partly cloudy throughout the day with afternoon rain.,rain,"VRJU8,DNMM,remote,65201099999"
Lagos,2023-10-26,91.4,75.2,82.4,108.2,75.2,89.6,76.2,82.1,0.079,100,4.17,rain,0.0,0.0,16.6,12.8,222.3,1012.1,47.8,5.4,218.6,18.8,8,60.0,2023-10-26T06:32:41,2023-10-26T18:28:07,0.42,"Rain, Partially cloudy",Partly cloudy throughout the day with morning rain.,rain,"DNMM,65201099999"
Lagos,2023-10-27,91.2,77.0,83.3,104.8,77.0,90.1,76.7,81.7,0.0,0,0.0,rain,0.0,0.0,16.8,12.8,208.4,1012.4,53.4,5.9,227.3,19.6,8,30.0,2023-10-27T06:32:45,2023-10-27T18:27:52,0.45,Partially cloudy,Partly cloudy throughout the day.,partly-cloudy-day,"VRJU8,DNMM,65201099999"
Lagos,2023-10-28,89.6,77.1,83.3,105.2,77.1,92.0,77.6,83.6,0.0,0,0.0,rain,0.0,0.0,14.3,9.2,240.4,1010.9,60.3,5.8,204.0,17.7,8,30.0,2023-10-28T06:32:49,2023-10-28T18:27:37,0.5,Partially cloudy,Partly cloudy throughout the day.,partly-cloudy-day,"DNMM,65201099999"
Lagos,2023-10-29,93.2,73.4,82.1,107.5,73.4,88.6,75.8,82.3,1.024,100,4.17,rain,0.0,0.0,13.6,9.2,210.2,1009.4,43.4,5.3,187.2,16.1,6,30.0,2023-10-29T06:32:53,2023-10-29T18:27:23,0.52,"Rain, Partially cloudy",Partly cloudy throughout the day with early morning rain.,rain,"DNMM,65201099999"
Lagos,2023-10-30,91.4,76.3,83.6,108.0,76.3,92.6,77.5,82.5,0.0,0,0.0,,0.0,0.0,15.0,17.2,201.4,1008.9,61.8,5.7,203.9,17.5,7,60.0,2023-10-30T06:32:59,2023-10-30T18:27:10,0.55,Partially cloudy,Partly cloudy throughout the day.,partly-cloudy-day,"VRJU8,DNMM,65201099999"
Lagos,2023-10-31,86.0,75.0,79.7,95.2,75.0,84.0,74.9,85.8,1.732,100,8.33,rain,0.0,0.0,19.7,17.2,132.7,1010.1,48.2,5.8,111.3,9.6,6,60.0,2023-10-31T06:33:05,2023-10-31T18:26:58,0.58,"Rain, Partially cloudy",Partly cloudy throughout the day with rain clearing later.,rain,"VRJU8,DNMM,65201099999"
Lagos,2023-11-01,87.8,76.6,81.6,103.1,76.6,88.3,77.3,87.3,0.111,100,12.5,rain,0.0,0.0,15.2,16.1,43.8,1012.1,60.9,7.8,194.5,16.8,7,60.0,2023-11-01T06:33:12,2023-11-01T18:26:47,0.62,"Rain, Partially cloudy",Partly cloudy throughout the day with afternoon rain.,rain,"VRJU8,DNMM,remote,65201099999"
Lagos,2023-11-02,91.4,78.8,83.8,107.5,78.8,92.9,77.6,82.4,0.008,100,8.33,rain,0.0,0.0,19.5,15.0,229.6,1011.7,69.6,8.9,220.8,18.9,8,60.0,2023-11-02T06:33:20,2023-11-02T18:26:37,0.65,"Rain, Partially cloudy",Partly cloudy throughout the day with rain in the morning and afternoon.,rain,"VRJU8,DNMM,remote,65201099999"
Lagos,2023-11-03,89.6,78.6,82.8,102.6,78.6,91.5,78.2,86.5,0.197,100,4.17,rain,0.0,0.0,18.8,13.9,228.6,1011.4,59.3,5.6,218.5,18.9,8,60.0,2023-11-03T06:33:28,2023-11-03T18:26:28,0.68,"Rain, Partially cloudy",Partly cloudy throughout the day with late afternoon rain.,rain,"VRJU8,DNMM,65201099999"
Lagos,2023-11-04,89.6,78.8,83.1,102.6,78.8,91.6,77.5,84.0,0.394,100,4.17,rain,0.0,0.0,25.3,23.0,225.4,1011.4,58.7,5.8,176.2,15.2,7,60.0,2023-11-04T06:33:37,2023-11-04T18:26:19,0.71,"Rain, Partially cloudy",Partly cloudy throughout the day with late afternoon rain.,rain,"DNMM,65201099999"
Lagos,2023-11-05,89.6,78.6,82.6,105.2,78.6,90.9,77.6,85.0,0.118,100,4.17,rain,0.0,0.0,15.7,11.4,222.0,1011.4,52.5,5.3,126.6,11.0,6,60.0,2023-11-05T06:33:47,2023-11-05T18:26:12,0.75,"Rain, Partially cloudy",Partly cloudy throughout the day with morning rain.,rain,"DNMM,65201099999"
Lagos,2023-11-06,93.2,73.3,80.6,113.5,73.3,85.9,76.3,87.6,0.0,0,0.0,,0.0,0.0,15.7,11.4,305.3,1012.0,61.7,5.5,98.8,8.5,4,30.0,2023-11-06T06:33:57,2023-11-06T18:26:05,0.78,Partially cloudy,Partly cloudy throughout the day.,partly-cloudy-day,"DNMM,remote,65201099999"
Lagos,2023-11-07,89.6,73.4,80.1,108.1,73.4,86.5,76.1,88.3,2.087,100,4.17,rain,0.0,0.0,15.2,8.1,197.9,1011.7,53.0,4.5,159.4,13.8,7,30.0,2023-11-07T06:34:09,2023-11-07T18:26:00,0.81,"Rain, Partially cloudy",Partly cloudy throughout the day with early morning rain.,rain,"DNMM,65201099999"
Lagos,2023-11-08,87.8,76.6,81.8,102.4,76.6,88.7,77.4,86.9,0.0,0,0.0,rain,0.0,0.0,15.7,11.6,230.2,1011.3,53.5,5.4,214.0,18.5,8,30.0,2023-11-08T06:34:21,2023-11-08T18:25:55,0.84,Partially cloudy,Partly cloudy throughout the day.,partly-cloudy-day,"VRJU8,DNMM,65201099999"
Lagos,2023-11-09,89.6,78.4,82.7,103.1,78.4,90.9,77.3,84.3,0.028,100,20.83,rain,0.0,0.0,16.8,13.9,231.6,1011.2,62.9,9.9,209.4,18.2,8,30.0,2023-11-09T06:34:33,2023-11-09T18:25:51,0.87,"Rain, Partially cloudy",Partly cloudy throughout the day with rain in the morning and afternoon.,rain,"VRJU8,DNMM,remote,65201099999"
Lagos,2023-11-10,89.6,77.0,83.4,106.6,77.0,93.1,78.1,84.7,0.024,100,16.67,rain,0.0,0.0,17.4,10.3,231.1,1011.7,63.4,10.8,232.2,20.0,8,60.0,2023-11-10T06:34:47,2023-11-10T18:25:49,0.91,"Rain, Partially cloudy",Partly cloudy throughout the day with rain in the morning and afternoon.,rain,"VRJU8,DNMM,remote,65201099999"
Lagos,2023-11-11,86.6,77.0,82.4,102.4,77.0,91.5,78.3,87.4,0.048,100,25.0,rain,0.0,0.0,17.2,15.0,220.3,1012.2,62.6,12.6,210.2,18.2,8,60.0,2023-11-11T06:35:01,2023-11-11T18:25:47,0.94,"Rain, Partially cloudy",Partly cloudy throughout the day with rain.,rain,"VRJU8,DNMM,remote,65201099999"
Lagos,2023-11-12,89.6,80.5,84.1,105.2,86.9,94.7,78.0,82.5,0.099,100,29.17,rain,0.0,0.0,15.0,12.8,204.5,1012.1,51.6,12.6,197.9,17.1,8,60.0,2023-11-12T06:35:16,2023-11-12T18:25:46,0.97,"Rain, Partially cloudy",Partly cloudy throughout the day with rain in the morning and afternoon.,rain,"VRJU8,DNMM,remote,65201099999"
Lagos,2023-11-13,91.4,80.0,83.9,107.8,80.0,93.8,77.8,82.5,0.028,100,20.83,rain,0.0,0.0,17.2,11.4,202.7,1011.9,48.1,10.8,202.1,17.5,8,60.0,2023-11-13T06:35:32,2023-11-13T18:25:47,0.0,"Rain, Partially cloudy",Partly cloudy throughout the day with rain in the morning and afternoon.,rain,"VRJU8,DNMM,remote,65201099999"
Lagos,2023-11-14,86.4,77.0,81.6,100.0,77.0,88.7,77.2,86.7,0.056,100,41.67,rain,0.0,0.0,16.8,6.3,236.6,1010.5,35.0,9.3,213.5,18.4,8,60.0,2023-11-14T06:35:49,2023-11-14T18:25:48,0.04,"Rain, Partially cloudy",Partly cloudy throughout the day with rain.,rain,"DNMM,remote,65201099999"
Lagos,2023-11-15,81.9,75.2,79.0,89.4,75.2,82.3,75.4,89.0,0.118,100,4.17,rain,0.0,0.0,19.2,13.9,95.9,1011.0,75.3,9.7,104.8,9.0,3,60.0,2023-11-15T06:36:06,2023-11-15T18:25:50,0.07,"Rain, Partially cloudy",Partly cloudy throughout the day with afternoon rain.,rain,"DNMM,remote,65201099999"
Lagos,2023-11-16,91.7,74.8,81.7,104.0,74.8,87.8,75.7,83.3,0.0,0,0.0,,0.0,0.0,13.6,10.3,243.7,1011.2,45.7,4.6,241.1,20.6,9,30.0,2023-11-16T06:36:24,2023-11-16T18:25:53,0.11,Partially cloudy,Partly cloudy throughout the day.,partly-cloudy-day,"DNMM,65201099999"
Lagos,2023-11-17,91.7,77.3,83.7,110.7,77.3,93.0,77.4,82.0,0.0,0,0.0,,0.0,0.0,17.2,15.0,226.9,1011.1,52.3,4.1,223.9,19.3,8,60.0,2023-11-17T06:36:42,2023-11-17T18:25:58,0.15,Partially cloudy,Partly cloudy throughout the day.,partly-cloudy-day,"DNMM,65201099999"
Lagos,2023-11-18,91.0,78.8,84.0,107.6,78.8,93.2,77.7,82.1,0.0,0,0.0,rain,0.0,0.0,18.3,13.6,237.7,1011.7,57.9,4.7,188.7,16.2,7,60.0,2023-11-18T06:37:02,2023-11-18T18:26:03,0.18,Partially cloudy,Partly cloudy throughout the day.,partly-cloudy-day,"VRJU8,DNMM,65201099999"
Lagos,2023-11-19,93.2,78.8,84.8,107.5,78.8,94.8,77.8,80.4,0.0,0,0.0,rain,0.0,0.0,31.3,13.9,235.7,1011.8,51.7,5.2,193.3,16.6,7,75.0,2023-11-19T06:37:22,2023-11-19T18:26:09,0.22,Partially cloudy,Partly cloudy throughout the day.,partly-cloudy-day,"VRJU8,DNMM,remote,65201099999"
Lagos,2023-11-20,91.4,79.4,84.6,105.5,79.4,95.4,78.5,82.6,0.0,0,0.0,rain,0.0,0.0,15.9,10.3,245.2,1011.6,50.7,4.6,213.8,18.4,7,60.0,2023-11-20T06:37:42,2023-11-20T18:26:16,0.25,Partially cloudy,Partly cloudy throughout the day.,partly-cloudy-day,"VRJU8,DNMM,65201099999"
Lagos,2023-11-21,93.2,78.8,83.9,107.5,78.8,92.9,77.7,82.4,0.0,0,0.0,,0.0,0.0,17.0,10.5,255.8,1010.7,58.7,7.6,222.1,19.3,8,75.0,2023-11-21T06:38:04,2023-11-21T18:26:25,0.29,Partially cloudy,Partly cloudy throughout the day.,partly-cloudy-day,"VRJU8,DNMM,remote,65201099999"
Lagos,2023-11-22,89.6,79.8,84.1,102.6,79.8,94.3,78.1,82.8,0.02,100,20.83,rain,0.0,0.0,20.6,38.8,220.6,1010.7,72.2,9.0,216.0,18.7,8,60.0,2023-11-22T06:38:25,2023-11-22T18:26:34,0.32,"Rain, Partially cloudy",Partly cloudy throughout the day with a chance of rain throughout the day.,rain,"VRJU8,DNMM,remote,65201099999"
Lagos,2023-11-23,86.0,77.0,81.8,99.2,77.0,89.1,77.6,87.4,0.315,100,4.17,rain,0.0,0.0,23.0,21.9,192.9,1011.8,59.3,7.4,210.0,18.0,8,60.0,2023-11-23T06:38:48,2023-11-23T18:26:44,0.36,"Rain, Partially cloudy",Partly cloudy throughout the day with late afternoon rain.,rain,"VRJU8,DNMM,remote,65201099999"
Lagos,2023-11-24,86.0,78.8,81.7,99.4,78.8,88.5,77.7,88.0,0.039,100,4.17,rain,0.0,0.0,13.6,19.7,197.0,1011.1,61.2,8.6,161.2,13.8,6,60.0,2023-11-24T06:39:11,2023-11-24T18:26:55,0.4,"Rain, Partially cloudy",Partly cloudy throughout the day with afternoon rain.,rain,"VRJU8,DNMM,remote,65201099999"
Lagos,2023-11-25,87.8,76.9,81.0,99.9,76.9,85.8,76.3,86.2,0.252,100,33.33,rain,0.0,0.0,15.2,11.0,217.9,1010.3,63.8,10.2,142.9,12.2,5,60.0,2023-11-25T06:39:35,2023-11-25T18:27:07,0.43,"Rain, Partially cloudy",Partly cloudy throughout the day with rain in the morning and afternoon.,rain,"DNMM,remote,65201099999"
Lagos,2023-11-26,80.7,77.0,78.4,87.2,77.0,79.2,76.0,92.6,1.889,100,12.5,rain,0.0,0.0,14.3,10.3,34.6,1012.9,58.8,5.5,92.1,7.9,4,60.0,2023-11-26T06:39:59,2023-11-26T18:27:20,0.47,"Rain, Partially cloudy",Partly cloudy throughout the day with rain.,rain,"VRJU8,DNMM,remote,65201099999"
Lagos,2023-11-27,91.4,75.2,81.8,104.2,75.2,87.3,75.6,82.5,0.0,0,0.0,,0.0,0.0,13.4,10.0,241.3,1012.5,37.4,6.0,252.8,22.0,9,30.0,2023-11-27T06:40:24,2023-11-27T18:27:34,0.5,Partially cloudy,Partly cloudy throughout the day.,partly-cloudy-day,"VRJU8,DNMM,remote,65201099999"
Lagos,2023-11-28,89.9,77.0,83.2,103.1,77.0,90.8,76.7,81.3,0.0,0,0.0,rain,0.0,0.0,15.4,12.8,227.5,1011.6,54.9,5.4,197.2,17.0,7,60.0,2023-11-28T06:40:50,2023-11-28T18:27:49,0.53,Partially cloudy,Partly cloudy throughout the day.,partly-cloudy-day,"DNMM,65201099999"
Lagos,2023-11-29,91.4,77.0,83.3,107.8,77.0,92.0,77.8,84.1,0.004,100,4.17,rain,0.0,0.0,15.7,12.8,236.5,1011.2,52.8,6.6,149.9,12.8,6,60.0,2023-11-29T06:41:16,2023-11-29T18:28:04,0.57,"Rain, Partially cloudy",Partly cloudy throughout the day with afternoon rain.,rain,"DNMM,remote,65201099999"
Lagos,2023-11-30,89.6,77.0,81.9,105.2,77.0,88.6,77.0,85.5,0.079,100,4.17,rain,0.0,0.0,15.4,11.4,229.5,1011.9,47.3,5.4,205.3,17.6,8,75.0,2023-11-30T06:41:42,2023-11-30T18:28:21,0.6,"Rain, Partially cloudy",Partly cloudy throughout the day with late afternoon rain.,rain,"VRJU8,DNMM,65201099999"
Lagos,2023-12-01,91.4,75.2,82.5,108.0,75.2,89.7,77.6,86.3,0.0,0,0.0,rain,0.0,0.0,17.0,12.8,242.7,1012.3,52.9,5.6,215.2,18.5,8,60.0,2023-12-01T06:42:09,2023-12-01T18:28:38,0.63,Partially cloudy,Partly cloudy throughout the day.,partly-cloudy-day,"VRJU8,DNMM,65201099999"
Lagos,2023-12-02,91.7,73.4,81.9,105.8,73.4,88.5,75.7,82.8,0.197,100,4.17,rain,0.0,0.0,16.6,9.2,214.6,1012.2,50.3,6.0,190.7,16.6,7,75.0,2023-12-02T06:42:37,2023-12-02T18:28:56,0.66,"Rain, Partially cloudy",Partly cloudy throughout the day with early morning rain.,rain,"VRJU8,DNMM,remote,65201099999"
Lagos,2023-12-03,93.2,77.0,84.2,110.4,77.0,93.3,77.3,80.7,0.0,0,0.0,,0.0,0.0,16.3,16.1,217.3,1011.7,47.9,5.2,225.5,19.5,8,60.0,2023-12-03T06:43:04,2023-12-03T18:29:15,0.69,Partially cloudy,Partly cloudy throughout the day.,partly-cloudy-day,"VRJU8,DNMM,65201099999"
Lagos,2023-12-04,93.2,77.6,84.4,107.5,77.6,93.4,77.5,80.7,0.0,0,0.0,,0.0,0.0,15.0,12.8,220.3,1012.1,57.5,5.7,209.5,18.1,8,60.0,2023-12-04T06:43:32,2023-12-04T18:29:35,0.73,Partially cloudy,Partly cloudy throughout the day.,partly-cloudy-day,"VRJU8,DNMM,65201099999"
Lagos,2023-12-05,91.4,77.0,83.9,108.0,77.0,92.5,77.1,80.8,0.197,100,4.17,rain,0.0,0.0,14.1,10.3,233.8,1011.9,49.8,5.4,211.7,18.1,8,60.0,2023-12-05T06:44:01,2023-12-05T18:29:56,0.75,"Rain, Partially cloudy",Partly cloudy throughout the day with morning rain.,rain,"DNMM,65201099999"
Lagos,2023-12-06,89.6,76.8,81.9,105.2,76.8,88.0,75.7,81.8,0.118,100,4.17,rain,0.0,0.0,15.0,15.7,224.1,1012.2,53.2,6.1,165.7,14.4,6,60.0,2023-12-06T06:44:30,2023-12-06T18:30:17,0.79,"Rain, Partially cloudy",Partly cloudy throughout the day with late afternoon rain.,rain,"VRJU8,DNMM,remote,65201099999"
Lagos,2023-12-07,91.4,75.2,82.8,107.8,75.2,90.9,76.7,82.7,0.0,0,0.0,rain,0.0,0.0,16.3,10.3,240.9,1012.8,49.2,5.2,188.5,16.3,7,60.0,2023-12-07T06:44:59,2023-12-07T18:30:39,0.82,Partially cloudy,Partly cloudy throughout the day.,partly-cloudy-day,"VRJU8,DNMM,65201099999"
Lagos,2023-12-08,92.8,78.8,84.2,109.9,78.8,93.9,78.2,83.0,0.0,0,0.0,,0.0,0.0,14.1,9.8,243.3,1012.7,44.3,5.0,198.3,16.9,7,60.0,2023-12-08T06:45:28,2023-12-08T18:31:02,0.85,Partially cloudy,Partly cloudy throughout the day.,partly-cloudy-day,"VRJU8,DNMM,65201099999"
Lagos,2023-12-09,91.4,78.4,84.0,107.8,78.4,93.6,77.8,82.1,0.0,0,0.0,rain,0.0,0.0,16.1,13.1,222.1,1010.6,53.7,5.8,213.0,18.4,8,60.0,2023-12-09T06:45:58,2023-12-09T18:31:26,0.89,Partially cloudy,Partly cloudy throughout the day.,partly-cloudy-day,"VRJU8,DNMM,remote,65201099999"
Lagos,2023-12-10,93.2,77.0,84.0,110.4,77.0,92.8,77.6,82.2,0.0,0,0.0,,0.0,0.0,13.9,11.6,226.7,1011.3,45.9,5.6,210.8,18.3,8,60.0,2023-12-10T06:46:28,2023-12-10T18:31:50,0.92,Partially cloudy,Partly cloudy throughout the day.,partly-cloudy-day,"VRJU8,DNMM,65201099999"
Lagos,2023-12-11,93.2,78.4,84.3,105.8,78.4,93.7,77.8,82.0,0.0,0,0.0,,0.0,0.0,15.9,9.2,262.4,1011.4,51.4,5.0,224.7,19.3,8,60.0,2023-12-11T06:46:58,2023-12-11T18:32:15,0.95,Partially cloudy,Partly cloudy throughout the day.,partly-cloudy-day,"VRJU8,DNMM,65201099999"
Lagos,2023-12-12,89.6,76.9,80.9,92.7,76.9,83.3,72.9,78.7,0.008,100,8.33,rain,0.0,0.0,34.4,13.9,7.2,1012.1,43.0,3.7,227.9,19.6,8,30.0,2023-12-12T06:47:28,2023-12-12T18:32:40,0.98,"Rain, Partially cloudy",Partly cloudy throughout the day with morning rain.,rain,"DNMM,remote,65201099999"
Lagos,2023-12-13,93.2,73.0,81.5,94.2,73.0,82.4,66.1,62.3,0.0,0,0.0,,0.0,0.0,15.0,10.3,66.0,1011.4,32.6,3.2,254.4,22.0,9,10.0,2023-12-13T06:47:58,2023-12-13T18:33:06,0.0,Partially cloudy,Partly cloudy throughout the day.,partly-cloudy-day,"DNMM,remote,65201099999"
Lagos,2023-12-14,93.2,71.6,81.6,105.5,71.6,84.8,69.7,69.4,0.0,0,0.0,,0.0,0.0,12.3,9.2,75.0,1010.9,30.0,2.7,252.6,21.9,9,10.0,2023-12-14T06:48:29,2023-12-14T18:33:33,0.05,Partially cloudy,Partly cloudy throughout the day.,partly-cloudy-day,"DNMM,remote,65201099999"
Lagos,2023-12-15,95.0,73.0,82.5,96.7,73.0,84.1,67.6,63.7,0.0,0,0.0,,0.0,0.0,12.8,10.3,20.6,1010.6,29.2,1.5,251.5,21.8,9,10.0,2023-12-15T06:48:59,2023-12-15T18:34:00,0.09,Partially cloudy,Partly cloudy throughout the day.,partly-cloudy-day,"DNMM,65201099999"
Lagos,2023-12-16,95.0,75.0,82.9,101.4,75.0,86.5,72.1,72.1,0.0,0,0.0,,0.0,0.0,13.4,9.2,222.4,1009.5,40.5,2.8,250.5,21.7,9,10.0,2023-12-16T06:49:30,2023-12-16T18:34:27,0.12,Partially cloudy,Partly cloudy throughout the day.,partly-cloudy-day,"VRJU8,DNMM,remote,65201099999"
Lagos,2023-12-17,93.2,76.6,83.0,102.8,76.6,87.0,72.1,70.8,0.0,0,0.0,,0.0,0.0,15.7,10.3,294.0,1009.8,45.6,1.7,248.0,21.4,9,10.0,2023-12-17T06:50:00,2023-12-17T18:34:55,0.16,Partially cloudy,Partly cloudy throughout the day.,partly-cloudy-day,"VRJU8,DNMM,65201099999"
Lagos,2023-12-18,96.8,77.0,84.5,103.6,77.0,88.2,71.3,68.3,0.0,0,0.0,,0.0,0.0,17.0,10.3,261.6,1009.9,25.9,2.4,251.9,21.8,9,30.0,2023-12-18T06:50:31,2023-12-18T18:35:23,0.2,Partially cloudy,Partly cloudy throughout the day.,partly-cloudy-day,"DNMM,65201099999"
Lagos,2023-12-19,91.4,76.7,83.4,105.2,76.7,90.0,76.1,79.9,0.0,0,0.0,,0.0,0.0,16.3,8.1,236.6,1010.8,42.1,3.0,220.5,19.2,8,30.0,2023-12-19T06:51:01,2023-12-19T18:35:52,0.25,Partially cloudy,Partly cloudy throughout the day.,partly-cloudy-day,"VRJU8,DNMM,remote,65201099999"
Lagos,2023-12-20,95.3,77.0,84.4,102.7,77.0,89.6,73.9,74.5,0.0,0,0.0,,0.0,0.0,19.5,11.4,314.6,1012.2,33.1,3.0,241.1,21.0,9,60.0,2023-12-20T06:51:31,2023-12-20T18:36:21,0.27,Partially cloudy,Partly cloudy throughout the day.,partly-cloudy-day,"DNMM,65201099999"
Lagos,2023-12-21,95.0,71.6,82.6,93.8,71.6,84.1,67.2,64.8,0.0,0,0.0,,0.0,0.0,17.9,13.9,296.7,1011.0,34.7,6.8,253.4,21.9,9,30.0,2023-12-21T06:52:01,2023-12-21T18:36:51,0.3,Partially cloudy,Partly cloudy throughout the day.,partly-cloudy-day,"DNMM,remote,65201099999"
Lagos,2023-12-22,98.6,69.8,84.8,101.6,69.8,87.3,69.4,63.5,0.0,0,0.0,,0.0,0.0,17.0,23.0,274.1,1011.7,43.0,6.1,246.7,21.4,9,10.0,2023-12-22T06:52:31,2023-12-22T18:37:21,0.34,Partially cloudy,Partly cloudy throughout the day.,partly-cloudy-day,"VRJU8,DNMM,remote,65201099999"
Lagos,2023-12-23,95.1,76.8,84.4,101.6,76.8,89.3,73.6,72.4,0.0,0,0.0,,0.0,0.0,17.0,10.3,63.9,1011.9,28.1,3.4,239.6,20.8,8,30.0,2023-12-23T06:53:01,2023-12-23T18:37:51,0.37,Partially cloudy,Partly cloudy throughout the day.,partly-cloudy-day,"VRJU8,DNMM,remote,65201099999"
Lagos,2023-12-24,96.8,77.0,84.9,103.6,77.0,89.7,72.4,68.1,0.0,0,0.0,,0.0,0.0,18.8,9.2,122.7,1012.4,28.7,3.1,247.5,21.4,9,10.0,2023-12-24T06:53:30,2023-12-24T18:38:21,0.41,Partially cloudy,Partly cloudy throughout the day.,partly-cloudy-day,"DNMM,remote,65201099999"
Lagos,2023-12-25,96.9,73.5,83.9,100.4,73.5,87.7,71.6,69.3,0.0,0,0.0,,0.0,0.0,18.8,9.2,277.4,1011.7,31.7,2.6,231.4,20.2,9,10.0,2023-12-25T06:53:59,2023-12-25T18:38:51,0.44,Partially cloudy,Partly cloudy throughout the day.,partly-cloudy-day,"VRJU8,DNMM,65201099999"
Lagos,2023-12-26,95.0,75.2,82.9,105.5,75.2,89.5,75.9,81.1,0.0,0,0.0,,0.0,0.0,15.7,10.3,257.8,1011.8,41.6,3.0,230.9,19.8,8,30.0,2023-12-26T06:54:28,2023-12-26T18:39:22,0.48,Partially cloudy,Partly cloudy throughout the day.,partly-cloudy-day,"VRJU8,DNMM,65201099999"
Lagos,2023-12-27,95.0,76.8,83.8,108.3,76.8,91.1,76.4,79.8,0.0,0,0.0,,0.0,0.0,17.0,8.1,167.5,1012.1,57.5,3.0,238.4,20.6,9,30.0,2023-12-27T06:54:56,2023-12-27T18:39:53,0.5,Partially cloudy,Partly cloudy throughout the day.,partly-cloudy-day,"DNMM,remote,65201099999"
Lagos,2023-12-28,94.6,75.3,83.8,106.9,75.3,90.4,75.2,76.9,0.0,0,0.0,,0.0,0.0,16.8,12.8,105.8,1013.1,28.8,2.6,250.1,21.8,9,10.0,2023-12-28T06:55:24,2023-12-28T18:40:24,0.55,Partially cloudy,Partly cloudy throughout the day.,partly-cloudy-day,"DNMM,remote,65201099999"
Lagos,2023-12-29,95.0,75.2,84.3,103.2,75.2,90.0,74.2,73.8,0.0,0,0.0,,0.0,0.0,19.0,8.1,250.6,1012.3,29.2,2.3,248.2,21.4,9,10.0,2023-12-29T06:55:52,2023-12-29T18:40:55,0.58,Partially cloudy,Partly cloudy throughout the day.,partly-cloudy-day,"DNMM,65201099999"
Lagos,2023-12-30,95.1,77.0,83.8,107.5,77.0,91.6,76.8,80.8,0.0,0,0.0,rain,0.0,0.0,18.1,10.3,257.2,1012.2,40.3,2.2,229.4,19.7,8,60.0,2023-12-30T06:56:19,2023-12-30T18:41:25,0.61,Partially cloudy,Partly cloudy throughout the day.,partly-cloudy-day,"VRJU8,DNMM,65201099999"
Lagos,2023-12-31,96.4,78.5,85.1,107.5,78.5,94.6,77.5,79.7,0.0,0,0.0,,0.0,0.0,19.2,9.2,234.1,1012.0,41.3,2.7,227.8,19.7,8,60.0,2023-12-31T06:56:46,2023-12-31T18:41:56,0.64,Partially cloudy,Partly cloudy throughout the day.,partly-cloudy-day,"VRJU8,DNMM,65201099999"
Lagos,2024-01-01,95.0,77.0,84.7,110.5,77.0,94.3,77.8,81.3,0.004,100,4.17,rain,0.0,0.0,17.9,11.4,244.8,1012.4,43.0,3.3,219.5,19.0,8,60.0,2024-01-01T06:57:12,2024-01-01T18:42:27,0.68,"Rain, Partially cloudy",Partly cloudy throughout the day with morning rain.,rain,"DNMM,remote,65201099999"
Lagos,2024-01-02,95.0,77.1,83.9,113.3,77.1,93.6,78.3,84.4,0.0,0,0.0,,0.0,0.0,17.9,13.9,217.9,1013.3,42.0,3.6,217.9,18.7,8,75.0,2024-01-02T06:57:38,2024-01-02T18:42:58,0.71,Partially cloudy,Partly cloudy throughout the day.,partly-cloudy-day,"VRJU8,DNMM,65201099999"
Lagos,2024-01-03,94.6,77.0,84.6,110.2,77.0,93.9,77.6,80.6,0.0,0,0.0,,0.0,0.0,18.6,11.8,219.5,1013.2,51.2,3.7,197.4,17.1,7,75.0,2024-01-03T06:58:03,2024-01-03T18:43:29,0.74,Partially cloudy,Partly cloudy throughout the day.,partly-cloudy-day,"VRJU8,DNMM,65201099999"
Lagos,2024-01-04,95.0,78.7,84.3,110.0,78.7,92.3,76.6,78.8,0.0,0,0.0,,0.0,0.0,17.7,17.2,228.4,1013.1,50.0,5.0,208.9,17.9,7,60.0,2024-01-04T06:58:27,2024-01-04T18:43:59,0.75,Partially cloudy,Partly cloudy throughout the day.,partly-cloudy-day,"VRJU8,DNMM,65201099999"
Lagos,2024-01-05,93.2,78.7,83.6,107.8,78.7,92.6,77.6,83.1,0.008,100,4.17,rain,0.0,0.0,17.4,11.4,248.6,1012.5,56.5,6.8,206.7,17.8,7,60.0,2024-01-05T06:58:51,2024-01-05T18:44:30,0.8,"Rain, Partially cloudy",Partly cloudy throughout the day with afternoon rain.,rain,"VRJU8,DNMM,remote,65201099999"
Lagos,2024-01-06,93.2,78.8,84.8,107.5,78.8,94.3,77.6,80.3,0.044,100,16.67,rain,0.0,0.0,15.4,10.9,218.2,1012.4,56.9,8.8,216.0,18.6,8,60.0,2024-01-06T06:59:14,2024-01-06T18:45:00,0.84,"Rain, Partially cloudy",Partly cloudy throughout the day with rain clearing later.,rain,"VRJU8,DNMM,remote,65201099999"
Lagos,2024-01-07,95.0,79.1,85.2,110.4,79.1,96.9,78.9,82.6,0.0,0,0.0,rain,0.0,0.0,16.8,10.8,222.1,1011.8,60.4,4.8,210.2,18.1,7,75.0,2024-01-07T06:59:37,2024-01-07T18:45:30,0.87,Partially cloudy,Partly cloudy throughout the day.,partly-cloudy-day,"VRJU8,DNMM,65201099999"
Lagos,2024-01-08,93.2,78.4,84.9,110.4,78.4,95.6,78.4,82.0,0.0,0,0.0,rain,0.0,0.0,16.8,13.9,207.2,1011.3,53.7,5.5,215.3,18.6,7,60.0,2024-01-08T06:59:59,2024-01-08T18:46:00,0.9,Partially cloudy,Partly cloudy throughout the day.,partly-cloudy-day,"VRJU8,DNMM,remote,65201099999"
Lagos,2024-01-09,92.3,78.8,84.3,106.8,78.8,94.4,78.2,82.9,0.008,100,8.33,rain,0.0,0.0,20.1,13.9,214.3,1011.3,44.5,6.8,216.0,18.6,8,60.0,2024-01-09T07:00:20,2024-01-09T18:46:29,0.93,"Rain, Partially cloudy",Partly cloudy throughout the day with rain.,rain,"VRJU8,DNMM,remote,65201099999"
Lagos,2024-01-10,91.8,78.6,84.2,108.6,78.6,94.6,78.6,84.0,0.236,100,4.17,rain,0.0,0.0,17.2,16.1,245.6,1012.3,59.4,5.1,198.4,17.1,7,75.0,2024-01-10T07:00:41,2024-01-10T18:46:58,0.97,"Rain, Partially cloudy",Partly cloudy throughout the day with late afternoon rain.,rain,"DNMM,65201099999"
Lagos,2024-01-11,96.8,78.8,84.8,105.4,78.8,94.8,77.8,81.4,0.0,0,0.0,,0.0,0.0,16.3,10.3,226.7,1011.1,39.7,8.8,240.3,20.6,9,75.0,2024-01-11T07:01:00,2024-01-11T18:47:27,0.0,Partially cloudy,Partly cloudy throughout the day.,partly-cloudy-day,"DNMM,remote,65201099999"
Lagos,2024-01-12,90.5,80.5,84.5,108.0,87.3,97.1,79.3,84.8,0.072,100,45.83,rain,0.0,0.0,17.9,9.7,233.1,1010.4,41.2,11.4,204.2,17.6,7,75.0,2024-01-12T07:01:19,2024-01-12T18:47:55,0.03,"Rain, Partially cloudy",Partly cloudy throughout the day with a chance of rain throughout the day.,rain,"DNMM,remote,65201099999"
Lagos,2024-01-13,95.1,78.4,85.6,109.4,78.4,95.6,77.7,79.1,0.0,0,0.0,,0.0,0.0,19.0,12.8,229.3,1011.8,45.9,4.7,235.2,20.3,8,60.0,2024-01-13T07:01:37,2024-01-13T18:48:23,0.07,Partially cloudy,Partly cloudy throughout the day.,partly-cloudy-day,"DNMM,65201099999"
Lagos,2024-01-14,93.2,78.8,84.8,105.1,78.8,94.7,78.0,81.3,0.008,100,4.17,rain,0.0,0.0,17.9,11.4,258.3,1012.5,43.5,5.1,217.1,18.7,8,30.0,2024-01-14T07:01:55,2024-01-14T18:48:51,0.1,"Rain, Partially cloudy",Partly cloudy throughout the day with morning rain.,rain,"VRJU8,DNMM,remote,65201099999"
Lagos,2024-01-15,95.0,78.8,85.1,106.5,78.8,94.3,77.3,79.3,0.0,0,0.0,,0.0,0.0,18.8,11.4,255.9,1013.7,42.2,4.1,232.3,19.9,8,30.0,2024-01-15T07:02:11,2024-01-15T18:49:18,0.14,Partially cloudy,Partly cloudy throughout the day.,partly-cloudy-day,"VRJU8,DNMM,65201099999"
Lagos,2024-01-16,95.6,78.8,85.0,105.0,78.8,92.8,76.1,76.7,0.0,0,0.0,,0.0,0.0,16.3,12.8,276.9,1013.9,31.2,4.6,244.8,21.1,9,30.0,2024-01-16T07:02:27,2024-01-16T18:49:45,0.17,Partially cloudy,Partly cloudy throughout the day.,partly-cloudy-day,"VRJU8,DNMM,remote,65201099999"
Lagos,2024-01-17,95.0,78.9,84.8,100.6,78.9,90.6,74.3,73.2,0.004,100,4.17,rain,0.0,0.0,17.9,17.2,24.5,1013.6,33.0,8.5,253.8,21.8,9,30.0,2024-01-17T07:02:41,2024-01-17T18:50:11,0.21,"Rain, Partially cloudy",Partly cloudy throughout the day with morning rain.,rain,"VRJU8,DNMM,remote,65201099999"
Lagos,2024-01-18,93.2,75.5,82.6,102.8,75.5,88.5,75.1,79.2,0.0,0,0.0,,0.0,0.0,15.9,10.3,186.5,1013.0,30.5,4.7,243.2,20.9,9,30.0,2024-01-18T07:02:55,2024-01-18T18:50:36,0.25,Partially cloudy,Partly cloudy throughout the day.,partly-cloudy-day,"VRJU8,DNMM,remote,65201099999"
Lagos,2024-01-19,93.2,77.0,83.1,107.5,77.0,88.9,75.2,78.1,0.0,0,0.0,,0.0,0.0,17.9,9.6,187.0,1012.7,21.3,7.5,248.2,21.4,9,10.0,2024-01-19T07:03:08,2024-01-19T18:51:02,0.28,Partially cloudy,Partly cloudy throughout the day.,partly-cloudy-day,"DNMM,remote,65201099999"
Lagos,2024-01-20,95.1,77.0,84.3,107.8,77.0,92.1,75.9,77.5,0.0,0,0.0,,0.0,0.0,19.7,11.4,238.9,1012.9,11.6,9.6,252.3,21.7,9,60.0,2024-01-20T07:03:20,2024-01-20T18:51:26,0.31,Clear,Clear conditions throughout the day.,clear-day,"VRJU8,DNMM,remote,65201099999"
Lagos,2024-01-21,95.4,76.9,85.0,108.1,76.9,93.8,77.0,79.0,0.0,0,0.0,,0.0,0.0,19.9,10.3,239.3,1013.1,25.3,7.6,249.4,21.5,9,60.0,2024-01-21T07:03:31,2024-01-21T18:51:50,0.35,Partially cloudy,Partly cloudy throughout the day.,partly-cloudy-day,"VRJU8,DNMM,remote,65201099999"
Lagos,2024-01-22,95.1,75.1,84.4,107.5,75.1,92.6,77.0,80.0,0.0,0,0.0,,0.0,0.0,19.0,15.0,240.0,1013.6,32.5,4.8,245.1,21.3,9,75.0,2024-01-22T07:03:42,2024-01-22T18:52:14,0.38,Partially cloudy,Partly cloudy throughout the day.,partly-cloudy-day,"VRJU8,DNMM,remote,65201099999"
Lagos,2024-01-23,93.2,77.3,84.8,104.7,77.3,91.9,75.9,76.7,0.0,0,0.0,rain,0.0,0.0,17.4,13.9,217.5,1013.9,43.5,4.8,226.0,19.5,8,60.0,2024-01-23T07:03:51,2024-01-23T18:52:36,0.42,Partially cloudy,Partly cloudy throughout the day.,partly-cloudy-day,"VRJU8,DNMM,remote,65201099999"
Lagos,2024-01-24,95.0,78.8,85.9,111.3,78.8,96.0,77.5,77.2,0.0,0,0.0,rain,0.0,0.0,13.9,10.3,201.5,1013.6,43.5,4.3,150.9,13.1,7,60.0,2024-01-24T07:03:59,2024-01-24T18:52:59,0.45,Partially cloudy,Partly cloudy throughout the day.,partly-cloudy-day,"DNMM,65201099999"
Lagos,2024-01-25,95.0,78.4,85.3,97.3,78.4,88.2,69.0,62.6,0.0,0,0.0,,0.0,0.0,16.6,17.2,69.4,1013.4,25.5,3.4,244.8,21.2,9,60.0,2024-01-25T07:04:07,2024-01-25T18:53:20,0.5,Partially cloudy,Partly cloudy throughout the day.,partly-cloudy-day,"DNMM,remote,65201099999"
Lagos,2024-01-26,95.0,75.3,84.0,95.8,75.3,85.0,65.7,57.1,0.0,0,0.0,,0.0,0.0,16.1,13.9,97.6,1013.4,30.8,1.3,266.3,23.1,9,30.0,2024-01-26T07:04:13,2024-01-26T18:53:41,0.52,Partially cloudy,Partly cloudy throughout the day.,partly-cloudy-day,"DNMM,65201099999"
Lagos,2024-01-27,95.4,72.5,82.6,94.9,72.5,83.5,64.9,58.0,0.0,0,0.0,,0.0,0.0,15.0,9.2,86.1,1012.6,30.6,1.5,268.3,23.3,9,10.0,2024-01-27T07:04:19,2024-01-27T18:54:01,0.56,Partially cloudy,Partly cloudy throughout the day.,partly-cloudy-day,"VRJU8,DNMM,remote,65201099999,VRJT5"
Lagos,2024-01-28,95.0,73.7,83.2,93.2,73.7,83.5,63.7,55.9,0.0,0,0.0,,0.0,0.0,17.4,15.0,56.1,1012.4,25.4,1.0,270.6,23.3,9,10.0,2024-01-28T07:04:23,2024-01-28T18:54:21,0.59,Partially cloudy,Partly cloudy throughout the day.,partly-cloudy-day,"VRJU8,DNMM,65201099999,VRJT5"
Lagos,2024-01-29,96.8,75.2,83.6,95.2,75.2,85.4,67.2,61.7,0.0,0,0.0,,0.0,0.0,21.0,9.4,195.1,1012.5,30.4,3.0,266.7,23.2,9,10.0,2024-01-29T07:04:27,2024-01-29T18:54:40,0.62,Partially cloudy,Partly cloudy throughout the day.,partly-cloudy-day,"VRJU8,DNMM,remote,65201099999,VRJT5"
Lagos,2024-01-30,96.9,77.0,84.5,103.6,77.0,88.9,72.9,70.9,0.0,0,0.0,,0.0,0.0,17.9,11.4,252.0,1012.1,41.4,1.8,255.8,22.0,9,10.0,2024-01-30T07:04:30,2024-01-30T18:54:58,0.65,Partially cloudy,Partly cloudy throughout the day.,partly-cloudy-day,"DNMM,remote,65201099999"
Lagos,2024-01-31,95.1,76.9,84.7,107.4,76.9,92.0,75.8,76.5,0.0,0,0.0,,0.0,0.0,19.5,12.8,236.9,1013.1,45.2,1.5,246.0,21.3,9,60.0,2024-01-31T07:04:31,2024-01-31T18:55:16,0.69,Partially cloudy,Partly cloudy throughout the day.,partly-cloudy-day,"VRJU8,DNMM,65201099999"
Lagos,2024-02-01,96.4,76.6,84.9,111.4,76.6,93.5,76.7,77.7,0.0,0,0.0,,0.0,0.0,18.8,12.8,221.8,1013.9,46.2,2.3,227.3,19.6,8,75.0,2024-02-01T07:04:32,2024-02-01T18:55:33,0.72,Partially cloudy,Partly cloudy throughout the day.,partly-cloudy-day,"VRJU8,DNMM,65201099999"
Lagos,2024-02-02,93.2,78.8,85.0,105.0,78.8,94.0,77.1,78.9,0.0,0,0.0,rain,0.0,0.0,21.0,10.7,279.9,1012.5,44.1,2.2,252.6,21.9,9,75.0,2024-02-02T07:04:32,2024-02-02T18:55:49,0.75,Partially cloudy,Partly cloudy throughout the day.,partly-cloudy-day,"VRJU8,DNMM,65201099999"
Lagos,2024-02-03,95.0,74.8,84.3,93.3,74.8,85.6,65.7,59.8,0.0,0,0.0,,0.0,0.0,19.7,10.3,110.4,1011.5,45.3,2.2,269.7,23.3,9,30.0,2024-02-03T07:04:31,2024-02-03T18:56:04,0.75,Partially cloudy,Partly cloudy throughout the day.,partly-cloudy-day,"DNMM,remote,65201099999"
Lagos,2024-02-04,95.4,75.0,83.7,93.8,75.0,83.4,61.9,52.1,0.0,0,0.0,,0.0,0.0,19.5,11.4,91.1,1012.1,29.7,1.9,274.1,23.8,9,10.0,2024-02-04T07:04:29,2024-02-04T18:56:19,0.82,Partially cloudy,Partly cloudy throughout the day.,partly-cloudy-day,"DNMM,remote,65201099999"
Lagos,2024-02-05,98.2,73.4,84.0,96.2,73.4,83.4,59.7,48.4,0.0,0,0.0,,0.0,0.0,18.3,12.8,75.3,1013.9,45.0,1.3,270.7,23.4,9,10.0,2024-02-05T07:04:26,2024-02-05T18:56:33,0.85,Partially cloudy,Partly cloudy throughout the day.,partly-cloudy-day,"DNMM,remote,65201099999"
Lagos,2024-02-06,96.4,73.4,83.4,96.2,73.4,83.6,60.1,47.3,0.0,0,0.0,,0.0,0.0,19.7,17.2,87.7,1013.9,47.9,0.6,271.5,23.3,9,10.0,2024-02-06T07:04:22,2024-02-06T18:56:46,0.88,Partially cloudy,Partly cloudy throughout the day.,fog,"DNMM,65201099999"
Lagos,2024-02-07,95.0,73.2,83.7,92.7,73.2,82.9,59.0,47.0,0.0,0,0.0,,0.0,0.0,17.2,13.9,114.8,1013.3,33.6,0.7,279.1,24.1,9,10.0,2024-02-07T07:04:17,2024-02-07T18:56:59,0.92,Partially cloudy,Partly cloudy throughout the day.,fog,"DNMM,65201099999,VRJT5"
Lagos,2024-02-08,98.6,71.6,84.3,100.9,71.6,86.1,64.6,53.9,0.0,0,0.0,,0.0,0.0,19.2,9.2,253.2,1012.8,30.0,0.8,275.9,23.8,9,10.0,2024-02-08T07:04:11,2024-02-08T18:57:11,0.95,Partially cloudy,Partly cloudy throughout the day.,fog,"DNMM,65201099999"
Lagos,2024-02-09,95.0,77.0,83.4,107.4,77.0,89.1,74.0,74.6,0.0,0,0.0,,0.0,0.0,17.0,9.2,215.4,1012.6,32.1,3.2,263.3,22.7,9,10.0,2024-02-09T07:04:05,2024-02-09T18:57:22,0.0,Partially cloudy,Partly cloudy throughout the day.,partly-cloudy-day,"DNMM,remote,65201099999"
Lagos,2024-02-10,95.0,78.8,85.8,112.9,78.8,97.4,78.0,78.8,0.0,0,0.0,,0.0,0.0,18.8,16.1,214.8,1011.9,39.4,2.4,231.5,20.1,8,60.0,2024-02-10T07:03:57,2024-02-10T18:57:33,0.02,Partially cloudy,Partly cloudy throughout the day.,partly-cloudy-day,"DNMM,remote,65201099999,VRJT5"
Lagos,2024-02-11,95.0,81.4,85.9,112.9,89.6,100.0,79.9,83.1,0.0,0,0.0,rain,0.0,0.0,19.7,13.9,217.4,1011.2,42.0,5.4,258.4,22.3,9,75.0,2024-02-11T07:03:49,2024-02-11T18:57:42,0.05,Partially cloudy,Partly cloudy throughout the day.,partly-cloudy-day,"DNMM,remote,65201099999,VRJT5"
Lagos,2024-02-12,93.7,80.0,85.9,113.5,80.0,99.2,79.6,82.4,0.0,0,0.0,,0.0,0.0,18.6,14.4,224.0,1010.7,42.5,4.6,231.1,19.9,9,75.0,2024-02-12T07:03:39,2024-02-12T18:57:52,0.09,Partially cloudy,Partly cloudy throughout the day.,partly-cloudy-day,"DNMM,remote,65201099999,VRJT5"
Lagos,2024-02-13,96.8,82.1,87.5,115.3,93.0,102.7,80.2,80.5,0.0,0,0.0,rain,0.0,0.0,22.8,16.1,222.0,1011.3,54.6,4.5,212.4,18.4,8,75.0,2024-02-13T07:03:29,2024-02-13T18:58:00,0.12,Partially cloudy,Partly cloudy throughout the day.,partly-cloudy-day,"DNMM,65201099999,VRJT5"
Lagos,2024-02-14,96.8,82.4,88.0,118.6,94.1,104.0,80.2,78.9,0.0,0,0.0,rain,0.0,0.0,21.9,17.2,216.1,1011.7,49.8,4.6,217.3,18.8,8,75.0,2024-02-14T07:03:18,2024-02-14T18:58:08,0.15,Partially cloudy,Partly cloudy throughout the day.,partly-cloudy-day,"DNMM,65201099999,VRJT5"
Lagos,2024-02-15,96.4,80.6,85.7,115.3,88.1,100.5,80.4,84.9,0.004,100,4.17,rain,0.0,0.0,24.4,17.2,225.6,1011.4,47.6,5.1,226.7,19.7,9,100.0,2024-02-15T07:03:06,2024-02-15T18:58:15,0.19,"Rain, Partially cloudy",Partly cloudy throughout the day with afternoon rain.,rain,"DNMM,remote,65201099999,VRJT5"
Lagos,2024-02-16,96.8,80.6,86.5,111.7,87.1,98.8,78.4,78.2,0.079,100,4.17,rain,0.0,0.0,21.0,13.9,228.3,1011.3,46.0,5.7,240.4,20.8,9,75.0,2024-02-16T07:02:54,2024-02-16T18:58:21,0.25,"Rain, Partially cloudy",Partly cloudy throughout the day with early morning rain.,rain,"DNMM,remote,65201099999,VRJT5"
Lagos,2024-02-17,96.8,80.2,86.3,112.4,86.3,98.0,78.0,77.7,0.0,0,0.0,rain,0.0,0.0,20.4,13.9,227.5,1011.7,52.9,5.3,243.9,21.1,8,100.0,2024-02-17T07:02:40,2024-02-17T18:58:27,0.26,Partially cloudy,Partly cloudy throughout the day.,partly-cloudy-day,"DNMM,remote,65201099999"
Lagos,2024-02-18,95.4,80.6,86.3,115.5,88.5,99.2,78.9,79.9,0.02,100,4.17,rain,0.0,0.0,19.0,11.4,228.6,1011.2,53.8,5.7,231.7,20.1,8,75.0,2024-02-18T07:02:26,2024-02-18T18:58:32,0.29,"Rain, Partially cloudy",Partly cloudy throughout the day with early morning rain.,rain,"DNMM,remote,65201099999,VRJT5"
Lagos,2024-02-19,95.0,81.0,86.2,112.8,89.4,99.9,79.4,81.2,0.0,0,0.0,,0.0,0.0,19.7,17.2,228.5,1010.6,54.8,6.3,226.4,19.6,8,100.0,2024-02-19T07:02:11,2024-02-19T18:58:37,0.33,Partially cloudy,Partly cloudy throughout the day.,partly-cloudy-day,"DNMM,remote,65201099999,VRJT5"
Lagos,2024-02-20,92.8,73.4,83.3,102.7,73.4,91.9,76.8,82.0,1.575,100,4.17,rain,0.0,0.0,17.2,13.9,196.4,1009.5,53.4,5.1,206.9,18.1,8,75.0,2024-02-20T07:01:55,2024-02-20T18:58:41,0.36,"Rain, Partially cloudy",Partly cloudy throughout the day with afternoon rain.,rain,"DNMM,remote,65201099999,VRJT5"
Lagos,2024-02-21,95.0,80.2,85.0,116.1,87.2,98.1,79.6,84.5,0.016,100,12.5,rain,0.0,0.0,18.3,11.4,224.4,1008.2,56.9,7.2,224.2,19.5,8,75.0,2024-02-21T07:01:39,2024-02-21T18:58:44,0.39,"Rain, Partially cloudy",Partly cloudy throughout the day with a chance of rain throughout the day.,rain,"DNMM,remote,65201099999,VRJT5"
Lagos,2024-02-22,88.1,73.4,81.3,99.9,73.4,88.2,76.3,85.3,1.575,100,4.17,rain,0.0,0.0,40.3,16.1,131.1,1008.9,57.2,5.0,228.5,19.7,9,75.0,2024-02-22T07:01:22,2024-02-22T18:58:47,0.43,"Rain, Partially cloudy",Partly cloudy throughout the day with afternoon rain.,rain,"DNMM,65201099999,VRJT5"
Lagos,2024-02-23,91.0,79.6,84.1,104.7,79.6,94.3,78.2,83.1,0.181,100,4.17,rain,0.0,0.0,14.5,8.1,172.9,1009.9,52.8,5.6,185.1,16.0,7,60.0,2024-02-23T07:01:04,2024-02-23T18:58:49,0.46,"Rain, Partially cloudy",Partly cloudy throughout the day with morning rain.,rain,"DNMM,remote,65201099999"
Lagos,2024-02-24,92.8,77.0,83.3,105.1,77.0,89.8,76.2,80.6,0.945,100,4.17,rain,0.0,0.0,21.9,15.0,135.1,1011.8,40.6,4.3,64.3,5.5,2,30.0,2024-02-24T07:00:46,2024-02-24T18:58:51,0.5,"Rain, Partially cloudy",Partly cloudy throughout the day with morning rain.,rain,"DNMM,65201099999"
Lagos,2024-02-25,95.0,77.0,85.1,110.0,77.0,94.6,77.0,77.8,0.866,100,4.17,rain,0.0,0.0,16.3,11.4,210.1,1012.3,40.0,5.4,211.8,18.1,8,75.0,2024-02-25T07:00:26,2024-02-25T18:58:52,0.53,"Rain, Partially cloudy",Partly cloudy throughout the day with early morning rain.,rain,"DNMM,remote,65201099999"
Lagos,2024-02-26,94.6,80.9,86.1,113.5,89.0,100.2,79.9,82.8,0.0,0,0.0,rain,0.0,0.0,15.4,13.9,206.0,1011.2,52.6,6.4,220.3,19.1,9,75.0,2024-02-26T07:00:07,2024-02-26T18:58:52,0.57,Partially cloudy,Partly cloudy throughout the day.,partly-cloudy-day,"DNMM,remote,65201099999"
Lagos,2024-02-27,93.3,79.1,85.7,110.4,79.1,97.7,78.9,81.3,0.0,0,0.0,,0.0,0.0,20.1,12.8,213.5,1010.3,49.5,6.4,234.5,20.3,8,75.0,2024-02-27T06:59:46,2024-02-27T18:58:52,0.6,Partially cloudy,Partly cloudy throughout the day.,partly-cloudy-day,"DNMM,remote,65201099999"
Lagos,2024-02-28,94.6,80.6,85.7,113.5,88.1,99.1,79.6,82.8,0.004,100,4.17,rain,0.0,0.0,21.5,16.1,225.7,1009.6,56.1,8.2,237.7,20.4,8,100.0,2024-02-28T06:59:25,2024-02-28T18:58:52,0.63,"Rain, Partially cloudy",Partly cloudy throughout the day with afternoon rain.,rain,"DNMM,remote,65201099999"
Lagos,2024-02-29,95.0,80.6,86.4,113.5,88.1,99.9,79.3,80.6,0.0,0,0.0,rain,0.0,0.0,26.4,19.7,230.9,1008.9,55.9,7.3,227.9,19.7,9,100.0,2024-02-29T06:59:04,2024-02-29T18:58:51,0.67,Partially cloudy,Partly cloudy throughout the day.,partly-cloudy-day,"DNMM,remote,65201099999,VRJT5"
Lagos,2024-03-01,91.8,80.4,85.2,110.9,87.3,97.9,79.1,82.7,0.024,100,8.33,rain,0.0,0.0,20.4,15.0,222.4,1009.5,59.9,7.5,133.9,11.5,4,100.0,2024-03-01T06:58:41,2024-03-01T18:58:49,0.7,"Rain, Partially cloudy",Partly cloudy throughout the day with rain in the morning and afternoon.,rain,"DNMM,remote,65201099999,VRJT5"
Lagos,2024-03-02,95.0,80.6,86.0,116.1,88.1,99.9,79.7,82.5,0.0,0,0.0,,0.0,0.0,22.8,15.0,215.4,1010.7,55.1,6.6,237.2,20.5,9,100.0,2024-03-02T06:58:19,2024-03-02T18:58:47,0.73,Partially cloudy,Partly cloudy throughout the day.,partly-cloudy-day,"DNMM,remote,65201099999"
Lagos,2024-03-03,95.0,78.4,84.9,110.0,78.4,94.9,77.7,80.1,0.008,100,8.33,rain,0.0,0.0,19.5,12.8,217.6,1011.3,71.3,8.7,219.8,19.0,8,75.0,2024-03-03T06:57:56,2024-03-03T18:58:45,0.75,"Rain, Partially cloudy",Partly cloudy throughout the day with rain clearing later.,rain,"DNMM,remote,65201099999"
Lagos,2024-03-04,95.0,78.8,85.3,108.1,78.8,93.9,76.4,76.5,0.0,0,0.0,,0.0,0.0,20.1,12.8,223.6,1010.7,40.1,6.1,261.6,22.5,9,10.0,2024-03-04T06:57:32,2024-03-04T18:58:42,0.8,Partially cloudy,Partly cloudy throughout the day.,partly-cloudy-day,"DNMM,65201099999"
Lagos,2024-03-05,95.0,80.4,85.3,112.9,87.1,96.5,78.0,79.8,0.0,0,0.0,,0.0,0.0,21.7,15.0,229.5,1010.6,54.7,8.0,258.1,22.5,9,75.0,2024-03-05T06:57:08,2024-03-05T18:58:39,0.83,Partially cloudy,Partly cloudy throughout the day.,partly-cloudy-day,"DNMM,remote,65201099999"
Lagos,2024-03-06,95.0,80.6,86.1,112.9,88.1,99.8,79.4,81.3,0.0,0,0.0,rain,0.0,0.0,23.3,16.1,227.3,1011.0,58.7,7.3,238.2,20.6,9,100.0,2024-03-06T06:56:43,2024-03-06T18:58:35,0.87,Partially cloudy,Partly cloudy throughout the day.,partly-cloudy-day,"DNMM,remote,65201099999"
Lagos,2024-03-07,95.0,77.0,84.1,112.9,77.0,93.4,77.7,82.5,0.008,100,8.33,rain,0.0,0.0,20.8,17.2,233.4,1012.1,52.7,6.7,236.7,20.5,8,100.0,2024-03-07T06:56:18,2024-03-07T18:58:31,0.9,"Rain, Partially cloudy",Partly cloudy throughout the day with morning rain.,rain,"DNMM,remote,65201099999"
Lagos,2024-03-08,92.8,78.6,84.4,109.2,78.6,94.7,78.2,82.5,0.866,100,4.17,rain,0.0,0.0,24.6,17.2,234.5,1011.8,52.4,7.3,218.2,19.1,8,60.0,2024-03-08T06:55:53,2024-03-08T18:58:27,0.94,"Rain, Partially cloudy",Partly cloudy throughout the day with early morning rain.,rain,"DNMM,remote,65201099999"
Lagos,2024-03-09,93.2,69.8,80.2,107.8,69.8,86.9,75.4,86.5,1.024,100,8.33,rain,0.0,0.0,25.3,15.2,193.9,1011.7,54.8,5.1,147.3,12.9,5,75.0,2024-03-09T06:55:27,2024-03-09T18:58:22,0.97,"Rain, Partially cloudy",Partly cloudy throughout the day with rain clearing later.,rain,"DNMM,remote,65201099999"
Lagos,2024-03-10,95.0,77.4,84.9,110.0,77.4,93.0,77.0,78.8,0.0,0,0.0,,0.0,0.0,18.8,12.8,199.3,1010.6,41.2,5.3,255.5,22.1,8,75.0,2024-03-10T06:55:01,2024-03-10T18:58:17,0.0,Partially cloudy,Partly cloudy throughout the day.,partly-cloudy-day,"DNMM,65201099999"
Lagos,2024-03-11,93.3,78.8,85.3,110.4,78.8,96.4,78.4,80.9,0.004,100,4.17,rain,0.0,0.0,21.5,15.0,219.3,1011.5,58.4,8.4,201.5,17.3,7,60.0,2024-03-11T06:54:34,2024-03-11T18:58:12,0.04,"Rain, Partially cloudy",Partly cloudy throughout the day with afternoon rain.,rain,"DNMM,remote,65201099999"
Lagos,2024-03-12,93.2,82.4,85.4,110.4,93.8,98.7,79.5,83.3,0.028,100,20.83,rain,0.0,0.0,22.8,13.9,226.9,1011.6,59.1,11.0,218.5,18.8,7,75.0,2024-03-12T06:54:07,2024-03-12T18:58:07,0.07,"Rain, Partially cloudy",Partly cloudy throughout the day with rain in the morning and afternoon.,rain,"DNMM,remote,65201099999"
Lagos,2024-03-13,91.4,80.6,85.3,107.5,88.1,97.9,79.0,81.9,0.012,100,8.33,rain,0.0,0.0,22.6,12.8,220.0,1011.5,69.8,10.6,197.6,17.0,7,75.0,2024-03-13T06:53:40,2024-03-13T18:58:01,0.1,"Rain, Partially cloudy",Partly cloudy throughout the day with afternoon rain.,rain,"DNMM,remote,65201099999"
Lagos,2024-03-14,88.1,81.6,84.5,104.0,89.6,96.5,78.8,83.2,0.076,100,37.5,rain,0.0,0.0,25.5,11.4,221.9,1011.6,55.8,12.9,227.5,19.6,9,75.0,2024-03-14T06:53:13,2024-03-14T18:57:55,0.14,"Rain, Partially cloudy",Becoming cloudy in the afternoon with rain.,rain,"DNMM,remote,65201099999"
Lagos,2024-03-15,100.4,78.8,85.6,120.2,78.8,96.2,78.0,79.4,0.008,100,8.33,rain,0.0,0.0,18.3,16.1,227.9,1010.4,54.2,11.0,284.9,24.5,10,60.0,2024-03-15T06:52:45,2024-03-15T18:57:49,0.17,"Rain, Partially cloudy",Clearing in the afternoon with early morning rain.,rain,"DNMM,remote,65201099999"
Lagos,2024-03-16,94.6,82.4,85.9,115.5,92.4,99.4,79.3,81.4,0.012,100,4.17,rain,0.0,0.0,21.3,16.1,209.9,1009.8,51.3,11.0,234.3,20.3,8,75.0,2024-03-16T06:52:18,2024-03-16T18:57:42,0.2,"Rain, Partially cloudy",Partly cloudy throughout the day with afternoon rain.,rain,"DNMM,remote,65201099999"
Lagos,2024-03-17,95.0,82.3,86.3,115.4,91.8,100.2,79.5,80.9,0.02,100,20.83,rain,0.0,0.0,18.1,13.9,201.4,1009.2,44.9,9.5,219.6,18.9,8,75.0,2024-03-17T06:51:50,2024-03-17T18:57:36,0.25,"Rain, Partially cloudy",Partly cloudy throughout the day with rain in the morning and afternoon.,rain,"DNMM,remote,65201099999"
Lagos,2024-03-18,95.0,78.8,86.3,113.5,78.8,100.1,79.7,81.8,0.0,0,0.0,rain,0.0,0.0,20.6,17.2,207.3,1008.4,52.4,6.5,245.0,21.2,9,75.0,2024-03-18T06:51:21,2024-03-18T18:57:29,0.27,Partially cloudy,Partly cloudy throughout the day.,partly-cloudy-day,"DNMM,remote,65201099999"
Lagos,2024-03-19,91.4,77.0,83.7,107.8,77.0,93.2,77.6,82.4,0.024,100,12.5,rain,0.0,0.0,19.5,11.6,213.7,1007.9,57.2,8.6,244.0,21.1,8,75.0,2024-03-19T06:50:53,2024-03-19T18:57:22,0.3,"Rain, Partially cloudy",Partly cloudy throughout the day with rain.,rain,"DNMM,remote,65201099999"
Lagos,2024-03-20,93.2,80.8,85.8,110.4,89.7,100.2,80.1,83.8,0.024,100,16.67,rain,0.0,0.0,20.8,15.0,220.8,1007.6,73.8,11.6,223.3,19.3,8,75.0,2024-03-20T06:50:25,2024-03-20T18:57:15,0.34,"Rain, Partially cloudy",Partly cloudy throughout the day with rain in the morning and afternoon.,rain,"65213099999,DNMM,remote,65201099999"
Lagos,2024-03-21,93.2,82.3,85.5,113.5,91.5,99.9,80.0,83.9,0.02,100,8.33,rain,0.0,0.0,21.0,13.9,225.7,1008.8,64.4,11.7,206.1,17.8,8,75.0,2024-03-21T06:49:56,2024-03-21T18:57:08,0.37,"Rain, Partially cloudy",Partly cloudy throughout the day with rain.,rain,"DNMM,remote,VRJT5,65201099999"
Lagos,2024-03-22,94.0,77.0,84.5,111.3,77.0,94.5,77.8,81.6,0.0,0,0.0,rain,0.0,0.0,38.0,38.0,228.9,1008.7,47.0,6.9,247.5,21.3,9,75.0,2024-03-22T06:49:27,2024-03-22T18:57:01,0.41,Partially cloudy,Partly cloudy throughout the day.,wind,"DNMM,remote,65201099999,VRJT5"
Lagos,2024-03-23,93.2,76.8,84.2,102.8,76.8,93.7,77.6,81.8,0.142,100,8.33,rain,0.0,0.0,21.0,11.4,188.4,1009.0,51.1,6.7,212.2,18.2,8,75.0,2024-03-23T06:48:59,2024-03-23T18:56:53,0.44,"Rain, Partially cloudy",Partly cloudy throughout the day with afternoon rain.,rain,"DNMM,remote,65201099999,VRJT5"
Lagos,2024-03-24,95.0,80.6,86.3,110.0,88.1,98.5,78.4,78.5,0.0,0,0.0,,0.0,0.0,20.1,11.4,218.6,1009.4,52.7,7.2,241.5,20.7,9,60.0,2024-03-24T06:48:30,2024-03-24T18:56:46,0.47,Partially cloudy,Partly cloudy throughout the day.,partly-cloudy-day,"DNMM,remote,65201099999"
Lagos,2024-03-25,95.0,77.0,86.0,116.1,77.0,98.6,78.6,79.4,0.0,0,0.0,rain,0.0,0.0,21.0,17.2,220.0,1010.5,54.4,6.2,223.3,19.2,8,75.0,2024-03-25T06:48:01,2024-03-25T18:56:39,0.5,Partially cloudy,Partly cloudy throughout the day.,partly-cloudy-day,"DNMM,remote,65201099999,VRJT5"
Lagos,2024-03-26,93.1,77.0,84.3,110.1,77.0,92.9,77.1,80.3,0.079,100,4.17,rain,0.0,0.0,19.2,12.8,195.0,1010.6,44.7,7.1,214.8,18.7,7,60.0,2024-03-26T06:47:32,2024-03-26T18:56:31,0.54,"Rain, Partially cloudy",Partly cloudy throughout the day with morning rain.,rain,"DNMM,remote,65201099999,VRJT5"
Lagos,2024-03-27,96.8,80.6,87.1,118.6,88.1,101.8,79.6,79.4,0.0,0,0.0,,0.0,0.0,21.0,15.0,216.1,1009.8,43.9,7.3,258.1,22.3,9,60.0,2024-03-27T06:47:03,2024-03-27T18:56:24,0.57,Partially cloudy,Partly cloudy throughout the day.,partly-cloudy-day,"DNMM,remote,65201099999,VRJT5"
Lagos,2024-03-28,94.9,80.5,87.5,113.2,87.9,103.0,80.0,79.4,0.02,100,20.83,rain,0.0,0.0,21.7,16.1,214.9,1010.3,44.0,7.3,247.4,21.3,8,100.0,2024-03-28T06:46:34,2024-03-28T18:56:17,0.61,"Rain, Partially cloudy",Partly cloudy throughout the day with rain in the morning and afternoon.,rain,"DNMM,remote,VRJT5"
Lagos,2024-03-29,94.9,82.3,87.6,119.4,93.8,104.7,80.8,80.9,0.179,100,50.0,rain,0.0,0.0,23.5,15.0,223.3,1009.8,47.6,7.3,222.4,19.2,8,100.0,2024-03-29T06:46:06,2024-03-29T18:56:09,0.64,"Rain, Partially cloudy",Partly cloudy throughout the day with a chance of rain throughout the day.,rain,"DNMM,remote"
Lagos,2024-03-30,94.9,82.3,87.7,113.2,92.1,102.0,79.0,76.7,0.06,100,41.67,rain,0.0,0.0,21.9,18.3,220.1,1010.0,51.8,8.0,235.6,20.3,8,100.0,2024-03-30T06:45:37,2024-03-30T18:56:02,0.68,"Rain, Partially cloudy",Partly cloudy throughout the day with a chance of rain throughout the day.,rain,"DNMM,remote"
Lagos,2024-03-31,96.7,80.5,87.6,112.6,87.9,101.5,78.9,76.8,0.02,100,20.83,rain,0.0,0.0,19.7,15.0,207.2,1010.6,44.9,6.2,242.2,20.9,8,75.0,2024-03-31T06:45:09,2024-03-31T18:55:55,0.71,"Rain, Partially cloudy",Partly cloudy throughout the day with rain in the morning and afternoon.,rain,DNMM
New York,2023-10-01,76.9,59.6,67.9,76.9,59.6,67.9,56.6,69.2,0.0,0,0.0,,0.0,0.0,25.3,10.4,4.4,1021.4,11.5,9.7,206.2,17.8,8,10.0,2023-10-01T06:52:19,2023-10-01T18:38:34,0.57,Clear,Clear conditions throughout the day.,clear-day,"72505394728,KEWR,KLGA,72502014734,F1417,KNYC,72503014732"
New York,2023-10-02,77.3,63.8,69.7,77.3,63.8,69.7,58.1,67.4,0.0,0,0.0,,0.0,0.0,19.7,7.5,25.5,1021.8,20.2,9.9,211.0,18.2,8,10.0,2023-10-02T06:53:20,2023-10-02T18:36:54,0.61,Partially cloudy,Partly cloudy throughout the day.,partly-cloudy-day,"72505394728,KEWR,KLGA,72502014734,F1417,KNYC,72503014732"
New York,2023-10-03,81.0,61.5,70.4,81.4,61.5,70.5,58.5,67.4,0.0,0,0.0,,0.0,0.0,8.9,4.2,10.3,1021.2,7.8,9.6,206.2,17.8,7,10.0,2023-10-03T06:54:21,2023-10-03T18:35:15,0.64,Clear,Clear conditions throughout the day.,clear-day,"72505394728,KEWR,KLGA,72502014734,F1417,KNYC,72503014732"
New York,2023-10-04,82.2,65.8,72.7,83.5,65.8,73.0,62.0,70.1,0.0,0,0.0,,0.0,0.0,9.2,7.9,119.4,1021.9,9.6,9.5,204.3,17.7,7,10.0,2023-10-04T06:55:22,2023-10-04T18:33:37,0.67,Clear,Clear conditions throughout the day.,clear-day,"72505394728,KEWR,KLGA,72502014734,F1417,KNYC,72503014732"
New York,2023-10-05,76.6,62.9,68.9,76.6,62.9,68.9,59.6,73.0,0.0,0,0.0,,0.0,0.0,18.3,8.1,125.0,1022.8,17.5,9.6,201.0,17.3,7,10.0,2023-10-05T06:56:24,2023-10-05T18:31:58,0.7,Clear,Clear conditions throughout the day.,clear-day,"72505394728,KEWR,KLGA,72502014734,F1417,KNYC,72503014732"
New York,2023-10-06,71.0,66.9,69.2,71.0,66.9,69.2,66.3,90.4,0.116,100,25.0,rain,0.0,0.0,18.3,6.1,72.5,1016.5,99.6,4.1,41.4,3.6,3,10.0,2023-10-06T06:57:26,2023-10-06T18:30:21,0.75,"Rain, Overcast",Cloudy skies throughout the day with rain.,rain,"72505394728,KEWR,KLGA,72502014734,F1417,KNYC,72503014732"
New York,2023-10-07,70.1,54.6,64.5,70.1,54.6,64.5,59.5,84.1,0.368,100,58.33,rain,0.0,0.0,26.4,14.3,331.5,1006.3,92.7,6.4,56.9,5.0,3,10.0,2023-10-07T06:58:28,2023-10-07T18:28:43,0.77,"Rain, Overcast",Cloudy skies throughout the day with a chance of rain throughout the day.,rain,"72505394728,KEWR,KLGA,72502014734,F1417,KNYC,72503014732"
New York,2023-10-08,59.2,50.7,55.4,59.2,50.7,55.4,42.1,61.5,0.0,0,0.0,,0.0,0.0,27.3,18.1,253.8,1004.4,41.4,9.9,135.8,11.6,8,10.0,2023-10-08T06:59:31,2023-10-08T18:27:07,0.8,Partially cloudy,Partly cloudy throughout the day.,partly-cloudy-day,"72505394728,KEWR,KLGA,72502014734,F1417,KNYC,72503014732"
New York,2023-10-09,60.1,48.9,54.8,60.1,44.6,54.5,38.4,54.2,0.0,0,0.0,,0.0,0.0,26.4,12.9,236.6,1008.2,47.5,9.9,160.4,13.8,9,10.0,2023-10-09T07:00:34,2023-10-09T18:25:31,0.83,Partially cloudy,Partly cloudy throughout the day.,partly-cloudy-day,"72505394728,KEWR,KLGA,72502014734,F1417,KNYC,72503014732"
New York,2023-10-10,63.2,53.4,58.0,63.2,53.4,58.0,45.8,64.5,0.02,100,8.33,rain,0.0,0.0,23.0,10.3,232.0,1009.5,68.8,9.9,147.8,12.7,7,10.0,2023-10-10T07:01:37,2023-10-10T18:23:55,0.87,"Rain, Partially cloudy",Partly cloudy throughout the day with early morning rain.,rain,"72505394728,KEWR,KLGA,72502014734,F8726,F1417,KNYC,72503014732"
New York,2023-10-11,69.7,55.3,61.9,69.7,55.3,61.9,46.6,59.5,0.0,0,0.0,,0.0,0.0,18.3,10.8,250.9,1010.8,43.6,9.9,192.0,16.6,7,10.0,2023-10-11T07:02:40,2023-10-11T18:22:20,0.9,Partially cloudy,Partly cloudy throughout the day.,partly-cloudy-day,"72505394728,KEWR,KLGA,72502014734,F8726,KNYC,F1417,72503014732"
New York,2023-10-12,69.6,54.1,62.2,69.6,54.1,62.2,46.8,60.7,0.0,0,0.0,,0.0,0.0,12.1,8.3,315.8,1011.8,21.6,9.7,153.5,13.1,7,10.0,2023-10-12T07:03:44,2023-10-12T18:20:46,0.93,Partially cloudy,Becoming cloudy in the afternoon.,partly-cloudy-day,"72505394728,KEWR,KLGA,72502014734,F1417,KNYC,72503014732"
New York,2023-10-13,62.9,52.2,58.1,62.9,52.2,58.1,41.3,54.5,0.0,0,0.0,,0.0,0.0,24.2,9.1,341.5,1014.3,17.2,9.9,193.6,16.6,7,10.0,2023-10-13T07:04:48,2023-10-13T18:19:12,0.96,Clear,Clear conditions throughout the day.,clear-day,"72505394728,KEWR,KLGA,72502014734,F1417,KNYC,72503014732"
New York,2023-10-14,56.8,49.5,53.0,56.8,45.7,52.6,45.4,76.5,0.717,100,54.17,rain,0.0,0.0,17.4,10.2,28.6,1009.4,94.0,7.8,12.4,1.1,0,10.0,2023-10-14T07:05:53,2023-10-14T18:17:40,0.0,"Rain, Overcast",Cloudy skies throughout the day with rain.,rain,"72505394728,KEWR,KLGA,72502014734,F1417,KNYC,72503014732"
New York,2023-10-15,59.9,50.6,54.8,59.9,50.6,54.8,42.5,64.8,0.018,100,12.5,rain,0.0,0.0,26.4,13.6,332.4,999.9,78.4,9.9,154.9,13.5,9,10.0,2023-10-15T07:06:57,2023-10-15T18:16:08,0.03,"Rain, Partially cloudy",Partly cloudy throughout the day with early morning rain.,rain,"72505394728,KEWR,KLGA,72502014734,F1417,KNYC,72503014732"
New York,2023-10-16,63.2,48.2,55.1,63.2,45.4,54.3,43.8,66.5,0.0,0,0.0,,0.0,0.0,20.8,8.8,311.6,1003.3,46.3,9.9,116.7,10.0,8,10.0,2023-10-16T07:08:02,2023-10-16T18:14:36,0.07,Partially cloudy,Partly cloudy throughout the day.,partly-cloudy-day,"72505394728,KEWR,KLGA,72502014734,F1417,KNYC,72503014732"
New York,2023-10-17,62.2,52.1,56.9,62.2,52.1,56.9,45.1,65.4,0.0,0,0.0,,0.0,0.0,14.5,8.0,354.1,1012.5,52.8,9.9,91.3,8.0,6,10.0,2023-10-17T07:09:08,2023-10-17T18:13:06,0.1,Partially cloudy,Partly cloudy throughout the day.,partly-cloudy-day,"72505394728,KEWR,KLGA,72502014734,F1417,KNYC,72503014732"
New York,2023-10-18,62.5,53.7,58.1,62.5,53.7,58.1,48.5,70.6,0.0,0,0.0,,0.0,0.0,9.2,5.0,80.7,1020.0,85.8,9.9,76.8,6.8,4,10.0,2023-10-18T07:10:14,2023-10-18T18:11:36,0.14,Partially cloudy,Partly cloudy throughout the day.,partly-cloudy-day,"72505394728,KEWR,KLGA,72502014734,F1417,KNYC,72503014732"
New York,2023-10-19,65.0,51.5,58.5,65.0,51.5,58.5,47.9,69.1,0.0,0,0.0,,0.0,0.0,17.2,10.8,194.5,1019.6,29.9,9.9,146.2,12.6,7,10.0,2023-10-19T07:11:20,2023-10-19T18:10:08,0.17,Partially cloudy,Becoming cloudy in the afternoon.,partly-cloudy-day,"72505394728,KEWR,KLGA,72502014734,F1417,KNYC,72503014732"
New York,2023-10-20,63.6,59.5,61.6,63.6,59.5,61.6,58.2,88.6,0.847,100,79.17,rain,0.0,0.0,27.5,11.6,139.5,1007.0,94.4,6.1,26.8,2.3,2,10.0,2023-10-20T07:12:26,2023-10-20T18:08:40,0.21,"Rain, Overcast",Cloudy skies throughout the day with a chance of rain throughout the day.,rain,"72505394728,KEWR,KLGA,72502014734,F1417,KNYC,72503014732"
New York,2023-10-21,63.3,57.7,60.2,63.3,57.7,60.2,52.9,78.3,0.448,100,45.83,rain,0.0,0.0,31.8,15.5,286.8,993.2,88.6,7.1,51.7,4.6,3,10.0,2023-10-21T07:13:33,2023-10-21T18:07:13,0.25,"Rain, Partially cloudy",Partly cloudy throughout the day with a chance of rain throughout the day.,rain,"72505394728,KEWR,KLGA,72502014734,F1417,KNYC,72503014732"
New York,2023-10-22,57.1,49.5,54.3,57.1,44.6,54.1,38.6,55.9,0.0,0,0.0,,0.0,0.0,33.4,17.1,281.8,1003.6,85.9,9.9,119.2,10.2,9,10.0,2023-10-22T07:14:40,2023-10-22T18:05:48,0.28,Partially cloudy,Partly cloudy throughout the day.,partly-cloudy-day,"72505394728,KEWR,KLGA,72502014734,F1417,KNYC,72503014732"
New York,2023-10-23,60.5,47.7,53.1,60.5,42.5,51.2,37.6,55.9,0.0,0,0.0,,0.0,0.0,25.9,14.6,313.1,1019.2,18.2,9.9,166.8,14.4,7,10.0,2023-10-23T07:15:47,2023-10-23T18:04:23,0.32,Clear,Clear conditions throughout the day.,clear-day,"72505394728,KEWR,KLGA,72502014734,F1417,KNYC,72503014732"
New York,2023-10-24,64.9,47.9,55.9,64.9,46.7,55.6,42.9,62.8,0.0,0,0.0,,0.0,0.0,13.2,8.1,110.1,1027.2,17.1,9.9,136.1,11.8,6,10.0,2023-10-24T07:16:55,2023-10-24T18:03:00,0.35,Clear,Clear conditions throughout the day.,clear-day,"72505394728,KEWR,KLGA,72502014734,F1417,KNYC,72503014732"
New York,2023-10-25,72.2,53.2,62.4,72.2,53.2,62.4,45.4,54.9,0.0,0,0.0,,0.0,0.0,21.9,11.4,223.2,1025.1,23.1,9.9,156.9,13.7,6,10.0,2023-10-25T07:18:03,2023-10-25T18:01:37,0.39,Partially cloudy,Partly cloudy throughout the day.,partly-cloudy-day,"72505394728,KEWR,KLGA,72502014734,F1417,KNYC,72503014732"
New York,2023-10-26,78.5,58.2,67.9,78.5,58.2,67.9,49.2,51.9,0.0,0,0.0,,0.0,0.0,11.9,7.5,240.1,1022.7,26.0,9.9,164.5,14.3,6,10.0,2023-10-26T07:19:11,2023-10-26T18:00:16,0.42,Partially cloudy,Partly cloudy throughout the day.,partly-cloudy-day,"72505394728,KEWR,KLGA,72502014734,F1417,KNYC,72503014732"
New York,2023-10-27,74.2,62.9,68.0,74.2,62.9,68.0,53.0,59.0,0.0,0,0.0,,0.0,0.0,19.7,9.9,235.7,1019.1,29.3,9.9,73.6,6.5,3,10.0,2023-10-27T07:20:20,2023-10-27T17:58:56,0.46,Partially cloudy,Partly cloudy throughout the day.,partly-cloudy-day,"72505394728,KEWR,KLGA,72502014734,F1417,KNYC,72503014732"
New York,2023-10-28,80.3,65.4,71.9,81.1,65.4,72.0,57.3,60.8,0.0,0,0.0,,0.0,0.0,23.0,9.9,263.5,1016.1,32.5,9.9,159.7,13.7,6,10.0,2023-10-28T07:21:29,2023-10-28T17:57:37,0.5,Partially cloudy,Becoming cloudy in the afternoon.,partly-cloudy-day,"72505394728,KEWR,KLGA,72502014734,F1417,KNYC,72503014732"
New York,2023-10-29,66.1,51.5,55.8,66.1,51.5,55.8,48.3,77.5,0.447,100,62.5,rain,0.0,0.0,22.1,13.4,39.9,1018.7,94.3,7.7,15.3,1.2,1,10.0,2023-10-29T07:22:38,2023-10-29T17:56:19,0.53,"Rain, Overcast",Cloudy skies throughout the day with a chance of rain throughout the day.,rain,"72505394728,KEWR,KLGA,72502014734,F1417,KNYC,72503014732"
New York,2023-10-30,60.5,50.8,55.4,60.5,50.8,55.4,50.5,84.3,0.474,100,25.0,rain,0.0,0.0,25.6,15.5,334.6,1010.0,97.9,6.1,41.5,3.7,3,10.0,2023-10-30T07:23:47,2023-10-30T17:55:03,0.56,"Rain, Overcast",Cloudy skies throughout the day with rain clearing later.,rain,"72505394728,KEWR,KLGA,72502014734,F1417,KNYC,72503014732"
New York,2023-10-31,51.3,45.9,49.2,51.3,42.4,47.6,33.8,55.6,0.0,0,0.0,,0.0,0.0,21.9,11.6,13.7,1017.5,69.0,9.9,110.4,9.5,6,10.0,2023-10-31T07:24:57,2023-10-31T17:53:48,0.59,Partially cloudy,Partly cloudy throughout the day.,partly-cloudy-day,"72505394728,KEWR,KLGA,72502014734,F1417,KNYC,72503014732"
New York,2023-11-01,48.8,40.7,45.5,48.0,35.3,41.1,30.4,56.7,0.007,100,8.33,rain,0.0,0.0,28.4,17.6,333.4,1017.5,70.9,9.9,67.9,6.0,3,10.0,2023-11-01T07:26:07,2023-11-01T17:52:35,0.62,"Rain, Partially cloudy",Partly cloudy throughout the day with morning rain.,rain,"72505394728,KEWR,KLGA,72502014734,F1417,KNYC,72503014732"
New York,2023-11-02,49.1,36.1,42.7,47.0,30.4,38.9,25.4,52.0,0.0,0,0.0,,0.0,0.0,17.7,9.4,282.3,1030.5,7.3,9.9,154.5,13.2,6,10.0,2023-11-02T07:27:17,2023-11-02T17:51:22,0.65,Clear,Clear conditions throughout the day.,clear-day,"72505394728,KEWR,KLGA,72502014734,F1417,KNYC,72503014732"
New York,2023-11-03,55.9,41.7,48.3,55.9,38.2,46.7,30.8,51.1,0.0,0,0.0,,0.0,0.0,23.0,10.0,203.6,1030.5,13.2,9.9,148.6,12.7,6,10.0,2023-11-03T07:28:28,2023-11-03T17:50:12,0.69,Clear,Clear conditions throughout the day.,clear-day,"72505394728,KEWR,KLGA,72502014734,F1417,KNYC,72503014732"
New York,2023-11-04,60.9,47.0,53.2,60.9,43.6,52.1,36.3,53.4,0.0,0,0.0,,0.0,0.0,14.5,8.4,229.6,1022.9,49.5,9.9,89.1,7.7,4,10.0,2023-11-04T07:29:38,2023-11-04T17:49:03,0.72,Partially cloudy,Partly cloudy throughout the day.,partly-cloudy-day,"72505394728,KEWR,KLGA,72502014734,F1417,KNYC,72503014732"
New York,2023-11-05,64.4,50.0,56.3,64.4,50.0,56.3,38.3,51.7,0.0,0,0.0,,0.0,0.0,16.8,8.6,339.3,1017.2,54.7,9.7,100.8,9.2,5,10.0,2023-11-05T06:30:49,2023-11-05T16:47:55,0.75,Partially cloudy,Partly cloudy throughout the day.,partly-cloudy-day,"72505394728,KEWR,KLGA,72502014734,F1417,KNYC,72503014732"
New York,2023-11-06,55.6,45.2,50.7,55.6,40.6,49.4,37.1,59.9,0.0,0,0.0,,0.0,0.0,15.4,8.9,49.9,1019.5,35.1,9.9,107.2,9.2,6,10.0,2023-11-06T06:32:00,2023-11-06T16:46:49,0.78,Partially cloudy,Becoming cloudy in the afternoon.,partly-cloudy-day,"72505394728,KEWR,KLGA,72502014734,F1417,KNYC,72503014732"
New York,2023-11-07,64.1,54.4,58.6,64.1,54.4,58.6,48.0,68.9,0.049,100,12.5,rain,0.0,0.0,30.3,13.0,244.7,1009.1,50.0,9.3,55.2,4.7,2,10.0,2023-11-07T06:33:11,2023-11-07T16:45:44,0.82,"Rain, Partially cloudy",Clearing in the afternoon with rain clearing later.,rain,"72505394728,KEWR,KLGA,72502014734,F1417,KNYC,72503014732"
New York,2023-11-08,54.4,43.4,47.8,54.4,37.2,45.1,26.1,43.4,0.0,0,0.0,,0.0,0.0,25.3,13.4,331.9,1017.3,29.7,9.9,140.6,12.3,6,10.0,2023-11-08T06:34:22,2023-11-08T16:44:41,0.85,Partially cloudy,Partly cloudy throughout the day.,partly-cloudy-day,"72505394728,KEWR,KLGA,72502014734,F1417,KNYC,72503014732"
New York,2023-11-09,57.6,43.2,50.8,57.6,38.6,49.7,37.7,60.8,0.0,0,0.0,,0.0,0.0,13.2,9.2,41.2,1013.0,65.1,9.9,43.8,3.9,2,10.0,2023-11-09T06:35:33,2023-11-09T16:43:40,0.88,Partially cloudy,Partly cloudy throughout the day.,partly-cloudy-day,"72505394728,KEWR,KLGA,72502014734,F1417,KNYC,72503014732"
New York,2023-11-10,53.1,46.2,50.8,53.1,43.2,50.1,33.9,53.2,0.0,0,0.0,,0.0,0.0,19.7,10.6,257.7,1019.0,55.9,9.9,24.8,2.2,1,10.0,2023-11-10T06:36:44,2023-11-10T16:42:41,0.91,Partially cloudy,Partly cloudy throughout the day.,partly-cloudy-day,"72505394728,KEWR,KLGA,72502014734,F1417,KNYC,72503014732"
New York,2023-11-11,54.6,43.5,48.1,54.6,41.2,46.2,31.9,54.8,0.0,0,0.0,,0.0,0.0,23.0,12.2,315.4,1026.1,29.0,9.9,118.4,10.2,6,10.0,2023-11-11T06:37:56,2023-11-11T16:41:43,0.95,Partially cloudy,Becoming cloudy in the afternoon.,partly-cloudy-day,"72505394728,KEWR,KLGA,72502014734,F1417,KNYC,72503014732"
New York,2023-11-12,44.9,36.8,40.8,43.9,29.9,36.6,25.3,54.1,0.0,0,0.0,,0.0,0.0,15.4,9.7,21.7,1031.5,19.6,9.9,106.5,9.3,6,10.0,2023-11-12T06:39:07,2023-11-12T16:40:47,0.98,Clear,Clear conditions throughout the day.,clear-day,"72505394728,KEWR,KLGA,72502014734,F1417,KNYC,72503014732"
New York,2023-11-13,48.4,35.6,42.7,47.8,32.1,40.1,26.6,53.0,0.0,0,0.0,,0.0,0.0,18.3,8.1,285.2,1025.8,29.7,9.9,124.0,10.7,6,10.0,2023-11-13T06:40:18,2023-11-13T16:39:52,0.0,Partially cloudy,Becoming cloudy in the afternoon.,partly-cloudy-day,"72505394728,KEWR,KLGA,72502014734,F1417,KNYC,72503014732"
New York,2023-11-14,53.2,43.4,47.5,53.2,40.2,45.2,30.7,52.6,0.0,0,0.0,,0.0,0.0,31.7,14.9,310.3,1024.8,23.7,9.9,135.4,11.7,6,10.0,2023-11-14T06:41:29,2023-11-14T16:39:00,0.05,Partially cloudy,Partly cloudy throughout the day.,partly-cloudy-day,"72505394728,KEWR,KLGA,72502014734,F1417,KNYC,72503014732"
New York,2023-11-15,53.0,39.7,46.7,53.0,38.5,45.8,32.4,58.0,0.0,0,0.0,,0.0,0.0,21.9,10.8,230.5,1028.6,19.7,9.9,106.8,9.1,5,10.0,2023-11-15T06:42:40,2023-11-15T16:38:10,0.08,Clear,Clear conditions throughout the day.,clear-day,"72505394728,KEWR,KLGA,72502014734,F1417,KNYC,72503014732"
New York,2023-11-16,64.9,45.3,54.6,64.9,43.0,53.8,36.6,52.6,0.0,0,0.0,,0.0,0.0,17.2,8.0,237.8,1023.3,17.7,9.9,122.1,10.5,5,10.0,2023-11-16T06:43:50,2023-11-16T16:37:21,0.12,Clear,Clear conditions throughout the day.,clear-day,"72505394728,KEWR,KLGA,72502014734,F1417,KNYC,72503014732"
New York,2023-11-17,66.8,51.4,59.4,66.8,51.4,59.4,47.0,64.2,0.0,0,0.0,,0.0,0.0,20.8,12.2,199.2,1015.8,28.0,9.9,101.3,8.8,5,10.0,2023-11-17T06:45:01,2023-11-17T16:36:34,0.15,Partially cloudy,Partly cloudy throughout the day.,partly-cloudy-day,"72505394728,KEWR,KLGA,72502014734,F1417,KNYC,72503014732"
New York,2023-11-18,61.8,42.4,53.0,61.8,38.4,51.7,37.5,58.1,0.0,0,0.0,,0.0,0.0,27.7,16.4,311.3,1007.8,56.6,9.9,71.2,6.1,5,10.0,2023-11-18T06:46:11,2023-11-18T16:35:49,0.19,Partially cloudy,Partly cloudy throughout the day.,partly-cloudy-day,"72505394728,KEWR,KLGA,72502014734,F1417,KNYC,72503014732"
New York,2023-11-19,55.6,40.3,47.4,55.6,36.5,45.6,27.5,46.5,0.0,0,0.0,,0.0,0.0,26.4,16.5,271.8,1013.5,8.9,9.9,115.3,10.0,5,10.0,2023-11-19T06:47:21,2023-11-19T16:35:07,0.23,Clear,Clear conditions throughout the day.,clear-day,"72505394728,KEWR,KLGA,72502014734,F1417,KNYC,72503014732"
New York,2023-11-20,45.4,37.5,41.0,42.5,32.4,36.5,19.0,42.2,0.0,0,0.0,,0.0,0.0,23.0,10.3,3.9,1027.4,17.5,9.9,113.3,9.7,5,10.0,2023-11-20T06:48:30,2023-11-20T16:34:26,0.25,Clear,Clear conditions throughout the day.,clear-day,"72505394728,KEWR,KLGA,72502014734,F1417,KNYC,72503014732"
New York,2023-11-21,47.5,34.2,41.4,42.8,26.3,35.5,29.7,64.0,0.424,100,37.5,rain,0.0,0.0,29.6,17.9,84.0,1029.3,63.1,9.0,37.0,3.4,2,10.0,2023-11-21T06:49:39,2023-11-21T16:33:47,0.3,"Rain, Partially cloudy",Partly cloudy throughout the day with rain.,rain,"72505394728,KEWR,KLGA,72502014734,F1417,KNYC,72503014732"
New York,2023-11-22,54.3,47.9,51.7,54.3,41.4,51.2,46.0,81.2,1.892,100,37.5,rain,0.0,0.0,35.2,22.4,354.4,1006.5,95.6,7.2,82.9,7.1,6,10.0,2023-11-22T06:50:48,2023-11-22T16:33:11,0.33,"Rain, Overcast",Cloudy skies throughout the day with rain clearing later.,rain,"72505394728,KEWR,KLGA,72502014734,F1417,KNYC,72503014732"
New York,2023-11-23,52.8,44.9,49.0,52.8,39.4,46.4,33.7,56.1,0.0,0,0.0,,0.0,0.0,28.9,14.7,299.6,1010.8,39.7,9.9,115.7,10.1,5,10.0,2023-11-23T06:51:56,2023-11-23T16:32:36,0.37,Partially cloudy,Clearing in the afternoon.,partly-cloudy-day,"72505394728,KEWR,KLGA,72502014734,F1417,KNYC,72503014732"
New York,2023-11-24,51.0,33.7,45.3,51.0,25.4,40.8,25.5,46.1,0.0,0,0.0,,0.0,0.0,37.1,14.8,312.7,1020.4,54.2,9.9,114.1,9.8,5,10.0,2023-11-24T06:53:03,2023-11-24T16:32:04,0.4,Partially cloudy,Clearing in the afternoon.,partly-cloudy-day,"72505394728,KEWR,KLGA,72502014734,F1417,KNYC,72503014732"
New York,2023-11-25,39.9,31.3,35.8,39.9,25.3,33.4,17.8,47.9,0.0,0,0.0,,0.0,0.0,15.9,8.5,355.5,1028.8,21.4,9.9,93.1,8.1,5,10.0,2023-11-25T06:54:10,2023-11-25T16:31:34,0.44,Partially cloudy,Partly cloudy throughout the day.,partly-cloudy-day,"72505394728,KEWR,KLGA,72502014734,F1417,KNYC,72503014732"
New York,2023-11-26,53.5,35.5,44.0,53.5,32.4,42.2,34.9,70.7,0.238,100,33.33,rain,0.0,0.0,31.4,11.8,83.5,1019.7,72.9,8.8,44.8,3.7,3,10.0,2023-11-26T06:55:16,2023-11-26T16:31:05,0.48,"Rain, Partially cloudy",Partly cloudy throughout the day with rain.,rain,"72505394728,KEWR,KLGA,72502014734,F1417,KNYC,72503014732"
New York,2023-11-27,55.1,37.7,46.6,55.1,30.6,42.8,34.8,65.1,0.111,100,8.33,rain,0.0,0.0,31.0,16.1,266.1,1006.3,52.2,9.4,68.7,5.9,5,10.0,2023-11-27T06:56:22,2023-11-27T16:30:40,0.5,"Rain, Partially cloudy",Becoming cloudy in the afternoon with early morning rain.,rain,"72505394728,KEWR,KLGA,72502014734,F1417,KNYC,72503014732"
New York,2023-11-28,40.2,33.0,35.4,32.2,23.6,27.0,14.8,42.5,0.0,0,0.0,,0.0,0.0,33.6,17.1,278.4,1011.5,25.3,9.9,71.9,6.1,5,10.0,2023-11-28T06:57:27,2023-11-28T16:30:16,0.54,Partially cloudy,Becoming cloudy in the afternoon.,partly-cloudy-day,"72505394728,KEWR,KLGA,72502014734,F1417,KNYC,72503014732"
New York,2023-11-29,37.3,27.2,32.7,32.0,16.5,25.4,12.7,43.9,0.0,0,0.0,,0.0,0.0,23.0,15.0,251.9,1018.6,33.8,9.9,112.0,9.6,5,10.0,2023-11-29T06:58:31,2023-11-29T16:29:54,0.57,Partially cloudy,Becoming cloudy in the afternoon.,partly-cloudy-day,"72505394728,KEWR,KLGA,72502014734,F1417,KNYC,72503014732"
New York,2023-11-30,50.7,34.0,43.0,50.7,27.6,39.0,21.5,42.4,0.0,0,0.0,,0.0,0.0,21.5,9.6,230.3,1019.9,30.4,9.9,102.2,8.9,5,10.0,2023-11-30T06:59:34,2023-11-30T16:29:35,0.61,Partially cloudy,Partly cloudy throughout the day.,partly-cloudy-day,"72505394728,KEWR,KLGA,72502014734,F1417,KNYC,72503014732"
New York,2023-12-01,49.1,42.1,45.5,49.1,38.2,43.4,36.1,70.3,0.405,100,33.33,rain,0.0,0.0,15.2,9.0,214.2,1020.0,58.6,8.2,32.5,2.7,2,10.0,2023-12-01T07:00:36,2023-12-01T16:29:18,0.64,"Rain, Partially cloudy",Becoming cloudy in the afternoon with rain.,rain,"72505394728,KEWR,KLGA,72502014734,F1417,KNYC,72503014732"
New York,2023-12-02,58.5,46.9,51.2,58.5,43.8,50.2,45.9,82.5,0.0,0,0.0,,0.0,0.0,19.7,8.0,263.8,1016.0,68.6,6.3,77.5,6.8,5,10.0,2023-12-02T07:01:37,2023-12-02T16:29:04,0.67,Partially cloudy,Clearing in the afternoon.,partly-cloudy-day,"72505394728,KEWR,KLGA,72502014734,F1417,KNYC,72503014732"
New York,2023-12-03,52.5,48.8,50.4,52.5,44.1,48.9,46.9,87.7,0.606,100,70.83,rain,0.0,0.0,23.0,15.0,61.8,1009.3,98.2,3.6,10.4,1.0,1,10.0,2023-12-03T07:02:37,2023-12-03T16:28:51,0.7,"Rain, Overcast",Cloudy skies throughout the day with a chance of rain throughout the day.,rain,"72505394728,KEWR,KLGA,72502014734,F1417,KNYC,72503014732"
New York,2023-12-04,52.4,43.3,48.3,52.4,38.2,45.6,36.2,63.8,0.0,0,0.0,,0.0,0.0,26.4,13.4,266.6,1008.0,34.9,9.5,85.6,7.4,5,10.0,2023-12-04T07:03:36,2023-12-04T16:28:41,0.73,Partially cloudy,Becoming cloudy in the afternoon.,partly-cloudy-day,"72505394728,KEWR,KLGA,72502014734,F1417,KNYC,72503014732"
New York,2023-12-05,43.2,38.7,41.3,41.8,33.3,37.6,25.5,53.7,0.0,0,0.0,,0.0,0.0,21.9,8.9,325.8,1015.7,42.3,9.9,63.0,5.5,3,10.0,2023-12-05T07:04:34,2023-12-05T16:28:33,0.75,Partially cloudy,Partly cloudy throughout the day.,partly-cloudy-day,"72505394728,KEWR,KLGA,72502014734,F1417,KNYC,72503014732"
New York,2023-12-06,41.3,35.3,38.1,36.8,27.6,32.2,22.5,53.6,0.0,0,0.0,,0.0,0.0,26.9,18.2,340.1,1015.5,77.3,9.9,67.3,5.7,5,10.0,2023-12-06T07:05:30,2023-12-06T16:28:28,0.8,Partially cloudy,Partly cloudy throughout the day.,partly-cloudy-day,"72505394728,KEWR,KLGA,72502014734,F1417,KNYC,72503014732"
New York,2023-12-07,39.1,32.3,36.0,35.7,26.5,30.3,23.2,59.9,0.0,0,0.0,,0.0,0.0,20.8,11.2,266.3,1016.7,69.7,9.7,33.8,3.1,2,10.0,2023-12-07T07:06:25,2023-12-07T16:28:25,0.83,Partially cloudy,Partly cloudy throughout the day.,partly-cloudy-day,"72505394728,KEWR,KLGA,72502014734,F1417,KNYC,72503014732"
New York,2023-12-08,50.3,38.6,44.4,50.3,33.9,42.8,31.4,60.6,0.0,0,0.0,,0.0,0.0,11.4,10.9,204.3,1021.1,49.7,9.8,87.4,7.5,5,10.0,2023-12-08T07:07:19,2023-12-08T16:28:24,0.86,Partially cloudy,Partly cloudy throughout the day.,partly-cloudy-day,"72505394728,KEWR,KLGA,72502014734,F1417,KNYC,72503014732"
New York,2023-12-09,57.6,42.5,49.7,57.6,39.5,49.1,42.2,75.5,0.0,0,0.0,,0.0,0.0,10.5,4.9,53.0,1021.9,39.3,8.8,80.0,7.0,4,10.0,2023-12-09T07:08:12,2023-12-09T16:28:25,0.9,Partially cloudy,Partly cloudy throughout the day.,partly-cloudy-day,"72505394728,KEWR,KLGA,72502014734,F1417,KNYC,72503014732"
New York,2023-12-10,61.1,49.4,56.1,61.1,49.4,56.1,51.9,86.0,0.895,100,50.0,rain,0.0,0.0,48.1,11.2,167.8,1011.7,94.1,7.0,18.2,1.6,2,10.0,2023-12-10T07:09:03,2023-12-10T16:28:29,0.93,"Rain, Overcast",Cloudy skies throughout the day with rain.,rain,"72505394728,KEWR,KLGA,72502014734,F1417,KNYC,72503014732"
New York,2023-12-11,50.0,38.5,42.5,44.7,31.7,35.9,31.8,67.4,0.588,100,41.67,rain,0.0,0.0,37.9,29.5,305.5,1010.1,84.5,8.8,40.4,3.4,2,10.0,2023-12-11T07:09:53,2023-12-11T16:28:35,0.96,"Rain, Partially cloudy",Partly cloudy throughout the day with rain clearing later.,rain,"72505394728,KEWR,KLGA,72502014734,F1417,KNYC,72503014732"
New York,2023-12-12,44.2,35.6,40.2,41.4,29.8,35.0,22.0,48.1,0.0,0,0.0,,0.0,0.0,25.3,12.8,250.5,1027.7,28.8,9.9,105.3,9.3,5,10.0,2023-12-12T07:10:41,2023-12-12T16:28:43,0.0,Partially cloudy,Partly cloudy throughout the day.,partly-cloudy-day,"72505394728,KEWR,KLGA,72502014734,F1417,KNYC,72503014732"
New York,2023-12-13,47.3,37.3,41.6,42.9,30.4,36.4,21.6,45.8,0.0,0,0.0,,0.0,0.0,27.8,14.6,281.7,1031.1,12.5,9.9,101.3,8.7,5,10.0,2023-12-13T07:11:27,2023-12-13T16:28:54,0.03,Clear,Clear conditions throughout the day.,clear-day,"72505394728,KEWR,KLGA,72502014734,F1417,KNYC,72503014732"
New York,2023-12-14,40.6,33.5,37.3,38.5,25.6,31.5,17.2,44.1,0.0,0,0.0,,0.0,0.0,19.7,12.4,284.7,1036.0,18.0,9.9,114.5,10.0,6,10.0,2023-12-14T07:12:12,2023-12-14T16:29:07,0.06,Clear,Clear conditions throughout the day.,clear-day,"72505394728,KEWR,KLGA,72502014734,F1417,KNYC,72503014732"
New York,2023-12-15,58.3,37.5,46.8,58.3,31.0,44.0,24.0,41.3,0.0,0,0.0,,0.0,0.0,20.8,10.0,249.6,1027.9,11.0,9.9,102.3,8.8,5,10.0,2023-12-15T07:12:55,2023-12-15T16:29:22,0.1,Clear,Clear conditions throughout the day.,clear-day,"72505394728,KEWR,KLGA,72502014734,F1417,KNYC,72503014732"
New York,2023-12-16,53.9,47.4,49.6,53.9,43.8,47.8,32.4,52.1,0.0,0,0.0,,0.0,0.0,16.1,10.3,44.4,1031.0,29.3,9.9,96.0,8.4,4,10.0,2023-12-16T07:13:37,2023-12-16T16:29:39,0.13,Partially cloudy,Partly cloudy throughout the day.,partly-cloudy-day,"72505394728,KEWR,KLGA,72502014734,F1417,KNYC,72503014732"
New York,2023-12-17,57.8,47.3,50.9,57.8,43.2,49.2,46.1,83.8,0.141,100,29.17,rain,0.0,0.0,27.9,10.6,67.8,1022.1,100.0,8.1,24.2,2.1,1,10.0,2023-12-17T07:14:16,2023-12-17T16:29:59,0.17,"Rain, Overcast",Cloudy skies throughout the day with rain.,rain,"72505394728,KEWR,KLGA,72502014734,F1417,KNYC,72503014732"
New York,2023-12-18,62.4,43.3,54.3,62.4,38.1,53.0,47.1,77.5,2.116,100,58.33,rain,0.0,0.0,39.3,22.3,209.9,992.2,72.6,6.3,35.6,3.1,4,10.0,2023-12-18T07:14:54,2023-12-18T16:30:20,0.2,"Rain, Partially cloudy",Partly cloudy throughout the day with a chance of rain throughout the day.,rain,"72505394728,KEWR,KLGA,72502014734,F1417,KNYC,72503014732"
New York,2023-12-19,43.4,33.4,38.9,39.9,25.8,32.3,24.0,55.1,0.0,0,0.0,,0.0,0.0,26.3,16.0,286.3,1014.3,51.2,9.9,120.0,10.4,6,10.0,2023-12-19T07:15:30,2023-12-19T16:30:44,0.25,Partially cloudy,Partly cloudy throughout the day.,partly-cloudy-day,"72505394728,KEWR,KLGA,72502014734,F1417,KNYC,72503014732"
New York,2023-12-20,45.2,30.7,36.9,44.0,21.5,31.0,19.7,50.2,0.0,0,0.0,,0.0,0.0,23.0,13.9,317.6,1027.4,32.4,9.9,96.5,8.4,5,10.0,2023-12-20T07:16:04,2023-12-20T16:31:10,0.28,Partially cloudy,Becoming cloudy in the afternoon.,partly-cloudy-day,"72505394728,KEWR,KLGA,72502014734,F1417,KNYC,72503014732"
New York,2023-12-21,42.2,30.7,37.2,36.7,21.7,31.0,19.3,49.5,0.0,0,0.0,,0.0,0.0,23.0,11.5,1.3,1029.5,12.2,9.9,98.8,8.5,5,10.0,2023-12-21T07:16:36,2023-12-21T16:31:39,0.31,Clear,Clear conditions throughout the day.,clear-day,"72505394728,KEWR,KLGA,72502014734,F1417,KNYC,72503014732"
New York,2023-12-22,37.5,25.5,32.0,37.5,18.1,28.1,11.7,43.3,0.0,0,0.0,,0.0,0.0,13.0,9.1,13.7,1031.5,25.9,9.9,89.3,7.6,5,10.0,2023-12-22T07:17:06,2023-12-22T16:32:09,0.35,Partially cloudy,Partly cloudy throughout the day.,partly-cloudy-day,"72505394728,KEWR,KLGA,72502014734,F1417,KNYC,72503014732"
New York,2023-12-23,43.4,33.2,38.4,39.9,29.8,35.4,23.8,56.4,0.0,0,0.0,,0.0,0.0,8.9,6.7,57.7,1031.7,79.6,9.9,37.5,3.1,2,10.0,2023-12-23T07:17:34,2023-12-23T16:32:41,0.38,Partially cloudy,Partly cloudy throughout the day.,partly-cloudy-day,"72505394728,KEWR,KLGA,72502014734,F1417,KNYC,72503014732"
New York,2023-12-24,47.9,40.4,44.4,47.9,38.5,43.7,37.7,77.4,0.019,100,16.67,rain,0.0,0.0,8.5,4.4,6.2,1029.5,97.1,9.3,34.3,3.0,2,10.0,2023-12-24T07:18:00,2023-12-24T16:33:16,0.42,"Rain, Overcast",Cloudy skies throughout the day with rain clearing later.,rain,"72505394728,KEWR,KLGA,72502014734,F1417,KNYC,72503014732"
New York,2023-12-25,48.6,43.0,46.0,48.3,40.1,44.6,41.7,85.0,0.0,0,0.0,,0.0,0.0,8.7,6.3,45.8,1029.9,96.2,6.2,34.3,3.0,2,10.0,2023-12-25T07:18:24,2023-12-25T16:33:52,0.45,Overcast,Cloudy skies throughout the day.,cloudy,"72505394728,KEWR,KLGA,72502014734,F1417,KNYC,72503014732"
New York,2023-12-26,49.9,44.0,46.3,49.2,41.5,45.6,42.3,85.7,0.0,0,0.0,,0.0,0.0,6.3,4.7,45.7,1025.9,94.3,3.7,37.0,3.2,2,10.0,2023-12-26T07:18:46,2023-12-26T16:34:30,0.5,Overcast,Cloudy skies throughout the day.,cloudy,"72505394728,KEWR,KLGA,72502014734,F1417,KNYC,72503014732"
New York,2023-12-27,48.6,44.5,46.3,46.7,41.3,43.8,43.0,88.3,0.205,100,25.0,rain,0.0,0.0,18.6,11.3,48.1,1017.9,99.9,5.0,28.5,2.5,2,10.0,2023-12-27T07:19:05,2023-12-27T16:35:10,0.52,"Rain, Overcast",Cloudy skies throughout the day with rain.,rain,"72505394728,KEWR,KLGA,72502014734,F1417,KNYC,72503014732"
New York,2023-12-28,54.4,48.8,50.8,54.4,43.6,49.1,48.3,90.8,1.37,100,70.83,rain,0.0,0.0,33.3,16.7,48.8,1005.5,99.9,5.1,15.4,1.3,1,10.0,2023-12-28T07:19:23,2023-12-28T16:35:52,0.55,"Rain, Overcast",Cloudy skies throughout the day with a chance of rain throughout the day.,rain,"72505394728,KEWR,KLGA,72502014734,F1417,KNYC,72503014732"
New York,2023-12-29,55.3,47.2,49.9,55.3,43.6,48.9,43.0,78.1,0.037,100,16.67,rain,0.0,0.0,21.9,14.5,271.9,1004.4,85.5,7.3,87.7,7.4,5,10.0,2023-12-29T07:19:38,2023-12-29T16:36:36,0.59,"Rain, Partially cloudy",Partly cloudy throughout the day with rain.,rain,"72505394728,KEWR,KLGA,72502014734,F1417,KNYC,72503014732"
New York,2023-12-30,46.9,39.3,43.3,44.2,33.1,38.3,30.9,61.5,0.0,0,0.0,,0.0,0.0,29.9,12.3,273.8,1004.3,71.1,9.9,43.4,3.8,3,10.0,2023-12-30T07:19:51,2023-12-30T16:37:22,0.62,Partially cloudy,Partly cloudy throughout the day.,partly-cloudy-day,"72505394728,KEWR,KLGA,72502014734,F1417,KNYC,72503014732"
New York,2023-12-31,43.3,39.5,41.9,43.1,33.6,37.5,25.0,50.8,0.0,0,0.0,,0.0,0.0,23.0,10.0,295.2,1014.1,95.6,9.9,31.9,2.6,2,10.0,2023-12-31T07:20:02,2023-12-31T16:38:09,0.65,Overcast,Cloudy skies throughout the day.,cloudy,"72505394728,KEWR,KLGA,72502014734,F1417,KNYC,72503014732"
New York,2024-01-01,46.2,37.3,42.2,45.3,31.0,39.6,29.8,61.6,0.02,100,12.5,rain,0.0,0.0,20.8,8.7,319.7,1016.6,73.5,9.8,71.5,6.1,5,10.0,2024-01-01T07:20:10,2024-01-01T16:38:58,0.68,"Rain, Partially cloudy",Partly cloudy throughout the day with morning rain.,rain,"72505394728,KEWR,KLGA,72502014734,F1417,KNYC,72503014732"
New York,2024-01-02,42.8,29.5,36.4,41.4,21.8,31.7,21.1,54.4,0.0,0,0.0,,0.0,0.0,19.7,8.4,321.6,1017.8,3.8,9.9,106.7,9.2,5,10.0,2024-01-02T07:20:17,2024-01-02T16:39:49,0.72,Clear,Clear conditions throughout the day.,clear-day,"72505394728,KEWR,KLGA,72502014734,F1417,KNYC,72503014732"
New York,2024-01-03,43.4,34.2,38.7,39.0,27.7,33.8,24.7,57.1,0.0,0,0.0,,0.0,0.0,14.1,9.1,296.1,1016.1,53.2,9.9,71.1,6.1,5,10.0,2024-01-03T07:20:21,2024-01-03T16:40:41,0.75,Partially cloudy,Becoming cloudy in the afternoon.,partly-cloudy-day,"72505394728,KEWR,KLGA,72502014734,F1417,KNYC,72503014732"
New York,2024-01-04,44.5,29.4,38.8,39.5,18.4,32.9,22.0,51.1,0.0,0,0.0,,0.0,0.0,31.6,23.6,306.0,1015.8,64.7,9.9,54.7,4.7,4,10.0,2024-01-04T07:20:23,2024-01-04T16:41:35,0.78,Partially cloudy,Partly cloudy throughout the day.,partly-cloudy-day,"72505394728,KEWR,KLGA,72502014734,F1417,KNYC,72503014732"
New York,2024-01-05,37.8,26.7,32.0,32.5,14.4,24.2,14.2,47.7,0.0,0,0.0,,0.0,0.0,30.3,15.9,288.2,1024.3,15.5,9.9,107.7,9.4,5,10.0,2024-01-05T07:20:22,2024-01-05T16:42:30,0.81,Clear,Clear conditions throughout the day.,clear-day,"72505394728,KEWR,KLGA,72502014734,F1417,KNYC,72503014732"
New York,2024-01-06,37.4,31.5,34.3,34.4,24.9,29.2,24.2,67.3,0.39,100,37.5,"rain,snow",1.0,0.2,34.8,20.0,56.3,1017.7,62.1,7.6,23.5,2.1,1,10.0,2024-01-06T07:20:19,2024-01-06T16:43:26,0.85,"Snow, Rain, Partially cloudy",Becoming cloudy in the afternoon with rain or snow.,snow,"72505394728,KEWR,KLGA,72502014734,F1417,KNYC,72503014732"
New York,2024-01-07,38.1,35.0,36.8,33.5,26.3,29.4,31.8,82.5,0.215,100,54.17,"rain,snow",1.2,0.1,33.8,17.1,358.4,1005.1,91.6,7.0,27.0,2.2,3,10.0,2024-01-07T07:20:14,2024-01-07T16:44:24,0.88,"Snow, Rain, Overcast",Cloudy skies throughout the day with a chance of rain or snow throughout the day.,snow,"72505394728,KEWR,KLGA,72502014734,F1417,KNYC,72503014732"
New York,2024-01-08,44.7,36.4,39.9,41.9,28.9,35.0,23.8,52.8,0.0,0,0.0,,0.0,0.0,31.6,13.8,320.0,1025.7,35.9,9.9,114.3,9.9,5,10.0,2024-01-08T07:20:07,2024-01-08T16:45:24,0.91,Partially cloudy,Partly cloudy throughout the day.,partly-cloudy-day,"72505394728,KEWR,KLGA,72502014734,F1417,KNYC,72503014732"
New York,2024-01-09,56.5,36.4,43.7,56.5,33.2,40.8,35.9,74.2,1.409,100,50.0,rain,0.0,0.0,47.4,31.9,119.8,1017.6,72.8,7.1,12.3,1.1,1,10.0,2024-01-09T07:19:58,2024-01-09T16:46:24,0.94,"Rain, Partially cloudy",Partly cloudy throughout the day with rain.,rain,"72505394728,KEWR,KLGA,72502014734,F1417,KNYC,72503014732"
New York,2024-01-10,57.1,45.2,50.3,57.1,38.6,46.4,35.4,58.6,0.547,100,16.67,rain,0.0,0.0,39.6,27.0,247.5,992.3,93.0,9.3,38.6,3.3,3,10.0,2024-01-10T07:19:46,2024-01-10T16:47:26,0.97,"Rain, Overcast",Cloudy skies throughout the day with early morning rain.,rain,"72505394728,KEWR,KLGA,72502014734,F1417,KNYC,72503014732"
New York,2024-01-11,46.4,41.4,44.3,42.5,36.2,39.3,25.9,48.1,0.0,0,0.0,,0.0,0.0,28.8,14.1,245.9,1010.2,70.1,9.9,82.4,7.1,6,10.0,2024-01-11T07:19:32,2024-01-11T16:48:29,0.0,Partially cloudy,Partly cloudy throughout the day.,partly-cloudy-day,"72505394728,KEWR,KLGA,72502014734,F1417,KNYC,72503014732"
New York,2024-01-12,49.7,40.5,44.7,47.4,35.4,40.5,30.2,57.2,0.009,100,4.17,rain,0.0,0.0,32.2,13.5,103.1,1018.1,34.3,9.9,93.7,8.1,5,10.0,2024-01-12T07:19:16,2024-01-12T16:49:32,0.04,"Rain, Partially cloudy",Partly cloudy throughout the day with late afternoon rain.,rain,"72505394728,KEWR,KLGA,72502014734,F1417,KNYC,72503014732"
New York,2024-01-13,60.0,37.1,49.3,60.0,27.9,45.3,37.3,66.2,0.951,100,37.5,rain,0.0,0.0,40.4,25.5,234.7,995.4,87.9,8.0,39.4,3.4,2,10.0,2024-01-13T07:18:57,2024-01-13T16:50:37,0.08,"Rain, Partially cloudy",Partly cloudy throughout the day with rain clearing later.,rain,"72505394728,KEWR,KLGA,72502014734,F1417,KNYC,72503014732"
New York,2024-01-14,43.2,28.1,35.0,36.0,18.2,26.7,13.3,41.6,0.0,0,0.0,,0.0,0.0,40.9,24.2,259.8,1012.0,30.7,9.9,72.2,6.3,4,10.0,2024-01-14T07:18:37,2024-01-14T16:51:43,0.11,Partially cloudy,Partly cloudy throughout the day.,partly-cloudy-day,"72505394728,KEWR,KLGA,72502014734,F1417,KNYC,72503014732"
New York,2024-01-15,29.2,24.2,26.8,28.5,15.0,20.1,5.9,41.7,0.02,100,8.33,snow,0.1,0.0,21.9,9.4,267.7,1023.0,76.7,9.1,45.0,3.9,3,10.0,2024-01-15T07:18:14,2024-01-15T16:52:50,0.15,"Snow, Partially cloudy",Partly cloudy throughout the day with late afternoon snow.,snow,"72505394728,KEWR,KLGA,72502014734,F1417,KNYC,72503014732"
New York,2024-01-16,30.8,23.3,27.6,25.1,12.6,18.8,21.7,78.9,0.294,100,70.83,"rain,snow",5.3,2.0,35.6,14.6,344.2,1011.7,83.1,4.7,12.8,1.2,1,10.0,2024-01-16T07:17:49,2024-01-16T16:53:57,0.18,"Snow, Rain, Partially cloudy",Partly cloudy throughout the day with a chance of rain or snow throughout the day.,snow,"72505394728,KEWR,KLGA,72502014734,F1417,KNYC,72503014732"
New York,2024-01-17,24.5,17.5,21.6,13.9,4.0,10.4,3.6,46.5,0.0,0,0.0,,0.0,2.0,29.8,16.3,276.5,1015.2,4.6,9.9,126.8,10.9,5,10.0,2024-01-17T07:17:22,2024-01-17T16:55:06,0.25,Clear,Clear conditions throughout the day.,clear-day,"72505394728,KEWR,KLGA,72502014734,F1417,KNYC,72503014732"
New York,2024-01-18,33.2,21.6,27.8,30.1,9.6,20.1,7.7,42.3,0.0,0,0.0,,0.0,1.4,25.1,13.1,244.0,1020.0,64.0,9.7,44.0,3.7,2,10.0,2024-01-18T07:16:52,2024-01-18T16:56:15,0.25,Partially cloudy,Partly cloudy throughout the day.,partly-cloudy-day,"72505394728,KEWR,KLGA,72502014734,F1417,KNYC,72503014732"
New York,2024-01-19,32.3,26.6,29.6,29.1,17.6,21.7,18.5,63.8,0.038,100,20.83,"rain,snow",1.4,1.5,34.4,12.9,15.3,1010.8,86.6,7.2,26.0,2.2,2,10.0,2024-01-19T07:16:21,2024-01-19T16:57:25,0.29,"Snow, Rain, Partially cloudy",Partly cloudy throughout the day with rain or snow in the morning and afternoon.,snow,"72505394728,KEWR,KLGA,72502014734,F1417,KNYC,72503014732"
New York,2024-01-20,26.4,18.2,21.7,15.3,6.2,9.3,5.8,50.0,0.0,0,0.0,,0.0,1.4,32.7,17.1,306.0,1014.7,53.5,9.9,119.0,10.2,6,10.0,2024-01-20T07:15:47,2024-01-20T16:58:35,0.32,Partially cloudy,Becoming cloudy in the afternoon.,partly-cloudy-day,"72505394728,KEWR,KLGA,72502014734,F1417,KNYC,72503014732"
New York,2024-01-21,31.2,20.6,25.2,21.1,7.4,13.9,7.3,46.6,0.0,0,0.0,,0.0,0.7,32.3,17.5,309.8,1026.2,22.7,9.9,124.3,10.7,5,10.0,2024-01-21T07:15:12,2024-01-21T16:59:46,0.36,Partially cloudy,Partly cloudy throughout the day.,partly-cloudy-day,"72505394728,KEWR,KLGA,72502014734,F1417,KNYC,72503014732"
New York,2024-01-22,37.3,24.8,30.8,30.8,16.5,23.6,12.7,47.4,0.0,0,0.0,,0.0,0.1,22.3,12.8,261.9,1033.0,27.9,9.9,112.5,9.7,5,10.0,2024-01-22T07:14:34,2024-01-22T17:00:58,0.39,Partially cloudy,Partly cloudy throughout the day.,partly-cloudy-day,"72505394728,KEWR,KLGA,72502014734,F1417,KNYC,72503014732"
New York,2024-01-23,39.8,34.4,37.6,39.1,27.2,33.1,23.9,58.6,0.036,100,12.5,rain,0.0,0.0,21.0,10.4,269.9,1032.0,93.4,9.5,31.1,2.8,1,10.0,2024-01-23T07:13:54,2024-01-23T17:02:10,0.43,"Rain, Overcast",Cloudy skies throughout the day with rain in the morning and afternoon.,rain,"72505394728,KEWR,KLGA,72502014734,F1417,KNYC,72503014732"
New York,2024-01-24,46.0,38.1,41.7,44.4,33.8,38.5,36.9,83.1,0.062,100,33.33,rain,0.0,0.0,11.0,8.4,66.6,1030.8,100.0,5.2,22.2,2.1,1,10.0,2024-01-24T07:13:12,2024-01-24T17:03:22,0.46,"Rain, Overcast",Cloudy skies throughout the day with rain.,rain,"72505394728,KEWR,KLGA,72502014734,F1417,KNYC,72503014732"
New York,2024-01-25,57.4,45.1,52.5,57.4,45.1,52.1,48.6,86.7,0.244,100,54.17,rain,0.0,0.0,21.9,7.9,283.0,1020.6,99.9,6.1,34.3,2.9,2,10.0,2024-01-25T07:12:29,2024-01-25T17:04:35,0.5,"Rain, Overcast",Cloudy skies throughout the day with rain.,rain,"72505394728,KEWR,KLGA,72502014734,F1417,KNYC,72503014732"
New York,2024-01-26,45.7,41.8,43.4,44.5,36.4,39.7,40.4,88.9,0.2,100,45.83,rain,0.0,0.0,39.1,11.4,49.1,1018.1,98.7,4.6,32.9,2.9,2,10.0,2024-01-26T07:11:43,2024-01-26T17:05:48,0.53,"Rain, Overcast",Cloudy skies throughout the day with rain clearing later.,rain,"72505394728,KEWR,KLGA,72502014734,F1417,KNYC,72503014732"
New York,2024-01-27,47.3,43.2,44.8,47.2,38.9,42.3,38.1,77.7,0.0,0,0.0,,0.0,0.0,36.7,9.0,30.6,1021.8,95.5,8.3,39.9,3.5,3,10.0,2024-01-27T07:10:56,2024-01-27T17:07:02,0.56,Overcast,Cloudy skies throughout the day.,cloudy,"72505394728,KEWR,KLGA,72502014734,F1417,KNYC,72503014732"
New York,2024-01-28,43.2,37.5,39.7,39.8,28.6,33.2,36.1,86.9,0.753,100,75.0,rain,0.0,0.0,42.6,22.9,49.0,1010.2,100.0,5.5,17.1,1.4,1,10.0,2024-01-28T07:10:06,2024-01-28T17:08:15,0.6,"Rain, Overcast",Cloudy skies throughout the day with a chance of rain throughout the day.,rain,"72505394728,KEWR,KLGA,72502014734,F1417,KNYC,72503014732"
New York,2024-01-29,39.8,36.2,37.9,33.6,28.9,30.8,30.1,73.6,0.067,100,25.0,rain,0.0,0.0,31.4,17.2,357.7,1010.4,99.6,9.3,25.4,2.2,1,10.0,2024-01-29T07:09:15,2024-01-29T17:09:29,0.63,"Rain, Overcast",Cloudy skies throughout the day with early morning rain.,rain,"72505394728,KEWR,KLGA,72502014734,F1417,KNYC,72503014732"
New York,2024-01-30,37.7,35.1,36.3,35.1,27.9,31.5,25.0,63.7,0.002,100,8.33,"rain,snow",0.0,0.0,23.0,10.0,60.1,1021.9,100.0,9.6,22.0,1.9,1,10.0,2024-01-30T07:08:22,2024-01-30T17:10:43,0.66,"Snow, Rain, Overcast",Cloudy skies throughout the day with late afternoon rain or snow.,rain,"72505394728,KEWR,KLGA,72502014734,F1417,KNYC,72503014732"
New York,2024-01-31,39.1,34.4,37.3,39.1,28.0,33.8,28.9,71.8,0.0,0,0.0,,0.0,0.0,17.2,9.1,124.8,1019.9,99.7,9.6,28.7,2.6,1,10.0,2024-01-31T07:07:27,2024-01-31T17:11:57,0.7,Overcast,Cloudy skies throughout the day.,cloudy,"72505394728,KEWR,KLGA,72502014734,F1417,KNYC,72503014732"
New York,2024-02-01,46.1,36.3,41.9,46.1,32.2,38.9,31.4,66.7,0.0,0,0.0,,0.0,0.0,17.2,9.9,232.7,1015.3,86.6,9.4,49.8,4.4,3,10.0,2024-02-01T07:06:30,2024-02-01T17:13:12,0.73,Partially cloudy,Partly cloudy throughout the day.,partly-cloudy-day,"72505394728,KEWR,KLGA,72502014734,F1417,KNYC,72503014732"
New York,2024-02-02,45.9,39.1,42.2,45.0,32.0,38.4,34.7,74.9,0.255,100,33.33,rain,0.0,0.0,24.5,12.2,359.9,1012.0,89.5,7.9,20.0,1.6,1,10.0,2024-02-02T07:05:32,2024-02-02T17:14:26,0.75,"Rain, Partially cloudy",Partly cloudy throughout the day with a chance of rain throughout the day.,rain,"72505394728,KEWR,KLGA,72502014734,F1417,KNYC,72503014732"
New York,2024-02-03,43.4,32.7,37.7,37.9,24.4,30.9,21.1,51.8,0.0,0,0.0,,0.0,0.0,26.4,14.0,7.5,1017.0,35.0,9.9,137.4,11.9,6,10.0,2024-02-03T07:04:32,2024-02-03T17:15:40,0.79,Partially cloudy,Clearing in the afternoon.,partly-cloudy-day,"72505394728,KEWR,KLGA,72502014734,F1417,KNYC,72503014732"
New York,2024-02-04,46.2,30.7,37.8,43.9,23.7,33.0,19.5,48.3,0.0,0,0.0,,0.0,0.0,20.8,11.3,3.6,1015.3,5.7,9.9,146.4,12.6,6,10.0,2024-02-04T07:03:30,2024-02-04T17:16:55,0.83,Clear,Clear conditions throughout the day.,clear-day,"72505394728,KEWR,KLGA,72502014734,F1417,KNYC,72503014732"
New York,2024-02-05,44.7,31.9,37.3,39.6,25.5,31.0,15.0,40.9,0.0,0,0.0,,0.0,0.0,30.8,17.0,9.6,1014.0,4.4,9.9,145.5,12.5,6,10.0,2024-02-05T07:02:27,2024-02-05T17:18:09,0.86,Clear,Clear conditions throughout the day.,clear-day,"72505394728,KEWR,KLGA,72502014734,F1417,KNYC,72503014732"
New York,2024-02-06,41.8,28.7,35.0,38.1,20.8,28.7,14.8,43.4,0.0,0,0.0,,0.0,0.0,17.2,12.3,24.6,1021.3,1.7,9.9,149.5,12.9,6,10.0,2024-02-06T07:01:22,2024-02-06T17:19:23,0.89,Clear,Clear conditions throughout the day.,clear-day,"72505394728,KEWR,KLGA,72502014734,F1417,KNYC,72503014732"
New York,2024-02-07,47.7,32.8,40.0,47.3,27.2,36.4,20.9,47.0,0.0,0,0.0,,0.0,0.0,17.2,8.6,25.7,1025.2,13.6,9.9,152.8,13.2,6,10.0,2024-02-07T07:00:16,2024-02-07T17:20:38,0.93,Clear,Clear conditions throughout the day.,clear-day,"72505394728,KEWR,KLGA,72502014734,F1417,KNYC,72503014732"
New York,2024-02-08,52.0,36.2,43.9,52.0,34.5,42.6,25.4,49.4,0.0,0,0.0,,0.0,0.0,10.1,6.8,102.5,1025.3,25.1,9.9,132.2,11.4,6,10.0,2024-02-08T06:59:08,2024-02-08T17:21:52,0.96,Partially cloudy,Partly cloudy throughout the day.,partly-cloudy-day,"72505394728,KEWR,KLGA,72502014734,F1417,KNYC,72503014732"
New York,2024-02-09,53.3,42.7,46.6,53.3,39.3,45.0,35.8,66.3,0.0,0,0.0,,0.0,0.0,23.0,9.5,156.4,1019.0,36.5,9.9,120.3,10.4,6,10.0,2024-02-09T06:57:59,2024-02-09T17:23:06,0.0,Partially cloudy,Becoming cloudy in the afternoon.,partly-cloudy-day,"72505394728,KEWR,KLGA,72502014734,F1417,KNYC,72503014732"
New York,2024-02-10,59.2,44.9,52.5,59.2,42.4,52.1,39.9,62.5,0.0,0,0.0,,0.0,0.0,14.1,10.0,239.0,1010.8,49.2,9.7,64.4,5.5,3,10.0,2024-02-10T06:56:48,2024-02-10T17:24:19,0.03,Partially cloudy,Partly cloudy throughout the day.,partly-cloudy-day,"72505394728,KEWR,72502014734,KLGA,F1417,KNYC,72503014732"
New York,2024-02-11,55.1,44.0,47.6,55.1,40.1,44.6,32.5,56.0,0.0,0,0.0,,0.0,0.0,24.2,11.2,313.4,1012.5,49.6,9.9,56.3,4.7,2,10.0,2024-02-11T06:55:36,2024-02-11T17:25:33,0.06,Partially cloudy,Becoming cloudy in the afternoon.,partly-cloudy-day,"72505394728,KEWR,KLGA,72502014734,F1417,KNYC,72503014732"
New York,2024-02-12,47.0,37.3,42.2,46.7,33.6,39.4,28.2,57.8,0.0,0,0.0,,0.0,0.0,10.3,8.8,6.7,1011.9,59.1,9.9,114.4,10.0,6,10.0,2024-02-12T06:54:22,2024-02-12T17:26:46,0.09,Partially cloudy,Clearing in the afternoon.,partly-cloudy-day,"72505394728,KEWR,KLGA,72502014734,F1417,KNYC,72503014732"
New York,2024-02-13,40.3,33.2,36.8,34.8,23.4,29.1,27.9,71.6,0.689,100,50.0,"rain,snow",4.2,2.2,30.1,17.4,351.2,1003.1,84.8,6.2,36.3,3.1,2,10.0,2024-02-13T06:53:07,2024-02-13T17:28:00,0.13,"Snow, Rain, Partially cloudy",Partly cloudy throughout the day with a chance of rain or snow throughout the day.,snow,"72505394728,KEWR,KLGA,72502014734,F1417,KNYC,72503014732"
New York,2024-02-14,38.2,29.5,33.4,32.3,16.7,23.6,12.3,41.6,0.0,0,0.0,,0.0,3.2,36.0,21.9,298.5,1015.7,19.4,9.9,169.8,14.6,7,10.0,2024-02-14T06:51:51,2024-02-14T17:29:13,0.16,Clear,Clear conditions throughout the day.,clear-day,"72505394728,KEWR,KLGA,72502014734,F1417,KNYC,72503014732"
New York,2024-02-15,38.6,27.2,33.1,33.9,19.1,26.6,15.5,48.5,0.0,0,0.0,,0.0,1.8,26.7,12.9,252.7,1017.8,33.1,9.9,135.7,11.7,6,10.0,2024-02-15T06:50:34,2024-02-15T17:30:25,0.2,Partially cloudy,Partly cloudy throughout the day.,partly-cloudy-day,"72505394728,KEWR,KLGA,72502014734,F1417,KNYC,72503014732"
New York,2024-02-16,42.6,36.2,38.9,39.1,26.2,32.1,15.4,39.3,0.0,0,0.0,,0.0,0.1,36.2,18.9,291.9,1010.9,30.0,9.9,169.9,14.7,7,10.0,2024-02-16T06:49:15,2024-02-16T17:31:38,0.25,Partially cloudy,Partly cloudy throughout the day.,partly-cloudy-day,"72505394728,KEWR,KLGA,72502014734,F1417,KNYC,72503014732"
New York,2024-02-17,36.4,28.3,32.3,36.4,19.2,25.5,21.0,65.4,0.214,100,33.33,"rain,snow",3.3,2.3,29.3,17.6,313.3,1009.3,81.3,6.5,64.3,5.6,6,10.0,2024-02-17T06:47:55,2024-02-17T17:32:50,0.27,"Snow, Rain, Partially cloudy",Partly cloudy throughout the day with rain or snow clearing later.,snow,"72505394728,KEWR,KLGA,72502014734,F1417,KNYC,72503014732"
New York,2024-02-18,40.3,25.6,33.0,38.7,15.2,25.7,12.6,43.5,0.0,0,0.0,,0.0,0.2,33.3,17.0,242.1,1011.4,11.5,9.9,177.1,15.2,7,10.0,2024-02-18T06:46:34,2024-02-18T17:34:02,0.3,Clear,Clear conditions throughout the day.,clear-day,"72505394728,KEWR,KLGA,72502014734,F1417,KNYC,72503014732"
New York,2024-02-19,40.2,32.3,36.4,35.9,24.8,30.3,11.9,36.6,0.0,0,0.0,,0.0,0.0,29.6,20.1,302.4,1020.4,3.3,9.9,175.7,15.3,7,10.0,2024-02-19T06:45:12,2024-02-19T17:35:14,0.33,Clear,Clear conditions throughout the day.,clear-day,"72505394728,KEWR,KLGA,72502014734,F1417,KNYC,72503014732"
New York,2024-02-20,38.4,25.9,32.2,35.3,17.1,26.5,9.5,38.7,0.0,0,0.0,,0.0,0.0,23.0,9.3,51.7,1031.4,8.5,9.9,179.8,15.5,7,10.0,2024-02-20T06:43:49,2024-02-20T17:36:25,0.37,Clear,Clear conditions throughout the day.,clear-day,"72505394728,KEWR,KLGA,72502014734,F1417,KNYC,72503014732"
New York,2024-02-21,41.4,30.1,35.3,36.3,24.2,31.1,21.9,58.3,0.0,0,0.0,,0.0,0.0,17.2,8.6,82.1,1030.0,75.2,9.9,75.0,6.5,3,10.0,2024-02-21T06:42:25,2024-02-21T17:37:36,0.4,Partially cloudy,Partly cloudy throughout the day.,partly-cloudy-day,"72505394728,KEWR,KLGA,72502014734,F1417,KNYC,72503014732"
New York,2024-02-22,44.3,34.9,39.4,40.4,31.0,35.9,29.3,67.2,0.023,100,16.67,rain,0.0,0.0,21.9,12.5,159.5,1015.6,73.3,9.8,107.4,9.2,5,10.0,2024-02-22T06:41:00,2024-02-22T17:38:47,0.44,"Rain, Partially cloudy",Partly cloudy throughout the day with late afternoon rain.,rain,"72505394728,KEWR,KLGA,72502014734,F1417,KNYC,72503014732"
New York,2024-02-23,47.0,41.6,44.5,47.0,38.8,42.6,38.3,79.0,0.065,100,25.0,rain,0.0,0.0,11.6,6.2,358.1,999.4,81.0,7.7,45.6,4.0,2,10.0,2024-02-23T06:39:33,2024-02-23T17:39:57,0.47,"Rain, Partially cloudy",Partly cloudy throughout the day with early morning rain.,rain,"72505394728,KEWR,KLGA,72502014734,F1417,KNYC,72503014732"
New York,2024-02-24,44.1,30.3,40.0,40.8,22.8,34.2,19.0,46.5,0.0,0,0.0,,0.0,0.0,30.6,14.9,323.0,1005.2,40.8,9.9,145.6,12.6,7,10.0,2024-02-24T06:38:06,2024-02-24T17:41:07,0.5,Partially cloudy,Partly cloudy throughout the day.,partly-cloudy-day,"72505394728,KEWR,KLGA,72502014734,F1417,KNYC,72503014732"
New York,2024-02-25,39.6,23.3,31.6,36.9,16.2,26.0,9.9,40.9,0.0,0,0.0,,0.0,0.0,25.3,13.2,351.6,1019.5,6.5,9.9,187.8,16.3,7,10.0,2024-02-25T06:36:38,2024-02-25T17:42:17,0.54,Clear,Clear conditions throughout the day.,clear-day,"72505394728,KEWR,KLGA,72502014734,F1417,KNYC,72503014732"
New York,2024-02-26,54.0,35.3,43.3,54.0,28.1,40.3,28.8,57.0,0.01,100,4.17,rain,0.0,0.0,21.9,9.4,209.7,1017.2,52.7,9.9,114.9,10.1,6,10.0,2024-02-26T06:35:10,2024-02-26T17:43:27,0.57,"Rain, Partially cloudy",Partly cloudy throughout the day with morning rain.,rain,"72505394728,KEWR,KLGA,72502014734,F1417,KNYC,72503014732"
New York,2024-02-27,53.8,39.8,47.3,53.8,36.7,45.8,40.4,77.7,0.438,100,20.83,rain,0.0,0.0,33.8,10.4,94.9,1015.0,63.4,7.3,110.0,9.5,6,10.0,2024-02-27T06:33:40,2024-02-27T17:44:36,0.61,"Rain, Partially cloudy",Clearing in the afternoon with late afternoon rain.,rain,"72505394728,KEWR,KLGA,72502014734,F1417,KNYC,72503014732"
New York,2024-02-28,60.5,47.6,54.3,60.5,39.1,54.0,49.1,82.8,0.211,100,66.67,rain,0.0,0.0,50.2,27.5,194.3,1005.0,99.1,6.8,27.6,2.4,2,10.0,2024-02-28T06:32:09,2024-02-28T17:45:45,0.64,"Rain, Overcast",Cloudy skies throughout the day with a chance of rain throughout the day.,rain,"72505394728,KEWR,KLGA,72502014734,F1417,KNYC,72503014732"
New York,2024-02-29,44.4,32.0,37.1,36.2,20.9,28.8,12.2,35.8,0.0,0,0.0,,0.0,0.0,43.7,22.2,296.3,1022.9,33.7,9.9,150.6,12.9,7,10.0,2024-02-29T06:30:38,2024-02-29T17:46:53,0.67,Partially cloudy,Partly cloudy throughout the day.,partly-cloudy-day,"72505394728,KEWR,KLGA,72502014734,F1417,KNYC,72503014732"
New York,2024-03-01,46.1,30.1,37.7,44.4,22.0,33.3,18.2,45.9,0.0,0,0.0,,0.0,0.0,23.0,16.0,201.9,1035.0,21.9,9.9,195.0,16.9,7,10.0,2024-03-01T06:29:06,2024-03-01T17:48:02,0.71,Partially cloudy,Partly cloudy throughout the day.,partly-cloudy-day,"72505394728,KEWR,KLGA,72502014734,F1417,KNYC,72503014732"
New York,2024-03-02,54.5,42.2,46.7,54.5,39.2,44.8,41.6,82.8,1.247,100,62.5,rain,0.0,0.0,28.3,12.2,80.3,1025.5,99.7,5.3,16.3,1.4,1,10.0,2024-03-02T06:27:34,2024-03-02T17:49:10,0.74,"Rain, Overcast",Cloudy skies throughout the day with rain.,rain,"72505394728,KEWR,KLGA,72502014734,F1417,KNYC,72503014732"
New York,2024-03-03,66.4,47.9,56.5,66.4,44.5,55.6,41.4,57.5,0.003,100,4.17,rain,0.0,0.0,21.9,8.9,324.7,1021.0,58.1,9.5,206.1,18.0,7,10.0,2024-03-03T06:26:01,2024-03-03T17:50:17,0.75,"Rain, Partially cloudy",Partly cloudy throughout the day with early morning rain.,rain,"72505394728,KEWR,KLGA,72502014734,F1417,KNYC,72503014732"
New York,2024-03-04,57.5,45.9,51.5,57.5,41.7,50.2,42.6,72.0,0.0,0,0.0,,0.0,0.0,21.1,10.8,86.1,1027.5,84.1,9.8,99.4,8.5,8,10.0,2024-03-04T06:24:27,2024-03-04T17:51:25,0.81,Partially cloudy,Partly cloudy throughout the day.,partly-cloudy-day,"72505394728,KEWR,KLGA,72502014734,F1417,KNYC,72503014732"
New York,2024-03-05,48.1,42.5,44.6,46.1,33.7,39.7,41.2,87.7,0.407,100,54.17,rain,0.0,0.0,32.5,20.5,56.7,1020.9,100.0,4.9,34.7,3.0,2,10.0,2024-03-05T06:22:52,2024-03-05T17:52:32,0.84,"Rain, Overcast",Cloudy skies throughout the day with rain.,rain,"72505394728,KEWR,KLGA,72502014734,F1417,KNYC,72503014732"
New York,2024-03-06,51.7,46.5,48.7,51.7,40.4,46.6,44.8,86.5,1.121,100,41.67,rain,0.0,0.0,32.2,15.2,52.1,1015.1,99.7,5.1,31.7,2.7,1,10.0,2024-03-06T06:21:17,2024-03-06T17:53:39,0.88,"Rain, Overcast",Cloudy skies throughout the day with rain.,rain,"72505394728,KEWR,KLGA,72502014734,F1417,KNYC,72503014732"
New York,2024-03-07,54.1,45.9,50.5,54.1,41.7,49.1,42.2,73.8,0.135,100,29.17,rain,0.0,0.0,30.8,15.5,1.5,1011.8,94.2,9.0,70.9,6.1,3,10.0,2024-03-07T06:19:42,2024-03-07T17:54:45,0.91,"Rain, Overcast",Cloudy skies throughout the day with rain clearing later.,rain,"72505394728,KEWR,KLGA,72502014734,F1417,KNYC,72503014732"
New York,2024-03-08,55.4,40.3,46.5,55.4,35.2,43.5,28.7,52.4,0.0,0,0.0,,0.0,0.0,21.9,11.7,54.6,1024.8,26.4,9.9,210.5,18.1,7,10.0,2024-03-08T06:18:06,2024-03-08T17:55:52,0.94,Partially cloudy,Partly cloudy throughout the day.,partly-cloudy-day,"72505394728,KEWR,KLGA,72502014734,F1417,KNYC,72503014732"
New York,2024-03-09,47.7,41.9,43.7,45.1,35.4,38.3,37.0,77.5,1.392,100,45.83,rain,0.0,0.0,39.1,19.4,109.6,1017.1,97.1,7.1,25.6,2.0,1,10.0,2024-03-09T06:16:29,2024-03-09T17:56:58,0.98,"Rain, Overcast",Cloudy skies throughout the day with rain.,rain,"72505394728,KEWR,KLGA,72502014734,F1417,KNYC,72503014732"
New York,2024-03-10,49.7,38.4,44.8,44.9,31.1,38.7,34.0,66.9,0.118,100,20.83,rain,0.0,0.0,46.1,23.8,284.3,996.4,93.8,8.5,75.1,6.3,4,10.0,2024-03-10T07:14:52,2024-03-10T18:58:03,0.0,"Rain, Overcast",Cloudy skies throughout the day with rain.,rain,"72505394728,KEWR,KLGA,72502014734,F1417,KNYC,72503014732"
New York,2024-03-11,52.2,35.6,43.7,52.2,25.3,37.1,17.0,37.0,0.0,0,0.0,,0.0,0.0,48.2,28.0,295.3,1004.0,49.7,9.9,223.7,19.1,8,10.0,2024-03-11T07:13:15,2024-03-11T18:59:09,0.04,Partially cloudy,Clearing in the afternoon.,partly-cloudy-day,"72505394728,KEWR,KLGA,72502014734,F1417,KNYC,72503014732"
New York,2024-03-12,65.9,44.2,54.3,65.9,39.0,52.1,23.0,29.7,0.0,0,0.0,,0.0,0.0,33.3,16.9,276.9,1009.6,17.3,9.9,221.9,19.2,8,10.0,2024-03-12T07:11:37,2024-03-12T19:00:14,0.08,Clear,Clear conditions throughout the day.,clear-day,"72505394728,KEWR,KLGA,72502014734,F1417,KNYC,72503014732"
New York,2024-03-13,61.4,48.9,54.5,61.4,48.7,54.4,31.6,43.2,0.0,0,0.0,,0.0,0.0,21.9,11.7,123.8,1012.6,25.2,9.9,166.6,14.3,6,10.0,2024-03-13T07:10:00,2024-03-13T19:01:20,0.11,Partially cloudy,Partly cloudy throughout the day.,partly-cloudy-day,"72505394728,KEWR,KLGA,72502014734,F1417,KNYC,72503014732"
New York,2024-03-14,72.8,45.3,56.4,72.8,42.7,55.8,39.0,56.1,0.0,0,0.0,,0.0,0.0,20.8,9.0,92.5,1015.4,26.0,9.8,214.6,18.4,8,10.0,2024-03-14T07:08:21,2024-03-14T19:02:25,0.14,Partially cloudy,Partly cloudy throughout the day.,partly-cloudy-day,"72505394728,KEWR,KLGA,72502014734,F1417,KNYC,72503014732"
New York,2024-03-15,70.7,52.9,61.1,70.7,52.9,61.1,42.6,51.3,0.0,0,0.0,,0.0,0.0,30.8,16.3,294.3,1006.9,61.1,9.9,134.5,11.7,7,10.0,2024-03-15T07:06:43,2024-03-15T19:03:29,0.18,Partially cloudy,Partly cloudy throughout the day.,partly-cloudy-day,"72505394728,KEWR,KLGA,72502014734,F1417,KNYC,72503014732"
New York,2024-03-16,60.1,47.0,53.0,60.1,44.3,52.4,35.5,52.6,0.0,0,0.0,,0.0,0.0,24.8,11.0,260.3,1009.0,42.3,9.9,236.0,20.3,10,10.0,2024-03-16T07:05:04,2024-03-16T19:04:34,0.21,Partially cloudy,Partly cloudy throughout the day.,partly-cloudy-day,"72505394728,KEWR,KLGA,72502014734,F1417,KNYC,72503014732"
New York,2024-03-17,62.0,50.9,55.4,62.0,50.9,55.4,31.8,43.9,0.0,0,0.0,,0.0,0.0,33.6,21.6,261.8,1002.2,56.4,9.9,190.0,16.4,8,10.0,2024-03-17T07:03:25,2024-03-17T19:05:38,0.25,Partially cloudy,Partly cloudy throughout the day.,partly-cloudy-day,"72505394728,KEWR,KLGA,72502014734,F1417,KNYC,72503014732"
New York,2024-03-18,50.2,40.3,45.9,50.2,33.0,41.1,20.8,37.1,0.0,0,0.0,,0.0,0.0,29.7,16.5,302.1,1005.9,79.0,9.9,171.6,14.7,8,10.0,2024-03-18T07:01:46,2024-03-18T19:06:42,0.28,Partially cloudy,Partly cloudy throughout the day.,partly-cloudy-day,"72505394728,KEWR,KLGA,72502014734,F1417,KNYC,72503014732"
New York,2024-03-19,47.4,35.8,40.7,42.6,27.2,34.1,18.6,42.4,0.0,0,0.0,,0.0,0.0,34.3,18.3,279.2,1007.2,64.3,9.9,204.5,17.6,9,10.0,2024-03-19T07:00:07,2024-03-19T19:07:47,0.31,Partially cloudy,Partly cloudy throughout the day.,partly-cloudy-day,"72505394728,KEWR,KLGA,72502014734,F1417,KNYC,72503014732"
New York,2024-03-20,55.7,37.3,45.2,55.7,27.7,41.7,27.7,51.3,0.016,100,4.17,rain,0.0,0.0,37.6,17.9,271.2,1004.9,84.3,9.9,76.3,6.5,3,10.0,2024-03-20T06:58:27,2024-03-20T19:08:50,0.34,"Rain, Partially cloudy",Partly cloudy throughout the day with late afternoon rain.,rain,"72505394728,KEWR,KLGA,72502014734,F1417,KNYC,72503014732"
New York,2024-03-21,42.2,30.1,35.8,35.9,20.1,27.1,7.9,31.4,0.0,0,0.0,,0.0,0.0,35.6,22.0,296.5,1018.5,19.4,9.9,255.3,22.2,9,10.0,2024-03-21T06:56:48,2024-03-21T19:09:54,0.38,Clear,Clear conditions throughout the day.,clear-day,"72505394728,KEWR,KLGA,72502014734,F1417,KNYC,72503014732"
New York,2024-03-22,43.5,29.2,35.9,41.3,20.7,30.8,14.2,41.6,0.0,0,0.0,,0.0,0.0,26.4,13.8,288.8,1027.4,45.3,9.9,194.6,16.8,8,10.0,2024-03-22T06:55:09,2024-03-22T19:10:58,0.41,Partially cloudy,Becoming cloudy in the afternoon.,partly-cloudy-day,"72505394728,KEWR,KLGA,72502014734,F1417,KNYC,72503014732"
New York,2024-03-23,48.0,38.1,42.7,43.5,28.7,37.3,37.5,82.1,3.204,100,66.67,rain,0.0,0.0,39.1,17.6,11.3,1012.1,98.9,5.3,15.3,1.3,1,10.0,2024-03-23T06:53:29,2024-03-23T19:12:01,0.45,"Rain, Overcast",Cloudy skies throughout the day with a chance of rain throughout the day.,rain,"72505394728,KEWR,KLGA,72502014734,F1417,KNYC,72503014732"
New York,2024-03-24,47.3,31.3,38.7,42.7,22.1,31.6,15.5,39.9,0.0,0,0.0,,0.0,0.0,35.9,18.8,3.8,1022.8,9.6,9.9,254.0,21.9,8,10.0,2024-03-24T06:51:50,2024-03-24T19:13:05,0.48,Clear,Clear conditions throughout the day.,clear-day,"72505394728,KEWR,KLGA,72502014734,F1417,KNYC,72503014732"
New York,2024-03-25,51.2,34.9,42.6,51.2,28.0,37.5,21.5,43.8,0.0,0,0.0,,0.0,0.0,32.9,21.6,49.7,1029.9,8.4,9.9,255.5,22.0,8,10.0,2024-03-25T06:50:10,2024-03-25T19:14:08,0.5,Clear,Clear conditions throughout the day.,clear-day,"72505394728,KEWR,KLGA,72502014734,F1417,KNYC,72503014732"
New York,2024-03-26,52.2,38.9,45.3,52.2,32.1,41.8,29.2,54.0,0.0,0,0.0,,0.0,0.0,25.4,13.5,46.8,1022.9,87.8,9.9,161.3,13.9,7,10.0,2024-03-26T06:48:31,2024-03-26T19:15:11,0.55,Partially cloudy,Partly cloudy throughout the day.,partly-cloudy-day,"72505394728,KEWR,KLGA,72502014734,F1417,KNYC,72503014732"
New York,2024-03-27,51.5,41.8,46.4,51.5,38.4,45.0,38.9,75.1,0.021,100,8.33,rain,0.0,0.0,19.7,9.6,37.8,1019.2,99.8,8.2,51.2,4.5,3,10.0,2024-03-27T06:46:52,2024-03-27T19:16:15,0.58,"Rain, Overcast",Cloudy skies throughout the day with late afternoon rain.,rain,"72505394728,KEWR,KLGA,72502014734,F1417,KNYC,72503014732"
New York,2024-03-28,50.1,45.6,48.4,50.1,41.0,46.1,44.1,85.2,0.69,100,87.5,rain,0.0,0.0,23.0,13.2,347.3,1014.0,99.5,6.9,26.8,2.4,1,10.0,2024-03-28T06:45:12,2024-03-28T19:17:18,0.62,"Rain, Overcast",Cloudy skies throughout the day with a chance of rain throughout the day.,rain,"72505394728,KEWR,KLGA,72502014734,F8726,F1417,KNYC,72503014732"
New York,2024-03-29,55.3,42.2,47.0,55.3,35.1,42.2,22.0,37.9,0.0,0,0.0,,0.0,0.0,40.0,29.8,309.4,1007.4,36.2,9.9,261.6,22.7,9,10.0,2024-03-29T06:43:34,2024-03-29T19:18:21,0.65,Partially cloudy,Partly cloudy throughout the day.,partly-cloudy-day,"72505394728,KEWR,KLGA,72502014734,F1417,KNYC,72503014732"
New York,2024-03-30,61.5,41.3,49.9,61.5,34.4,46.7,24.7,40.2,0.012,100,8.33,rain,0.0,0.0,28.4,16.5,283.6,1008.1,40.7,9.9,240.1,20.8,9,10.0,2024-03-30T06:41:55,2024-03-30T19:19:24,0.69,"Rain, Partially cloudy",Partly cloudy throughout the day with late afternoon rain.,rain,"72505394728,KEWR,KLGA,72502014734,F1417,KNYC,72503014732"
New York,2024-03-31,61.0,47.9,54.0,61.0,44.5,53.3,34.2,49.7,0.039,100,8.33,rain,0.0,0.0,32.2,15.2,291.2,1010.9,41.3,9.8,246.7,21.4,9,10.0,2024-03-31T06:40:16,2024-03-31T19:20:27,0.72,"Rain, Partially cloudy",Partly cloudy throughout the day with early morning rain.,rain,"72505394728,KEWR,KLGA,72502014734,F1417,KNYC,72503014732"
London,2023-10-01,71.9,60.2,65.7,71.9,60.2,65.7,59.5,80.9,0.0,0,0.0,,0.0,0.0,16.4,10.8,212.3,1020.1,74.2,8.9,56.5,4.9,3,,2023-10-01T07:00:33,2023-10-01T18:39:07,0.57,Partially cloudy,Partly cloudy throughout the day.,partly-cloudy-day,"03769099999,03680099999,D5621,03781099999,03672099999,03772099999,03770099999"
London,2023-10-02,68.3,61.1,63.9,68.3,61.1,63.9,60.3,88.3,0.0,0,0.0,,0.0,0.0,16.6,10.4,168.9,1016.0,92.4,6.0,41.5,3.6,2,,2023-10-02T07:02:12,2023-10-02T18:36:51,0.6,Overcast,Cloudy skies throughout the day.,cloudy,"03769099999,03680099999,D5621,03781099999,03672099999,03772099999,03770099999"
London,2023-10-03,65.0,54.8,60.0,65.0,54.8,60.0,51.2,74.0,0.024,100,4.17,rain,0.0,0.0,26.2,16.2,269.1,1018.1,54.9,12.9,62.1,5.3,5,,2023-10-03T07:03:50,2023-10-03T18:34:34,0.63,"Rain, Partially cloudy",Partly cloudy throughout the day with morning rain.,rain,"03769099999,03680099999,D5621,03768399999,03781099999,03672099999,03761099999,EGLC,03658099999,03772099999,03770099999"
London,2023-10-04,64.5,52.1,57.9,64.5,52.1,57.9,49.6,75.3,0.008,100,4.17,rain,0.0,0.0,29.8,15.2,246.5,1025.8,47.6,11.9,65.5,5.6,4,,2023-10-04T07:05:29,2023-10-04T18:32:19,0.66,"Rain, Partially cloudy",Partly cloudy throughout the day with morning rain.,rain,"03769099999,EGWU,03680099999,EGLL,D5621,03781099999,03672099999,03768099999,EGLC,03772099999,03770099999"
London,2023-10-05,65.4,56.0,59.7,65.4,56.0,59.7,50.5,72.1,0.0,0,0.0,,0.0,0.0,21.0,12.0,233.9,1024.2,62.7,12.2,51.7,4.4,3,,2023-10-05T07:07:07,2023-10-05T18:30:03,0.7,Partially cloudy,Partly cloudy throughout the day.,partly-cloudy-day,"03769099999,EGWU,03680099999,EGLL,D5621,03781099999,03672099999,03768099999,03684099999,EGLC,03772099999,03770099999"
London,2023-10-06,69.9,57.5,62.2,69.9,57.5,62.2,54.2,76.0,0.0,0,0.0,,0.0,0.0,18.1,14.5,235.5,1023.0,38.6,11.1,53.6,4.6,3,,2023-10-06T07:08:47,2023-10-06T18:27:48,0.75,Partially cloudy,Partly cloudy throughout the day.,partly-cloudy-day,"03769099999,03680099999,D5621,03781099999,03672099999,03772099999,03770099999"
London,2023-10-07,75.5,59.1,65.4,75.5,59.1,65.4,56.1,73.0,0.0,0,0.0,,0.0,0.0,19.1,13.9,233.1,1022.8,24.7,11.0,65.1,5.7,4,,2023-10-07T07:10:26,2023-10-07T18:25:34,0.76,Partially cloudy,Partly cloudy throughout the day.,partly-cloudy-day,"03769099999,03680099999,D5621,03781099999,03672099999,03772099999,03770099999"
London,2023-10-08,77.3,55.7,64.7,77.3,55.7,64.7,55.0,73.3,0.0,0,0.0,,0.0,0.0,11.9,8.8,239.5,1023.9,18.7,13.0,55.5,4.7,3,,2023-10-08T07:12:06,2023-10-08T18:23:20,0.79,Clear,Clear conditions throughout the day.,clear-day,"03769099999,03680099999,D5621,03781099999,03672099999,03772099999,03770099999"
London,2023-10-09,76.7,56.6,63.9,76.7,56.6,63.9,56.0,77.0,0.0,0,0.0,,0.0,0.0,9.5,6.0,249.7,1021.4,11.5,11.6,57.3,4.9,3,,2023-10-09T07:13:46,2023-10-09T18:21:07,0.83,Clear,Clear conditions throughout the day.,clear-day,"03769099999,03680099999,D5621,03781099999,03672099999,03772099999,03770099999"
London,2023-10-10,74.9,54.8,63.3,74.9,54.8,63.3,56.4,79.7,0.0,0,0.0,,0.0,0.0,20.8,13.5,228.2,1017.2,16.4,8.7,62.2,5.4,4,,2023-10-10T07:15:26,2023-10-10T18:18:54,0.86,Clear,Clear conditions throughout the day.,clear-day,"03769099999,03680099999,D5621,03781099999,03672099999,03772099999,03770099999"
London,2023-10-11,68.6,59.3,63.3,68.6,59.3,63.3,57.8,82.6,0.0,0,0.0,,0.0,0.0,21.4,13.1,220.6,1012.8,87.5,6.4,35.7,3.1,2,,2023-10-11T07:17:07,2023-10-11T18:16:42,0.89,Partially cloudy,Partly cloudy throughout the day.,partly-cloudy-day,"03769099999,03680099999,D5621,03781099999,03672099999,03772099999,03770099999"
London,2023-10-12,61.1,55.7,58.9,61.1,55.7,58.9,57.3,94.4,0.001,100,4.17,rain,0.0,0.0,16.4,8.4,260.5,1011.6,97.9,5.2,22.7,1.9,1,,2023-10-12T07:18:48,2023-10-12T18:14:31,0.93,"Rain, Overcast",Cloudy skies throughout the day with morning rain.,rain,"03769099999,EGWU,EGLL,03768399999,03781099999,03672099999,03684099999,03768099999,03772099999,03680099999,D5621,EGLC,03770099999"
London,2023-10-13,69.2,51.0,62.9,69.2,51.0,62.9,58.0,84.4,0.003,100,12.5,rain,0.0,0.0,34.7,21.3,229.8,1002.0,84.4,7.4,31.7,2.7,2,,2023-10-13T07:20:29,2023-10-13T18:12:20,0.96,"Rain, Partially cloudy",Partly cloudy throughout the day with rain.,rain,"03769099999,03680099999,D5621,03781099999,03672099999,03772099999,03770099999"
London,2023-10-14,58.2,45.7,50.5,58.2,41.8,48.4,42.4,75.1,0.125,100,4.17,rain,0.0,0.0,16.7,11.0,287.9,1016.3,17.3,13.8,54.3,4.8,4,,2023-10-14T07:22:10,2023-10-14T18:10:10,0.0,Rain,Clear conditions throughout the day with morning rain.,rain,"03769099999,03680099999,D5621,03781099999,03672099999,03772099999,03770099999"
London,2023-10-15,52.1,40.2,45.6,52.1,37.3,43.9,35.3,69.4,0.0,0,0.0,,0.0,0.0,13.6,9.1,333.9,1025.3,4.0,15.3,57.1,5.0,4,,2023-10-15T07:23:52,2023-10-15T18:08:01,0.03,Clear,Clear conditions throughout the day.,clear-day,"03769099999,03680099999,D5621,03781099999,03672099999,03772099999,03770099999"
London,2023-10-16,54.8,38.0,47.3,54.8,38.0,47.1,38.9,73.5,0.0,0,0.0,,0.0,0.0,15.5,9.3,68.6,1021.8,48.9,15.2,47.3,4.1,2,,2023-10-16T07:25:34,2023-10-16T18:05:52,0.06,Partially cloudy,Partly cloudy throughout the day.,partly-cloudy-day,"03769099999,03680099999,D5621,03781099999,03672099999,03772099999,03770099999"
London,2023-10-17,59.3,51.5,54.8,59.3,51.5,54.8,43.4,65.6,0.0,0,0.0,,0.0,0.0,25.5,19.5,90.9,1014.2,51.5,14.0,51.0,4.5,4,,2023-10-17T07:27:17,2023-10-17T18:03:45,0.1,Partially cloudy,Partly cloudy throughout the day.,partly-cloudy-day,"03769099999,EGWU,03680099999,D5621,03882099999,03768399999,03781099999,03672099999,03684099999,EGLC,03772099999,03770099999"
London,2023-10-18,62.0,53.9,56.2,62.0,53.9,56.2,50.6,81.7,0.002,100,8.33,rain,0.0,0.0,30.8,19.4,105.5,995.5,74.5,8.2,29.3,2.5,2,,2023-10-18T07:28:59,2023-10-18T18:01:38,0.13,"Rain, Partially cloudy",Partly cloudy throughout the day with late afternoon rain.,rain,"03769099999,03680099999,D5621,03781099999,03672099999,F6665,03772099999,03770099999"
London,2023-10-19,65.6,58.7,61.7,65.6,58.7,61.7,57.6,86.8,0.439,100,8.33,rain,0.0,0.0,36.7,16.3,180.1,983.7,91.6,7.8,46.5,4.0,3,,2023-10-19T07:30:42,2023-10-19T17:59:33,0.17,"Rain, Overcast",Cloudy skies throughout the day with rain.,rain,"03769099999,03680099999,D5621,03781099999,03672099999,03772099999,03770099999"
London,2023-10-20,64.5,55.7,58.9,64.5,55.7,58.9,55.8,89.9,0.921,100,12.5,rain,0.0,0.0,15.6,10.0,223.4,976.6,78.7,10.5,23.1,2.1,2,,2023-10-20T07:32:26,2023-10-20T17:57:28,0.2,"Rain, Partially cloudy",Partly cloudy throughout the day with rain clearing later.,rain,"03769099999,03680099999,D5621,03781099999,03672099999,03772099999,03770099999"
London,2023-10-21,61.8,51.1,56.2,61.8,51.1,56.2,53.4,90.6,0.001,100,4.17,rain,0.0,0.0,19.9,10.2,231.8,984.0,86.5,8.3,39.0,3.3,2,,2023-10-21T07:34:09,2023-10-21T17:55:24,0.24,"Rain, Partially cloudy",Partly cloudy throughout the day with late afternoon rain.,rain,"03769099999,03680099999,D5621,03781099999,03672099999,03772099999,03770099999"
London,2023-10-22,61.1,44.9,51.6,61.1,42.8,50.7,45.3,80.7,0.461,100,4.17,rain,0.0,0.0,14.4,9.8,225.2,1004.4,18.7,14.7,61.0,5.3,4,,2023-10-22T07:35:53,2023-10-22T17:53:22,0.25,Rain,Clear conditions throughout the day with morning rain.,rain,"03769099999,03680099999,D5621,03781099999,03672099999,03772099999,03770099999"
London,2023-10-23,59.1,47.4,53.1,59.1,46.7,52.8,49.5,88.3,0.0,0,0.0,,0.0,0.0,18.1,10.9,98.0,1007.5,34.2,9.7,41.8,3.7,2,,2023-10-23T07:37:38,2023-10-23T17:51:20,0.31,Partially cloudy,Partly cloudy throughout the day.,partly-cloudy-day,"03769099999,03680099999,D5621,03781099999,03672099999,03768099999,EGLC,03772099999,03770099999"
London,2023-10-24,59.3,47.4,52.1,59.3,45.7,51.9,47.8,86.6,0.001,100,4.17,rain,0.0,0.0,15.3,9.3,244.4,1001.0,58.5,10.5,39.9,3.4,4,,2023-10-24T07:39:22,2023-10-24T17:49:20,0.34,"Rain, Partially cloudy",Partly cloudy throughout the day with morning rain.,rain,"03769099999,03680099999,D5621,03781099999,03672099999,03772099999,03770099999"
London,2023-10-25,58.4,47.9,52.1,58.4,46.6,52.0,47.8,85.8,0.109,100,4.17,rain,0.0,0.0,13.3,8.7,49.9,995.9,64.1,7.3,35.0,3.0,2,,2023-10-25T07:41:07,2023-10-25T17:47:20,0.38,"Rain, Partially cloudy",Partly cloudy throughout the day with morning rain.,rain,"03769099999,03680099999,D5621,03781099999,03672099999,03772099999,03770099999"
London,2023-10-26,60.9,50.1,54.1,60.9,50.1,54.1,50.1,86.9,0.111,100,8.33,rain,0.0,0.0,14.1,9.7,183.8,991.3,64.8,7.8,45.0,3.8,3,,2023-10-26T07:42:52,2023-10-26T17:45:22,0.42,"Rain, Partially cloudy",Partly cloudy throughout the day with morning rain.,rain,"03769099999,03680099999,D5621,03781099999,03672099999,03772099999,03770099999"
London,2023-10-27,59.2,46.7,51.2,59.2,46.7,51.2,48.0,89.2,0.055,100,4.17,rain,0.0,0.0,18.9,9.9,197.1,990.1,51.1,9.5,36.9,3.1,4,,2023-10-27T07:44:37,2023-10-27T17:43:26,0.45,"Rain, Partially cloudy",Partly cloudy throughout the day with morning rain.,rain,"03769099999,03680099999,D5621,03781099999,03672099999,F6665,03772099999,03770099999"
London,2023-10-28,59.3,49.4,53.8,59.3,47.3,53.6,50.1,87.9,0.088,100,12.5,rain,0.0,0.0,23.1,11.4,166.3,987.7,69.5,9.0,41.3,3.4,3,,2023-10-28T07:46:22,2023-10-28T17:41:30,0.5,"Rain, Partially cloudy",Partly cloudy throughout the day with rain.,rain,"03769099999,03680099999,D5621,03781099999,03672099999,03772099999,03770099999"
London,2023-10-29,54.2,49.2,51.3,54.2,45.6,50.9,48.3,89.2,0.276,100,12.5,rain,0.0,0.0,25.8,12.9,211.3,987.9,57.8,10.0,26.4,2.3,2,,2023-10-29T06:48:08,2023-10-29T16:39:36,0.52,"Rain, Partially cloudy",Partly cloudy throughout the day with rain clearing later.,rain,"03769099999,03680099999,D5621,03781099999,03672099999,03772099999,03770099999"
London,2023-10-30,59.1,46.7,52.1,59.1,45.0,52.0,48.7,88.4,0.158,100,8.33,rain,0.0,0.0,17.2,8.1,198.6,995.1,47.8,8.6,20.8,1.8,1,,2023-10-30T06:49:54,2023-10-30T16:37:43,0.55,"Rain, Partially cloudy",Partly cloudy throughout the day with rain in the morning and afternoon.,rain,"03769099999,03680099999,D5621,03781099999,03672099999,03684099999,03772099999,03770099999"
London,2023-10-31,58.4,43.9,51.4,58.4,43.9,51.3,48.5,90.5,0.0,0,0.0,,0.0,0.0,19.1,10.9,219.5,1000.1,63.5,10.1,31.5,2.6,2,,2023-10-31T06:51:39,2023-10-31T16:35:52,0.59,Partially cloudy,Partly cloudy throughout the day.,partly-cloudy-day,"03769099999,03680099999,D5621,03781099999,03672099999,03772099999,03770099999"
London,2023-11-01,57.5,49.7,54.4,57.5,44.2,54.2,49.7,84.5,0.292,100,29.17,rain,0.0,0.0,30.0,16.7,195.3,990.8,74.0,7.9,21.9,1.8,2,,2023-11-01T06:53:25,2023-11-01T16:34:02,0.62,"Rain, Partially cloudy",Partly cloudy throughout the day with rain.,rain,"03769099999,03680099999,D5621,03781099999,03672099999,03772099999,03770099999"
London,2023-11-02,53.0,48.5,50.8,53.0,42.1,48.9,47.6,88.9,0.552,100,41.67,rain,0.0,0.0,37.5,22.2,249.7,966.7,92.7,6.9,16.7,1.2,1,,2023-11-02T06:55:12,2023-11-02T16:32:14,0.65,"Rain, Overcast",Cloudy skies throughout the day with rain clearing later.,rain,"03769099999,03680099999,D5621,03781099999,03672099999,03772099999,03770099999"
London,2023-11-03,57.5,45.2,49.9,57.5,40.8,46.9,44.6,82.2,0.0,0,0.0,,0.0,0.0,21.6,15.1,243.0,981.7,49.2,11.5,24.5,2.2,1,,2023-11-03T06:56:58,2023-11-03T16:30:28,0.68,Partially cloudy,Partly cloudy throughout the day.,partly-cloudy-day,"03769099999,03680099999,D5621,03781099999,03672099999,03772099999,03770099999"
London,2023-11-04,56.4,42.2,48.6,56.4,38.5,46.3,45.9,90.7,0.071,100,8.33,rain,0.0,0.0,23.1,14.2,172.4,970.3,65.4,7.1,19.2,1.6,1,,2023-11-04T06:58:44,2023-11-04T16:28:43,0.71,"Rain, Partially cloudy",Partly cloudy throughout the day with morning rain.,rain,"03769099999,03680099999,D5621,03781099999,03672099999,03772099999,03770099999"
London,2023-11-05,56.6,47.6,50.4,56.6,42.6,48.1,44.9,82.3,0.0,0,0.0,,0.0,0.0,25.5,17.1,266.1,980.5,62.6,10.9,43.1,3.8,3,,2023-11-05T07:00:30,2023-11-05T16:27:00,0.75,Partially cloudy,Partly cloudy throughout the day.,partly-cloudy-day,"03769099999,03680099999,D5621,03781099999,03672099999,03772099999,03770099999"
London,2023-11-06,56.0,45.8,50.0,56.0,41.3,47.8,43.6,79.1,0.039,100,4.17,rain,0.0,0.0,21.1,15.1,238.3,998.4,30.0,10.6,43.7,3.7,3,,2023-11-06T07:02:16,2023-11-06T16:25:18,0.78,"Rain, Partially cloudy",Partly cloudy throughout the day with morning rain.,rain,"03769099999,EGWU,03680099999,EGLL,D5621,03781099999,03672099999,EGLC,03772099999,03770099999"
London,2023-11-07,54.6,42.9,47.6,54.6,38.7,44.7,43.0,84.5,0.0,0,0.0,,0.0,0.0,20.5,13.9,244.0,1008.2,20.6,12.4,46.5,4.0,3,,2023-11-07T07:04:02,2023-11-07T16:23:38,0.81,Partially cloudy,Becoming cloudy in the afternoon.,partly-cloudy-day,"03769099999,03680099999,D5621,03781099999,03672099999,03772099999,03770099999"
London,2023-11-08,55.7,44.0,49.3,55.7,40.0,47.7,46.7,90.8,0.0,0,0.0,,0.0,0.0,34.9,17.6,218.6,1004.6,70.5,7.4,14.5,1.1,1,,2023-11-08T07:05:48,2023-11-08T16:22:01,0.84,Partially cloudy,Partly cloudy throughout the day.,partly-cloudy-day,"03769099999,03680099999,D5621,03781099999,03672099999,F6665,03772099999,03770099999"
London,2023-11-09,52.1,42.5,46.8,52.1,38.2,43.7,42.1,83.9,0.196,100,8.33,rain,0.0,0.0,18.3,14.6,221.8,996.9,57.9,10.8,34.4,3.0,3,,2023-11-09T07:07:33,2023-11-09T16:20:25,0.87,"Rain, Partially cloudy",Partly cloudy throughout the day with rain in the morning and afternoon.,rain,"03769099999,03680099999,D5621,03781099999,03672099999,03772099999,03770099999"
London,2023-11-10,49.2,40.4,45.6,47.6,34.6,41.8,40.8,83.6,0.0,0,0.0,,0.0,0.0,20.5,11.1,271.7,996.3,57.6,11.4,21.8,2.0,1,,2023-11-10T07:09:19,2023-11-10T16:18:51,0.91,Partially cloudy,Partly cloudy throughout the day.,partly-cloudy-day,"03769099999,EGWU,03680099999,EGLL,D5621,03768399999,03781099999,03672099999,03768099999,EGLC,03772099999,03770099999"
London,2023-11-11,52.0,37.7,42.5,52.0,33.2,40.2,38.9,87.9,0.023,100,4.17,rain,0.0,0.0,13.0,8.8,281.1,1006.7,14.2,11.5,41.0,3.6,3,,2023-11-11T07:11:04,2023-11-11T16:17:19,0.94,Rain,Clear conditions throughout the day with morning rain.,rain,"03769099999,03680099999,D5621,03781099999,03672099999,03772099999,03770099999"
London,2023-11-12,50.3,41.2,46.5,50.3,37.9,44.5,43.7,90.2,0.008,100,4.17,rain,0.0,0.0,14.1,8.2,125.9,1003.5,82.4,8.9,19.2,1.7,1,,2023-11-12T07:12:49,2023-11-12T16:15:49,0.97,"Rain, Partially cloudy",Partly cloudy throughout the day with morning rain.,rain,"03769099999,03680099999,D5621,03781099999,03672099999,03772099999,03770099999"
London,2023-11-13,60.0,49.4,54.7,60.0,46.2,54.3,48.2,80.3,0.667,100,16.67,rain,0.0,0.0,38.6,24.0,236.1,998.6,80.4,6.8,23.0,1.9,1,,2023-11-13T07:14:33,2023-11-13T16:14:21,0.0,"Rain, Partially cloudy",Partly cloudy throughout the day with rain clearing later.,rain,"03769099999,03680099999,D5621,03781099999,03672099999,03684099999,03772099999,03770099999"
London,2023-11-14,54.8,48.8,51.5,54.8,44.2,50.2,47.6,86.7,0.402,100,16.67,rain,0.0,0.0,26.1,17.3,244.9,1004.4,49.4,7.7,10.0,0.9,0,,2023-11-14T07:16:17,2023-11-14T16:12:56,0.04,"Rain, Partially cloudy",Partly cloudy throughout the day with rain.,rain,"03769099999,EGWU,03680099999,EGLL,D5621,03781099999,03672099999,EGLC,03772099999,03770099999"
London,2023-11-15,53.7,42.0,48.2,53.7,39.3,45.1,42.8,82.5,0.008,100,4.17,rain,0.0,0.0,29.1,17.9,257.1,1016.0,23.6,10.9,35.3,3.2,2,,2023-11-15T07:18:01,2023-11-15T16:11:33,0.08,"Rain, Partially cloudy",Partly cloudy throughout the day with morning rain.,rain,"03769099999,03680099999,D5621,03768399999,03781099999,03672099999,F6665,03768099999,EGLC,03772099999,03770099999"
London,2023-11-16,47.6,42.0,45.0,44.9,39.7,42.7,41.8,88.6,0.0,0,0.0,,0.0,0.0,11.6,6.8,339.1,1013.9,76.3,7.0,11.2,0.9,1,,2023-11-16T07:19:43,2023-11-16T16:10:12,0.11,Partially cloudy,Partly cloudy throughout the day.,partly-cloudy-day,"03769099999,03680099999,D5621,03781099999,03672099999,03772099999,03770099999"
London,2023-11-17,51.9,38.6,44.9,51.9,34.3,42.3,41.5,88.5,0.023,100,4.17,rain,0.0,0.0,11.6,9.6,233.2,1019.6,39.0,9.8,26.4,2.3,2,,2023-11-17T07:21:26,2023-11-17T16:08:53,0.15,"Rain, Partially cloudy",Partly cloudy throughout the day with morning rain.,rain,"03769099999,03680099999,D5621,03781099999,03672099999,03772099999,03770099999"
London,2023-11-18,58.7,47.6,54.4,58.7,43.0,53.7,51.7,90.8,0.126,100,8.33,rain,0.0,0.0,26.9,15.0,209.6,1011.1,93.6,6.2,9.4,0.8,1,,2023-11-18T07:23:07,2023-11-18T16:07:37,0.18,"Rain, Overcast",Cloudy skies throughout the day with morning rain.,rain,"03769099999,03680099999,D5621,03781099999,03672099999,03772099999,03770099999"
London,2023-11-19,57.5,52.1,54.4,57.5,52.1,54.4,47.6,78.2,0.055,100,4.17,rain,0.0,0.0,32.5,19.4,239.5,1007.6,77.6,8.6,23.7,2.0,3,,2023-11-19T07:24:48,2023-11-19T16:06:23,0.22,"Rain, Partially cloudy",Partly cloudy throughout the day with morning rain.,rain,"03769099999,03680099999,D5621,03781099999,03672099999,03772099999,03770099999"
London,2023-11-20,53.9,47.0,50.9,53.9,42.7,49.8,45.7,82.7,0.008,100,4.17,rain,0.0,0.0,19.4,12.7,272.2,1009.4,75.0,9.5,22.5,1.9,1,,2023-11-20T07:26:28,2023-11-20T16:05:12,0.25,"Rain, Partially cloudy",Partly cloudy throughout the day with morning rain.,rain,"03769099999,03680099999,D5621,03781099999,03672099999,03772099999,03770099999"
London,2023-11-21,52.1,47.6,50.4,52.1,44.8,48.9,45.8,84.1,0.016,100,4.17,rain,0.0,0.0,22.8,12.3,355.5,1022.5,95.8,10.1,8.6,0.7,0,,2023-11-21T07:28:07,2023-11-21T16:04:03,0.29,"Rain, Overcast",Cloudy skies throughout the day with early morning rain.,rain,"03769099999,03680099999,D5621,03781099999,03672099999,03772099999,03770099999"
London,2023-11-22,51.2,41.6,47.0,51.2,39.3,45.3,43.2,86.5,0.0,0,0.0,,0.0,0.0,15.0,9.8,255.0,1029.6,52.7,9.8,18.0,1.6,1,,2023-11-22T07:29:45,2023-11-22T16:02:57,0.33,Partially cloudy,Partly cloudy throughout the day.,partly-cloudy-day,"03769099999,03680099999,D5621,03781099999,03672099999,03772099999,03770099999"
London,2023-11-23,56.4,44.7,51.2,56.4,39.5,49.6,47.0,86.3,0.0,0,0.0,,0.0,0.0,22.8,16.0,268.5,1024.7,49.4,12.3,20.6,1.9,2,,2023-11-23T07:31:22,2023-11-23T16:01:53,0.36,Partially cloudy,Clearing in the afternoon.,partly-cloudy-day,"03769099999,03680099999,D5621,03781099999,03672099999,03772099999,03770099999"
London,2023-11-24,53.0,39.3,46.7,53.0,34.4,43.1,33.5,60.3,0.0,0,0.0,,0.0,0.0,28.3,15.3,329.2,1021.3,61.7,13.5,15.3,1.4,1,,2023-11-24T07:32:57,2023-11-24T16:00:53,0.4,Partially cloudy,Partly cloudy throughout the day.,partly-cloudy-day,"03769099999,03680099999,D5621,03781099999,03672099999,03772099999,03770099999"
London,2023-11-25,43.4,32.3,37.9,38.7,28.0,33.8,29.9,73.4,0.0,0,0.0,,0.0,0.0,15.0,10.5,304.1,1021.3,5.9,11.9,23.2,2.1,3,,2023-11-25T07:34:32,2023-11-25T15:59:55,0.43,Clear,Clear conditions throughout the day.,clear-day,"03769099999,03680099999,D5621,03781099999,03672099999,03772099999,03770099999"
London,2023-11-26,47.0,33.1,39.4,45.1,33.1,37.9,36.9,90.7,0.0,0,0.0,,0.0,0.0,18.0,9.2,189.3,1015.0,80.9,5.9,14.3,1.3,1,,2023-11-26T07:36:05,2023-11-26T15:59:00,0.47,Partially cloudy,Partly cloudy throughout the day.,partly-cloudy-day,"03769099999,03680099999,D5621,03781099999,03672099999,03772099999,03770099999"
London,2023-11-27,50.3,42.2,46.7,50.3,36.5,42.0,44.2,90.8,0.29,100,4.17,rain,0.0,0.0,21.4,12.0,293.2,1000.3,95.5,8.6,8.8,0.7,0,,2023-11-27T07:37:37,2023-11-27T15:58:07,0.5,"Rain, Overcast",Cloudy skies throughout the day with morning rain.,rain,"03769099999,03680099999,D5621,03781099999,03684099999,03672099999,03772099999,03770099999"
London,2023-11-28,44.9,36.6,41.4,41.3,30.8,37.3,36.4,82.7,0.094,100,4.17,rain,0.0,0.0,16.4,9.3,311.9,1008.9,48.8,10.9,21.5,1.8,3,,2023-11-28T07:39:07,2023-11-28T15:57:18,0.54,"Rain, Partially cloudy",Partly cloudy throughout the day with morning rain.,rain,"03769099999,03680099999,D5621,03781099999,03672099999,03772099999,03770099999"
London,2023-11-29,43.1,35.3,38.8,41.4,31.4,37.3,32.4,78.1,0.0,0,0.0,,0.0,0.0,10.6,6.3,356.4,1004.7,54.0,8.8,27.4,2.5,2,,2023-11-29T07:40:36,2023-11-29T15:56:32,0.57,Partially cloudy,Partly cloudy throughout the day.,partly-cloudy-day,"03769099999,03680099999,D5621,03781099999,03672099999,03772099999,03770099999"
London,2023-11-30,40.7,30.5,35.5,35.8,24.4,30.9,30.5,82.4,0.0,0,0.0,,0.0,0.0,14.4,8.6,39.0,1002.9,32.3,7.7,17.9,1.7,2,,2023-11-30T07:42:03,2023-11-30T15:55:49,0.6,Partially cloudy,Partly cloudy throughout the day.,partly-cloudy-day,"03769099999,03680099999,D5621,03781099999,03672099999,03772099999,03770099999"
London,2023-12-01,39.4,32.1,34.7,35.0,25.8,30.2,31.0,86.3,0.0,0,0.0,,0.0,0.0,12.7,7.0,12.6,1008.1,50.1,5.6,15.3,1.3,1,,2023-12-01T07:43:28,2023-12-01T15:55:08,0.63,Partially cloudy,Partly cloudy throughout the day.,partly-cloudy-day,"03769099999,03680099999,D5621,03781099999,03672099999,03772099999,03770099999"
London,2023-12-02,33.2,27.8,31.2,30.5,23.1,27.0,29.3,92.7,0.0,0,0.0,,0.0,0.0,12.5,5.6,296.2,1015.6,91.9,3.2,15.7,1.3,1,,2023-12-02T07:44:52,2023-12-02T15:54:31,0.66,Overcast,Cloudy skies throughout the day.,cloudy,"03769099999,03680099999,D5621,03781099999,03672099999,03772099999,03770099999"
London,2023-12-03,46.7,30.5,41.9,42.5,25.8,37.3,39.7,92.0,0.016,100,8.33,rain,0.0,0.0,18.7,11.1,167.9,1010.3,85.4,7.1,11.8,1.0,1,,2023-12-03T07:46:14,2023-12-03T15:53:57,0.7,"Rain, Partially cloudy",Partly cloudy throughout the day with rain in the morning and afternoon.,rain,"03769099999,03680099999,D5621,03781099999,03672099999,03772099999,03770099999"
London,2023-12-04,46.1,43.1,44.3,42.0,36.3,39.3,42.1,92.0,0.212,100,4.17,rain,0.0,0.0,23.3,13.1,113.9,997.2,98.8,4.5,4.5,0.5,0,,2023-12-04T07:47:33,2023-12-04T15:53:27,0.73,"Rain, Overcast",Cloudy skies throughout the day with morning rain.,rain,"03769099999,03680099999,D5621,03781099999,03672099999,03772099999,03770099999"
London,2023-12-05,45.6,42.2,43.5,41.5,37.9,39.5,40.3,88.5,0.094,100,4.17,rain,0.0,0.0,14.7,7.8,343.6,1008.0,95.5,5.7,13.0,1.2,1,,2023-12-05T07:48:51,2023-12-05T15:52:59,0.75,"Rain, Overcast",Cloudy skies throughout the day with morning rain.,rain,"03769099999,03680099999,D5621,03781099999,03672099999,03772099999,03770099999"
London,2023-12-06,44.3,32.6,38.9,42.9,32.6,36.8,35.6,88.1,0.0,0,0.0,,0.0,0.0,13.6,6.9,88.0,1017.1,52.8,8.0,18.7,1.5,2,,2023-12-06T07:50:06,2023-12-06T15:52:35,0.79,Partially cloudy,Partly cloudy throughout the day.,partly-cloudy-day,"03769099999,03680099999,D5621,03781099999,03672099999,03772099999,03770099999"
London,2023-12-07,47.6,41.3,45.0,44.6,35.9,39.6,40.5,84.5,0.063,100,16.67,rain,0.0,0.0,27.7,14.5,153.1,1007.1,85.1,8.3,9.8,0.9,1,,2023-12-07T07:51:19,2023-12-07T15:52:14,0.82,"Rain, Partially cloudy",Partly cloudy throughout the day with a chance of rain throughout the day.,rain,"03769099999,03680099999,D5621,03781099999,03672099999,03772099999,03770099999"
London,2023-12-08,53.0,42.9,47.8,53.0,39.3,45.2,44.3,87.9,0.0,0,0.0,,0.0,0.0,18.3,11.5,219.7,1004.3,35.5,6.3,20.0,1.7,2,,2023-12-08T07:52:30,2023-12-08T15:51:56,0.86,Partially cloudy,Partly cloudy throughout the day.,partly-cloudy-day,"03769099999,03680099999,D5621,03781099999,03672099999,03772099999,03770099999"
London,2023-12-09,56.6,46.7,50.7,56.6,42.4,48.3,44.4,80.1,0.065,100,12.5,rain,0.0,0.0,41.6,26.4,239.5,996.7,66.7,8.0,10.9,1.0,1,,2023-12-09T07:53:38,2023-12-09T15:51:42,0.89,"Rain, Partially cloudy",Partly cloudy throughout the day with rain in the morning and afternoon.,rain,"03769099999,03680099999,D5621,03781099999,03672099999,03772099999,03770099999"
London,2023-12-10,53.3,45.8,49.6,53.3,40.0,47.0,43.8,80.7,0.305,100,4.17,rain,0.0,0.0,32.8,21.3,237.3,1001.5,45.3,8.1,7.7,0.7,0,,2023-12-10T07:54:44,2023-12-10T15:51:31,0.92,"Rain, Partially cloudy",Partly cloudy throughout the day with morning rain.,rain,"03769099999,03680099999,D5621,03781099999,03672099999,03772099999,03770099999"
London,2023-12-11,52.1,43.4,49.5,52.1,41.0,48.1,42.8,78.3,0.078,100,4.17,rain,0.0,0.0,35.2,22.8,255.6,1003.3,74.3,9.8,21.2,1.9,2,,2023-12-11T07:55:47,2023-12-11T15:51:23,0.95,"Rain, Partially cloudy",Partly cloudy throughout the day with morning rain.,rain,"03769099999,03680099999,D5621,03781099999,03672099999,03684099999,03772099999,03770099999"
London,2023-12-12,53.0,46.1,48.9,53.0,42.4,46.6,47.2,93.9,0.22,100,4.17,rain,0.0,0.0,18.1,10.2,198.7,997.8,83.9,7.5,13.7,1.1,1,,2023-12-12T07:56:48,2023-12-12T15:51:19,0.0,"Rain, Partially cloudy",Partly cloudy throughout the day with morning rain.,rain,"03769099999,03680099999,D5621,03781099999,03672099999,03684099999,03768099999,EGLC,03772099999,03770099999"
London,2023-12-13,47.6,43.8,46.1,44.4,38.1,41.1,42.6,87.6,0.242,100,4.17,rain,0.0,0.0,34.4,15.3,332.2,1002.7,97.6,8.3,8.5,0.7,1,,2023-12-13T07:57:46,2023-12-13T15:51:19,0.02,"Rain, Overcast",Cloudy skies throughout the day with morning rain.,rain,"03769099999,03680099999,D5621,03781099999,03672099999,03684099999,03772099999,03770099999"
London,2023-12-14,46.7,39.3,43.0,44.9,35.0,40.1,40.2,89.9,0.023,100,4.17,rain,0.0,0.0,13.8,8.1,264.9,1021.5,77.9,7.8,12.5,1.1,1,,2023-12-14T07:58:41,2023-12-14T15:51:21,0.05,"Rain, Partially cloudy",Partly cloudy throughout the day with morning rain.,rain,"03769099999,03680099999,D5621,03781099999,03684099999,03672099999,03772099999,03770099999"
London,2023-12-15,48.5,41.3,45.5,46.0,39.0,43.1,40.7,83.5,0.0,0,0.0,,0.0,0.0,12.5,8.2,243.8,1035.5,75.2,9.1,12.9,0.9,1,,2023-12-15T07:59:33,2023-12-15T15:51:28,0.09,Partially cloudy,Partly cloudy throughout the day.,partly-cloudy-day,"03769099999,03680099999,D5621,03781099999,03672099999,03772099999,03770099999"
London,2023-12-16,52.1,44.0,50.2,52.1,39.3,48.7,46.9,88.6,0.0,0,0.0,,0.0,0.0,22.7,13.9,239.1,1038.5,94.1,8.1,9.3,0.8,1,,2023-12-16T08:00:23,2023-12-16T15:51:37,0.13,Overcast,Cloudy skies throughout the day.,cloudy,"03769099999,03680099999,D5621,03781099999,03684099999,03672099999,03761099999,EGLC,03658099999,03772099999,03770099999"
London,2023-12-17,52.1,49.2,50.6,52.1,43.9,49.5,44.3,79.2,0.0,0,0.0,,0.0,0.0,27.8,16.1,230.4,1034.0,95.8,10.0,19.9,1.7,2,,2023-12-17T08:01:09,2023-12-17T15:51:50,0.16,Overcast,Cloudy skies throughout the day.,cloudy,"03769099999,03680099999,D5621,03781099999,03672099999,03772099999,03770099999"
London,2023-12-18,54.8,50.1,52.3,54.8,50.1,52.3,46.3,80.0,0.0,0,0.0,,0.0,0.0,23.3,15.1,228.6,1028.2,97.4,9.7,13.6,1.3,1,,2023-12-18T08:01:52,2023-12-18T15:52:06,0.2,Overcast,Cloudy skies throughout the day.,cloudy,"03769099999,03680099999,D5621,03781099999,03672099999,03772099999,03770099999"
London,2023-12-19,55.1,42.5,50.6,55.1,36.5,49.0,47.3,88.8,0.614,100,29.17,rain,0.0,0.0,24.7,13.4,260.3,1020.2,76.1,7.2,5.0,0.4,0,,2023-12-19T08:02:33,2023-12-19T15:52:26,0.25,"Rain, Partially cloudy",Partly cloudy throughout the day with rain in the morning and afternoon.,rain,"03769099999,03680099999,D5621,03768399999,03781099999,03672099999,03684099999,EGLC,03772099999,03770099999"
London,2023-12-20,51.9,40.4,46.9,51.9,34.3,43.6,42.0,83.3,0.0,0,0.0,,0.0,0.0,24.2,17.9,262.3,1018.1,46.4,11.5,15.4,1.3,1,,2023-12-20T08:03:10,2023-12-20T15:52:49,0.27,Partially cloudy,Becoming cloudy in the afternoon.,partly-cloudy-day,"03769099999,03680099999,D5621,03781099999,03672099999,03772099999,03770099999"
London,2023-12-21,57.8,51.0,53.9,57.8,51.0,53.9,44.6,71.6,0.0,0,0.0,,0.0,0.0,38.9,21.8,277.5,1008.0,78.9,13.3,14.4,1.3,1,,2023-12-21T08:03:44,2023-12-21T15:53:16,0.3,Partially cloudy,Partly cloudy throughout the day.,partly-cloudy-day,"03769099999,03680099999,D5621,03781099999,03672099999,03772099999,03770099999"
London,2023-12-22,54.6,48.5,51.9,54.6,43.8,51.2,43.5,73.7,0.008,100,4.17,rain,0.0,0.0,29.2,21.6,276.6,1012.7,82.6,13.3,15.4,1.4,1,,2023-12-22T08:04:15,2023-12-22T15:53:46,0.34,"Rain, Partially cloudy",Partly cloudy throughout the day with morning rain.,rain,"03769099999,03680099999,D5621,03781099999,03672099999,03772099999,03770099999"
London,2023-12-23,53.9,48.8,51.5,53.9,43.4,50.1,43.8,75.2,0.0,0,0.0,,0.0,0.0,28.3,18.9,260.5,1013.1,79.3,15.9,22.9,1.9,2,,2023-12-23T08:04:42,2023-12-23T15:54:19,0.37,Partially cloudy,Partly cloudy throughout the day.,partly-cloudy-day,"03769099999,03680099999,D5621,03781099999,03672099999,03772099999,03770099999"
London,2023-12-24,59.3,52.8,56.3,59.3,52.8,56.3,50.9,82.3,0.024,100,4.17,rain,0.0,0.0,34.1,23.0,247.8,1006.2,99.2,13.6,9.8,0.8,1,,2023-12-24T08:05:06,2023-12-24T15:54:55,0.41,"Rain, Overcast",Cloudy skies throughout the day with morning rain.,rain,"03769099999,03680099999,D5621,03781099999,03672099999,03772099999,03770099999"
London,2023-12-25,57.3,52.1,54.5,57.3,52.1,54.5,51.2,88.5,0.274,100,29.17,rain,0.0,0.0,31.1,16.6,244.7,1007.1,97.6,9.9,6.6,0.5,0,,2023-12-25T08:05:27,2023-12-25T15:55:35,0.45,"Rain, Overcast",Cloudy skies throughout the day with a chance of rain throughout the day.,rain,"03769099999,03680099999,D5621,03781099999,03672099999,03772099999,03770099999"
London,2023-12-26,51.2,42.2,46.4,51.2,39.5,43.5,40.6,80.3,0.0,0,0.0,,0.0,0.0,24.5,12.9,251.9,1015.1,43.0,9.9,18.4,1.5,1,,2023-12-26T08:05:45,2023-12-26T15:56:17,0.48,Partially cloudy,Partly cloudy throughout the day.,partly-cloudy-day,"03769099999,03680099999,D5621,03781099999,03672099999,03772099999,03770099999"
London,2023-12-27,54.2,45.2,50.9,54.2,41.3,50.0,46.8,85.8,0.158,100,37.5,rain,0.0,0.0,43.6,22.5,199.2,1006.6,91.8,7.2,3.5,0.2,0,,2023-12-27T08:05:59,2023-12-27T15:57:03,0.5,"Rain, Overcast",Cloudy skies throughout the day with rain.,rain,"03769099999,03680099999,D5621,03781099999,03672099999,03772099999,03770099999"
London,2023-12-28,54.8,51.2,53.1,54.8,51.2,53.1,45.4,75.1,0.009,100,8.33,rain,0.0,0.0,37.8,22.8,231.3,1004.9,83.7,6.9,21.3,1.8,1,,2023-12-28T08:06:10,2023-12-28T15:57:52,0.55,"Rain, Partially cloudy",Partly cloudy throughout the day with rain.,rain,"03769099999,03680099999,D5621,03781099999,03672099999,03772099999,03770099999"
London,2023-12-29,53.0,44.7,49.7,53.0,39.2,47.9,42.0,74.9,0.125,100,4.17,rain,0.0,0.0,30.6,20.0,244.8,1006.8,61.1,12.4,13.4,1.2,1,,2023-12-29T08:06:17,2023-12-29T15:58:44,0.58,"Rain, Partially cloudy",Partly cloudy throughout the day with morning rain.,rain,"03769099999,03680099999,D5621,03781099999,03672099999,03772099999,03770099999"
London,2023-12-30,53.9,43.1,49.8,53.9,37.9,48.0,45.0,83.7,0.008,100,4.17,rain,0.0,0.0,38.9,22.0,195.7,1004.5,81.3,9.0,10.0,0.9,1,,2023-12-30T08:06:22,2023-12-30T15:59:39,0.61,"Rain, Partially cloudy",Partly cloudy throughout the day with afternoon rain.,rain,"03769099999,03680099999,D5621,03781099999,03672099999,F6665,03772099999,03770099999"
London,2023-12-31,53.9,43.8,47.3,53.9,38.3,42.0,41.9,81.8,0.313,100,4.17,rain,0.0,0.0,41.7,24.9,221.2,988.9,83.7,9.9,15.5,1.4,2,,2023-12-31T08:06:22,2023-12-31T16:00:37,0.64,"Rain, Partially cloudy",Partly cloudy throughout the day with morning rain.,rain,"03769099999,03680099999,D5621,F6665,03781099999,03672099999,03772099999,03770099999"
London,2024-01-01,52.1,44.7,47.7,52.1,38.7,42.6,41.8,80.3,0.064,100,8.33,rain,0.0,0.0,33.3,18.8,225.3,999.3,64.2,8.3,20.0,1.9,2,,2024-01-01T08:06:20,2024-01-01T16:01:38,0.68,"Rain, Partially cloudy",Partly cloudy throughout the day with rain.,rain,"D5621,03672099999,03781099999,F6665,03772099999,03770099999"
London,2024-01-02,56.6,51.2,53.1,56.6,51.2,53.1,48.2,83.9,0.315,100,12.5,rain,0.0,0.0,56.4,36.5,235.4,985.7,91.9,8.4,7.2,0.7,0,,2024-01-02T08:06:14,2024-01-02T16:02:41,0.71,"Rain, Overcast",Cloudy skies throughout the day with a chance of rain throughout the day.,rain,"D5621,03781099999,03672099999,F6665,03772099999,03770099999"
London,2024-01-03,53.3,47.9,50.1,53.3,42.5,47.4,44.3,80.7,0.07,100,12.5,rain,0.0,0.0,30.0,16.5,249.5,990.7,75.9,8.9,19.8,1.7,2,,2024-01-03T08:06:04,2024-01-03T16:03:47,0.74,"Rain, Partially cloudy",Partly cloudy throughout the day with late afternoon rain.,rain,"03680099999,D5621,03781099999,03672099999,03772099999,03770099999"
London,2024-01-04,48.3,43.1,46.5,45.8,38.2,42.1,42.5,86.3,0.858,100,29.17,rain,0.0,0.0,24.2,13.8,235.1,998.9,55.9,7.8,18.6,1.6,1,,2024-01-04T08:05:52,2024-01-04T16:04:56,0.75,"Rain, Partially cloudy",Becoming cloudy in the afternoon with rain.,rain,"03680099999,D5621,03781099999,03672099999,03772099999,03770099999"
London,2024-01-05,46.1,42.0,44.0,43.1,34.5,39.0,39.7,84.8,0.055,100,16.67,rain,0.0,0.0,28.9,17.1,308.3,1001.4,96.3,7.8,16.0,1.5,1,,2024-01-05T08:05:36,2024-01-05T16:06:07,0.81,"Rain, Overcast",Cloudy skies throughout the day with rain.,rain,"D5621,03781099999,03672099999,03772099999,03770099999"
London,2024-01-06,44.3,41.3,43.1,43.4,36.7,39.5,37.1,79.4,0.008,100,4.17,rain,0.0,0.0,16.1,8.8,353.7,1016.0,96.3,10.4,14.4,1.4,1,,2024-01-06T08:05:16,2024-01-06T16:07:21,0.84,"Rain, Overcast",Cloudy skies throughout the day with late afternoon rain.,rain,"D5621,03781099999,03672099999,03772099999,03770099999"
London,2024-01-07,41.3,37.5,39.3,34.8,30.7,33.0,30.1,69.6,0.0,0,0.0,,0.0,0.0,20.8,13.6,23.9,1026.8,70.0,11.8,25.0,2.3,2,,2024-01-07T08:04:54,2024-01-07T16:08:37,0.87,Partially cloudy,Partly cloudy throughout the day.,partly-cloudy-day,"D5621,03781099999,03672099999,03772099999,03770099999"
London,2024-01-08,38.9,35.7,37.6,33.2,27.0,30.3,27.1,65.6,0.0,0,0.0,rain,0.1,0.0,28.9,15.4,49.7,1031.5,92.3,10.9,11.5,0.9,1,,2024-01-08T08:04:28,2024-01-08T16:09:55,0.9,Overcast,Cloudy skies throughout the day.,cloudy,"03680099999,D5621,03781099999,03672099999,03772099999,03770099999"
London,2024-01-09,39.5,35.9,37.3,31.1,27.4,28.9,27.1,66.5,0.0,0,0.0,,0.0,0.0,30.0,17.1,65.4,1030.3,53.8,9.7,22.5,2.0,2,,2024-01-09T08:03:59,2024-01-09T16:11:15,0.94,Partially cloudy,Clearing in the afternoon.,partly-cloudy-day,"D5621,03781099999,03672099999,03772099999,03770099999"
London,2024-01-10,42.2,34.4,37.7,35.2,27.3,31.1,26.3,63.7,0.0,0,0.0,,0.0,0.0,27.7,13.5,45.8,1029.0,17.7,10.2,24.6,2.1,2,,2024-01-10T08:03:27,2024-01-10T16:12:38,0.97,Clear,Clear conditions throughout the day.,clear-day,"D5621,03781099999,03672099999,03772099999,03770099999"
London,2024-01-11,42.2,33.1,37.9,36.8,27.4,32.6,32.8,82.0,0.0,0,0.0,,0.0,0.0,20.8,11.2,30.4,1036.2,60.9,7.2,15.5,1.3,1,,2024-01-11T08:02:51,2024-01-11T16:14:03,0.0,Partially cloudy,Becoming cloudy in the afternoon.,partly-cloudy-day,"D5621,03781099999,03672099999,F6665,03772099999,03770099999"
London,2024-01-12,43.1,40.2,41.9,40.7,35.7,37.4,36.0,79.5,0.0,0,0.0,,0.0,0.0,21.9,11.6,40.2,1035.6,98.9,9.3,8.7,0.8,1,,2024-01-12T08:02:13,2024-01-12T16:15:29,0.04,Overcast,Cloudy skies throughout the day.,cloudy,"D5621,03781099999,03672099999,03772099999,03770099999"
London,2024-01-13,40.2,34.1,38.0,39.5,29.3,34.1,33.1,82.6,0.0,0,0.0,,0.0,0.0,13.9,8.6,272.6,1025.4,99.4,5.2,13.8,1.2,1,,2024-01-13T08:01:31,2024-01-13T16:16:58,0.07,Overcast,Cloudy skies throughout the day.,cloudy,"03680099999,D5621,03781099999,03672099999,03772099999,03770099999"
London,2024-01-14,43.4,37.7,40.0,39.1,32.6,35.0,34.4,80.4,0.0,0,0.0,,0.0,0.0,17.2,10.9,283.2,1013.3,86.9,7.8,21.3,1.8,1,,2024-01-14T08:00:47,2024-01-14T16:18:28,0.11,Partially cloudy,Partly cloudy throughout the day.,partly-cloudy-day,"D5621,03781099999,03672099999,F6665,03772099999,03770099999"
London,2024-01-15,38.0,29.0,33.8,32.9,24.0,28.2,23.8,67.1,0.0,0,0.0,,0.0,0.0,18.3,11.7,306.2,1011.1,3.7,12.4,34.7,2.9,2,,2024-01-15T07:59:59,2024-01-15T16:20:00,0.14,Clear,Clear conditions throughout the day.,clear-day,"03680099999,F6665,03781099999,03672099999,03772099999,03770099999"
London,2024-01-16,39.5,26.9,32.2,33.9,23.0,28.6,23.6,71.0,0.0,0,0.0,,0.0,0.0,13.9,8.9,221.3,1007.9,11.1,11.6,35.8,3.1,2,,2024-01-16T07:59:09,2024-01-16T16:21:34,0.18,Clear,Clear conditions throughout the day.,clear-day,"03680099999,F6665,03781099999,03672099999,03772099999,03770099999"
London,2024-01-17,37.5,31.4,34.4,35.7,24.2,30.6,27.7,76.5,0.0,0,0.0,,0.0,0.0,16.1,9.7,28.8,993.2,78.6,10.2,18.8,1.6,1,,2024-01-17T07:58:15,2024-01-17T16:23:09,0.21,Partially cloudy,Partly cloudy throughout the day.,partly-cloudy-day,"F6665,03781099999,03672099999,03772099999,03770099999"
London,2024-01-18,38.0,25.8,31.3,32.1,20.2,25.4,21.8,68.0,0.0,0,0.0,,0.0,0.0,18.8,9.0,311.0,1006.8,1.9,10.6,35.3,2.9,2,,2024-01-18T07:57:19,2024-01-18T16:24:45,0.25,Clear,Clear conditions throughout the day.,clear-day,"03680099999,F6665,03781099999,03672099999,03772099999,03770099999"
London,2024-01-19,42.2,25.9,32.7,36.4,21.0,27.5,26.4,78.3,0.0,0,0.0,,0.0,0.0,15.0,9.9,241.9,1021.8,5.0,13.8,37.1,3.1,2,,2024-01-19T07:56:20,2024-01-19T16:26:23,0.28,Clear,Clear conditions throughout the day.,clear-day,"F6665,03781099999,03672099999,03772099999,03770099999"
London,2024-01-20,43.1,32.3,39.3,36.2,26.9,32.4,30.2,70.3,0.0,0,0.0,,0.0,0.0,30.0,15.7,202.4,1022.9,42.3,12.0,31.0,2.7,2,,2024-01-20T07:55:18,2024-01-20T16:28:02,0.32,Partially cloudy,Partly cloudy throughout the day.,partly-cloudy-day,"F6665,03781099999,03672099999,03772099999,03770099999"
London,2024-01-21,54.8,40.2,49.2,54.8,32.0,45.9,42.7,78.9,0.024,100,4.17,rain,0.0,0.0,51.9,28.6,210.0,1009.9,92.0,6.5,26.3,2.2,2,,2024-01-21T07:54:14,2024-01-21T16:29:42,0.35,"Rain, Overcast",Cloudy skies throughout the day with morning rain.,rain,"F6665,03781099999,03672099999,03772099999,03770099999"
London,2024-01-22,55.7,45.2,50.2,55.7,38.2,47.0,41.9,73.5,0.268,100,8.33,rain,0.0,0.0,46.1,27.5,247.9,1007.8,57.6,8.0,41.8,3.6,4,,2024-01-22T07:53:07,2024-01-22T16:31:24,0.39,"Rain, Partially cloudy",Partly cloudy throughout the day with rain clearing later.,rain,"F6665,03781099999,03672099999,03772099999,03770099999"
London,2024-01-23,56.4,41.3,49.2,56.4,36.1,46.3,44.9,85.2,0.0,0,0.0,,0.0,0.0,45.0,26.7,223.1,1018.5,70.1,5.8,11.3,1.0,1,,2024-01-23T07:51:57,2024-01-23T16:33:06,0.42,Partially cloudy,Partly cloudy throughout the day.,partly-cloudy-day,"03769099999,03680099999,F6665,03781099999,03672099999,03772099999,03770099999"
London,2024-01-24,56.4,45.6,51.8,56.4,42.9,51.2,41.5,68.0,0.11,100,4.17,rain,0.0,0.0,46.1,30.7,262.3,1023.2,70.4,7.8,48.4,4.1,3,,2024-01-24T07:50:45,2024-01-24T16:34:50,0.46,"Rain, Partially cloudy",Partly cloudy throughout the day with morning rain.,rain,"F6665,03781099999,03672099999,03772099999,03770099999"
London,2024-01-25,55.5,41.3,50.1,55.5,39.9,49.1,46.6,88.0,0.0,0,0.0,,0.0,0.0,27.7,15.0,206.0,1024.9,87.1,6.4,29.5,2.4,1,,2024-01-25T07:49:30,2024-01-25T16:36:34,0.5,Partially cloudy,Partly cloudy throughout the day.,partly-cloudy-day,"03680099999,F6665,03781099999,03672099999,03772099999,03770099999"
London,2024-01-26,54.8,38.4,48.5,54.8,34.5,45.3,37.9,68.3,0.079,100,4.17,rain,0.0,0.0,33.3,22.4,261.0,1027.0,32.9,10.9,64.5,5.7,3,,2024-01-26T07:48:13,2024-01-26T16:38:19,0.52,"Rain, Partially cloudy",Partly cloudy throughout the day with morning rain.,rain,"F6665,03781099999,03672099999,03772099999,03770099999"
London,2024-01-27,47.6,34.1,41.0,43.6,30.8,37.6,35.7,81.8,0.0,0,0.0,,0.0,0.0,20.8,11.5,179.4,1032.7,28.6,9.5,46.0,4.0,3,,2024-01-27T07:46:54,2024-01-27T16:40:05,0.56,Partially cloudy,Partly cloudy throughout the day.,partly-cloudy-day,"F6665,03781099999,03672099999,D4121,03772099999,03770099999"
London,2024-01-28,52.8,37.7,44.7,52.8,32.6,41.5,39.4,82.4,0.0,0,0.0,,0.0,0.0,19.7,9.0,169.7,1022.7,29.1,9.2,51.8,4.6,3,,2024-01-28T07:45:32,2024-01-28T16:41:51,0.59,Partially cloudy,Partly cloudy throughout the day.,partly-cloudy-day,"D4121,03781099999,03672099999,03772099999,03770099999"
London,2024-01-29,53.9,47.6,51.5,53.9,44.8,51.0,47.8,87.3,0.0,0,0.0,,0.0,0.0,21.9,13.3,182.3,1021.9,95.5,5.2,35.6,3.1,2,,2024-01-29T07:44:08,2024-01-29T16:43:39,0.62,Overcast,Cloudy skies throughout the day.,cloudy,"D4121,03781099999,03672099999,03772099999,03770099999"
London,2024-01-30,54.6,45.8,48.4,54.6,40.8,45.5,41.7,77.5,0.0,0,0.0,,0.0,0.0,38.0,18.3,258.8,1027.3,95.8,13.6,15.6,1.4,1,,2024-01-30T07:42:42,2024-01-30T16:45:26,0.66,Overcast,Cloudy skies throughout the day.,cloudy,"D4121,03781099999,03672099999,03772099999,03770099999"
London,2024-01-31,53.9,44.3,48.0,53.9,39.6,45.5,39.4,72.5,0.008,100,4.17,rain,0.0,0.0,26.4,16.5,231.9,1029.7,98.1,12.0,26.4,2.3,1,,2024-01-31T07:41:14,2024-01-31T16:47:14,0.69,"Rain, Overcast",Cloudy skies throughout the day with morning rain.,rain,"D4121,03781099999,03672099999,03772099999,03770099999"
London,2024-02-01,51.9,40.2,45.9,51.9,36.4,43.1,36.4,69.9,0.0,0,0.0,,0.0,0.0,19.7,10.9,281.0,1032.4,24.9,9.1,66.3,5.8,3,,2024-02-01T07:39:44,2024-02-01T16:49:03,0.72,Partially cloudy,Partly cloudy throughout the day.,partly-cloudy-day,"D4121,03781099999,03672099999,03772099999,03770099999"
London,2024-02-02,56.6,41.3,49.8,56.6,35.5,47.3,44.7,82.9,0.0,0,0.0,,0.0,0.0,26.4,18.1,253.3,1029.8,77.0,12.8,56.6,5.0,5,,2024-02-02T07:38:11,2024-02-02T16:50:52,0.75,Partially cloudy,Partly cloudy throughout the day.,partly-cloudy-day,"D4121,03781099999,03672099999,03772099999,03770099999"
London,2024-02-03,55.7,51.2,53.9,55.7,51.2,53.9,49.0,83.6,0.0,0,0.0,,0.0,0.0,26.4,16.2,257.9,1027.3,95.1,15.1,20.4,1.8,1,,2024-02-03T07:36:37,2024-02-03T16:52:41,0.79,Overcast,Cloudy skies throughout the day.,cloudy,"D4121,03781099999,03672099999,03772099999,03770099999"
London,2024-02-04,56.6,52.1,53.5,56.6,52.1,53.5,49.0,85.1,0.008,100,4.17,rain,0.0,0.0,31.1,19.4,254.1,1024.8,87.4,14.1,28.9,2.6,3,,2024-02-04T07:35:01,2024-02-04T16:54:31,0.82,"Rain, Partially cloudy",Partly cloudy throughout the day with morning rain.,rain,"D4121,03781099999,03672099999,03772099999,03770099999"
London,2024-02-05,53.0,48.5,51.1,53.0,42.7,49.7,43.4,74.9,0.0,0,0.0,,0.0,0.0,31.1,21.4,246.1,1020.1,97.6,10.7,27.8,2.5,2,,2024-02-05T07:33:23,2024-02-05T16:56:20,0.85,Overcast,Cloudy skies throughout the day.,cloudy,"D4121,03781099999,03672099999,03772099999,03770099999"
London,2024-02-06,57.3,52.4,54.7,57.3,52.4,54.7,47.3,76.2,0.0,0,0.0,,0.0,0.0,36.9,21.9,240.2,1009.2,97.3,7.4,42.0,3.6,3,,2024-02-06T07:31:43,2024-02-06T16:58:10,0.89,Overcast,Cloudy skies throughout the day.,cloudy,"D4121,03781099999,03672099999,03772099999,03770099999"
London,2024-02-07,44.7,40.4,42.7,44.7,35.6,39.6,39.1,87.0,0.526,100,8.33,rain,0.0,0.0,30.0,14.5,62.5,1005.1,96.8,6.1,20.6,1.7,1,,2024-02-07T07:30:01,2024-02-07T17:00:00,0.92,"Rain, Overcast",Cloudy skies throughout the day with rain clearing later.,rain,"D4121,03781099999,03672099999,03772099999,03770099999"
London,2024-02-08,53.0,41.3,46.3,53.0,35.2,43.4,44.1,92.0,0.065,100,12.5,rain,0.0,0.0,31.1,15.3,149.1,991.1,97.1,4.5,15.1,1.3,1,,2024-02-08T07:28:18,2024-02-08T17:01:50,0.95,"Rain, Overcast",Cloudy skies throughout the day with rain.,rain,"D4121,03781099999,03672099999,03772099999,03770099999"
London,2024-02-09,54.6,50.6,52.1,54.6,50.6,52.1,49.2,89.8,0.729,100,8.33,rain,0.0,0.0,35.8,17.6,200.6,977.6,94.9,6.7,34.1,3.0,2,,2024-02-09T07:26:33,2024-02-09T17:03:40,0.0,"Rain, Overcast",Cloudy skies throughout the day with rain clearing later.,rain,"D4121,03781099999,03672099999,03772099999,03770099999"
London,2024-02-10,53.7,46.7,49.9,53.7,43.9,48.7,46.1,87.2,0.0,0,0.0,,0.0,0.0,13.9,7.4,181.2,982.8,81.2,7.8,33.6,3.0,2,,2024-02-10T07:24:46,2024-02-10T17:05:31,0.02,Partially cloudy,Partly cloudy throughout the day.,partly-cloudy-day,"D4121,03781099999,03672099999,03772099999,03770099999"
London,2024-02-11,53.9,42.9,48.1,53.9,37.9,46.1,42.8,82.4,0.023,100,4.17,rain,0.0,0.0,19.7,13.1,285.8,990.5,76.0,7.8,40.4,3.5,2,,2024-02-11T07:22:58,2024-02-11T17:07:21,0.05,"Rain, Partially cloudy",Partly cloudy throughout the day with morning rain.,rain,"D4121,03781099999,03672099999,03772099999,03770099999"
London,2024-02-12,51.2,39.4,44.1,51.2,35.7,40.0,36.1,75.0,0.023,100,4.17,rain,0.0,0.0,16.1,12.0,254.2,1005.3,18.9,13.5,100.7,8.7,4,,2024-02-12T07:21:08,2024-02-12T17:09:11,0.09,Rain,Clear conditions throughout the day with morning rain.,rain,"D4121,03781099999,03672099999,03772099999,03770099999"
London,2024-02-13,54.2,41.1,47.4,54.2,36.1,43.6,43.3,85.9,0.032,100,12.5,rain,0.0,0.0,27.7,14.9,205.0,1011.5,75.0,7.6,22.9,2.1,1,,2024-02-13T07:19:17,2024-02-13T17:11:01,0.12,"Rain, Partially cloudy",Partly cloudy throughout the day with rain.,rain,"D4121,03781099999,03672099999,03772099999,03770099999"
London,2024-02-14,56.9,53.3,54.8,56.9,53.3,54.8,51.4,88.3,0.04,100,12.5,rain,0.0,0.0,23.0,14.2,219.0,1012.3,98.1,5.8,15.5,1.5,1,,2024-02-14T07:17:24,2024-02-14T17:12:51,0.16,"Rain, Overcast",Cloudy skies throughout the day with morning rain.,rain,"D4121,03781099999,03672099999,03772099999,03770099999"
London,2024-02-15,63.6,54.6,57.1,63.6,54.6,57.1,50.9,80.7,0.024,100,8.33,rain,0.0,0.0,21.9,11.8,192.5,1008.5,62.3,9.7,71.9,6.1,4,,2024-02-15T07:15:30,2024-02-15T17:14:41,0.19,"Rain, Partially cloudy",Partly cloudy throughout the day with early morning rain.,rain,"03680099999,D4121,03781099999,03672099999,03768099999,03761099999,EGLC,03772099999,03770099999"
London,2024-02-16,57.5,50.6,53.3,57.5,50.6,53.3,46.9,79.2,0.071,100,12.5,rain,0.0,0.0,24.2,16.1,264.9,1014.9,83.9,10.9,69.2,6.0,4,,2024-02-16T07:13:35,2024-02-16T17:16:30,0.25,"Rain, Partially cloudy",Partly cloudy throughout the day with rain clearing later.,rain,"D4121,03781099999,03672099999,03772099999,03770099999"
London,2024-02-17,56.0,49.4,52.5,56.0,46.7,52.4,47.9,84.6,0.141,100,16.67,rain,0.0,0.0,31.1,16.3,209.6,1028.3,99.2,7.2,28.3,2.6,2,,2024-02-17T07:11:38,2024-02-17T17:18:20,0.26,"Rain, Overcast",Cloudy skies throughout the day with rain.,rain,"D4121,03781099999,03672099999,03772099999,03770099999"
London,2024-02-18,61.4,50.6,54.3,61.4,50.6,54.3,49.5,84.7,0.583,100,45.83,rain,0.0,0.0,26.4,15.5,257.7,1025.2,79.1,9.6,58.0,5.1,4,,2024-02-18T07:09:41,2024-02-18T17:20:09,0.29,"Rain, Partially cloudy",Partly cloudy throughout the day with rain clearing later.,rain,"D4121,03781099999,03672099999,03772099999,03770099999"
London,2024-02-19,57.8,46.1,50.5,57.8,41.3,48.6,43.9,79.1,0.023,100,4.17,rain,0.0,0.0,23.0,13.6,269.2,1029.6,57.1,9.0,40.9,3.4,2,,2024-02-19T07:07:42,2024-02-19T17:21:58,0.33,"Rain, Partially cloudy",Partly cloudy throughout the day with afternoon rain.,rain,"D4121,03781099999,03672099999,03772099999,03770099999"
London,2024-02-20,54.2,44.0,48.7,54.2,38.9,46.8,43.8,83.4,0.0,0,0.0,,0.0,0.0,30.0,18.2,226.5,1026.1,61.0,8.0,49.7,4.4,3,,2024-02-20T07:05:42,2024-02-20T17:23:47,0.36,Partially cloudy,Partly cloudy throughout the day.,partly-cloudy-day,"D4121,03781099999,03672099999,03772099999,03770099999"
London,2024-02-21,53.9,48.5,51.0,53.9,42.8,49.4,47.1,86.7,0.275,100,16.67,rain,0.0,0.0,34.4,18.9,215.9,1007.0,96.0,7.1,15.8,1.3,1,,2024-02-21T07:03:40,2024-02-21T17:25:35,0.4,"Rain, Overcast",Cloudy skies throughout the day with rain.,rain,"D4121,03781099999,03672099999,03772099999,03770099999"
London,2024-02-22,53.3,39.5,46.8,53.3,31.5,43.1,43.4,88.1,0.479,100,41.67,rain,0.0,0.0,33.3,18.7,233.5,985.5,74.7,7.8,14.4,1.2,1,,2024-02-22T07:01:38,2024-02-22T17:27:24,0.43,"Rain, Partially cloudy",Partly cloudy throughout the day with rain.,rain,"D4121,03781099999,03672099999,03772099999,03770099999"
London,2024-02-23,49.4,38.6,42.5,44.4,33.7,37.4,37.0,81.4,0.087,100,16.67,rain,0.0,0.0,26.4,13.2,231.9,986.7,50.1,12.3,75.5,6.5,5,,2024-02-23T06:59:35,2024-02-23T17:29:12,0.46,"Rain, Partially cloudy",Becoming cloudy in the afternoon with rain.,rain,"03680099999,D4121,03781099999,03672099999,03772099999,03770099999"
London,2024-02-24,50.2,34.0,41.1,50.2,30.4,39.4,36.3,83.6,0.008,100,4.17,rain,0.0,0.0,12.8,6.2,211.7,994.6,30.6,10.9,67.5,5.8,3,,2024-02-24T06:57:30,2024-02-24T17:30:59,0.5,"Rain, Partially cloudy",Becoming cloudy in the afternoon with morning rain.,rain,"D4121,03781099999,03672099999,03772099999,03770099999"
London,2024-02-25,49.3,35.0,41.4,43.9,33.0,37.3,38.2,88.7,0.15,100,16.67,rain,0.0,0.0,27.7,16.9,83.9,995.4,73.2,5.9,54.3,4.7,4,,2024-02-25T06:55:25,2024-02-25T17:32:47,0.53,"Rain, Partially cloudy",Partly cloudy throughout the day with late afternoon rain.,rain,"D4121,03781099999,03672099999,03772099999,03770099999"
London,2024-02-26,48.8,41.6,44.8,41.8,35.0,37.6,35.7,70.8,0.016,100,4.17,rain,0.0,0.0,40.3,21.7,31.2,1008.6,77.1,12.6,69.9,6.1,3,,2024-02-26T06:53:19,2024-02-26T17:34:34,0.57,"Rain, Partially cloudy",Partly cloudy throughout the day with early morning rain.,rain,"D4121,03781099999,03672099999,03772099999,03770099999"
London,2024-02-27,48.3,38.9,43.9,44.1,34.6,40.3,36.1,74.4,0.0,0,0.0,,0.0,0.0,17.2,9.5,266.9,1020.5,65.5,11.1,78.4,6.9,3,,2024-02-27T06:51:12,2024-02-27T17:36:21,0.6,Partially cloudy,Partly cloudy throughout the day.,partly-cloudy-day,"D4121,03781099999,03672099999,03772099999,03770099999"
London,2024-02-28,53.3,44.3,49.2,53.3,43.1,48.3,45.1,86.0,0.0,0,0.0,,0.0,0.0,25.3,14.1,211.2,1016.9,92.5,7.2,46.5,4.0,3,,2024-02-28T06:49:04,2024-02-28T17:38:08,0.63,Overcast,Cloudy skies throughout the day.,cloudy,"EGWU,EGLL,D4121,03781099999,03672099999,EGLC,03772099999,03770099999"
London,2024-02-29,53.0,42.5,49.1,53.0,38.4,47.7,45.2,86.6,0.213,100,33.33,rain,0.0,0.0,27.7,16.8,232.4,1004.1,91.4,7.4,24.3,2.2,1,,2024-02-29T06:46:56,2024-02-29T17:39:54,0.67,"Rain, Overcast",Cloudy skies throughout the day with rain.,rain,"D4121,03781099999,03672099999,03772099999,03770099999"
London,2024-03-01,48.8,38.6,42.6,42.5,32.1,36.6,36.9,81.5,0.291,100,20.83,rain,0.0,0.0,31.1,17.6,189.2,993.1,63.1,9.8,65.8,5.6,4,,2024-03-01T06:44:46,2024-03-01T17:41:40,0.7,"Rain, Partially cloudy",Partly cloudy throughout the day with rain.,rain,"EGWU,EGLL,D4121,03781099999,03672099999,EGLC,03772099999,03770099999"
London,2024-03-02,47.9,38.6,42.7,42.8,33.6,37.5,37.7,82.7,0.301,100,33.33,rain,0.0,0.0,24.2,13.9,177.5,991.4,70.2,11.9,64.1,5.6,4,,2024-03-02T06:42:36,2024-03-02T17:43:26,0.73,"Rain, Partially cloudy",Partly cloudy throughout the day with a chance of rain throughout the day.,rain,"D4121,03781099999,03672099999,03772099999,03770099999"
London,2024-03-03,50.3,34.9,41.7,50.3,34.9,40.7,34.7,78.0,0.0,0,0.0,,0.0,0.0,12.8,8.0,276.9,1002.4,39.1,11.6,139.5,12.0,6,,2024-03-03T06:40:26,2024-03-03T17:45:12,0.75,Partially cloudy,Partly cloudy throughout the day.,partly-cloudy-day,"D4121,03781099999,03672099999,F6665,03772099999,03770099999"
London,2024-03-04,53.8,35.3,44.3,53.8,35.3,42.1,36.1,75.3,0.0,0,0.0,,0.0,0.0,30.0,15.8,164.6,1008.6,47.5,11.3,97.2,8.3,5,,2024-03-04T06:38:14,2024-03-04T17:46:57,0.8,Partially cloudy,Partly cloudy throughout the day.,partly-cloudy-day,"F6665,03781099999,03672099999,03772099999,03770099999"
London,2024-03-05,51.2,44.3,46.8,51.2,39.9,44.8,41.5,82.1,0.024,100,12.5,rain,0.0,0.0,16.1,9.7,36.9,1012.5,79.1,7.4,58.6,5.1,6,,2024-03-05T06:36:02,2024-03-05T17:48:42,0.84,"Rain, Partially cloudy",Partly cloudy throughout the day with rain clearing later.,rain,"03680099999,F6665,03781099999,03672099999,03768099999,03772099999,03770099999"
London,2024-03-06,51.5,42.5,46.3,51.5,40.3,45.5,41.0,82.3,0.0,0,0.0,,0.0,0.0,11.4,6.8,114.1,1020.9,59.0,6.8,90.3,7.7,6,,2024-03-06T06:33:50,2024-03-06T17:50:26,0.87,Partially cloudy,Partly cloudy throughout the day.,partly-cloudy-day,"03680099999,F6665,03781099999,03672099999,03768099999,03772099999,03770099999"
London,2024-03-07,51.2,43.1,46.5,51.2,38.0,42.9,40.5,80.0,0.0,0,0.0,,0.0,0.0,26.4,15.4,80.3,1019.9,70.5,4.2,73.5,6.3,4,,2024-03-07T06:31:37,2024-03-07T17:52:11,0.9,Partially cloudy,Partly cloudy throughout the day.,partly-cloudy-day,"03769099999,EGWU,03680099999,EGLL,F6665,03781099999,03768099999,03672099999,EGLC,03772099999,03770099999"
London,2024-03-08,50.1,42.9,45.6,50.1,37.3,40.8,37.8,74.6,0.0,0,0.0,,0.0,0.0,25.3,17.1,78.8,1006.6,31.1,5.1,97.6,8.4,5,,2024-03-08T06:29:23,2024-03-08T17:53:55,0.94,Partially cloudy,Partly cloudy throughout the day.,partly-cloudy-day,"F6665,03781099999,03672099999,03772099999,03770099999"
London,2024-03-09,55.1,45.8,49.7,55.1,40.8,47.5,41.4,73.2,0.0,0,0.0,,0.0,0.0,20.8,15.1,92.4,994.4,65.5,9.8,80.5,7.0,5,,2024-03-09T06:27:09,2024-03-09T17:55:39,0.97,Partially cloudy,Partly cloudy throughout the day.,partly-cloudy-day,"F6665,03781099999,03672099999,03772099999,03770099999"
London,2024-03-10,48.5,46.7,47.6,47.1,43.6,45.6,45.7,93.1,0.44,100,62.5,rain,0.0,0.0,16.1,6.6,89.2,995.0,95.3,4.4,20.4,1.6,1,,2024-03-10T06:24:55,2024-03-10T17:57:23,0.0,"Rain, Overcast",Cloudy skies throughout the day with a chance of rain throughout the day.,rain,"F6665,03781099999,03672099999,03772099999,03770099999"
London,2024-03-11,47.9,45.8,46.7,46.6,41.3,43.5,43.1,87.5,0.166,100,16.67,rain,0.0,0.0,20.4,9.7,341.9,1006.0,98.6,3.3,18.7,1.5,1,,2024-03-11T06:22:40,2024-03-11T17:59:06,0.04,"Rain, Overcast",Cloudy skies throughout the day with rain clearing later.,rain,"F6665,03781099999,03672099999,03768099999,03772099999,03770099999"
London,2024-03-12,56.0,45.2,50.8,56.0,40.8,49.2,48.0,90.5,0.417,100,41.67,rain,0.0,0.0,24.2,14.1,224.7,1011.2,92.7,5.2,28.3,2.4,1,,2024-03-12T06:20:25,2024-03-12T18:00:49,0.07,"Rain, Overcast",Cloudy skies throughout the day with rain.,rain,"EGWU,EGLL,F6665,03781099999,03672099999,03761099999,EGLC,03772099999,03770099999"
London,2024-03-13,56.0,51.9,53.8,56.0,51.9,53.8,48.1,81.3,0.0,0,0.0,,0.0,0.0,23.0,14.2,224.9,1012.2,85.2,9.1,38.5,3.4,1,,2024-03-13T06:18:09,2024-03-13T18:02:32,0.1,Partially cloudy,Partly cloudy throughout the day.,partly-cloudy-day,"F6665,03781099999,03672099999,03768099999,03684099999,03772099999,03770099999"
London,2024-03-14,62.7,47.4,53.9,62.7,44.5,53.3,48.0,81.0,0.008,100,4.17,rain,0.0,0.0,27.7,17.5,203.4,1006.9,62.8,9.7,114.2,10.0,6,,2024-03-14T06:15:54,2024-03-14T18:04:15,0.14,"Rain, Partially cloudy",Partly cloudy throughout the day with late afternoon rain.,rain,"03680099999,F6665,03781099999,03672099999,03768099999,03772099999,03770099999"
London,2024-03-15,61.1,50.3,55.2,61.1,50.3,55.2,48.5,78.3,0.0,0,0.0,,0.0,0.0,35.8,18.7,234.3,1005.3,87.6,8.1,100.4,8.5,6,,2024-03-15T06:13:38,2024-03-15T18:05:57,0.17,Partially cloudy,Partly cloudy throughout the day.,partly-cloudy-day,"F6665,03781099999,03672099999,03772099999,03770099999"
London,2024-03-16,55.7,45.7,50.4,55.7,43.1,49.3,40.4,69.1,0.0,0,0.0,,0.0,0.0,17.2,10.6,211.3,1019.0,78.1,15.2,101.3,8.7,7,,2024-03-16T06:11:21,2024-03-16T18:07:40,0.21,Partially cloudy,Partly cloudy throughout the day.,partly-cloudy-day,"F6665,03781099999,03672099999,03772099999,03770099999"
London,2024-03-17,62.0,49.4,54.2,62.0,46.3,54.1,50.1,86.4,0.181,100,29.17,rain,0.0,0.0,20.8,11.0,202.9,1014.6,85.6,7.0,57.7,5.1,2,,2024-03-17T06:09:05,2024-03-17T18:09:22,0.25,"Rain, Partially cloudy",Partly cloudy throughout the day with a chance of rain throughout the day.,rain,"F6665,03781099999,03672099999,03772099999,03770099999"
London,2024-03-18,57.8,49.2,53.1,57.8,46.4,52.5,47.5,81.6,0.0,0,0.0,,0.0,0.0,23.0,12.6,220.3,1014.6,84.4,8.7,96.3,8.2,5,,2024-03-18T06:06:48,2024-03-18T18:11:04,0.27,Partially cloudy,Partly cloudy throughout the day.,partly-cloudy-day,"F6665,03781099999,03672099999,03772099999,03770099999"
London,2024-03-19,55.7,51.2,53.5,55.7,51.2,53.5,48.2,82.3,0.0,0,0.0,,0.0,0.0,23.0,13.4,211.9,1015.5,95.3,8.2,64.8,5.5,2,,2024-03-19T06:04:31,2024-03-19T18:12:46,0.31,Overcast,Cloudy skies throughout the day.,cloudy,"03769099999,03680099999,F6665,03781099999,03672099999,03772099999,03770099999"
London,2024-03-20,62.9,51.0,56.6,62.9,51.0,56.6,47.9,74.0,0.0,0,0.0,,0.0,0.0,11.4,7.9,231.6,1018.3,72.1,9.6,129.0,11.2,8,,2024-03-20T06:02:15,2024-03-20T18:14:28,0.34,Partially cloudy,Partly cloudy throughout the day.,partly-cloudy-day,"F6665,03781099999,03672099999,03772099999,03770099999"
London,2024-03-21,62.3,46.7,54.6,62.3,46.7,54.5,47.3,77.0,0.0,0,0.0,,0.0,0.0,19.7,14.3,235.7,1024.2,57.3,6.5,96.8,8.4,5,,2024-03-21T05:59:58,2024-03-21T18:16:09,0.37,Partially cloudy,Partly cloudy throughout the day.,partly-cloudy-day,"F6665,03781099999,03672099999,03772099999,03770099999"
London,2024-03-22,54.6,44.9,50.7,54.6,40.5,50.0,41.8,72.6,0.032,100,8.33,rain,0.0,0.0,16.1,11.7,267.2,1017.7,64.9,7.4,39.6,3.4,1,,2024-03-22T05:57:41,2024-03-22T18:17:51,0.41,"Rain, Partially cloudy",Partly cloudy throughout the day with rain in the morning and afternoon.,rain,"F6665,03781099999,03672099999,03772099999,03770099999"
London,2024-03-23,52.1,39.8,45.7,52.1,32.7,40.4,34.0,64.3,0.008,100,4.17,rain,0.0,0.0,39.1,21.7,271.0,1011.9,33.5,12.1,142.0,12.2,8,,2024-03-23T05:55:24,2024-03-23T18:19:32,0.44,"Rain, Partially cloudy",Partly cloudy throughout the day with afternoon rain.,rain,"03680099999,F6665,03781099999,03672099999,03772099999,03770099999"
London,2024-03-24,56.9,43.1,48.1,56.9,35.9,44.7,34.8,61.7,0.016,100,4.17,rain,0.0,0.0,26.4,16.4,287.6,1009.9,45.7,12.8,139.7,12.0,8,,2024-03-24T05:53:07,2024-03-24T18:21:13,0.47,"Rain, Partially cloudy",Partly cloudy throughout the day with early morning rain.,rain,"F6665,03781099999,03672099999,03772099999,03770099999"
London,2024-03-25,53.7,42.5,48.6,53.7,40.9,46.9,38.6,69.2,0.0,0,0.0,,0.0,0.0,23.0,12.7,149.0,1000.2,72.4,10.0,88.1,7.5,3,,2024-03-25T05:50:50,2024-03-25T18:22:54,0.5,Partially cloudy,Partly cloudy throughout the day.,partly-cloudy-day,"F6665,03781099999,03672099999,03772099999,03770099999"
London,2024-03-26,57.5,43.8,50.4,57.5,37.0,48.6,41.7,73.1,0.126,100,12.5,rain,0.0,0.0,24.8,13.8,119.8,987.3,71.2,8.3,82.8,7.1,4,,2024-03-26T05:48:33,2024-03-26T18:24:35,0.54,"Rain, Partially cloudy",Partly cloudy throughout the day with rain.,rain,"03769099999,EGWU,03680099999,EGLL,F6665,03781099999,03672099999,EGLC,03772099999,03770099999"
London,2024-03-27,53.0,41.8,46.7,53.0,37.8,42.8,39.8,77.9,0.425,100,8.33,rain,0.0,0.0,41.2,20.4,180.5,980.6,58.6,9.4,157.1,13.6,7,,2024-03-27T05:46:16,2024-03-27T18:26:16,0.58,"Rain, Partially cloudy",Partly cloudy throughout the day with rain in the morning and afternoon.,rain,"EGWU,EGLL,03680099999,F6665,03672099999,03768099999,03761099999,03781099999,EGLC,03772099999,03770099999"
London,2024-03-28,51.7,41.3,47.6,51.7,35.2,43.5,41.0,78.3,0.463,100,70.83,rain,0.0,0.0,48.8,24.8,185.3,977.8,82.3,6.0,66.6,5.8,5,,2024-03-28T05:43:59,2024-03-28T18:27:57,0.61,"Rain, Partially cloudy",Partly cloudy throughout the day with a chance of rain throughout the day.,rain,"EGWU,EGLL,F6665,EGLC"
London,2024-03-29,56.8,45.6,50.4,56.8,41.2,47.8,42.4,74.8,0.079,100,33.33,rain,0.0,0.0,38.0,18.6,203.2,987.5,77.9,6.1,130.0,11.4,9,,2024-03-29T05:41:43,2024-03-29T18:29:38,0.65,"Rain, Partially cloudy",Partly cloudy throughout the day with rain in the morning and afternoon.,rain,"EGWU,EGLL,F6665,EGLC"
London,2024-03-30,60.4,42.0,50.0,60.4,40.4,49.1,39.5,70.3,0.0,0,0.0,,0.0,0.0,19.7,10.9,159.4,994.8,55.4,6.2,207.1,17.9,8,,2024-03-30T05:39:26,2024-03-30T18:31:18,0.68,Partially cloudy,Partly cloudy throughout the day.,partly-cloudy-day,"EGWU,EGLL,F6665,EGLC"
London,2024-03-31,53.1,43.1,49.0,53.1,38.9,46.9,44.5,84.3,0.083,100,25.0,rain,0.0,0.0,28.0,15.9,72.5,993.5,76.2,5.4,95.0,7.7,9,,2024-03-31T06:37:10,2024-03-31T19:32:59,0.71,"Rain, Partially cloudy",Partly cloudy throughout the day with rain.,rain,"EGWU,EGLL,F6665,EGLC"
Berlin,2023-10-01,68.0,54.4,60.1,68.0,54.4,60.1,51.0,73.1,0.032,100,8.33,rain,0.0,0.0,19.2,12.0,241.3,1023.6,92.4,24.1,112.3,9.6,8,,2023-10-01T07:06:56,2023-10-01T18:44:42,0.57,"Rain, Overcast",Cloudy skies throughout the day with late afternoon rain.,rain,"00427,03987,00403,E2835,00433,00400"
Berlin,2023-10-02,78.0,57.9,67.2,78.0,57.9,67.2,56.6,70.0,0.0,0,0.0,,0.0,0.0,16.3,8.8,204.1,1020.3,75.4,24.8,119.8,10.4,5,,2023-10-02T07:08:38,2023-10-02T18:42:21,0.6,Partially cloudy,Partly cloudy throughout the day.,partly-cloudy-day,"00427,03987,00403,E2835,00433,00400"
Berlin,2023-10-03,76.3,56.8,64.5,76.3,56.8,64.5,55.8,75.1,0.367,100,16.67,rain,0.0,0.0,46.1,15.1,235.5,1012.3,67.4,20.1,65.4,5.7,3,,2023-10-03T07:10:21,2023-10-03T18:40:01,0.63,"Rain, Partially cloudy",Partly cloudy throughout the day with late afternoon rain.,rain,"00427,03987,00403,E2835,00433,00400"
Berlin,2023-10-04,63.3,53.1,57.6,63.3,53.1,57.6,49.9,75.9,0.0,0,0.0,,0.0,0.0,35.3,15.8,248.0,1022.7,70.5,27.3,94.4,8.0,6,,2023-10-04T07:12:04,2023-10-04T18:37:40,0.66,Partially cloudy,Partly cloudy throughout the day.,partly-cloudy-day,"00427,03987,00403,E2835,00433,00400"
Berlin,2023-10-05,61.2,51.1,55.2,61.2,51.1,55.2,50.0,83.0,0.064,100,16.67,rain,0.0,0.0,37.8,15.4,244.3,1021.5,78.8,21.3,45.4,3.8,3,,2023-10-05T07:13:47,2023-10-05T18:35:21,0.7,"Rain, Partially cloudy",Partly cloudy throughout the day with rain.,rain,"00427,03987,00403,E2835,00433,00400"
Berlin,2023-10-06,64.0,50.9,58.2,64.0,50.9,58.2,52.6,82.8,0.023,100,20.83,rain,0.0,0.0,29.1,13.0,223.4,1021.9,98.8,12.2,82.4,7.0,5,,2023-10-06T07:15:31,2023-10-06T18:33:01,0.75,"Rain, Overcast",Cloudy skies throughout the day with rain.,rain,"00427,03987,00403,E2835,00433,00400"
Berlin,2023-10-07,63.9,52.8,61.0,63.9,52.8,61.0,55.2,82.0,0.45,100,45.83,rain,0.0,0.0,32.0,17.4,262.1,1015.0,99.9,15.8,21.3,2.1,1,,2023-10-07T07:17:15,2023-10-07T18:30:43,0.76,"Rain, Overcast",Cloudy skies throughout the day with rain.,rain,"00427,03987,00403,E2835,00433,00400"
Berlin,2023-10-08,58.6,50.1,53.5,58.6,50.1,53.5,44.4,73.9,0.156,100,25.0,rain,0.0,0.0,16.3,10.0,325.5,1023.4,62.4,20.7,135.1,11.7,6,,2023-10-08T07:18:59,2023-10-08T18:28:24,0.79,"Rain, Partially cloudy",Becoming cloudy in the afternoon with early morning rain.,rain,"00427,03987,00403,E2835,00433,00400"
Berlin,2023-10-09,52.3,48.3,50.3,52.3,46.2,49.8,47.5,90.2,0.067,100,50.0,rain,0.0,0.0,15.2,5.9,126.1,1019.1,99.8,15.3,28.6,2.4,1,,2023-10-09T07:20:43,2023-10-09T18:26:07,0.83,"Rain, Overcast",Cloudy skies throughout the day with a chance of rain throughout the day.,rain,"00427,03987,00403,E2835,00433,00400"
Berlin,2023-10-10,61.9,50.6,56.6,61.9,50.6,56.6,54.1,91.5,0.028,100,33.33,rain,0.0,0.0,19.9,8.3,219.6,1018.2,97.3,12.2,67.5,5.9,6,,2023-10-10T07:22:28,2023-10-10T18:23:50,0.86,"Rain, Overcast",Cloudy skies throughout the day with rain clearing later.,rain,"00427,03987,00403,E2835,00433,00400"
Berlin,2023-10-11,74.0,57.6,64.8,74.0,57.6,64.8,54.6,71.7,0.0,0,0.0,,0.0,0.0,28.2,13.5,218.1,1011.7,93.4,23.9,99.5,8.6,4,,2023-10-11T07:24:13,2023-10-11T18:21:33,0.89,Overcast,Cloudy skies throughout the day.,cloudy,"00427,03987,00403,E2835,00433,00400"
Berlin,2023-10-12,68.8,54.5,60.0,68.8,54.5,60.0,53.3,79.6,0.056,100,25.0,rain,0.0,0.0,33.1,10.9,253.5,1012.3,95.9,20.5,39.1,3.3,2,,2023-10-12T07:25:58,2023-10-12T18:19:17,0.92,"Rain, Overcast",Cloudy skies throughout the day with morning rain.,rain,"00427,03987,00403,E2835,00433,00400"
Berlin,2023-10-13,70.8,55.1,62.7,70.8,55.1,62.7,57.4,84.1,0.011,100,16.67,rain,0.0,0.0,30.9,12.7,188.4,1009.7,78.3,16.2,50.4,4.3,3,,2023-10-13T07:27:44,2023-10-13T18:17:02,0.96,"Rain, Partially cloudy",Partly cloudy throughout the day with rain.,rain,"00427,03987,00403,E2835,00433,00400"
Berlin,2023-10-14,69.4,50.8,59.5,69.4,50.8,59.5,48.9,68.6,0.036,100,29.17,rain,0.0,0.0,41.2,16.8,256.5,1005.4,58.6,20.8,129.0,11.2,7,,2023-10-14T07:29:30,2023-10-14T18:14:48,0.0,"Rain, Partially cloudy",Partly cloudy throughout the day with a chance of rain throughout the day.,rain,"00427,03987,00403,E2835,00433,00400"
Berlin,2023-10-15,51.7,44.5,47.7,51.7,38.9,43.2,38.5,70.6,0.0,0,0.0,,0.0,0.0,33.8,16.7,268.4,1014.5,19.8,28.2,68.6,5.9,4,,2023-10-15T07:31:16,2023-10-15T18:12:34,0.02,Clear,Clear conditions throughout the day.,clear-day,"00427,03987,00403,E2835,00433,00400"
Berlin,2023-10-16,51.0,40.7,45.1,51.0,35.1,41.6,39.3,80.6,0.0,0,0.0,,0.0,0.0,24.4,12.7,268.5,1020.2,46.9,27.5,79.1,6.8,6,,2023-10-16T07:33:02,2023-10-16T18:10:22,0.06,Partially cloudy,Partly cloudy throughout the day.,partly-cloudy-day,"00427,03987,00403,E2835,00433,00400"
Berlin,2023-10-17,51.8,37.8,44.4,51.8,37.3,44.2,38.7,82.1,0.0,0,0.0,,0.0,0.0,8.7,5.1,245.9,1021.6,80.4,22.2,61.3,5.3,3,,2023-10-17T07:34:49,2023-10-17T18:08:10,0.09,Partially cloudy,Partly cloudy throughout the day.,partly-cloudy-day,"00427,03987,00403,E2835,00433,00400"
Berlin,2023-10-18,54.2,32.6,42.6,54.2,28.7,40.8,36.7,81.3,0.0,0,0.0,,0.0,0.0,19.5,11.9,103.8,1015.5,47.9,18.0,108.6,9.3,5,,2023-10-18T07:36:36,2023-10-18T18:05:58,0.13,Partially cloudy,Partly cloudy throughout the day.,partly-cloudy-day,"00427,03987,00403,E2835,00433,00400"
Berlin,2023-10-19,45.1,42.3,44.2,40.0,35.7,38.6,40.3,86.5,0.044,100,50.0,rain,0.0,0.0,21.7,12.2,89.9,1000.9,100.0,9.6,16.4,1.3,1,,2023-10-19T07:38:24,2023-10-19T18:03:48,0.17,"Rain, Overcast",Cloudy skies throughout the day with rain.,rain,"00427,03987,00403,E2835,00433,00400"
Berlin,2023-10-20,44.6,41.0,42.8,38.8,32.2,35.3,41.5,95.4,0.342,100,75.0,rain,0.0,0.0,33.6,19.8,81.6,992.4,100.0,7.9,10.0,0.9,0,,2023-10-20T07:40:12,2023-10-20T18:01:39,0.2,"Rain, Overcast",Cloudy skies throughout the day with a chance of rain throughout the day.,rain,"00427,03987,00403,E2835,00433,00400"
Berlin,2023-10-21,65.0,43.3,51.4,65.0,37.6,49.2,47.9,89.2,0.0,0,0.0,,0.0,0.0,26.2,15.9,164.6,997.0,64.6,14.2,87.2,7.5,5,,2023-10-21T07:42:00,2023-10-21T17:59:31,0.24,Partially cloudy,Partly cloudy throughout the day.,partly-cloudy-day,"00427,03987,00403,E2835,00433,00400"
Berlin,2023-10-22,61.4,49.8,54.9,61.4,48.5,54.9,50.1,84.7,0.06,100,12.5,rain,0.0,0.0,20.1,11.0,214.7,1007.7,80.6,22.2,84.5,7.2,6,,2023-10-22T07:43:48,2023-10-22T17:57:24,0.25,"Rain, Partially cloudy",Partly cloudy throughout the day with rain clearing later.,rain,"00427,03987,00403,E2835,00433,00400"
Berlin,2023-10-23,59.0,45.5,51.6,59.0,43.3,50.8,48.5,89.7,0.0,0,0.0,,0.0,0.0,12.1,7.5,198.4,1014.2,57.9,20.0,80.3,6.8,5,,2023-10-23T07:45:37,2023-10-23T17:55:18,0.31,Partially cloudy,Partly cloudy throughout the day.,partly-cloudy-day,"00427,03987,00403,E2835,00433,00400"
Berlin,2023-10-24,55.2,48.5,52.0,55.2,45.5,51.5,50.5,94.6,0.485,100,41.67,rain,0.0,0.0,21.0,9.1,104.2,1006.9,100.0,11.1,25.6,2.1,1,,2023-10-24T07:47:26,2023-10-24T17:53:13,0.34,"Rain, Overcast",Cloudy skies throughout the day with rain.,rain,"00427,03987,00403,E2835,00433,00400"
Berlin,2023-10-25,56.3,48.8,52.2,56.3,45.4,51.6,49.6,91.2,0.022,100,8.33,rain,0.0,0.0,13.9,7.9,237.7,1001.5,96.7,14.3,70.5,6.0,4,,2023-10-25T07:49:15,2023-10-25T17:51:09,0.38,"Rain, Overcast",Cloudy skies throughout the day with early morning rain.,rain,"00427,03987,00403,E2835,00433,00400"
Berlin,2023-10-26,51.3,48.8,49.8,51.3,45.0,48.0,48.6,95.6,0.363,100,62.5,rain,0.0,0.0,19.9,9.7,60.0,994.8,99.5,7.2,14.5,1.2,1,,2023-10-26T07:51:04,2023-10-26T17:49:07,0.41,"Rain, Overcast",Cloudy skies throughout the day with a chance of rain throughout the day.,rain,"00427,03987,00403,E2835,00433,00400"
Berlin,2023-10-27,50.2,47.9,49.2,50.2,45.0,47.4,48.0,95.6,0.077,100,37.5,rain,0.0,0.0,13.4,8.0,87.9,994.8,100.0,6.4,13.4,1.1,1,,2023-10-27T07:52:54,2023-10-27T17:47:06,0.45,"Rain, Overcast",Cloudy skies throughout the day with rain.,rain,"00427,03987,00403,E2835,00433,00400"
Berlin,2023-10-28,53.7,47.5,50.1,53.7,44.2,49.1,48.9,95.5,0.532,100,70.83,rain,0.0,0.0,12.3,6.9,122.2,999.5,88.2,10.4,35.0,3.2,2,,2023-10-28T07:54:44,2023-10-28T17:45:06,0.5,"Rain, Partially cloudy",Partly cloudy throughout the day with a chance of rain throughout the day.,rain,"00427,03987,00403,E2835,00433,00400"
Berlin,2023-10-29,58.8,47.5,53.0,58.8,44.5,52.1,49.7,89.0,0.296,100,41.67,rain,0.0,0.0,30.6,12.6,179.5,1000.4,92.5,20.6,24.6,2.0,2,,2023-10-29T06:56:34,2023-10-29T16:43:07,0.52,"Rain, Overcast",Cloudy skies throughout the day with rain.,rain,"00427,03987,00403,E2835,00433,00400"
Berlin,2023-10-30,59.2,52.5,55.4,59.2,52.5,55.4,49.5,80.9,0.0,0,0.0,,0.0,0.0,23.9,11.3,197.2,1002.5,94.3,30.1,50.4,4.3,3,,2023-10-30T06:58:24,2023-10-30T16:41:10,0.55,Overcast,Cloudy skies throughout the day.,cloudy,"00427,03987,00403,E2835,00433,00400"
Berlin,2023-10-31,55.4,45.3,52.1,55.4,39.6,51.4,47.8,85.8,0.227,100,45.83,rain,0.0,0.0,35.6,18.4,255.4,998.1,90.1,15.9,26.0,2.3,2,,2023-10-31T07:00:14,2023-10-31T16:39:14,0.58,"Rain, Overcast",Cloudy skies throughout the day with a chance of rain throughout the day.,rain,"00427,03987,00403,E2835,00433,00400"
Berlin,2023-11-01,57.7,44.2,50.6,57.7,39.5,49.3,44.3,79.1,0.0,0,0.0,,0.0,0.0,20.1,11.2,173.2,1005.6,80.8,28.8,51.4,4.4,4,,2023-11-01T07:02:05,2023-11-01T16:37:20,0.62,Partially cloudy,Partly cloudy throughout the day.,partly-cloudy-day,"00427,03987,00403,E2835,00433,00400"
Berlin,2023-11-02,56.4,46.7,51.9,56.4,42.7,50.8,46.5,82.3,0.138,100,25.0,rain,0.0,0.0,24.2,12.4,147.2,992.9,78.4,25.6,32.5,2.9,2,,2023-11-02T07:03:55,2023-11-02T16:35:27,0.65,"Rain, Partially cloudy",Partly cloudy throughout the day with late afternoon rain.,rain,"00427,03987,00403,E2835,00433,00400"
Berlin,2023-11-03,51.9,47.5,49.5,51.9,43.6,47.8,44.9,84.6,0.025,100,20.83,rain,0.0,0.0,17.0,8.5,204.7,986.9,98.5,24.0,44.3,3.9,2,,2023-11-03T07:05:46,2023-11-03T16:33:36,0.68,"Rain, Overcast",Cloudy skies throughout the day with rain.,rain,"00427,03987,00403,E2835,00433,00400"
Berlin,2023-11-04,52.3,43.0,47.8,52.3,38.7,44.6,39.9,74.4,0.016,100,4.17,rain,0.0,0.0,29.5,13.0,183.1,988.3,70.7,29.6,61.9,5.4,4,,2023-11-04T07:07:36,2023-11-04T16:31:47,0.71,"Rain, Partially cloudy",Becoming cloudy in the afternoon with late afternoon rain.,rain,"00427,03987,00403,E2835,00433,00400"
Berlin,2023-11-05,55.3,46.7,50.3,55.3,42.4,48.2,46.0,85.4,0.322,100,45.83,rain,0.0,0.0,30.4,15.6,190.3,980.9,83.3,22.2,42.0,3.6,4,,2023-11-05T07:09:27,2023-11-05T16:29:59,0.75,"Rain, Partially cloudy",Partly cloudy throughout the day with a chance of rain throughout the day.,rain,"00427,03987,00403,E2835,00433,00400"
Berlin,2023-11-06,55.2,48.9,52.3,55.2,44.8,51.8,43.3,71.7,0.005,100,8.33,rain,0.0,0.0,35.6,16.6,232.8,999.2,48.5,28.3,37.2,3.3,2,,2023-11-06T07:11:17,2023-11-06T16:28:14,0.78,"Rain, Partially cloudy",Partly cloudy throughout the day with early morning rain.,rain,"00427,03987,00403,E2835,00433,00400"
Berlin,2023-11-07,54.5,46.1,49.6,54.5,41.8,47.1,43.2,79.1,0.001,100,4.17,rain,0.0,0.0,30.6,13.8,217.9,1009.6,44.2,27.3,52.7,4.6,4,,2023-11-07T07:13:07,2023-11-07T16:26:30,0.81,"Rain, Partially cloudy",Becoming cloudy in the afternoon with late afternoon rain.,rain,"00427,03987,00403,E2835,00433,00400"
Berlin,2023-11-08,52.3,45.0,47.9,52.3,40.0,44.6,41.9,79.9,0.016,100,12.5,rain,0.0,0.0,30.9,12.9,224.5,1011.8,50.5,26.5,31.5,3.0,2,,2023-11-08T07:14:58,2023-11-08T16:24:47,0.84,"Rain, Partially cloudy",Partly cloudy throughout the day with morning rain.,rain,"00427,03987,00403,E2835,00433,00400"
Berlin,2023-11-09,53.4,43.4,49.1,53.4,39.4,47.1,40.4,72.4,0.001,100,4.17,rain,0.0,0.0,22.8,11.8,192.1,1005.3,99.7,26.4,32.1,2.8,2,,2023-11-09T07:16:48,2023-11-09T16:23:07,0.87,"Rain, Overcast",Cloudy skies throughout the day with afternoon rain.,rain,"00427,03987,00403,E2835,00433,00400"
Berlin,2023-11-10,51.3,44.5,48.1,51.3,40.5,45.5,41.8,79.0,0.003,100,4.17,rain,0.0,0.0,23.9,11.1,193.4,1000.4,54.3,28.1,30.6,2.6,2,,2023-11-10T07:18:37,2023-11-10T16:21:29,0.91,"Rain, Partially cloudy",Partly cloudy throughout the day with afternoon rain.,rain,"00427,03987,00403,E2835,00433,00400"
Berlin,2023-11-11,46.9,37.6,42.7,44.3,33.4,39.5,39.6,88.5,0.016,100,20.83,rain,0.0,0.0,13.2,8.6,205.7,1001.8,61.9,22.2,39.2,3.4,3,,2023-11-11T07:20:27,2023-11-11T16:19:53,0.94,"Rain, Partially cloudy",Partly cloudy throughout the day with rain.,rain,"00427,03987,00403,E2835,00433,00400"
Berlin,2023-11-12,46.2,41.3,43.7,44.1,37.9,41.1,41.0,90.0,0.008,100,20.83,rain,0.0,0.0,16.8,9.9,227.9,1006.7,76.2,17.3,38.5,3.3,5,,2023-11-12T07:22:16,2023-11-12T16:18:18,0.97,"Rain, Partially cloudy",Partly cloudy throughout the day with a chance of rain throughout the day.,rain,"00427,03987,00403,E2835,00433,00400"
Berlin,2023-11-13,47.9,40.4,44.5,44.2,37.7,40.7,39.4,82.7,0.218,100,20.83,rain,0.0,0.0,33.3,11.1,178.6,1006.1,74.9,24.3,55.6,4.8,3,,2023-11-13T07:24:04,2023-11-13T16:16:46,0.0,"Rain, Partially cloudy",Partly cloudy throughout the day with late afternoon rain.,rain,"00427,03987,00403,E2835,00433,00400"
Berlin,2023-11-14,55.7,47.7,51.7,55.7,42.8,50.5,45.5,79.8,0.044,100,33.33,rain,0.0,0.0,45.0,19.1,231.8,999.0,61.3,22.4,25.4,2.3,2,,2023-11-14T07:25:53,2023-11-14T16:15:17,0.04,"Rain, Partially cloudy",Partly cloudy throughout the day with rain.,rain,"00427,03987,00403,E2835,00433,00400"
Berlin,2023-11-15,49.4,41.8,45.9,46.7,38.0,41.4,42.4,87.8,0.147,100,33.33,rain,0.0,0.0,26.2,16.6,273.2,1008.4,93.8,19.3,31.7,2.6,2,,2023-11-15T07:27:40,2023-11-15T16:13:49,0.07,"Rain, Overcast",Cloudy skies throughout the day with rain.,rain,"00427,03987,00403,E2835,00433,00400"
Berlin,2023-11-16,47.8,35.9,43.8,43.5,31.2,39.1,39.5,85.2,0.087,100,33.33,rain,0.0,0.0,26.8,15.2,237.6,1011.4,70.2,25.3,40.5,3.4,4,,2023-11-16T07:29:27,2023-11-16T16:12:24,0.11,"Rain, Partially cloudy",Clearing in the afternoon with rain clearing later.,rain,"00427,03987,00403,E2835,00433,00400"
Berlin,2023-11-17,41.8,35.5,39.1,34.7,29.6,31.9,35.4,86.6,0.009,100,16.67,rain,0.0,0.0,28.4,14.4,276.6,1014.7,97.4,23.8,12.3,1.0,1,,2023-11-17T07:31:14,2023-11-17T16:11:01,0.15,"Rain, Overcast",Cloudy skies throughout the day with late afternoon rain.,rain,"00427,03987,00403,E2835,00433,00400"
Berlin,2023-11-18,42.3,38.9,40.1,39.4,33.2,35.2,36.7,87.4,0.0,0,0.0,,0.0,0.0,17.7,11.4,247.1,1023.4,88.6,19.5,22.6,2.1,2,,2023-11-18T07:32:59,2023-11-18T16:09:41,0.18,Partially cloudy,Partly cloudy throughout the day.,partly-cloudy-day,"00427,03987,00403,E2835,00433,00400"
Berlin,2023-11-19,53.5,39.1,45.9,53.5,32.1,42.3,42.8,89.0,0.571,100,50.0,rain,0.0,0.0,30.4,12.2,200.6,1008.2,84.4,15.3,30.8,2.8,3,,2023-11-19T07:34:44,2023-11-19T16:08:23,0.22,"Rain, Partially cloudy",Partly cloudy throughout the day with a chance of rain throughout the day.,rain,"00427,03987,00403,E2835,00433,00400"
Berlin,2023-11-20,51.2,47.4,49.4,51.2,42.6,47.2,48.3,95.9,0.509,100,95.83,rain,0.0,0.0,19.0,11.5,250.6,1005.9,98.0,11.2,16.1,1.4,1,,2023-11-20T07:36:28,2023-11-20T16:07:08,0.25,"Rain, Overcast",Cloudy skies throughout the day with a chance of rain throughout the day.,rain,"00427,03987,00403,E2835,00433,00400"
Berlin,2023-11-21,46.7,32.5,38.9,44.0,26.3,32.5,35.6,87.6,0.03,100,33.33,rain,0.0,0.0,20.4,13.7,22.1,1015.6,91.6,15.6,7.0,0.5,0,,2023-11-21T07:38:11,2023-11-21T16:05:55,0.29,"Rain, Overcast",Cloudy skies throughout the day with rain.,rain,"00427,03987,00403,E2835,00433,00400"
Berlin,2023-11-22,35.8,26.8,31.6,34.0,20.8,25.7,24.2,74.3,0.0,0,0.0,,0.0,0.0,21.7,10.9,99.4,1028.0,46.7,23.4,52.4,4.4,3,,2023-11-22T07:39:53,2023-11-22T16:04:45,0.32,Partially cloudy,Becoming cloudy in the afternoon.,partly-cloudy-day,"00427,03987,00403,E2835,00433,00400"
Berlin,2023-11-23,52.0,32.4,44.3,52.0,24.1,38.8,39.9,84.4,0.131,100,29.17,"rain,snow",0.0,0.0,54.8,23.4,249.1,1010.6,98.8,17.5,7.7,0.7,0,,2023-11-23T07:41:33,2023-11-23T16:03:38,0.36,"Snow, Rain, Overcast",Cloudy skies throughout the day with rain or snow.,rain,"00427,03987,00403,E2835,00433,00400"
Berlin,2023-11-24,45.7,33.1,40.1,37.9,25.5,31.8,34.3,79.9,0.158,100,41.67,"rain,snow",0.0,0.0,39.1,22.8,283.1,998.5,61.1,24.8,37.3,3.3,3,,2023-11-24T07:43:13,2023-11-24T16:02:33,0.4,"Snow, Rain, Partially cloudy",Partly cloudy throughout the day with rain or snow.,rain,"00427,03987,00403,E2835,00433,00400"
Berlin,2023-11-25,36.3,32.6,34.1,30.9,23.7,26.3,31.3,89.3,0.012,100,16.67,"rain,snow",0.0,0.0,22.8,14.1,297.3,1003.8,57.9,21.7,19.3,1.7,1,,2023-11-25T07:44:51,2023-11-25T16:01:32,0.43,"Snow, Rain, Partially cloudy",Partly cloudy throughout the day with afternoon rain or snow.,rain,"00427,03987,00403,E2835,00433,00400"
Berlin,2023-11-26,33.8,29.6,31.7,30.2,23.5,26.5,26.2,80.3,0.0,0,0.0,,0.0,0.0,16.6,10.2,298.5,1011.9,55.1,26.7,46.2,3.9,3,,2023-11-26T07:46:28,2023-11-26T16:00:33,0.47,Partially cloudy,Partly cloudy throughout the day.,partly-cloudy-day,"00427,03987,00403,E2835,00433,00400"
Berlin,2023-11-27,35.4,28.2,32.0,30.3,21.4,26.4,29.6,90.8,0.035,100,33.33,"rain,snow",0.4,0.1,22.6,13.4,103.9,1006.0,92.6,11.0,13.0,1.0,1,,2023-11-27T07:48:03,2023-11-27T15:59:37,0.5,"Snow, Rain, Overcast",Cloudy skies throughout the day with rain or snow.,snow,"00427,03987,00403,E2835,00433,00400"
Berlin,2023-11-28,31.3,24.2,29.0,24.5,16.7,20.9,25.5,86.7,0.059,100,37.5,"rain,snow",0.6,0.8,23.0,13.7,36.9,1001.3,70.9,14.0,32.3,2.8,1,,2023-11-28T07:49:37,2023-11-28T15:58:44,0.53,"Snow, Rain, Partially cloudy",Partly cloudy throughout the day with rain or snow clearing later.,snow,"00427,03987,00403,E2835,00433,00400"
Berlin,2023-11-29,33.4,25.4,29.6,25.2,16.7,21.1,27.1,90.2,0.09,100,62.5,"rain,snow",1.0,1.5,23.3,12.3,202.6,1002.1,97.0,10.0,13.0,1.1,1,,2023-11-29T07:51:09,2023-11-29T15:57:55,0.57,"Snow, Rain, Overcast",Cloudy skies throughout the day with rain or snow.,snow,"00427,03987,00403,E2835,00433,00400"
Berlin,2023-11-30,32.8,20.9,27.0,32.8,18.4,23.5,24.0,88.8,0.001,100,4.17,"rain,snow",0.0,2.1,20.4,12.6,234.8,1003.9,38.8,12.7,33.8,2.9,3,,2023-11-30T07:52:39,2023-11-30T15:57:08,0.6,"Snow, Rain, Partially cloudy",Partly cloudy throughout the day with early morning snow or rain.,rain,"00427,03987,00403,E2835,00433,00400"
Berlin,2023-12-01,27.1,19.2,22.8,26.0,13.9,18.3,20.5,91.1,0.0,0,0.0,,0.0,1.7,8.5,6.9,342.1,1006.9,65.6,9.1,40.9,3.5,3,,2023-12-01T07:54:08,2023-12-01T15:56:25,0.63,Partially cloudy,Partly cloudy throughout the day.,partly-cloudy-day,"00427,03987,00403,E2835,00433,00400"
Berlin,2023-12-02,28.8,19.3,23.5,20.5,12.4,15.8,21.7,92.8,0.0,0,0.0,,0.0,1.5,14.1,10.8,299.3,1011.3,94.6,6.3,17.0,1.4,1,,2023-12-02T07:55:34,2023-12-02T15:55:45,0.66,Overcast,Cloudy skies throughout the day.,cloudy,"00427,03987,00403,E2835,00433,00400"
Berlin,2023-12-03,29.1,25.5,27.9,23.6,18.8,20.6,25.0,88.9,0.004,100,8.33,"rain,snow",0.0,1.7,14.5,10.1,269.9,1020.6,53.3,10.9,25.5,2.1,2,,2023-12-03T07:56:59,2023-12-03T15:55:08,0.69,"Snow, Rain, Partially cloudy",Partly cloudy throughout the day with morning rain or snow.,snow,"00427,03987,00403,E2835,00433,00400"
Berlin,2023-12-04,30.2,21.9,26.7,22.5,14.8,18.9,23.1,86.3,0.0,0,0.0,,0.0,1.6,18.8,10.6,133.3,1017.9,90.7,11.0,22.4,1.8,1,,2023-12-04T07:58:21,2023-12-04T15:54:34,0.73,Overcast,Cloudy skies throughout the day.,cloudy,"00427,03987,00403,E2835,00433,00400"
Berlin,2023-12-05,31.9,26.3,29.5,23.3,16.9,20.5,25.6,85.4,0.007,100,8.33,"rain,snow",0.2,1.6,20.8,12.2,113.6,1010.2,99.0,8.3,18.8,1.5,1,,2023-12-05T07:59:42,2023-12-05T15:54:04,0.75,"Snow, Rain, Overcast",Cloudy skies throughout the day with rain or snow.,snow,"00427,03987,00403,E2835,00433,00400"
Berlin,2023-12-06,34.4,31.6,33.0,31.4,23.7,27.4,32.0,95.8,0.126,100,66.67,"rain,snow",0.9,1.8,15.2,9.1,132.5,1012.4,97.8,2.4,8.3,0.7,1,,2023-12-06T08:00:59,2023-12-06T15:53:37,0.79,"Snow, Rain, Overcast",Cloudy skies throughout the day with a chance of rain or snow throughout the day.,snow,"00427,03987,00403,E2835,00433,00400"
Berlin,2023-12-07,35.0,33.3,34.1,34.6,28.2,30.7,33.0,95.7,0.0,0,0.0,,0.0,1.2,8.3,6.6,226.6,1019.7,97.2,3.8,10.6,0.8,1,,2023-12-07T08:02:15,2023-12-07T15:53:13,0.82,Overcast,Cloudy skies throughout the day.,cloudy,"00427,03987,00403,E2835,00433,00400"
Berlin,2023-12-08,34.2,33.2,33.8,28.9,24.7,26.8,31.9,93.0,0.014,100,16.67,"rain,snow",0.1,0.5,23.0,11.5,125.5,1014.5,99.3,5.6,18.7,1.7,1,,2023-12-08T08:03:28,2023-12-08T15:52:54,0.85,"Snow, Rain, Overcast",Cloudy skies throughout the day with rain or snow.,snow,"00427,03987,00403,E2835,00433,00400"
Berlin,2023-12-09,41.5,33.9,37.1,37.2,28.6,32.0,35.6,94.1,0.022,100,8.33,rain,0.0,0.3,21.9,12.0,160.4,1010.1,89.3,7.5,16.8,1.5,1,,2023-12-09T08:04:39,2023-12-09T15:52:37,0.89,"Rain, Partially cloudy",Partly cloudy throughout the day with late afternoon rain.,rain,"00427,03987,00403,E2835,00433,00400"
Berlin,2023-12-10,45.4,36.2,41.6,40.5,29.6,35.9,39.6,92.5,0.257,100,66.67,rain,0.0,0.0,29.3,13.7,197.5,1002.4,97.2,12.5,13.8,1.2,1,,2023-12-10T08:05:47,2023-12-10T15:52:24,0.92,"Rain, Overcast",Cloudy skies throughout the day with a chance of rain throughout the day.,rain,"00427,03987,00403,E2835,00433,00400"
Berlin,2023-12-11,48.3,42.7,46.2,44.2,37.0,41.2,43.9,92.0,0.749,100,83.33,rain,0.0,0.0,33.6,16.0,231.2,998.0,94.6,13.1,14.7,1.3,1,,2023-12-11T08:06:52,2023-12-11T15:52:15,0.95,"Rain, Overcast",Cloudy skies throughout the day with a chance of rain throughout the day.,rain,"00427,03987,00403,E2835,00433,00400"
Berlin,2023-12-12,46.0,38.4,42.9,43.2,33.6,38.9,41.0,93.1,0.079,100,33.33,rain,0.0,0.0,28.9,14.4,250.3,1006.1,95.5,16.7,30.8,2.7,3,,2023-12-12T08:07:54,2023-12-12T15:52:09,0.98,"Rain, Overcast",Cloudy skies throughout the day with rain clearing later.,rain,"00427,03987,00403,E2835,00433,00400"
Berlin,2023-12-13,41.6,37.8,40.2,38.2,31.8,35.3,39.6,97.6,0.364,100,58.33,rain,0.0,0.0,18.3,8.9,86.3,1000.7,97.7,3.5,9.9,0.8,1,,2023-12-13T08:08:54,2023-12-13T15:52:06,0.0,"Rain, Overcast",Cloudy skies throughout the day with a chance of rain throughout the day.,rain,"00427,03987,00403,E2835,00433,00400"
Berlin,2023-12-14,39.4,36.3,37.8,36.6,31.0,33.2,35.9,93.0,0.014,100,16.67,rain,0.0,0.0,13.0,9.6,31.5,1014.4,98.5,11.0,5.3,0.5,0,,2023-12-14T08:09:50,2023-12-14T15:52:08,0.05,"Rain, Overcast",Cloudy skies throughout the day with rain clearing later.,rain,"00427,03987,00403,E2835,00433,00400"
Berlin,2023-12-15,43.6,33.3,38.0,39.0,28.1,33.6,36.6,94.9,0.006,100,16.67,rain,0.0,0.0,19.5,7.9,247.2,1030.6,91.4,6.2,10.0,0.9,1,,2023-12-15T08:10:44,2023-12-15T15:52:12,0.09,"Rain, Overcast",Cloudy skies throughout the day with rain.,rain,"00427,03987,00403,E2835,00433,00400"
Berlin,2023-12-16,47.3,43.2,45.6,42.4,37.9,40.3,40.9,83.9,0.001,100,4.17,rain,0.0,0.0,24.6,13.4,253.8,1035.0,82.8,15.1,27.1,2.4,2,,2023-12-16T08:11:35,2023-12-16T15:52:21,0.12,"Rain, Partially cloudy",Partly cloudy throughout the day with early morning rain.,rain,"00427,03987,00403,E2835,00433,00400"
Berlin,2023-12-17,49.6,40.8,46.6,45.1,36.0,41.8,42.0,84.0,0.0,0,0.0,,0.0,0.0,26.2,14.7,241.4,1032.4,74.9,21.3,20.3,1.8,1,,2023-12-17T08:12:22,2023-12-17T15:52:33,0.16,Partially cloudy,Partly cloudy throughout the day.,partly-cloudy-day,"00427,03987,00403,E2835,00433,00400"
Berlin,2023-12-18,45.6,39.9,43.3,40.9,34.6,37.8,38.7,83.9,0.0,0,0.0,,0.0,0.0,25.9,14.3,247.3,1027.7,69.3,21.9,15.3,1.5,1,,2023-12-18T08:13:06,2023-12-18T15:52:48,0.2,Partially cloudy,Partly cloudy throughout the day.,partly-cloudy-day,"00427,03987,00403,E2835,00433,00400"
Berlin,2023-12-19,44.4,40.9,43.2,40.0,35.7,38.0,39.3,86.4,0.2,100,54.17,rain,0.0,0.0,22.8,12.7,227.0,1016.8,99.7,12.1,6.8,0.6,1,,2023-12-19T08:13:47,2023-12-19T15:53:07,0.25,"Rain, Overcast",Cloudy skies throughout the day with rain.,rain,"00427,03987,00403,E2835,00433,00400"
Berlin,2023-12-20,43.7,40.0,42.0,39.0,32.2,35.5,38.9,88.8,0.192,100,50.0,rain,0.0,0.0,42.5,16.2,248.6,1007.6,87.7,19.1,10.9,0.9,1,,2023-12-20T08:14:25,2023-12-20T15:53:30,0.27,"Rain, Partially cloudy",Partly cloudy throughout the day with rain.,rain,"00427,03987,00403,E2835,00433,00400"
Berlin,2023-12-21,49.0,39.3,44.7,41.8,31.9,37.5,41.8,89.7,0.557,100,83.33,rain,0.0,0.0,49.9,23.1,248.0,989.5,84.7,13.5,5.8,0.5,0,,2023-12-21T08:14:59,2023-12-21T15:53:56,0.3,"Rain, Partially cloudy",Partly cloudy throughout the day with a chance of rain throughout the day.,rain,"00427,03987,00403,E2835,00433,00400"
Berlin,2023-12-22,41.2,32.5,38.8,31.3,21.6,28.7,31.8,76.1,0.117,100,16.67,"rain,snow",0.0,0.0,53.9,26.9,277.5,989.4,58.9,23.7,41.3,3.7,3,,2023-12-22T08:15:30,2023-12-22T15:54:26,0.34,"Snow, Rain, Partially cloudy",Partly cloudy throughout the day with rain or snow.,rain,"00427,03987,00403,E2835,00433,00400"
Berlin,2023-12-23,36.6,32.9,35.1,29.7,22.1,26.5,32.3,89.2,0.154,100,54.17,"rain,snow",0.0,0.2,42.9,20.8,276.4,999.8,89.7,18.1,7.5,0.6,0,,2023-12-23T08:15:58,2023-12-23T15:54:59,0.37,"Snow, Rain, Partially cloudy",Partly cloudy throughout the day with a chance of rain or snow throughout the day.,rain,"00427,03987,00403,E2835,00433,00400"
Berlin,2023-12-24,52.6,32.6,43.7,52.6,26.6,39.4,42.8,96.5,0.501,100,95.83,"rain,snow",0.1,0.1,48.3,18.8,230.8,999.3,100.0,5.4,7.6,0.7,1,,2023-12-24T08:16:22,2023-12-24T15:55:36,0.41,"Snow, Rain, Overcast",Cloudy skies throughout the day with a chance of rain or snow throughout the day.,snow,"00427,03987,00403,E2835,00433,00400"
Berlin,2023-12-25,52.0,48.2,50.3,52.0,42.8,47.9,44.5,80.8,0.395,100,41.67,rain,0.0,0.0,51.9,24.1,267.4,1001.2,90.3,21.5,21.5,1.8,1,,2023-12-25T08:16:42,2023-12-25T15:56:16,0.44,"Rain, Overcast",Cloudy skies throughout the day with rain.,rain,"00427,03987,00403,E2835,00433,00400"
Berlin,2023-12-26,49.1,41.9,47.5,46.5,34.1,41.8,42.2,82.6,0.665,100,50.0,rain,0.0,0.0,40.7,22.7,263.6,1007.0,66.2,18.4,32.1,2.8,3,,2023-12-26T08:16:59,2023-12-26T15:56:59,0.48,"Rain, Partially cloudy",Clearing in the afternoon with rain.,rain,"00427,03987,00403,E2835,00433,00400"
Berlin,2023-12-27,41.8,37.5,39.5,37.6,30.7,33.8,34.6,82.5,0.0,0,0.0,,0.0,0.0,26.2,14.6,223.8,1019.6,56.3,26.9,33.0,2.9,2,,2023-12-27T08:17:13,2023-12-27T15:57:46,0.5,Partially cloudy,Becoming cloudy in the afternoon.,partly-cloudy-day,"00427,03987,00403,E2835,00433,00400"
Berlin,2023-12-28,51.1,39.3,46.9,51.1,33.0,42.3,38.2,72.0,0.004,100,8.33,rain,0.0,0.0,28.2,15.6,216.3,1011.5,84.7,30.3,33.7,2.9,2,,2023-12-28T08:17:23,2023-12-28T15:58:35,0.55,"Rain, Partially cloudy",Partly cloudy throughout the day with rain clearing later.,rain,"00427,03987,00403,E2835,00433,00400"
Berlin,2023-12-29,52.0,46.5,49.2,52.0,40.7,46.0,40.8,73.0,0.038,100,16.67,rain,0.0,0.0,32.7,16.8,224.2,1007.1,89.8,24.8,29.0,2.7,3,,2023-12-29T08:17:29,2023-12-29T15:59:28,0.58,"Rain, Partially cloudy",Partly cloudy throughout the day with rain.,rain,"00427,03987,00403,E2835,00433,00400"
Berlin,2023-12-30,48.4,40.0,43.9,43.1,36.1,38.7,38.4,81.0,0.119,100,16.67,rain,0.0,0.0,34.9,16.1,240.6,1010.3,66.4,26.1,18.4,1.5,1,,2023-12-30T08:17:32,2023-12-30T16:00:24,0.61,"Rain, Partially cloudy",Partly cloudy throughout the day with early morning rain.,rain,"00427,03987,00403,E2835,00433,00400"
Berlin,2023-12-31,45.0,37.5,41.6,40.2,31.6,36.4,37.6,85.9,0.032,100,12.5,rain,0.0,0.0,19.7,10.5,162.3,1007.7,97.3,24.8,25.3,2.1,1,,2023-12-31T08:17:32,2023-12-31T16:01:24,0.64,"Rain, Overcast",Cloudy skies throughout the day with late afternoon rain.,rain,"00427,03987,00403,remote,E2835,00433,00400"
Berlin,2024-01-01,46.7,41.0,43.6,42.7,36.5,39.0,38.4,82.2,0.035,100,25.0,rain,0.0,0.0,23.7,9.9,210.6,1005.2,84.2,19.5,18.3,1.5,1,,2024-01-01T08:17:28,2024-01-01T16:02:26,0.68,"Rain, Partially cloudy",Partly cloudy throughout the day with rain.,rain,"00427,03987,remote,00403,E2835,00433,00400"
Berlin,2024-01-02,44.7,37.1,40.8,40.8,31.2,35.4,39.0,93.2,0.282,100,54.17,rain,0.0,0.0,21.7,10.5,156.9,999.8,98.5,14.6,8.3,0.8,0,,2024-01-02T08:17:20,2024-01-02T16:03:31,0.71,"Rain, Overcast",Cloudy skies throughout the day with rain.,rain,"00427,03987,00403,E2835,00433,00400"
Berlin,2024-01-03,52.2,45.7,49.3,52.2,41.9,46.0,43.7,81.3,0.203,100,29.17,rain,0.0,0.0,34.2,15.2,219.7,989.7,82.3,21.9,21.0,1.8,2,,2024-01-03T08:17:09,2024-01-03T16:04:39,0.74,"Rain, Partially cloudy",Partly cloudy throughout the day with a chance of rain throughout the day.,rain,"00427,03987,00403,E2835,00433,00400"
Berlin,2024-01-04,48.4,32.4,40.2,43.9,25.1,33.5,35.9,84.7,0.143,100,45.83,"rain,snow",0.0,0.0,35.3,20.5,273.1,997.3,92.9,20.1,9.9,0.9,1,,2024-01-04T08:16:54,2024-01-04T16:05:49,0.75,"Snow, Rain, Overcast",Cloudy skies throughout the day with a chance of rain or snow throughout the day.,rain,"00427,03987,00403,E2835,00433,00400"
Berlin,2024-01-05,33.5,31.7,32.9,32.8,22.7,25.9,31.0,93.0,0.181,100,45.83,"rain,snow",2.4,0.2,25.9,12.8,95.8,1005.9,99.3,11.3,6.4,0.6,0,,2024-01-05T08:16:36,2024-01-05T16:07:03,0.8,"Snow, Rain, Overcast",Cloudy skies throughout the day with rain or snow.,snow,"00427,03987,00403,E2835,00433,00400"
Berlin,2024-01-06,33.5,29.6,31.6,27.1,19.3,22.6,29.3,91.1,0.001,100,4.17,"rain,snow",0.1,0.0,21.9,15.3,75.6,1011.1,99.6,6.9,4.8,0.4,0,,2024-01-06T08:16:15,2024-01-06T16:08:19,0.84,"Snow, Rain, Overcast",Cloudy skies throughout the day with late afternoon rain or snow.,snow,"00427,03987,00403,E2835,00433,00400"
Berlin,2024-01-07,31.0,20.9,28.2,24.2,8.2,18.3,20.5,72.5,0.0,0,0.0,"rain,snow",0.1,0.0,22.6,20.2,42.2,1022.9,88.0,22.7,10.0,0.9,1,,2024-01-07T08:15:50,2024-01-07T16:09:37,0.87,Partially cloudy,Partly cloudy throughout the day.,partly-cloudy-day,"00427,03987,00403,E2835,00433,00400"
Berlin,2024-01-08,24.1,17.5,19.8,14.1,3.5,8.1,11.3,69.7,0.0,0,0.0,,0.0,0.0,22.8,15.1,49.7,1033.4,3.0,26.9,55.0,4.8,3,,2024-01-08T08:15:21,2024-01-08T16:10:58,0.9,Clear,Clear conditions throughout the day.,clear-day,"00427,03987,00403,E2835,00433,00400"
Berlin,2024-01-09,25.1,12.6,18.1,18.8,3.5,9.5,11.3,74.9,0.0,0,0.0,,0.0,0.0,11.2,7.9,75.2,1038.0,0.1,18.0,56.0,4.8,3,,2024-01-09T08:14:50,2024-01-09T16:12:21,0.93,Clear,Clear conditions throughout the day.,clear-day,"00427,03987,00403,E2835,00433,00400"
Berlin,2024-01-10,30.0,15.0,20.5,25.8,5.6,14.8,13.0,73.6,0.0,0,0.0,,0.0,0.0,12.3,6.9,73.2,1034.2,0.3,9.4,57.3,4.8,3,,2024-01-10T08:14:15,2024-01-10T16:13:47,0.97,Clear,Clear conditions throughout the day.,clear-day,"00427,03987,00403,E2835,00433,00400"
Berlin,2024-01-11,32.7,17.9,25.7,28.0,9.2,18.6,24.5,95.0,0.0,0,0.0,,0.0,0.0,18.8,8.6,288.1,1030.5,78.1,4.2,9.8,0.7,1,,2024-01-11T08:13:37,2024-01-11T16:15:14,0.0,Partially cloudy,Partly cloudy throughout the day.,partly-cloudy-day,"00427,03987,00403,E2835,00433,00400"
Berlin,2024-01-12,34.0,30.3,31.9,28.5,22.2,25.0,31.0,96.3,0.001,100,4.17,"rain,snow",0.0,0.0,20.1,10.4,272.3,1028.4,96.6,4.5,6.2,0.5,0,,2024-01-12T08:12:55,2024-01-12T16:16:44,0.03,"Snow, Rain, Overcast",Cloudy skies throughout the day with early morning snow or rain.,rain,"00427,03987,00403,E2835,00433,00400"
Berlin,2024-01-13,37.4,34.2,35.7,28.3,26.0,27.2,33.8,92.6,0.043,100,66.67,"rain,snow",0.0,0.0,31.5,17.0,258.7,1015.7,99.8,9.9,12.8,1.1,1,,2024-01-13T08:12:11,2024-01-13T16:18:15,0.07,"Snow, Rain, Overcast",Cloudy skies throughout the day with a chance of rain or snow throughout the day.,rain,"00427,03987,00403,E2835,00433,00400"
Berlin,2024-01-14,37.8,35.5,36.6,30.5,26.5,28.0,33.4,88.2,0.086,100,41.67,"rain,snow",0.0,0.0,31.1,16.2,260.5,1002.6,86.6,19.3,24.0,2.2,2,,2024-01-14T08:11:23,2024-01-14T16:19:49,0.1,"Snow, Rain, Partially cloudy",Partly cloudy throughout the day with rain or snow.,rain,"00427,03987,00403,E2835,00433,00400"
Berlin,2024-01-15,36.9,31.5,34.7,27.2,22.8,25.4,30.0,82.6,0.016,100,16.67,"rain,snow",0.1,0.0,35.8,20.4,263.8,994.0,89.0,20.9,17.4,1.5,1,,2024-01-15T08:10:32,2024-01-15T16:21:24,0.14,"Snow, Rain, Partially cloudy",Partly cloudy throughout the day with rain or snow.,snow,"00427,03987,00403,E2835,00433,00400"
Berlin,2024-01-16,33.5,26.3,30.4,29.6,19.6,24.6,27.2,87.6,0.121,100,37.5,"rain,snow",2.1,1.4,21.7,10.2,246.2,1004.9,82.1,16.3,15.3,1.2,1,,2024-01-16T08:09:38,2024-01-16T16:23:01,0.17,"Snow, Rain, Partially cloudy",Partly cloudy throughout the day with rain or snow.,snow,"00427,03987,00403,E2835,00433,00400"
Berlin,2024-01-17,31.0,23.3,27.8,29.4,14.2,21.0,23.6,84.3,0.032,100,12.5,"rain,snow",0.9,1.5,16.6,9.1,165.4,996.6,67.4,17.2,37.9,3.2,3,,2024-01-17T08:08:41,2024-01-17T16:24:40,0.21,"Snow, Rain, Partially cloudy",Partly cloudy throughout the day with late afternoon rain or snow.,snow,"00427,03987,00403,E2835,00433,00400"
Berlin,2024-01-18,30.0,25.0,28.3,24.8,17.8,21.6,24.8,86.5,0.0,0,0.0,"rain,snow",0.0,1.6,12.5,9.2,287.9,996.9,64.2,10.1,20.4,2.0,1,,2024-01-18T08:07:42,2024-01-18T16:26:20,0.25,Partially cloudy,Partly cloudy throughout the day.,partly-cloudy-day,"00427,03987,00403,E2835,00433,00400"
Berlin,2024-01-19,35.4,23.1,30.4,27.0,14.1,21.5,24.7,79.6,0.0,0,0.0,,0.0,1.4,26.4,15.5,246.5,1014.3,21.3,21.4,61.6,5.4,3,,2024-01-19T08:06:39,2024-01-19T16:28:01,0.28,Partially cloudy,Partly cloudy throughout the day.,partly-cloudy-day,"00427,03987,00403,E2835,00433,00400"
Berlin,2024-01-20,37.9,28.1,33.3,29.9,20.7,24.6,26.6,76.3,0.0,0,0.0,,0.0,1.3,28.0,17.4,245.8,1025.2,36.0,21.5,42.8,3.8,3,,2024-01-20T08:05:34,2024-01-20T16:29:44,0.31,Partially cloudy,Partly cloudy throughout the day.,partly-cloudy-day,"00427,03987,00403,E2835,00433,00400"
Berlin,2024-01-21,37.4,23.6,31.0,29.6,15.0,23.2,18.8,61.8,0.0,0,0.0,,0.0,1.1,25.9,14.6,188.0,1025.5,79.3,25.0,34.9,3.1,2,,2024-01-21T08:04:26,2024-01-21T16:31:28,0.35,Partially cloudy,Partly cloudy throughout the day.,partly-cloudy-day,"00427,03987,00403,E2835,00433,00400"
Berlin,2024-01-22,49.9,36.8,43.9,44.1,28.9,37.1,36.9,76.5,0.092,100,29.17,rain,0.0,0.5,38.3,18.1,213.0,1010.8,87.8,24.6,21.6,1.8,1,,2024-01-22T08:03:15,2024-01-22T16:33:13,0.38,"Rain, Partially cloudy",Partly cloudy throughout the day with rain.,rain,"00427,03987,00403,E2835,00433,00400"
Berlin,2024-01-23,46.3,39.6,42.9,39.8,33.5,36.4,36.1,76.8,0.027,100,12.5,rain,0.0,0.0,33.3,20.2,244.1,1017.9,59.0,23.7,30.4,2.6,2,,2024-01-23T08:02:01,2024-01-23T16:35:00,0.42,"Rain, Partially cloudy",Partly cloudy throughout the day with rain clearing later.,rain,"00427,03987,00403,E2835,00433,00400"
Berlin,2024-01-24,52.2,40.3,47.9,52.2,33.3,43.2,41.6,79.4,0.343,100,54.17,rain,0.0,0.0,52.3,27.3,254.3,1010.8,72.2,17.6,33.0,2.8,2,,2024-01-24T08:00:45,2024-01-24T16:36:47,0.45,"Rain, Partially cloudy",Partly cloudy throughout the day with rain.,rain,"00427,03987,00403,E2835,00433,00400"
Berlin,2024-01-25,47.5,40.5,45.6,40.0,34.7,38.1,36.6,71.0,0.0,0,0.0,,0.0,0.0,42.5,27.3,286.2,1021.0,63.9,21.8,20.7,1.6,1,,2024-01-25T07:59:27,2024-01-25T16:38:35,0.5,Partially cloudy,Partly cloudy throughout the day.,partly-cloudy-day,"00427,03987,00403,E2835,00433,00400"
Berlin,2024-01-26,48.3,34.1,41.0,43.1,29.7,35.3,37.3,87.0,0.153,100,20.83,rain,0.0,0.0,37.6,24.7,250.2,1021.0,70.4,14.9,18.6,1.6,1,,2024-01-26T07:58:06,2024-01-26T16:40:25,0.52,"Rain, Partially cloudy",Partly cloudy throughout the day with rain.,rain,"00427,03987,00403,E2835,00433,00400"
Berlin,2024-01-27,44.4,38.0,41.2,39.5,30.9,34.3,34.6,77.0,0.0,0,0.0,,0.0,0.0,32.2,19.3,279.8,1031.1,46.0,20.9,34.6,2.9,2,,2024-01-27T07:56:42,2024-01-27T16:42:15,0.56,Partially cloudy,Partly cloudy throughout the day.,partly-cloudy-day,"00427,03987,00403,E2835,00433,00400"
Berlin,2024-01-28,46.1,29.3,36.8,42.1,24.3,32.0,31.0,80.6,0.0,0,0.0,,0.0,0.0,14.8,9.7,166.4,1035.1,9.9,21.6,75.1,6.4,4,,2024-01-28T07:55:17,2024-01-28T16:44:05,0.59,Clear,Clear conditions throughout the day.,clear-day,"00427,03987,00403,E2835,00433,00400"
Berlin,2024-01-29,49.3,32.2,38.8,45.9,24.4,33.5,27.9,66.7,0.0,0,0.0,,0.0,0.0,17.4,10.4,163.7,1030.0,49.9,26.6,62.0,5.2,4,,2024-01-29T07:53:49,2024-01-29T16:45:57,0.62,Partially cloudy,Partly cloudy throughout the day.,partly-cloudy-day,"00427,03987,00403,E2835,00433,00400"
Berlin,2024-01-30,46.8,33.5,40.6,43.6,28.8,36.4,31.7,70.9,0.0,0,0.0,,0.0,0.0,16.1,9.0,189.8,1028.6,93.6,25.1,38.9,3.3,2,,2024-01-30T07:52:18,2024-01-30T16:47:49,0.65,Overcast,Cloudy skies throughout the day.,cloudy,"00427,03987,00403,E2835,00433,00400"
Berlin,2024-01-31,47.5,40.3,42.8,43.0,33.5,36.6,35.3,74.6,0.0,0,0.0,,0.0,0.0,23.0,15.9,258.7,1029.4,93.3,24.7,21.8,1.8,1,,2024-01-31T07:50:46,2024-01-31T16:49:41,0.69,Overcast,Cloudy skies throughout the day.,cloudy,"00427,03987,00403,E2835,00433,00400"
Berlin,2024-02-01,46.4,40.1,43.3,39.0,32.7,36.4,35.3,73.7,0.061,100,12.5,rain,0.0,0.0,33.1,21.0,268.7,1023.0,71.8,20.0,66.0,5.7,4,,2024-02-01T07:49:11,2024-02-01T16:51:34,0.72,"Rain, Partially cloudy",Partly cloudy throughout the day with rain clearing later.,rain,"00427,03987,00403,E2835,00433,00400"
Berlin,2024-02-02,47.1,40.0,43.2,40.6,32.7,36.5,36.9,78.7,0.001,100,4.17,rain,0.0,0.0,30.6,18.2,256.2,1023.1,96.1,17.9,30.7,2.7,2,,2024-02-02T07:47:35,2024-02-02T16:53:27,0.75,"Rain, Overcast",Cloudy skies throughout the day with afternoon rain.,rain,"00427,03987,00403,E2835,00433,00400"
Berlin,2024-02-03,51.4,46.6,49.2,51.4,40.2,45.7,45.8,87.9,0.104,100,41.67,rain,0.0,0.0,39.6,18.5,263.6,1017.7,93.7,14.0,18.3,1.5,1,,2024-02-03T07:45:56,2024-02-03T16:55:21,0.75,"Rain, Overcast",Cloudy skies throughout the day with rain.,rain,"00427,03987,00403,E2835,00433,00400"
Berlin,2024-02-04,47.3,42.9,45.5,41.2,36.3,39.0,38.9,78.1,0.057,100,8.33,rain,0.0,0.0,38.0,20.2,266.8,1014.7,92.8,22.1,34.9,3.0,2,,2024-02-04T07:44:16,2024-02-04T16:57:15,0.82,"Rain, Overcast",Cloudy skies throughout the day with late afternoon rain.,rain,"00427,03987,00403,E2835,00433,00400"
Berlin,2024-02-05,50.6,44.1,49.5,50.6,38.8,46.3,44.8,84.3,0.502,100,54.17,rain,0.0,0.0,41.8,24.1,266.6,1009.4,98.1,12.3,10.1,0.9,0,,2024-02-05T07:42:33,2024-02-05T16:59:09,0.85,"Rain, Overcast",Cloudy skies throughout the day with a chance of rain throughout the day.,rain,"00427,03987,00403,E2835,00433,00400"
Berlin,2024-02-06,52.9,47.9,50.6,52.9,41.0,47.8,42.1,72.8,0.019,100,4.17,rain,0.0,0.0,43.4,20.6,247.5,1004.8,100.0,21.4,19.7,1.7,1,,2024-02-06T07:40:49,2024-02-06T17:01:03,0.88,"Rain, Overcast",Cloudy skies throughout the day with late afternoon rain.,rain,"00427,03987,00403,E2835,00433,00400"
Berlin,2024-02-07,49.3,34.1,40.5,43.2,29.5,33.6,33.9,78.0,0.367,100,37.5,rain,0.0,0.0,42.3,19.2,270.9,1001.5,92.7,20.7,36.5,3.2,2,,2024-02-07T07:39:03,2024-02-07T17:02:57,0.92,"Rain, Overcast",Cloudy skies throughout the day with rain clearing later.,rain,"00427,03987,00403,E2835,00433,00400"
Berlin,2024-02-08,38.9,29.6,33.7,38.8,25.6,30.2,31.7,92.4,0.066,100,20.83,"rain,snow",0.0,0.0,12.8,9.6,131.9,1002.4,98.8,11.2,32.0,2.7,2,,2024-02-08T07:37:15,2024-02-08T17:04:52,0.95,"Snow, Rain, Overcast",Cloudy skies throughout the day with late afternoon rain or snow.,rain,"00427,03987,00403,E2835,00433,00400"
Berlin,2024-02-09,45.3,33.1,37.8,42.9,24.7,31.8,37.1,97.1,0.327,100,66.67,"rain,snow",0.4,0.0,23.5,13.4,105.2,992.4,100.0,6.9,14.4,1.3,1,,2024-02-09T07:35:26,2024-02-09T17:06:47,0.0,"Snow, Rain, Overcast",Cloudy skies throughout the day with a chance of rain or snow throughout the day.,snow,"00427,03987,00403,E2835,00433,00400"
Berlin,2024-02-10,56.4,44.4,49.2,56.4,42.2,47.4,47.4,93.7,0.13,100,25.0,rain,0.0,0.0,14.5,10.8,114.9,991.3,97.9,14.6,64.1,5.4,3,,2024-02-10T07:33:35,2024-02-10T17:08:41,0.02,"Rain, Overcast",Cloudy skies throughout the day with rain clearing later.,rain,"00427,03987,00403,E2835,00433,00400"
Berlin,2024-02-11,48.7,44.0,46.6,44.1,38.7,42.2,45.5,96.0,0.229,100,41.67,rain,0.0,0.0,19.7,13.9,57.3,991.0,99.8,4.0,12.3,1.1,1,,2024-02-11T07:31:42,2024-02-11T17:10:36,0.05,"Rain, Overcast",Cloudy skies throughout the day with rain.,rain,"00427,03987,00403,E2835,00433,00400"
Berlin,2024-02-12,48.4,41.0,45.0,42.5,35.7,39.7,42.0,89.6,0.183,100,66.67,rain,0.0,0.0,23.9,15.3,273.9,1000.0,84.1,14.5,34.7,2.8,4,,2024-02-12T07:29:48,2024-02-12T17:12:31,0.09,"Rain, Partially cloudy",Partly cloudy throughout the day with a chance of rain throughout the day.,rain,"00427,03987,00403,E2835,00433,00400"
Berlin,2024-02-13,47.8,37.6,42.2,42.9,33.1,37.1,36.2,80.2,0.0,0,0.0,,0.0,0.0,22.8,11.8,253.0,1016.0,62.9,22.0,84.8,7.3,6,,2024-02-13T07:27:52,2024-02-13T17:14:25,0.12,Partially cloudy,Partly cloudy throughout the day.,partly-cloudy-day,"00427,03987,00403,E2835,00433,00400"
Berlin,2024-02-14,49.8,35.7,42.7,46.3,30.4,38.3,39.8,89.6,0.115,100,33.33,rain,0.0,0.0,21.0,10.0,197.8,1017.8,99.5,19.3,25.2,2.3,1,,2024-02-14T07:25:55,2024-02-14T17:16:19,0.15,"Rain, Overcast",Cloudy skies throughout the day with rain.,rain,"00427,03987,00403,E2835,00433,00400"
Berlin,2024-02-15,56.2,48.1,51.9,56.2,44.9,50.7,49.6,92.0,0.048,100,29.17,rain,0.0,0.0,16.8,8.0,197.2,1017.5,99.7,19.6,29.0,2.4,2,,2024-02-15T07:23:57,2024-02-15T17:18:14,0.19,"Rain, Overcast",Cloudy skies throughout the day with rain clearing later.,rain,"00427,03987,00403,E2835,00433,00400"
Berlin,2024-02-16,60.2,47.6,53.5,60.2,43.1,52.1,47.6,81.4,0.078,100,16.67,rain,0.0,0.0,20.4,12.0,186.0,1014.8,78.5,19.4,51.2,4.6,2,,2024-02-16T07:21:57,2024-02-16T17:20:08,0.25,"Rain, Partially cloudy",Partly cloudy throughout the day with late afternoon rain.,rain,"00427,03987,00403,E2835,00433,00400"
Berlin,2024-02-17,54.0,43.7,48.4,54.0,38.9,45.5,41.9,78.6,0.024,100,8.33,rain,0.0,0.0,26.4,19.1,294.5,1026.4,93.0,25.5,47.4,4.0,3,,2024-02-17T07:19:56,2024-02-17T17:22:02,0.26,"Rain, Overcast",Cloudy skies throughout the day with early morning rain.,rain,"00427,03987,00403,E2835,00433,00400"
Berlin,2024-02-18,50.2,36.7,44.6,50.2,33.4,41.5,37.7,77.1,0.038,100,8.33,rain,0.0,0.0,20.1,11.7,161.7,1028.9,89.5,22.1,60.0,5.1,3,,2024-02-18T07:17:54,2024-02-18T17:23:56,0.29,"Rain, Partially cloudy",Partly cloudy throughout the day with late afternoon rain.,rain,"00427,03987,00403,E2835,00433,00400"
Berlin,2024-02-19,48.4,43.5,46.3,43.6,35.5,40.8,44.2,92.2,0.271,100,79.17,rain,0.0,0.0,31.1,20.4,272.1,1018.1,92.9,13.2,28.5,2.4,2,,2024-02-19T07:15:51,2024-02-19T17:25:49,0.33,"Rain, Overcast",Cloudy skies throughout the day with a chance of rain throughout the day.,rain,"00427,03987,00403,E2835,00433,00400"
Berlin,2024-02-20,48.1,44.5,46.8,44.2,38.6,42.0,42.0,83.7,0.026,100,37.5,rain,0.0,0.0,28.9,16.0,270.9,1022.1,89.1,16.8,40.4,3.5,2,,2024-02-20T07:13:46,2024-02-20T17:27:42,0.36,"Rain, Partially cloudy",Partly cloudy throughout the day with a chance of rain throughout the day.,rain,"00427,03987,00403,E2835,00433,00400"
Berlin,2024-02-21,52.0,44.6,47.4,52.0,39.3,43.9,41.7,80.8,0.061,100,12.5,rain,0.0,0.0,26.2,13.9,220.3,1015.6,99.0,20.8,63.8,5.6,5,,2024-02-21T07:11:40,2024-02-21T17:29:35,0.39,"Rain, Overcast",Cloudy skies throughout the day with rain clearing later.,rain,"00427,03987,00403,E2835,00433,00400"
Berlin,2024-02-22,53.0,46.5,49.5,53.0,42.1,47.3,44.2,82.5,0.189,100,37.5,rain,0.0,0.0,33.3,14.8,186.8,995.2,97.6,19.2,34.5,3.1,3,,2024-02-22T07:09:34,2024-02-22T17:31:28,0.43,"Rain, Overcast",Cloudy skies throughout the day with rain.,rain,"00427,03987,00403,E2835,00433,00400"
Berlin,2024-02-23,52.6,40.3,47.2,52.6,37.0,43.5,35.3,64.1,0.017,100,4.17,rain,0.0,0.0,35.1,18.9,217.0,994.7,82.1,29.9,75.3,6.5,4,,2024-02-23T07:07:26,2024-02-23T17:33:21,0.46,"Rain, Partially cloudy",Partly cloudy throughout the day with early morning rain.,rain,"00427,03987,00403,E2835,00433,00400"
Berlin,2024-02-24,51.3,34.5,42.5,51.3,30.3,38.8,33.4,71.4,0.0,0,0.0,,0.0,0.0,23.5,13.0,190.6,1002.8,42.3,24.5,90.7,7.8,6,,2024-02-24T07:05:17,2024-02-24T17:35:13,0.5,Partially cloudy,Becoming cloudy in the afternoon.,partly-cloudy-day,"00427,03987,00403,E2835,00433,00400"
Berlin,2024-02-25,53.8,35.1,42.5,53.8,29.1,40.0,32.7,70.4,0.001,100,4.17,rain,0.0,0.0,22.1,10.7,180.4,1006.4,27.7,28.2,95.5,8.4,5,,2024-02-25T07:03:07,2024-02-25T17:37:05,0.53,"Rain, Partially cloudy",Becoming cloudy in the afternoon with afternoon rain.,rain,"00427,03987,00403,E2835,00433,00400"
Berlin,2024-02-26,52.5,33.0,42.5,52.5,28.5,39.6,36.0,79.4,0.0,0,0.0,,0.0,0.0,17.9,12.3,49.7,1006.0,85.2,19.8,92.4,7.9,4,,2024-02-26T07:00:57,2024-02-26T17:38:57,0.57,Partially cloudy,Partly cloudy throughout the day.,partly-cloudy-day,"00427,03987,00403,E2835,00433,00400"
Berlin,2024-02-27,43.4,38.1,40.7,38.4,31.5,35.1,37.2,87.6,0.0,0,0.0,,0.0,0.0,18.6,11.6,358.6,1015.5,99.7,14.4,29.8,2.6,1,,2024-02-27T06:58:45,2024-02-27T17:40:48,0.6,Overcast,Cloudy skies throughout the day.,cloudy,"00427,03987,00403,E2835,00433,00400"
Berlin,2024-02-28,40.2,32.2,37.3,39.9,26.7,32.8,33.8,87.5,0.0,0,0.0,,0.0,0.0,14.5,9.3,307.1,1021.4,85.3,12.8,44.3,3.8,4,,2024-02-28T06:56:33,2024-02-28T17:42:39,0.63,Partially cloudy,Partly cloudy throughout the day.,partly-cloudy-day,"00427,03987,00403,E2835,00433,00400"
Berlin,2024-02-29,50.0,29.5,39.7,50.0,22.9,34.5,34.0,81.2,0.0,0,0.0,,0.0,0.0,18.1,12.1,139.4,1017.2,21.8,11.2,124.6,10.8,5,,2024-02-29T06:54:20,2024-02-29T17:44:30,0.67,Partially cloudy,Partly cloudy throughout the day.,partly-cloudy-day,"00427,03987,00403,E2835,00433,00400"
Berlin,2024-03-01,49.8,42.7,45.8,47.2,38.6,42.9,42.9,89.8,0.0,0,0.0,,0.0,0.0,14.3,9.1,145.6,1007.8,61.3,5.3,62.0,5.1,3,,2024-03-01T06:52:06,2024-03-01T17:46:21,0.7,Partially cloudy,Partly cloudy throughout the day.,partly-cloudy-day,"00427,03987,00403,E2835,00433,00400"
Berlin,2024-03-02,55.2,42.4,48.4,55.2,41.8,47.2,44.4,86.8,0.01,100,12.5,rain,0.0,0.0,12.1,7.4,133.7,1007.1,97.3,8.6,72.8,6.4,5,,2024-03-02T06:49:52,2024-03-02T17:48:11,0.73,"Rain, Overcast",Cloudy skies throughout the day with rain clearing later.,rain,"00427,03987,00403,E2835,00433,00400"
Berlin,2024-03-03,56.8,44.5,50.6,56.8,40.8,48.7,44.6,81.0,0.0,0,0.0,,0.0,0.0,21.0,11.3,93.0,1005.7,58.7,13.8,78.9,6.9,4,,2024-03-03T06:47:37,2024-03-03T17:50:01,0.75,Partially cloudy,Partly cloudy throughout the day.,partly-cloudy-day,"00427,03987,00403,E2835,00433,00400"
Berlin,2024-03-04,54.6,43.0,48.7,54.6,38.6,46.4,43.5,82.8,0.0,0,0.0,,0.0,0.0,17.7,9.9,70.8,1009.5,39.7,8.8,104.5,9.0,6,,2024-03-04T06:45:21,2024-03-04T17:51:51,0.8,Partially cloudy,Partly cloudy throughout the day.,partly-cloudy-day,"00427,03987,00403,E2835,00433,00400"
Berlin,2024-03-05,48.8,34.5,41.1,45.1,30.2,35.7,32.8,72.9,0.0,0,0.0,,0.0,0.0,19.5,13.4,66.4,1016.6,41.9,16.7,128.7,11.3,6,,2024-03-05T06:43:05,2024-03-05T17:53:40,0.83,Partially cloudy,Partly cloudy throughout the day.,partly-cloudy-day,"00427,03987,00403,E2835,00433,00400"
Berlin,2024-03-06,45.9,30.7,39.0,41.5,25.7,34.8,33.3,81.5,0.0,0,0.0,,0.0,0.0,13.4,10.3,48.1,1024.1,50.9,13.1,89.5,7.6,6,,2024-03-06T06:40:48,2024-03-06T17:55:29,0.87,Partially cloudy,Partly cloudy throughout the day.,partly-cloudy-day,"00427,03987,00403,E2835,00433,00400"
Berlin,2024-03-07,46.6,35.1,41.1,40.8,29.2,35.5,31.2,70.0,0.0,0,0.0,,0.0,0.0,21.3,13.2,71.2,1026.5,18.4,13.0,139.7,12.1,6,,2024-03-07T06:38:30,2024-03-07T17:57:18,0.9,Clear,Clear conditions throughout the day.,clear-day,"00427,03987,00403,E2835,00433,00400"
Berlin,2024-03-08,48.4,29.1,38.5,42.9,21.6,32.2,26.9,65.1,0.0,0,0.0,,0.0,0.0,21.7,14.1,91.7,1020.9,0.0,16.1,141.5,12.3,6,,2024-03-08T06:36:12,2024-03-08T17:59:07,0.94,Clear,Clear conditions throughout the day.,clear-day,"00427,03987,00403,E2835,00433,00400"
Berlin,2024-03-09,49.6,32.4,41.7,44.9,23.5,35.7,32.4,70.3,0.0,0,0.0,,0.0,0.0,27.5,12.9,102.2,1010.5,16.5,12.3,91.1,7.9,6,,2024-03-09T06:33:54,2024-03-09T18:00:55,0.97,Clear,Clear conditions throughout the day.,clear-day,"00427,03987,00403,E2835,00433,00400"
Berlin,2024-03-10,53.9,37.5,46.7,53.9,30.2,43.2,37.9,72.0,0.0,0,0.0,,0.0,0.0,30.0,15.4,89.8,1004.0,62.9,14.7,99.5,8.6,5,,2024-03-10T06:31:35,2024-03-10T18:02:43,0.0,Partially cloudy,Partly cloudy throughout the day.,partly-cloudy-day,"00427,03987,00403,E2835,00433,00400"
Berlin,2024-03-11,56.2,43.2,50.7,56.2,41.3,48.6,42.0,72.9,0.0,0,0.0,,0.0,0.0,24.4,13.5,128.4,1004.3,95.4,18.4,74.1,6.2,5,,2024-03-11T06:29:16,2024-03-11T18:04:31,0.04,Overcast,Cloudy skies throughout the day.,cloudy,"00427,03987,00403,E2835,00433,00400"
Berlin,2024-03-12,58.5,39.5,48.6,58.5,38.1,48.2,39.6,73.1,0.0,0,0.0,,0.0,0.0,16.6,11.5,270.3,1013.1,85.0,23.4,149.3,12.9,7,,2024-03-12T06:26:57,2024-03-12T18:06:19,0.07,Partially cloudy,Partly cloudy throughout the day.,partly-cloudy-day,"00427,03987,00403,E2835,00433,00400"
Berlin,2024-03-13,57.3,41.8,49.9,57.3,40.6,48.7,40.2,70.9,0.0,0,0.0,,0.0,0.0,16.3,8.9,220.7,1016.4,58.5,14.4,124.4,10.8,6,,2024-03-13T06:24:37,2024-03-13T18:08:06,0.1,Partially cloudy,Becoming cloudy in the afternoon.,partly-cloudy-day,"00427,03987,00403,E2835,00433,00400"
Berlin,2024-03-14,58.5,45.7,51.8,58.5,43.6,50.8,45.9,81.6,0.016,100,12.5,rain,0.0,0.0,18.1,9.4,200.1,1014.6,95.6,14.1,77.8,6.7,6,,2024-03-14T06:22:17,2024-03-14T18:09:53,0.14,"Rain, Overcast",Cloudy skies throughout the day with early morning rain.,rain,"00427,03987,00403,E2835,00433,00400"
Berlin,2024-03-15,65.2,45.3,54.3,65.2,42.3,53.1,46.6,76.9,0.0,0,0.0,,0.0,0.0,26.4,11.3,201.9,1009.7,76.9,19.8,116.9,10.2,6,,2024-03-15T06:19:56,2024-03-15T18:11:40,0.17,Partially cloudy,Partly cloudy throughout the day.,partly-cloudy-day,"00427,03987,00403,E2835,00433,00400"
Berlin,2024-03-16,55.6,41.5,49.6,55.6,35.4,47.0,42.3,76.1,0.058,100,20.83,rain,0.0,0.0,28.4,19.5,263.5,1013.7,38.9,22.3,72.5,6.4,7,,2024-03-16T06:17:35,2024-03-16T18:13:27,0.2,"Rain, Partially cloudy",Partly cloudy throughout the day with a chance of rain throughout the day.,rain,"00427,03987,00403,E2835,00433,00400"
Berlin,2024-03-17,47.2,35.2,40.7,42.2,27.8,34.8,30.7,68.5,0.0,0,0.0,,0.0,0.0,21.0,12.4,309.9,1023.5,33.2,24.9,167.6,14.6,8,,2024-03-17T06:15:15,2024-03-17T18:15:14,0.25,Partially cloudy,Partly cloudy throughout the day.,partly-cloudy-day,"00427,03987,00403,E2835,00433,00400"
Berlin,2024-03-18,45.2,28.5,36.3,42.0,21.4,30.3,25.9,67.6,0.0,0,0.0,,0.0,0.0,17.2,12.6,91.9,1021.9,61.5,28.7,156.6,13.6,6,,2024-03-18T06:12:54,2024-03-18T18:17:00,0.27,Partially cloudy,Partly cloudy throughout the day.,partly-cloudy-day,"00427,03987,00403,E2835,00433,00400"
Berlin,2024-03-19,49.9,28.1,39.3,48.3,21.4,34.7,26.5,62.2,0.0,0,0.0,,0.0,0.0,20.6,11.4,129.9,1022.8,49.0,24.9,160.9,13.8,6,,2024-03-19T06:10:32,2024-03-19T18:18:47,0.3,Partially cloudy,Becoming cloudy in the afternoon.,partly-cloudy-day,"00427,03987,00403,E2835,00433,00400"
Berlin,2024-03-20,63.5,38.0,50.7,63.5,34.4,49.2,34.8,55.9,0.0,0,0.0,,0.0,0.0,12.1,6.6,171.7,1020.5,88.2,23.9,152.8,13.3,5,,2024-03-20T06:08:11,2024-03-20T18:20:33,0.34,Partially cloudy,Partly cloudy throughout the day.,partly-cloudy-day,"00427,03987,00403,E2835,00433,00400"
Berlin,2024-03-21,57.9,45.1,51.0,57.9,40.1,49.8,45.2,81.1,0.347,100,33.33,rain,0.0,0.0,21.5,15.4,272.2,1019.4,96.4,15.8,79.5,6.9,6,,2024-03-21T06:05:50,2024-03-21T18:22:19,0.37,"Rain, Overcast",Cloudy skies throughout the day with a chance of rain throughout the day.,rain,"00427,03987,00403,E2835,00433,00400"
Berlin,2024-03-22,54.6,43.6,49.0,54.6,40.3,47.3,45.0,86.4,0.182,100,41.67,rain,0.0,0.0,22.4,10.3,227.7,1015.5,99.7,10.3,53.5,4.7,4,,2024-03-22T06:03:28,2024-03-22T18:24:05,0.41,"Rain, Overcast",Cloudy skies throughout the day with rain.,rain,"00427,03987,00403,E2835,00433,00400"
Berlin,2024-03-23,46.5,38.9,42.9,45.0,32.5,38.4,39.5,87.6,0.434,100,70.83,rain,0.0,0.0,21.5,14.0,278.2,1006.1,70.9,13.9,58.8,5.1,6,,2024-03-23T06:01:07,2024-03-23T18:25:50,0.44,"Rain, Partially cloudy",Partly cloudy throughout the day with a chance of rain throughout the day.,rain,"00427,03987,00403,E2835,00433,00400"
Berlin,2024-03-24,46.7,36.1,40.9,42.1,29.6,35.1,36.4,84.2,0.145,100,37.5,rain,0.0,0.0,32.0,12.1,218.0,1001.2,76.7,19.5,78.8,6.9,3,,2024-03-24T05:58:45,2024-03-24T18:27:36,0.47,"Rain, Partially cloudy",Partly cloudy throughout the day with rain.,rain,"00427,03987,00403,E2835,00433,00400"
Berlin,2024-03-25,48.6,37.9,43.1,44.0,34.1,38.1,38.4,84.2,0.176,100,54.17,rain,0.0,0.0,22.4,14.2,273.3,1003.5,79.8,20.0,82.8,7.3,4,,2024-03-25T05:56:24,2024-03-25T18:29:21,0.5,"Rain, Partially cloudy",Partly cloudy throughout the day with a chance of rain throughout the day.,rain,"00427,03987,00403,E2835,00433,00400"
Berlin,2024-03-26,56.7,33.9,45.8,56.7,27.3,42.9,34.1,67.0,0.0,0,0.0,,0.0,0.0,27.1,15.2,119.9,1000.3,65.1,27.9,173.7,15.0,7,,2024-03-26T05:54:03,2024-03-26T18:31:07,0.54,Partially cloudy,Partly cloudy throughout the day.,partly-cloudy-day,"00427,03987,00403,E2835,00433,00400"
Berlin,2024-03-27,64.6,41.4,53.1,64.6,36.6,51.5,38.2,58.4,0.0,0,0.0,,0.0,0.0,21.7,11.7,123.6,989.1,78.1,26.3,164.2,14.3,7,,2024-03-27T05:51:41,2024-03-27T18:32:52,0.57,Partially cloudy,Partly cloudy throughout the day.,partly-cloudy-day,"00427,03987,00403,E2835,00433,00400"
Berlin,2024-03-28,58.4,46.2,50.5,58.4,39.9,48.1,40.5,70.1,0.01,100,12.5,rain,0.0,0.0,33.8,20.7,216.8,988.6,80.8,22.5,106.5,9.2,7,,2024-03-28T05:49:20,2024-03-28T18:34:37,0.61,"Rain, Partially cloudy",Partly cloudy throughout the day with rain.,rain,"00427,03987,00403,E2835,00433,00400"
Berlin,2024-03-29,60.2,41.9,51.1,60.2,37.1,49.3,40.6,68.2,0.01,100,8.33,rain,0.0,0.0,27.5,13.9,190.3,1000.1,73.7,26.1,89.0,7.6,4,,2024-03-29T05:46:59,2024-03-29T18:36:23,0.64,"Rain, Partially cloudy",Partly cloudy throughout the day with rain.,rain,"00427,03987,00403,E2835,00433,00400"
Berlin,2024-03-30,72.3,43.4,57.9,72.3,40.3,57.3,45.9,68.1,0.0,0,0.0,,0.0,0.0,16.8,7.3,112.8,1000.0,58.9,17.0,141.0,12.3,6,,2024-03-30T05:44:39,2024-03-30T18:38:08,0.68,Partially cloudy,Partly cloudy throughout the day.,partly-cloudy-day,"00427,03987,00403,E2835,00433,00400"
Berlin,2024-03-31,65.6,47.7,57.1,65.6,47.7,57.1,47.9,72.2,0.0,0,0.0,,0.0,0.0,11.9,7.5,223.5,998.1,58.9,8.8,158.9,13.1,6,,2024-03-31T06:42:18,2024-03-31T19:39:53,0.71,Partially cloudy,Partly cloudy throughout the day.,partly-cloudy-day,"00427,03987,00403,E2835,00433,00400"
